run_dir,mode,p_gossip,adoption,t_since_release_min,aware_new_frac,cum_msgs_since_release,cum_gossip_bytes_since_release
C:/Users/efasllija/dev/gossip-poc/out_nb_incremental_clean0104/scenario_honest_awareness/honest_sth_only_n12000_pg0p005_a0p2_ff0_s58000_drop0_pc0p05_pgc0p05,sth_only,0.005,0.2,0.0,0.0,809,128
C:/Users/efasllija/dev/gossip-poc/out_nb_incremental_clean0104/scenario_honest_awareness/honest_sth_only_n12000_pg0p005_a0p2_ff0_s58000_drop0_pc0p05_pgc0p05,sth_only,0.005,0.2,5.0,0.0,1519,128
C:/Users/efasllija/dev/gossip-poc/out_nb_incremental_clean0104/scenario_honest_awareness/honest_sth_only_n12000_pg0p005_a0p2_ff0_s58000_drop0_pc0p05_pgc0p05,sth_only,0.005,0.2,10.0,0.0,2114,256
C:/Users/efasllija/dev/gossip-poc/out_nb_incremental_clean0104/scenario_honest_awareness/honest_sth_only_n12000_pg0p005_a0p2_ff0_s58000_drop0_pc0p05_pgc0p05,sth_only,0.005,0.2,15.0,0.0,2731,256
C:/Users/efasllija/dev/gossip-poc/out_nb_incremental_clean0104/scenario_honest_awareness/honest_sth_only_n12000_pg0p005_a0p2_ff0_s58000_drop0_pc0p05_pgc0p05,sth_only,0.005,0.2,20.0,0.0,3318,256
C:/Users/efasllija/dev/gossip-poc/out_nb_incremental_clean0104/scenario_honest_awareness/honest_sth_only_n12000_pg0p005_a0p2_ff0_s58000_drop0_pc0p05_pgc0p05,sth_only,0.005,0.2,25.0,0.0,4015,256
C:/Users/efasllija/dev/gossip-poc/out_nb_incremental_clean0104/scenario_honest_awareness/honest_sth_only_n12000_pg0p005_a0p2_ff0_s58000_drop0_pc0p05_pgc0p05,sth_only,0.005,0.2,30.0,0.0,4718,256
C:/Users/efasllija/dev/gossip-poc/out_nb_incremental_clean0104/scenario_honest_awareness/honest_sth_only_n12000_pg0p005_a0p2_ff0_s58000_drop0_pc0p05_pgc0p05,sth_only,0.005,0.2,35.0,0.0,5396,256
C:/Users/efasllija/dev/gossip-poc/out_nb_incremental_clean0104/scenario_honest_awareness/honest_sth_only_n12000_pg0p005_a0p2_ff0_s58000_drop0_pc0p05_pgc0p05,sth_only,0.005,0.2,40.0,0.0,6084,256
C:/Users/efasllija/dev/gossip-poc/out_nb_incremental_clean0104/scenario_honest_awareness/honest_sth_only_n12000_pg0p005_a0p2_ff0_s58000_drop0_pc0p05_pgc0p05,sth_only,0.005,0.2,45.0,0.0,6754,256
C:/Users/efasllija/dev/gossip-poc/out_nb_incremental_clean0104/scenario_honest_awareness/honest_sth_only_n12000_pg0p005_a0p2_ff0_s58000_drop0_pc0p05_pgc0p05,sth_only,0.005,0.2,50.0,0.0,7435,384
C:/Users/efasllija/dev/gossip-poc/out_nb_incremental_clean0104/scenario_honest_awareness/honest_sth_only_n12000_pg0p005_a0p2_ff0_s58000_drop0_pc0p05_pgc0p05,sth_only,0.005,0.2,55.0,0.0,8168,384
C:/Users/efasllija/dev/gossip-poc/out_nb_incremental_clean0104/scenario_honest_awareness/honest_sth_only_n12000_pg0p005_a0p2_ff0_s58000_drop0_pc0p05_pgc0p05,sth_only,0.005,0.2,60.0,0.0,8782,384
C:/Users/efasllija/dev/gossip-poc/out_nb_incremental_clean0104/scenario_honest_awareness/honest_sth_only_n12000_pg0p005_a0p2_ff0_s58000_drop0_pc0p05_pgc0p05,sth_only,0.005,0.2,65.0,0.0,9361,384
C:/Users/efasllija/dev/gossip-poc/out_nb_incremental_clean0104/scenario_honest_awareness/honest_sth_only_n12000_pg0p005_a0p2_ff0_s58000_drop0_pc0p05_pgc0p05,sth_only,0.005,0.2,70.0,0.0,10002,384
C:/Users/efasllija/dev/gossip-poc/out_nb_incremental_clean0104/scenario_honest_awareness/honest_sth_only_n12000_pg0p005_a0p2_ff0_s58000_drop0_pc0p05_pgc0p05,sth_only,0.005,0.2,75.0,0.0,10613,2304
C:/Users/efasllija/dev/gossip-poc/out_nb_incremental_clean0104/scenario_honest_awareness/honest_sth_only_n12000_pg0p005_a0p2_ff0_s58000_drop0_pc0p05_pgc0p05,sth_only,0.005,0.2,80.0,0.0,11349,2432
C:/Users/efasllija/dev/gossip-poc/out_nb_incremental_clean0104/scenario_honest_awareness/honest_sth_only_n12000_pg0p005_a0p2_ff0_s58000_drop0_pc0p05_pgc0p05,sth_only,0.005,0.2,85.0,0.0,11929,2432
C:/Users/efasllija/dev/gossip-poc/out_nb_incremental_clean0104/scenario_honest_awareness/honest_sth_only_n12000_pg0p005_a0p2_ff0_s58000_drop0_pc0p05_pgc0p05,sth_only,0.005,0.2,90.0,0.0,12604,2432
C:/Users/efasllija/dev/gossip-poc/out_nb_incremental_clean0104/scenario_honest_awareness/honest_sth_only_n12000_pg0p005_a0p2_ff0_s58000_drop0_pc0p05_pgc0p05,sth_only,0.005,0.2,95.0,0.0,13336,2432
C:/Users/efasllija/dev/gossip-poc/out_nb_incremental_clean0104/scenario_honest_awareness/honest_sth_only_n12000_pg0p005_a0p2_ff0_s58000_drop0_pc0p05_pgc0p05,sth_only,0.005,0.2,100.0,0.0,13942,2432
C:/Users/efasllija/dev/gossip-poc/out_nb_incremental_clean0104/scenario_honest_awareness/honest_sth_only_n12000_pg0p005_a0p2_ff0_s58000_drop0_pc0p05_pgc0p05,sth_only,0.005,0.2,105.0,0.0,14615,2432
C:/Users/efasllija/dev/gossip-poc/out_nb_incremental_clean0104/scenario_honest_awareness/honest_sth_only_n12000_pg0p005_a0p2_ff0_s58000_drop0_pc0p05_pgc0p05,sth_only,0.005,0.2,110.0,0.0,15425,2560
C:/Users/efasllija/dev/gossip-poc/out_nb_incremental_clean0104/scenario_honest_awareness/honest_sth_only_n12000_pg0p005_a0p2_ff0_s58000_drop0_pc0p05_pgc0p05,sth_only,0.005,0.2,115.0,0.0,16226,2560
C:/Users/efasllija/dev/gossip-poc/out_nb_incremental_clean0104/scenario_honest_awareness/honest_sth_only_n12000_pg0p005_a0p2_ff0_s58001_drop0_pc0p05_pgc0p05,sth_only,0.005,0.2,0.0,0.0,810,0
C:/Users/efasllija/dev/gossip-poc/out_nb_incremental_clean0104/scenario_honest_awareness/honest_sth_only_n12000_pg0p005_a0p2_ff0_s58001_drop0_pc0p05_pgc0p05,sth_only,0.005,0.2,5.0,0.0,1446,1024
C:/Users/efasllija/dev/gossip-poc/out_nb_incremental_clean0104/scenario_honest_awareness/honest_sth_only_n12000_pg0p005_a0p2_ff0_s58001_drop0_pc0p05_pgc0p05,sth_only,0.005,0.2,10.0,0.0,2131,2688
C:/Users/efasllija/dev/gossip-poc/out_nb_incremental_clean0104/scenario_honest_awareness/honest_sth_only_n12000_pg0p005_a0p2_ff0_s58001_drop0_pc0p05_pgc0p05,sth_only,0.005,0.2,15.0,0.0,2947,2688
C:/Users/efasllija/dev/gossip-poc/out_nb_incremental_clean0104/scenario_honest_awareness/honest_sth_only_n12000_pg0p005_a0p2_ff0_s58001_drop0_pc0p05_pgc0p05,sth_only,0.005,0.2,20.0,0.0,3696,2688
C:/Users/efasllija/dev/gossip-poc/out_nb_incremental_clean0104/scenario_honest_awareness/honest_sth_only_n12000_pg0p005_a0p2_ff0_s58001_drop0_pc0p05_pgc0p05,sth_only,0.005,0.2,25.0,0.0,4499,2688
C:/Users/efasllija/dev/gossip-poc/out_nb_incremental_clean0104/scenario_honest_awareness/honest_sth_only_n12000_pg0p005_a0p2_ff0_s58001_drop0_pc0p05_pgc0p05,sth_only,0.005,0.2,30.0,0.0,5155,2688
C:/Users/efasllija/dev/gossip-poc/out_nb_incremental_clean0104/scenario_honest_awareness/honest_sth_only_n12000_pg0p005_a0p2_ff0_s58001_drop0_pc0p05_pgc0p05,sth_only,0.005,0.2,35.0,0.0,5871,2816
C:/Users/efasllija/dev/gossip-poc/out_nb_incremental_clean0104/scenario_honest_awareness/honest_sth_only_n12000_pg0p005_a0p2_ff0_s58001_drop0_pc0p05_pgc0p05,sth_only,0.005,0.2,40.0,0.0,6693,2816
C:/Users/efasllija/dev/gossip-poc/out_nb_incremental_clean0104/scenario_honest_awareness/honest_sth_only_n12000_pg0p005_a0p2_ff0_s58001_drop0_pc0p05_pgc0p05,sth_only,0.005,0.2,45.0,0.0,7270,2816
C:/Users/efasllija/dev/gossip-poc/out_nb_incremental_clean0104/scenario_honest_awareness/honest_sth_only_n12000_pg0p005_a0p2_ff0_s58001_drop0_pc0p05_pgc0p05,sth_only,0.005,0.2,50.0,0.0,7874,2816
C:/Users/efasllija/dev/gossip-poc/out_nb_incremental_clean0104/scenario_honest_awareness/honest_sth_only_n12000_pg0p005_a0p2_ff0_s58001_drop0_pc0p05_pgc0p05,sth_only,0.005,0.2,55.0,0.0,8573,2816
C:/Users/efasllija/dev/gossip-poc/out_nb_incremental_clean0104/scenario_honest_awareness/honest_sth_only_n12000_pg0p005_a0p2_ff0_s58001_drop0_pc0p05_pgc0p05,sth_only,0.005,0.2,60.0,0.0,9280,2816
C:/Users/efasllija/dev/gossip-poc/out_nb_incremental_clean0104/scenario_honest_awareness/honest_sth_only_n12000_pg0p005_a0p2_ff0_s58001_drop0_pc0p05_pgc0p05,sth_only,0.005,0.2,65.0,0.0,9816,2816
C:/Users/efasllija/dev/gossip-poc/out_nb_incremental_clean0104/scenario_honest_awareness/honest_sth_only_n12000_pg0p005_a0p2_ff0_s58001_drop0_pc0p05_pgc0p05,sth_only,0.005,0.2,70.0,0.0,10406,2816
C:/Users/efasllija/dev/gossip-poc/out_nb_incremental_clean0104/scenario_honest_awareness/honest_sth_only_n12000_pg0p005_a0p2_ff0_s58001_drop0_pc0p05_pgc0p05,sth_only,0.005,0.2,75.0,0.0,11062,2944
C:/Users/efasllija/dev/gossip-poc/out_nb_incremental_clean0104/scenario_honest_awareness/honest_sth_only_n12000_pg0p005_a0p2_ff0_s58001_drop0_pc0p05_pgc0p05,sth_only,0.005,0.2,80.0,0.0,11643,2944
C:/Users/efasllija/dev/gossip-poc/out_nb_incremental_clean0104/scenario_honest_awareness/honest_sth_only_n12000_pg0p005_a0p2_ff0_s58001_drop0_pc0p05_pgc0p05,sth_only,0.005,0.2,85.0,0.0,12260,2944
C:/Users/efasllija/dev/gossip-poc/out_nb_incremental_clean0104/scenario_honest_awareness/honest_sth_only_n12000_pg0p005_a0p2_ff0_s58001_drop0_pc0p05_pgc0p05,sth_only,0.005,0.2,90.0,0.0,12965,2944
C:/Users/efasllija/dev/gossip-poc/out_nb_incremental_clean0104/scenario_honest_awareness/honest_sth_only_n12000_pg0p005_a0p2_ff0_s58001_drop0_pc0p05_pgc0p05,sth_only,0.005,0.2,95.0,0.0,13671,3072
C:/Users/efasllija/dev/gossip-poc/out_nb_incremental_clean0104/scenario_honest_awareness/honest_sth_only_n12000_pg0p005_a0p2_ff0_s58001_drop0_pc0p05_pgc0p05,sth_only,0.005,0.2,100.0,0.0,14421,3072
C:/Users/efasllija/dev/gossip-poc/out_nb_incremental_clean0104/scenario_honest_awareness/honest_sth_only_n12000_pg0p005_a0p2_ff0_s58001_drop0_pc0p05_pgc0p05,sth_only,0.005,0.2,105.0,0.0,15098,4864
C:/Users/efasllija/dev/gossip-poc/out_nb_incremental_clean0104/scenario_honest_awareness/honest_sth_only_n12000_pg0p005_a0p2_ff0_s58001_drop0_pc0p05_pgc0p05,sth_only,0.005,0.2,110.0,0.0,15603,4992
C:/Users/efasllija/dev/gossip-poc/out_nb_incremental_clean0104/scenario_honest_awareness/honest_sth_only_n12000_pg0p005_a0p2_ff0_s58001_drop0_pc0p05_pgc0p05,sth_only,0.005,0.2,115.0,0.0,16267,4992
C:/Users/efasllija/dev/gossip-poc/out_nb_incremental_clean0104/scenario_honest_awareness/honest_sth_only_n12000_pg0p005_a0p2_ff0_s58002_drop0_pc0p05_pgc0p05,sth_only,0.005,0.2,0.0,0.0,761,768
C:/Users/efasllija/dev/gossip-poc/out_nb_incremental_clean0104/scenario_honest_awareness/honest_sth_only_n12000_pg0p005_a0p2_ff0_s58002_drop0_pc0p05_pgc0p05,sth_only,0.005,0.2,5.0,0.0,1366,768
C:/Users/efasllija/dev/gossip-poc/out_nb_incremental_clean0104/scenario_honest_awareness/honest_sth_only_n12000_pg0p005_a0p2_ff0_s58002_drop0_pc0p05_pgc0p05,sth_only,0.005,0.2,10.0,0.0,1976,1024
C:/Users/efasllija/dev/gossip-poc/out_nb_incremental_clean0104/scenario_honest_awareness/honest_sth_only_n12000_pg0p005_a0p2_ff0_s58002_drop0_pc0p05_pgc0p05,sth_only,0.005,0.2,15.0,0.0,2532,1024
C:/Users/efasllija/dev/gossip-poc/out_nb_incremental_clean0104/scenario_honest_awareness/honest_sth_only_n12000_pg0p005_a0p2_ff0_s58002_drop0_pc0p05_pgc0p05,sth_only,0.005,0.2,20.0,0.0,3161,1024
C:/Users/efasllija/dev/gossip-poc/out_nb_incremental_clean0104/scenario_honest_awareness/honest_sth_only_n12000_pg0p005_a0p2_ff0_s58002_drop0_pc0p05_pgc0p05,sth_only,0.005,0.2,25.0,0.0,3817,1920
C:/Users/efasllija/dev/gossip-poc/out_nb_incremental_clean0104/scenario_honest_awareness/honest_sth_only_n12000_pg0p005_a0p2_ff0_s58002_drop0_pc0p05_pgc0p05,sth_only,0.005,0.2,30.0,0.0,4429,2048
C:/Users/efasllija/dev/gossip-poc/out_nb_incremental_clean0104/scenario_honest_awareness/honest_sth_only_n12000_pg0p005_a0p2_ff0_s58002_drop0_pc0p05_pgc0p05,sth_only,0.005,0.2,35.0,0.0,5038,2048
C:/Users/efasllija/dev/gossip-poc/out_nb_incremental_clean0104/scenario_honest_awareness/honest_sth_only_n12000_pg0p005_a0p2_ff0_s58002_drop0_pc0p05_pgc0p05,sth_only,0.005,0.2,40.0,0.0,5785,2048
C:/Users/efasllija/dev/gossip-poc/out_nb_incremental_clean0104/scenario_honest_awareness/honest_sth_only_n12000_pg0p005_a0p2_ff0_s58002_drop0_pc0p05_pgc0p05,sth_only,0.005,0.2,45.0,0.0,6483,2048
C:/Users/efasllija/dev/gossip-poc/out_nb_incremental_clean0104/scenario_honest_awareness/honest_sth_only_n12000_pg0p005_a0p2_ff0_s58002_drop0_pc0p05_pgc0p05,sth_only,0.005,0.2,50.0,0.0,7103,2048
C:/Users/efasllija/dev/gossip-poc/out_nb_incremental_clean0104/scenario_honest_awareness/honest_sth_only_n12000_pg0p005_a0p2_ff0_s58002_drop0_pc0p05_pgc0p05,sth_only,0.005,0.2,55.0,0.0,7684,2048
C:/Users/efasllija/dev/gossip-poc/out_nb_incremental_clean0104/scenario_honest_awareness/honest_sth_only_n12000_pg0p005_a0p2_ff0_s58002_drop0_pc0p05_pgc0p05,sth_only,0.005,0.2,60.0,0.0,8274,2048
C:/Users/efasllija/dev/gossip-poc/out_nb_incremental_clean0104/scenario_honest_awareness/honest_sth_only_n12000_pg0p005_a0p2_ff0_s58002_drop0_pc0p05_pgc0p05,sth_only,0.005,0.2,65.0,0.0,8878,2048
C:/Users/efasllija/dev/gossip-poc/out_nb_incremental_clean0104/scenario_honest_awareness/honest_sth_only_n12000_pg0p005_a0p2_ff0_s58002_drop0_pc0p05_pgc0p05,sth_only,0.005,0.2,70.0,0.0,9554,2304
C:/Users/efasllija/dev/gossip-poc/out_nb_incremental_clean0104/scenario_honest_awareness/honest_sth_only_n12000_pg0p005_a0p2_ff0_s58002_drop0_pc0p05_pgc0p05,sth_only,0.005,0.2,75.0,0.0,10105,2304
C:/Users/efasllija/dev/gossip-poc/out_nb_incremental_clean0104/scenario_honest_awareness/honest_sth_only_n12000_pg0p005_a0p2_ff0_s58002_drop0_pc0p05_pgc0p05,sth_only,0.005,0.2,80.0,0.0,10704,2432
C:/Users/efasllija/dev/gossip-poc/out_nb_incremental_clean0104/scenario_honest_awareness/honest_sth_only_n12000_pg0p005_a0p2_ff0_s58002_drop0_pc0p05_pgc0p05,sth_only,0.005,0.2,85.0,0.0,11344,2432
C:/Users/efasllija/dev/gossip-poc/out_nb_incremental_clean0104/scenario_honest_awareness/honest_sth_only_n12000_pg0p005_a0p2_ff0_s58002_drop0_pc0p05_pgc0p05,sth_only,0.005,0.2,90.0,0.0,11935,2432
C:/Users/efasllija/dev/gossip-poc/out_nb_incremental_clean0104/scenario_honest_awareness/honest_sth_only_n12000_pg0p005_a0p2_ff0_s58002_drop0_pc0p05_pgc0p05,sth_only,0.005,0.2,95.0,0.0,12523,3584
C:/Users/efasllija/dev/gossip-poc/out_nb_incremental_clean0104/scenario_honest_awareness/honest_sth_only_n12000_pg0p005_a0p2_ff0_s58002_drop0_pc0p05_pgc0p05,sth_only,0.005,0.2,100.0,0.0,13167,3584
C:/Users/efasllija/dev/gossip-poc/out_nb_incremental_clean0104/scenario_honest_awareness/honest_sth_only_n12000_pg0p005_a0p2_ff0_s58002_drop0_pc0p05_pgc0p05,sth_only,0.005,0.2,105.0,0.0,13920,4864
C:/Users/efasllija/dev/gossip-poc/out_nb_incremental_clean0104/scenario_honest_awareness/honest_sth_only_n12000_pg0p005_a0p2_ff0_s58002_drop0_pc0p05_pgc0p05,sth_only,0.005,0.2,110.0,0.0,14571,4864
C:/Users/efasllija/dev/gossip-poc/out_nb_incremental_clean0104/scenario_honest_awareness/honest_sth_only_n12000_pg0p005_a0p2_ff0_s58002_drop0_pc0p05_pgc0p05,sth_only,0.005,0.2,115.0,0.0,15276,4992
C:/Users/efasllija/dev/gossip-poc/out_nb_incremental_clean0104/scenario_honest_awareness/honest_sth_only_n12000_pg0p005_a0p2_ff0_s58003_drop0_pc0p05_pgc0p05,sth_only,0.005,0.2,0.0,0.0,730,128
C:/Users/efasllija/dev/gossip-poc/out_nb_incremental_clean0104/scenario_honest_awareness/honest_sth_only_n12000_pg0p005_a0p2_ff0_s58003_drop0_pc0p05_pgc0p05,sth_only,0.005,0.2,5.0,0.0,1303,128
C:/Users/efasllija/dev/gossip-poc/out_nb_incremental_clean0104/scenario_honest_awareness/honest_sth_only_n12000_pg0p005_a0p2_ff0_s58003_drop0_pc0p05_pgc0p05,sth_only,0.005,0.2,10.0,0.0,1893,256
C:/Users/efasllija/dev/gossip-poc/out_nb_incremental_clean0104/scenario_honest_awareness/honest_sth_only_n12000_pg0p005_a0p2_ff0_s58003_drop0_pc0p05_pgc0p05,sth_only,0.005,0.2,15.0,0.0,2514,256
C:/Users/efasllija/dev/gossip-poc/out_nb_incremental_clean0104/scenario_honest_awareness/honest_sth_only_n12000_pg0p005_a0p2_ff0_s58003_drop0_pc0p05_pgc0p05,sth_only,0.005,0.2,20.0,0.0,3215,256
C:/Users/efasllija/dev/gossip-poc/out_nb_incremental_clean0104/scenario_honest_awareness/honest_sth_only_n12000_pg0p005_a0p2_ff0_s58003_drop0_pc0p05_pgc0p05,sth_only,0.005,0.2,25.0,0.0,3778,256
C:/Users/efasllija/dev/gossip-poc/out_nb_incremental_clean0104/scenario_honest_awareness/honest_sth_only_n12000_pg0p005_a0p2_ff0_s58003_drop0_pc0p05_pgc0p05,sth_only,0.005,0.2,30.0,0.0,4461,256
C:/Users/efasllija/dev/gossip-poc/out_nb_incremental_clean0104/scenario_honest_awareness/honest_sth_only_n12000_pg0p005_a0p2_ff0_s58003_drop0_pc0p05_pgc0p05,sth_only,0.005,0.2,35.0,0.0,5159,384
C:/Users/efasllija/dev/gossip-poc/out_nb_incremental_clean0104/scenario_honest_awareness/honest_sth_only_n12000_pg0p005_a0p2_ff0_s58003_drop0_pc0p05_pgc0p05,sth_only,0.005,0.2,40.0,0.0,5839,1664
C:/Users/efasllija/dev/gossip-poc/out_nb_incremental_clean0104/scenario_honest_awareness/honest_sth_only_n12000_pg0p005_a0p2_ff0_s58003_drop0_pc0p05_pgc0p05,sth_only,0.005,0.2,45.0,0.0,6525,1664
C:/Users/efasllija/dev/gossip-poc/out_nb_incremental_clean0104/scenario_honest_awareness/honest_sth_only_n12000_pg0p005_a0p2_ff0_s58003_drop0_pc0p05_pgc0p05,sth_only,0.005,0.2,50.0,0.0,7287,1664
C:/Users/efasllija/dev/gossip-poc/out_nb_incremental_clean0104/scenario_honest_awareness/honest_sth_only_n12000_pg0p005_a0p2_ff0_s58003_drop0_pc0p05_pgc0p05,sth_only,0.005,0.2,55.0,0.0,7887,1664
C:/Users/efasllija/dev/gossip-poc/out_nb_incremental_clean0104/scenario_honest_awareness/honest_sth_only_n12000_pg0p005_a0p2_ff0_s58003_drop0_pc0p05_pgc0p05,sth_only,0.005,0.2,60.0,0.0,8694,1664
C:/Users/efasllija/dev/gossip-poc/out_nb_incremental_clean0104/scenario_honest_awareness/honest_sth_only_n12000_pg0p005_a0p2_ff0_s58003_drop0_pc0p05_pgc0p05,sth_only,0.005,0.2,65.0,0.0,9294,1664
C:/Users/efasllija/dev/gossip-poc/out_nb_incremental_clean0104/scenario_honest_awareness/honest_sth_only_n12000_pg0p005_a0p2_ff0_s58003_drop0_pc0p05_pgc0p05,sth_only,0.005,0.2,70.0,0.0,9958,1664
C:/Users/efasllija/dev/gossip-poc/out_nb_incremental_clean0104/scenario_honest_awareness/honest_sth_only_n12000_pg0p005_a0p2_ff0_s58003_drop0_pc0p05_pgc0p05,sth_only,0.005,0.2,75.0,0.0,10573,1664
C:/Users/efasllija/dev/gossip-poc/out_nb_incremental_clean0104/scenario_honest_awareness/honest_sth_only_n12000_pg0p005_a0p2_ff0_s58003_drop0_pc0p05_pgc0p05,sth_only,0.005,0.2,80.0,0.0,11175,1664
C:/Users/efasllija/dev/gossip-poc/out_nb_incremental_clean0104/scenario_honest_awareness/honest_sth_only_n12000_pg0p005_a0p2_ff0_s58003_drop0_pc0p05_pgc0p05,sth_only,0.005,0.2,85.0,0.0,11791,1664
C:/Users/efasllija/dev/gossip-poc/out_nb_incremental_clean0104/scenario_honest_awareness/honest_sth_only_n12000_pg0p005_a0p2_ff0_s58003_drop0_pc0p05_pgc0p05,sth_only,0.005,0.2,90.0,0.0,12506,1664
C:/Users/efasllija/dev/gossip-poc/out_nb_incremental_clean0104/scenario_honest_awareness/honest_sth_only_n12000_pg0p005_a0p2_ff0_s58003_drop0_pc0p05_pgc0p05,sth_only,0.005,0.2,95.0,0.0,13140,1664
C:/Users/efasllija/dev/gossip-poc/out_nb_incremental_clean0104/scenario_honest_awareness/honest_sth_only_n12000_pg0p005_a0p2_ff0_s58003_drop0_pc0p05_pgc0p05,sth_only,0.005,0.2,100.0,0.0,13790,1664
C:/Users/efasllija/dev/gossip-poc/out_nb_incremental_clean0104/scenario_honest_awareness/honest_sth_only_n12000_pg0p005_a0p2_ff0_s58003_drop0_pc0p05_pgc0p05,sth_only,0.005,0.2,105.0,0.0,14437,1664
C:/Users/efasllija/dev/gossip-poc/out_nb_incremental_clean0104/scenario_honest_awareness/honest_sth_only_n12000_pg0p005_a0p2_ff0_s58003_drop0_pc0p05_pgc0p05,sth_only,0.005,0.2,110.0,0.0,15144,1664
C:/Users/efasllija/dev/gossip-poc/out_nb_incremental_clean0104/scenario_honest_awareness/honest_sth_only_n12000_pg0p005_a0p2_ff0_s58003_drop0_pc0p05_pgc0p05,sth_only,0.005,0.2,115.0,0.0,15887,3840
C:/Users/efasllija/dev/gossip-poc/out_nb_incremental_clean0104/scenario_honest_awareness/honest_sth_only_n12000_pg0p005_a0p2_ff0_s58004_drop0_pc0p05_pgc0p05,sth_only,0.005,0.2,0.0,0.0,695,0
C:/Users/efasllija/dev/gossip-poc/out_nb_incremental_clean0104/scenario_honest_awareness/honest_sth_only_n12000_pg0p005_a0p2_ff0_s58004_drop0_pc0p05_pgc0p05,sth_only,0.005,0.2,5.0,0.0,1494,0
C:/Users/efasllija/dev/gossip-poc/out_nb_incremental_clean0104/scenario_honest_awareness/honest_sth_only_n12000_pg0p005_a0p2_ff0_s58004_drop0_pc0p05_pgc0p05,sth_only,0.005,0.2,10.0,0.0,2229,0
C:/Users/efasllija/dev/gossip-poc/out_nb_incremental_clean0104/scenario_honest_awareness/honest_sth_only_n12000_pg0p005_a0p2_ff0_s58004_drop0_pc0p05_pgc0p05,sth_only,0.005,0.2,15.0,0.0,3067,128
C:/Users/efasllija/dev/gossip-poc/out_nb_incremental_clean0104/scenario_honest_awareness/honest_sth_only_n12000_pg0p005_a0p2_ff0_s58004_drop0_pc0p05_pgc0p05,sth_only,0.005,0.2,20.0,0.0,3689,128
C:/Users/efasllija/dev/gossip-poc/out_nb_incremental_clean0104/scenario_honest_awareness/honest_sth_only_n12000_pg0p005_a0p2_ff0_s58004_drop0_pc0p05_pgc0p05,sth_only,0.005,0.2,25.0,0.0,4342,128
C:/Users/efasllija/dev/gossip-poc/out_nb_incremental_clean0104/scenario_honest_awareness/honest_sth_only_n12000_pg0p005_a0p2_ff0_s58004_drop0_pc0p05_pgc0p05,sth_only,0.005,0.2,30.0,0.0,5000,256
C:/Users/efasllija/dev/gossip-poc/out_nb_incremental_clean0104/scenario_honest_awareness/honest_sth_only_n12000_pg0p005_a0p2_ff0_s58004_drop0_pc0p05_pgc0p05,sth_only,0.005,0.2,35.0,0.0,5732,256
C:/Users/efasllija/dev/gossip-poc/out_nb_incremental_clean0104/scenario_honest_awareness/honest_sth_only_n12000_pg0p005_a0p2_ff0_s58004_drop0_pc0p05_pgc0p05,sth_only,0.005,0.2,40.0,0.0,6418,256
C:/Users/efasllija/dev/gossip-poc/out_nb_incremental_clean0104/scenario_honest_awareness/honest_sth_only_n12000_pg0p005_a0p2_ff0_s58004_drop0_pc0p05_pgc0p05,sth_only,0.005,0.2,45.0,0.0,7103,256
C:/Users/efasllija/dev/gossip-poc/out_nb_incremental_clean0104/scenario_honest_awareness/honest_sth_only_n12000_pg0p005_a0p2_ff0_s58004_drop0_pc0p05_pgc0p05,sth_only,0.005,0.2,50.0,0.0,7656,256
C:/Users/efasllija/dev/gossip-poc/out_nb_incremental_clean0104/scenario_honest_awareness/honest_sth_only_n12000_pg0p005_a0p2_ff0_s58004_drop0_pc0p05_pgc0p05,sth_only,0.005,0.2,55.0,0.0,8327,256
C:/Users/efasllija/dev/gossip-poc/out_nb_incremental_clean0104/scenario_honest_awareness/honest_sth_only_n12000_pg0p005_a0p2_ff0_s58004_drop0_pc0p05_pgc0p05,sth_only,0.005,0.2,60.0,0.0,8918,256
C:/Users/efasllija/dev/gossip-poc/out_nb_incremental_clean0104/scenario_honest_awareness/honest_sth_only_n12000_pg0p005_a0p2_ff0_s58004_drop0_pc0p05_pgc0p05,sth_only,0.005,0.2,65.0,0.0,9569,256
C:/Users/efasllija/dev/gossip-poc/out_nb_incremental_clean0104/scenario_honest_awareness/honest_sth_only_n12000_pg0p005_a0p2_ff0_s58004_drop0_pc0p05_pgc0p05,sth_only,0.005,0.2,70.0,0.0,10270,256
C:/Users/efasllija/dev/gossip-poc/out_nb_incremental_clean0104/scenario_honest_awareness/honest_sth_only_n12000_pg0p005_a0p2_ff0_s58004_drop0_pc0p05_pgc0p05,sth_only,0.005,0.2,75.0,0.0,10950,256
C:/Users/efasllija/dev/gossip-poc/out_nb_incremental_clean0104/scenario_honest_awareness/honest_sth_only_n12000_pg0p005_a0p2_ff0_s58004_drop0_pc0p05_pgc0p05,sth_only,0.005,0.2,80.0,0.0,11660,256
C:/Users/efasllija/dev/gossip-poc/out_nb_incremental_clean0104/scenario_honest_awareness/honest_sth_only_n12000_pg0p005_a0p2_ff0_s58004_drop0_pc0p05_pgc0p05,sth_only,0.005,0.2,85.0,0.0,12440,256
C:/Users/efasllija/dev/gossip-poc/out_nb_incremental_clean0104/scenario_honest_awareness/honest_sth_only_n12000_pg0p005_a0p2_ff0_s58004_drop0_pc0p05_pgc0p05,sth_only,0.005,0.2,90.0,0.0,13066,256
C:/Users/efasllija/dev/gossip-poc/out_nb_incremental_clean0104/scenario_honest_awareness/honest_sth_only_n12000_pg0p005_a0p2_ff0_s58004_drop0_pc0p05_pgc0p05,sth_only,0.005,0.2,95.0,0.0,13845,256
C:/Users/efasllija/dev/gossip-poc/out_nb_incremental_clean0104/scenario_honest_awareness/honest_sth_only_n12000_pg0p005_a0p2_ff0_s58004_drop0_pc0p05_pgc0p05,sth_only,0.005,0.2,100.0,0.0,14593,256
C:/Users/efasllija/dev/gossip-poc/out_nb_incremental_clean0104/scenario_honest_awareness/honest_sth_only_n12000_pg0p005_a0p2_ff0_s58004_drop0_pc0p05_pgc0p05,sth_only,0.005,0.2,105.0,0.0,15220,256
C:/Users/efasllija/dev/gossip-poc/out_nb_incremental_clean0104/scenario_honest_awareness/honest_sth_only_n12000_pg0p005_a0p2_ff0_s58004_drop0_pc0p05_pgc0p05,sth_only,0.005,0.2,110.0,0.0,15942,256
C:/Users/efasllija/dev/gossip-poc/out_nb_incremental_clean0104/scenario_honest_awareness/honest_sth_only_n12000_pg0p005_a0p2_ff0_s58004_drop0_pc0p05_pgc0p05,sth_only,0.005,0.2,115.0,0.0,16658,384
C:/Users/efasllija/dev/gossip-poc/out_nb_incremental_clean0104/scenario_honest_awareness/honest_sth_only_n12000_pg0p005_a0p2_ff0_s58005_drop0_pc0p05_pgc0p05,sth_only,0.005,0.2,0.0,0.0,806,0
C:/Users/efasllija/dev/gossip-poc/out_nb_incremental_clean0104/scenario_honest_awareness/honest_sth_only_n12000_pg0p005_a0p2_ff0_s58005_drop0_pc0p05_pgc0p05,sth_only,0.005,0.2,5.0,0.0,1466,128
C:/Users/efasllija/dev/gossip-poc/out_nb_incremental_clean0104/scenario_honest_awareness/honest_sth_only_n12000_pg0p005_a0p2_ff0_s58005_drop0_pc0p05_pgc0p05,sth_only,0.005,0.2,10.0,0.0,1998,2432
C:/Users/efasllija/dev/gossip-poc/out_nb_incremental_clean0104/scenario_honest_awareness/honest_sth_only_n12000_pg0p005_a0p2_ff0_s58005_drop0_pc0p05_pgc0p05,sth_only,0.005,0.2,15.0,0.0,2606,2432
C:/Users/efasllija/dev/gossip-poc/out_nb_incremental_clean0104/scenario_honest_awareness/honest_sth_only_n12000_pg0p005_a0p2_ff0_s58005_drop0_pc0p05_pgc0p05,sth_only,0.005,0.2,20.0,0.0,3154,2560
C:/Users/efasllija/dev/gossip-poc/out_nb_incremental_clean0104/scenario_honest_awareness/honest_sth_only_n12000_pg0p005_a0p2_ff0_s58005_drop0_pc0p05_pgc0p05,sth_only,0.005,0.2,25.0,0.0,3842,2688
C:/Users/efasllija/dev/gossip-poc/out_nb_incremental_clean0104/scenario_honest_awareness/honest_sth_only_n12000_pg0p005_a0p2_ff0_s58005_drop0_pc0p05_pgc0p05,sth_only,0.005,0.2,30.0,0.0,4538,2688
C:/Users/efasllija/dev/gossip-poc/out_nb_incremental_clean0104/scenario_honest_awareness/honest_sth_only_n12000_pg0p005_a0p2_ff0_s58005_drop0_pc0p05_pgc0p05,sth_only,0.005,0.2,35.0,0.0,5169,2816
C:/Users/efasllija/dev/gossip-poc/out_nb_incremental_clean0104/scenario_honest_awareness/honest_sth_only_n12000_pg0p005_a0p2_ff0_s58005_drop0_pc0p05_pgc0p05,sth_only,0.005,0.2,40.0,0.0,5887,2816
C:/Users/efasllija/dev/gossip-poc/out_nb_incremental_clean0104/scenario_honest_awareness/honest_sth_only_n12000_pg0p005_a0p2_ff0_s58005_drop0_pc0p05_pgc0p05,sth_only,0.005,0.2,45.0,0.0,6421,2816
C:/Users/efasllija/dev/gossip-poc/out_nb_incremental_clean0104/scenario_honest_awareness/honest_sth_only_n12000_pg0p005_a0p2_ff0_s58005_drop0_pc0p05_pgc0p05,sth_only,0.005,0.2,50.0,0.0,6945,2816
C:/Users/efasllija/dev/gossip-poc/out_nb_incremental_clean0104/scenario_honest_awareness/honest_sth_only_n12000_pg0p005_a0p2_ff0_s58005_drop0_pc0p05_pgc0p05,sth_only,0.005,0.2,55.0,0.0,7583,2816
C:/Users/efasllija/dev/gossip-poc/out_nb_incremental_clean0104/scenario_honest_awareness/honest_sth_only_n12000_pg0p005_a0p2_ff0_s58005_drop0_pc0p05_pgc0p05,sth_only,0.005,0.2,60.0,0.0,8289,2816
C:/Users/efasllija/dev/gossip-poc/out_nb_incremental_clean0104/scenario_honest_awareness/honest_sth_only_n12000_pg0p005_a0p2_ff0_s58005_drop0_pc0p05_pgc0p05,sth_only,0.005,0.2,65.0,0.0,8899,2816
C:/Users/efasllija/dev/gossip-poc/out_nb_incremental_clean0104/scenario_honest_awareness/honest_sth_only_n12000_pg0p005_a0p2_ff0_s58005_drop0_pc0p05_pgc0p05,sth_only,0.005,0.2,70.0,0.0,9443,2816
C:/Users/efasllija/dev/gossip-poc/out_nb_incremental_clean0104/scenario_honest_awareness/honest_sth_only_n12000_pg0p005_a0p2_ff0_s58005_drop0_pc0p05_pgc0p05,sth_only,0.005,0.2,75.0,0.0,9912,2816
C:/Users/efasllija/dev/gossip-poc/out_nb_incremental_clean0104/scenario_honest_awareness/honest_sth_only_n12000_pg0p005_a0p2_ff0_s58005_drop0_pc0p05_pgc0p05,sth_only,0.005,0.2,80.0,0.0,10444,2816
C:/Users/efasllija/dev/gossip-poc/out_nb_incremental_clean0104/scenario_honest_awareness/honest_sth_only_n12000_pg0p005_a0p2_ff0_s58005_drop0_pc0p05_pgc0p05,sth_only,0.005,0.2,85.0,0.0,11065,2816
C:/Users/efasllija/dev/gossip-poc/out_nb_incremental_clean0104/scenario_honest_awareness/honest_sth_only_n12000_pg0p005_a0p2_ff0_s58005_drop0_pc0p05_pgc0p05,sth_only,0.005,0.2,90.0,0.0,11721,2816
C:/Users/efasllija/dev/gossip-poc/out_nb_incremental_clean0104/scenario_honest_awareness/honest_sth_only_n12000_pg0p005_a0p2_ff0_s58005_drop0_pc0p05_pgc0p05,sth_only,0.005,0.2,95.0,0.0,12201,2944
C:/Users/efasllija/dev/gossip-poc/out_nb_incremental_clean0104/scenario_honest_awareness/honest_sth_only_n12000_pg0p005_a0p2_ff0_s58005_drop0_pc0p05_pgc0p05,sth_only,0.005,0.2,100.0,0.0,12887,2944
C:/Users/efasllija/dev/gossip-poc/out_nb_incremental_clean0104/scenario_honest_awareness/honest_sth_only_n12000_pg0p005_a0p2_ff0_s58005_drop0_pc0p05_pgc0p05,sth_only,0.005,0.2,105.0,0.0,13514,3072
C:/Users/efasllija/dev/gossip-poc/out_nb_incremental_clean0104/scenario_honest_awareness/honest_sth_only_n12000_pg0p005_a0p2_ff0_s58005_drop0_pc0p05_pgc0p05,sth_only,0.005,0.2,110.0,0.0,14109,3200
C:/Users/efasllija/dev/gossip-poc/out_nb_incremental_clean0104/scenario_honest_awareness/honest_sth_only_n12000_pg0p005_a0p2_ff0_s58005_drop0_pc0p05_pgc0p05,sth_only,0.005,0.2,115.0,0.0,14689,3200
C:/Users/efasllija/dev/gossip-poc/out_nb_incremental_clean0104/scenario_honest_awareness/honest_sth_only_n12000_pg0p005_a0p2_ff0_s58006_drop0_pc0p05_pgc0p05,sth_only,0.005,0.2,0.0,0.0,693,0
C:/Users/efasllija/dev/gossip-poc/out_nb_incremental_clean0104/scenario_honest_awareness/honest_sth_only_n12000_pg0p005_a0p2_ff0_s58006_drop0_pc0p05_pgc0p05,sth_only,0.005,0.2,5.0,0.0,1511,0
C:/Users/efasllija/dev/gossip-poc/out_nb_incremental_clean0104/scenario_honest_awareness/honest_sth_only_n12000_pg0p005_a0p2_ff0_s58006_drop0_pc0p05_pgc0p05,sth_only,0.005,0.2,10.0,0.0,2219,0
C:/Users/efasllija/dev/gossip-poc/out_nb_incremental_clean0104/scenario_honest_awareness/honest_sth_only_n12000_pg0p005_a0p2_ff0_s58006_drop0_pc0p05_pgc0p05,sth_only,0.005,0.2,15.0,0.0,2792,0
C:/Users/efasllija/dev/gossip-poc/out_nb_incremental_clean0104/scenario_honest_awareness/honest_sth_only_n12000_pg0p005_a0p2_ff0_s58006_drop0_pc0p05_pgc0p05,sth_only,0.005,0.2,20.0,0.0,3434,0
C:/Users/efasllija/dev/gossip-poc/out_nb_incremental_clean0104/scenario_honest_awareness/honest_sth_only_n12000_pg0p005_a0p2_ff0_s58006_drop0_pc0p05_pgc0p05,sth_only,0.005,0.2,25.0,0.0,4022,128
C:/Users/efasllija/dev/gossip-poc/out_nb_incremental_clean0104/scenario_honest_awareness/honest_sth_only_n12000_pg0p005_a0p2_ff0_s58006_drop0_pc0p05_pgc0p05,sth_only,0.005,0.2,30.0,0.0,4666,128
C:/Users/efasllija/dev/gossip-poc/out_nb_incremental_clean0104/scenario_honest_awareness/honest_sth_only_n12000_pg0p005_a0p2_ff0_s58006_drop0_pc0p05_pgc0p05,sth_only,0.005,0.2,35.0,0.0,5295,384
C:/Users/efasllija/dev/gossip-poc/out_nb_incremental_clean0104/scenario_honest_awareness/honest_sth_only_n12000_pg0p005_a0p2_ff0_s58006_drop0_pc0p05_pgc0p05,sth_only,0.005,0.2,40.0,0.0,5910,384
C:/Users/efasllija/dev/gossip-poc/out_nb_incremental_clean0104/scenario_honest_awareness/honest_sth_only_n12000_pg0p005_a0p2_ff0_s58006_drop0_pc0p05_pgc0p05,sth_only,0.005,0.2,45.0,0.0,6531,384
C:/Users/efasllija/dev/gossip-poc/out_nb_incremental_clean0104/scenario_honest_awareness/honest_sth_only_n12000_pg0p005_a0p2_ff0_s58006_drop0_pc0p05_pgc0p05,sth_only,0.005,0.2,50.0,0.0,7164,384
C:/Users/efasllija/dev/gossip-poc/out_nb_incremental_clean0104/scenario_honest_awareness/honest_sth_only_n12000_pg0p005_a0p2_ff0_s58006_drop0_pc0p05_pgc0p05,sth_only,0.005,0.2,55.0,0.0,7957,512
C:/Users/efasllija/dev/gossip-poc/out_nb_incremental_clean0104/scenario_honest_awareness/honest_sth_only_n12000_pg0p005_a0p2_ff0_s58006_drop0_pc0p05_pgc0p05,sth_only,0.005,0.2,60.0,0.0,8557,512
C:/Users/efasllija/dev/gossip-poc/out_nb_incremental_clean0104/scenario_honest_awareness/honest_sth_only_n12000_pg0p005_a0p2_ff0_s58006_drop0_pc0p05_pgc0p05,sth_only,0.005,0.2,65.0,0.0,9198,512
C:/Users/efasllija/dev/gossip-poc/out_nb_incremental_clean0104/scenario_honest_awareness/honest_sth_only_n12000_pg0p005_a0p2_ff0_s58006_drop0_pc0p05_pgc0p05,sth_only,0.005,0.2,70.0,0.0,9719,896
C:/Users/efasllija/dev/gossip-poc/out_nb_incremental_clean0104/scenario_honest_awareness/honest_sth_only_n12000_pg0p005_a0p2_ff0_s58006_drop0_pc0p05_pgc0p05,sth_only,0.005,0.2,75.0,0.0,10341,896
C:/Users/efasllija/dev/gossip-poc/out_nb_incremental_clean0104/scenario_honest_awareness/honest_sth_only_n12000_pg0p005_a0p2_ff0_s58006_drop0_pc0p05_pgc0p05,sth_only,0.005,0.2,80.0,0.0,10982,896
C:/Users/efasllija/dev/gossip-poc/out_nb_incremental_clean0104/scenario_honest_awareness/honest_sth_only_n12000_pg0p005_a0p2_ff0_s58006_drop0_pc0p05_pgc0p05,sth_only,0.005,0.2,85.0,0.0,11736,896
C:/Users/efasllija/dev/gossip-poc/out_nb_incremental_clean0104/scenario_honest_awareness/honest_sth_only_n12000_pg0p005_a0p2_ff0_s58006_drop0_pc0p05_pgc0p05,sth_only,0.005,0.2,90.0,0.0,12385,1024
C:/Users/efasllija/dev/gossip-poc/out_nb_incremental_clean0104/scenario_honest_awareness/honest_sth_only_n12000_pg0p005_a0p2_ff0_s58006_drop0_pc0p05_pgc0p05,sth_only,0.005,0.2,95.0,0.0,13051,1024
C:/Users/efasllija/dev/gossip-poc/out_nb_incremental_clean0104/scenario_honest_awareness/honest_sth_only_n12000_pg0p005_a0p2_ff0_s58006_drop0_pc0p05_pgc0p05,sth_only,0.005,0.2,100.0,0.0,13832,1152
C:/Users/efasllija/dev/gossip-poc/out_nb_incremental_clean0104/scenario_honest_awareness/honest_sth_only_n12000_pg0p005_a0p2_ff0_s58006_drop0_pc0p05_pgc0p05,sth_only,0.005,0.2,105.0,0.0,14501,1152
C:/Users/efasllija/dev/gossip-poc/out_nb_incremental_clean0104/scenario_honest_awareness/honest_sth_only_n12000_pg0p005_a0p2_ff0_s58006_drop0_pc0p05_pgc0p05,sth_only,0.005,0.2,110.0,0.0,15204,1152
C:/Users/efasllija/dev/gossip-poc/out_nb_incremental_clean0104/scenario_honest_awareness/honest_sth_only_n12000_pg0p005_a0p2_ff0_s58006_drop0_pc0p05_pgc0p05,sth_only,0.005,0.2,115.0,0.0,15937,1152
C:/Users/efasllija/dev/gossip-poc/out_nb_incremental_clean0104/scenario_honest_awareness/honest_sth_only_n12000_pg0p005_a0p2_ff0_s58007_drop0_pc0p05_pgc0p05,sth_only,0.005,0.2,0.0,0.0,621,0
C:/Users/efasllija/dev/gossip-poc/out_nb_incremental_clean0104/scenario_honest_awareness/honest_sth_only_n12000_pg0p005_a0p2_ff0_s58007_drop0_pc0p05_pgc0p05,sth_only,0.005,0.2,5.0,0.0,1229,0
C:/Users/efasllija/dev/gossip-poc/out_nb_incremental_clean0104/scenario_honest_awareness/honest_sth_only_n12000_pg0p005_a0p2_ff0_s58007_drop0_pc0p05_pgc0p05,sth_only,0.005,0.2,10.0,0.0,1900,0
C:/Users/efasllija/dev/gossip-poc/out_nb_incremental_clean0104/scenario_honest_awareness/honest_sth_only_n12000_pg0p005_a0p2_ff0_s58007_drop0_pc0p05_pgc0p05,sth_only,0.005,0.2,15.0,0.0,2504,0
C:/Users/efasllija/dev/gossip-poc/out_nb_incremental_clean0104/scenario_honest_awareness/honest_sth_only_n12000_pg0p005_a0p2_ff0_s58007_drop0_pc0p05_pgc0p05,sth_only,0.005,0.2,20.0,0.0,3185,128
C:/Users/efasllija/dev/gossip-poc/out_nb_incremental_clean0104/scenario_honest_awareness/honest_sth_only_n12000_pg0p005_a0p2_ff0_s58007_drop0_pc0p05_pgc0p05,sth_only,0.005,0.2,25.0,0.0,3897,128
C:/Users/efasllija/dev/gossip-poc/out_nb_incremental_clean0104/scenario_honest_awareness/honest_sth_only_n12000_pg0p005_a0p2_ff0_s58007_drop0_pc0p05_pgc0p05,sth_only,0.005,0.2,30.0,0.0,4415,256
C:/Users/efasllija/dev/gossip-poc/out_nb_incremental_clean0104/scenario_honest_awareness/honest_sth_only_n12000_pg0p005_a0p2_ff0_s58007_drop0_pc0p05_pgc0p05,sth_only,0.005,0.2,35.0,0.0,5079,256
C:/Users/efasllija/dev/gossip-poc/out_nb_incremental_clean0104/scenario_honest_awareness/honest_sth_only_n12000_pg0p005_a0p2_ff0_s58007_drop0_pc0p05_pgc0p05,sth_only,0.005,0.2,40.0,0.0,5720,256
C:/Users/efasllija/dev/gossip-poc/out_nb_incremental_clean0104/scenario_honest_awareness/honest_sth_only_n12000_pg0p005_a0p2_ff0_s58007_drop0_pc0p05_pgc0p05,sth_only,0.005,0.2,45.0,0.0,6400,256
C:/Users/efasllija/dev/gossip-poc/out_nb_incremental_clean0104/scenario_honest_awareness/honest_sth_only_n12000_pg0p005_a0p2_ff0_s58007_drop0_pc0p05_pgc0p05,sth_only,0.005,0.2,50.0,0.0,6988,256
C:/Users/efasllija/dev/gossip-poc/out_nb_incremental_clean0104/scenario_honest_awareness/honest_sth_only_n12000_pg0p005_a0p2_ff0_s58007_drop0_pc0p05_pgc0p05,sth_only,0.005,0.2,55.0,0.0,7590,256
C:/Users/efasllija/dev/gossip-poc/out_nb_incremental_clean0104/scenario_honest_awareness/honest_sth_only_n12000_pg0p005_a0p2_ff0_s58007_drop0_pc0p05_pgc0p05,sth_only,0.005,0.2,60.0,0.0,8267,256
C:/Users/efasllija/dev/gossip-poc/out_nb_incremental_clean0104/scenario_honest_awareness/honest_sth_only_n12000_pg0p005_a0p2_ff0_s58007_drop0_pc0p05_pgc0p05,sth_only,0.005,0.2,65.0,0.0,8979,256
C:/Users/efasllija/dev/gossip-poc/out_nb_incremental_clean0104/scenario_honest_awareness/honest_sth_only_n12000_pg0p005_a0p2_ff0_s58007_drop0_pc0p05_pgc0p05,sth_only,0.005,0.2,70.0,0.0,9488,256
C:/Users/efasllija/dev/gossip-poc/out_nb_incremental_clean0104/scenario_honest_awareness/honest_sth_only_n12000_pg0p005_a0p2_ff0_s58007_drop0_pc0p05_pgc0p05,sth_only,0.005,0.2,75.0,0.0,10063,256
C:/Users/efasllija/dev/gossip-poc/out_nb_incremental_clean0104/scenario_honest_awareness/honest_sth_only_n12000_pg0p005_a0p2_ff0_s58007_drop0_pc0p05_pgc0p05,sth_only,0.005,0.2,80.0,0.0,10672,256
C:/Users/efasllija/dev/gossip-poc/out_nb_incremental_clean0104/scenario_honest_awareness/honest_sth_only_n12000_pg0p005_a0p2_ff0_s58007_drop0_pc0p05_pgc0p05,sth_only,0.005,0.2,85.0,0.0,11272,256
C:/Users/efasllija/dev/gossip-poc/out_nb_incremental_clean0104/scenario_honest_awareness/honest_sth_only_n12000_pg0p005_a0p2_ff0_s58007_drop0_pc0p05_pgc0p05,sth_only,0.005,0.2,90.0,0.0,11969,256
C:/Users/efasllija/dev/gossip-poc/out_nb_incremental_clean0104/scenario_honest_awareness/honest_sth_only_n12000_pg0p005_a0p2_ff0_s58007_drop0_pc0p05_pgc0p05,sth_only,0.005,0.2,95.0,0.0,12734,256
C:/Users/efasllija/dev/gossip-poc/out_nb_incremental_clean0104/scenario_honest_awareness/honest_sth_only_n12000_pg0p005_a0p2_ff0_s58007_drop0_pc0p05_pgc0p05,sth_only,0.005,0.2,100.0,0.0,13371,256
C:/Users/efasllija/dev/gossip-poc/out_nb_incremental_clean0104/scenario_honest_awareness/honest_sth_only_n12000_pg0p005_a0p2_ff0_s58007_drop0_pc0p05_pgc0p05,sth_only,0.005,0.2,105.0,0.0,13966,256
C:/Users/efasllija/dev/gossip-poc/out_nb_incremental_clean0104/scenario_honest_awareness/honest_sth_only_n12000_pg0p005_a0p2_ff0_s58007_drop0_pc0p05_pgc0p05,sth_only,0.005,0.2,110.0,0.0,14712,256
C:/Users/efasllija/dev/gossip-poc/out_nb_incremental_clean0104/scenario_honest_awareness/honest_sth_only_n12000_pg0p005_a0p2_ff0_s58007_drop0_pc0p05_pgc0p05,sth_only,0.005,0.2,115.0,0.0,15498,256
C:/Users/efasllija/dev/gossip-poc/out_nb_incremental_clean0104/scenario_honest_awareness/honest_sth_only_n12000_pg0p012_a0p2_ff0_s58000_drop0_pc0p05_pgc0p05,sth_only,0.012,0.2,0.0,0.0,809,128
C:/Users/efasllija/dev/gossip-poc/out_nb_incremental_clean0104/scenario_honest_awareness/honest_sth_only_n12000_pg0p012_a0p2_ff0_s58000_drop0_pc0p05_pgc0p05,sth_only,0.012,0.2,5.0,0.0,1519,256
C:/Users/efasllija/dev/gossip-poc/out_nb_incremental_clean0104/scenario_honest_awareness/honest_sth_only_n12000_pg0p012_a0p2_ff0_s58000_drop0_pc0p05_pgc0p05,sth_only,0.012,0.2,10.0,0.0,2114,384
C:/Users/efasllija/dev/gossip-poc/out_nb_incremental_clean0104/scenario_honest_awareness/honest_sth_only_n12000_pg0p012_a0p2_ff0_s58000_drop0_pc0p05_pgc0p05,sth_only,0.012,0.2,15.0,0.0,2731,384
C:/Users/efasllija/dev/gossip-poc/out_nb_incremental_clean0104/scenario_honest_awareness/honest_sth_only_n12000_pg0p012_a0p2_ff0_s58000_drop0_pc0p05_pgc0p05,sth_only,0.012,0.2,20.0,0.0,3318,512
C:/Users/efasllija/dev/gossip-poc/out_nb_incremental_clean0104/scenario_honest_awareness/honest_sth_only_n12000_pg0p012_a0p2_ff0_s58000_drop0_pc0p05_pgc0p05,sth_only,0.012,0.2,25.0,0.0,4015,512
C:/Users/efasllija/dev/gossip-poc/out_nb_incremental_clean0104/scenario_honest_awareness/honest_sth_only_n12000_pg0p012_a0p2_ff0_s58000_drop0_pc0p05_pgc0p05,sth_only,0.012,0.2,30.0,0.0,4718,512
C:/Users/efasllija/dev/gossip-poc/out_nb_incremental_clean0104/scenario_honest_awareness/honest_sth_only_n12000_pg0p012_a0p2_ff0_s58000_drop0_pc0p05_pgc0p05,sth_only,0.012,0.2,35.0,0.0,5396,512
C:/Users/efasllija/dev/gossip-poc/out_nb_incremental_clean0104/scenario_honest_awareness/honest_sth_only_n12000_pg0p012_a0p2_ff0_s58000_drop0_pc0p05_pgc0p05,sth_only,0.012,0.2,40.0,0.0,6084,640
C:/Users/efasllija/dev/gossip-poc/out_nb_incremental_clean0104/scenario_honest_awareness/honest_sth_only_n12000_pg0p012_a0p2_ff0_s58000_drop0_pc0p05_pgc0p05,sth_only,0.012,0.2,45.0,0.0,6754,896
C:/Users/efasllija/dev/gossip-poc/out_nb_incremental_clean0104/scenario_honest_awareness/honest_sth_only_n12000_pg0p012_a0p2_ff0_s58000_drop0_pc0p05_pgc0p05,sth_only,0.012,0.2,50.0,0.0,7435,2304
C:/Users/efasllija/dev/gossip-poc/out_nb_incremental_clean0104/scenario_honest_awareness/honest_sth_only_n12000_pg0p012_a0p2_ff0_s58000_drop0_pc0p05_pgc0p05,sth_only,0.012,0.2,55.0,0.0,8168,3712
C:/Users/efasllija/dev/gossip-poc/out_nb_incremental_clean0104/scenario_honest_awareness/honest_sth_only_n12000_pg0p012_a0p2_ff0_s58000_drop0_pc0p05_pgc0p05,sth_only,0.012,0.2,60.0,0.0,8782,3712
C:/Users/efasllija/dev/gossip-poc/out_nb_incremental_clean0104/scenario_honest_awareness/honest_sth_only_n12000_pg0p012_a0p2_ff0_s58000_drop0_pc0p05_pgc0p05,sth_only,0.012,0.2,65.0,0.0,9361,3712
C:/Users/efasllija/dev/gossip-poc/out_nb_incremental_clean0104/scenario_honest_awareness/honest_sth_only_n12000_pg0p012_a0p2_ff0_s58000_drop0_pc0p05_pgc0p05,sth_only,0.012,0.2,70.0,0.0,10002,3712
C:/Users/efasllija/dev/gossip-poc/out_nb_incremental_clean0104/scenario_honest_awareness/honest_sth_only_n12000_pg0p012_a0p2_ff0_s58000_drop0_pc0p05_pgc0p05,sth_only,0.012,0.2,75.0,0.0,10613,5632
C:/Users/efasllija/dev/gossip-poc/out_nb_incremental_clean0104/scenario_honest_awareness/honest_sth_only_n12000_pg0p012_a0p2_ff0_s58000_drop0_pc0p05_pgc0p05,sth_only,0.012,0.2,80.0,0.0,11349,5760
C:/Users/efasllija/dev/gossip-poc/out_nb_incremental_clean0104/scenario_honest_awareness/honest_sth_only_n12000_pg0p012_a0p2_ff0_s58000_drop0_pc0p05_pgc0p05,sth_only,0.012,0.2,85.0,0.0,11929,5760
C:/Users/efasllija/dev/gossip-poc/out_nb_incremental_clean0104/scenario_honest_awareness/honest_sth_only_n12000_pg0p012_a0p2_ff0_s58000_drop0_pc0p05_pgc0p05,sth_only,0.012,0.2,90.0,0.0,12604,5760
C:/Users/efasllija/dev/gossip-poc/out_nb_incremental_clean0104/scenario_honest_awareness/honest_sth_only_n12000_pg0p012_a0p2_ff0_s58000_drop0_pc0p05_pgc0p05,sth_only,0.012,0.2,95.0,0.0,13336,5760
C:/Users/efasllija/dev/gossip-poc/out_nb_incremental_clean0104/scenario_honest_awareness/honest_sth_only_n12000_pg0p012_a0p2_ff0_s58000_drop0_pc0p05_pgc0p05,sth_only,0.012,0.2,100.0,0.0,13942,5760
C:/Users/efasllija/dev/gossip-poc/out_nb_incremental_clean0104/scenario_honest_awareness/honest_sth_only_n12000_pg0p012_a0p2_ff0_s58000_drop0_pc0p05_pgc0p05,sth_only,0.012,0.2,105.0,0.0,14615,5760
C:/Users/efasllija/dev/gossip-poc/out_nb_incremental_clean0104/scenario_honest_awareness/honest_sth_only_n12000_pg0p012_a0p2_ff0_s58000_drop0_pc0p05_pgc0p05,sth_only,0.012,0.2,110.0,0.0,15425,7040
C:/Users/efasllija/dev/gossip-poc/out_nb_incremental_clean0104/scenario_honest_awareness/honest_sth_only_n12000_pg0p012_a0p2_ff0_s58000_drop0_pc0p05_pgc0p05,sth_only,0.012,0.2,115.0,0.0,16226,7168
C:/Users/efasllija/dev/gossip-poc/out_nb_incremental_clean0104/scenario_honest_awareness/honest_sth_only_n12000_pg0p012_a0p2_ff0_s58001_drop0_pc0p05_pgc0p05,sth_only,0.012,0.2,0.0,0.0,810,256
C:/Users/efasllija/dev/gossip-poc/out_nb_incremental_clean0104/scenario_honest_awareness/honest_sth_only_n12000_pg0p012_a0p2_ff0_s58001_drop0_pc0p05_pgc0p05,sth_only,0.012,0.2,5.0,0.0,1446,1408
C:/Users/efasllija/dev/gossip-poc/out_nb_incremental_clean0104/scenario_honest_awareness/honest_sth_only_n12000_pg0p012_a0p2_ff0_s58001_drop0_pc0p05_pgc0p05,sth_only,0.012,0.2,10.0,0.0,2131,3072
C:/Users/efasllija/dev/gossip-poc/out_nb_incremental_clean0104/scenario_honest_awareness/honest_sth_only_n12000_pg0p012_a0p2_ff0_s58001_drop0_pc0p05_pgc0p05,sth_only,0.012,0.2,15.0,0.0,2947,3072
C:/Users/efasllija/dev/gossip-poc/out_nb_incremental_clean0104/scenario_honest_awareness/honest_sth_only_n12000_pg0p012_a0p2_ff0_s58001_drop0_pc0p05_pgc0p05,sth_only,0.012,0.2,20.0,0.0,3696,3072
C:/Users/efasllija/dev/gossip-poc/out_nb_incremental_clean0104/scenario_honest_awareness/honest_sth_only_n12000_pg0p012_a0p2_ff0_s58001_drop0_pc0p05_pgc0p05,sth_only,0.012,0.2,25.0,0.0,4499,3200
C:/Users/efasllija/dev/gossip-poc/out_nb_incremental_clean0104/scenario_honest_awareness/honest_sth_only_n12000_pg0p012_a0p2_ff0_s58001_drop0_pc0p05_pgc0p05,sth_only,0.012,0.2,30.0,0.0,5155,3328
C:/Users/efasllija/dev/gossip-poc/out_nb_incremental_clean0104/scenario_honest_awareness/honest_sth_only_n12000_pg0p012_a0p2_ff0_s58001_drop0_pc0p05_pgc0p05,sth_only,0.012,0.2,35.0,0.0,5871,3456
C:/Users/efasllija/dev/gossip-poc/out_nb_incremental_clean0104/scenario_honest_awareness/honest_sth_only_n12000_pg0p012_a0p2_ff0_s58001_drop0_pc0p05_pgc0p05,sth_only,0.012,0.2,40.0,0.0,6693,3456
C:/Users/efasllija/dev/gossip-poc/out_nb_incremental_clean0104/scenario_honest_awareness/honest_sth_only_n12000_pg0p012_a0p2_ff0_s58001_drop0_pc0p05_pgc0p05,sth_only,0.012,0.2,45.0,0.0,7270,3456
C:/Users/efasllija/dev/gossip-poc/out_nb_incremental_clean0104/scenario_honest_awareness/honest_sth_only_n12000_pg0p012_a0p2_ff0_s58001_drop0_pc0p05_pgc0p05,sth_only,0.012,0.2,50.0,0.0,7874,3584
C:/Users/efasllija/dev/gossip-poc/out_nb_incremental_clean0104/scenario_honest_awareness/honest_sth_only_n12000_pg0p012_a0p2_ff0_s58001_drop0_pc0p05_pgc0p05,sth_only,0.012,0.2,55.0,0.0,8573,3584
C:/Users/efasllija/dev/gossip-poc/out_nb_incremental_clean0104/scenario_honest_awareness/honest_sth_only_n12000_pg0p012_a0p2_ff0_s58001_drop0_pc0p05_pgc0p05,sth_only,0.012,0.2,60.0,0.0,9280,3712
C:/Users/efasllija/dev/gossip-poc/out_nb_incremental_clean0104/scenario_honest_awareness/honest_sth_only_n12000_pg0p012_a0p2_ff0_s58001_drop0_pc0p05_pgc0p05,sth_only,0.012,0.2,65.0,0.0,9816,3840
C:/Users/efasllija/dev/gossip-poc/out_nb_incremental_clean0104/scenario_honest_awareness/honest_sth_only_n12000_pg0p012_a0p2_ff0_s58001_drop0_pc0p05_pgc0p05,sth_only,0.012,0.2,70.0,0.0,10406,3968
C:/Users/efasllija/dev/gossip-poc/out_nb_incremental_clean0104/scenario_honest_awareness/honest_sth_only_n12000_pg0p012_a0p2_ff0_s58001_drop0_pc0p05_pgc0p05,sth_only,0.012,0.2,75.0,0.0,11062,4224
C:/Users/efasllija/dev/gossip-poc/out_nb_incremental_clean0104/scenario_honest_awareness/honest_sth_only_n12000_pg0p012_a0p2_ff0_s58001_drop0_pc0p05_pgc0p05,sth_only,0.012,0.2,80.0,0.0,11643,4224
C:/Users/efasllija/dev/gossip-poc/out_nb_incremental_clean0104/scenario_honest_awareness/honest_sth_only_n12000_pg0p012_a0p2_ff0_s58001_drop0_pc0p05_pgc0p05,sth_only,0.012,0.2,85.0,0.0,12260,4352
C:/Users/efasllija/dev/gossip-poc/out_nb_incremental_clean0104/scenario_honest_awareness/honest_sth_only_n12000_pg0p012_a0p2_ff0_s58001_drop0_pc0p05_pgc0p05,sth_only,0.012,0.2,90.0,0.0,12965,4352
C:/Users/efasllija/dev/gossip-poc/out_nb_incremental_clean0104/scenario_honest_awareness/honest_sth_only_n12000_pg0p012_a0p2_ff0_s58001_drop0_pc0p05_pgc0p05,sth_only,0.012,0.2,95.0,0.0,13671,4480
C:/Users/efasllija/dev/gossip-poc/out_nb_incremental_clean0104/scenario_honest_awareness/honest_sth_only_n12000_pg0p012_a0p2_ff0_s58001_drop0_pc0p05_pgc0p05,sth_only,0.012,0.2,100.0,0.0,14421,4480
C:/Users/efasllija/dev/gossip-poc/out_nb_incremental_clean0104/scenario_honest_awareness/honest_sth_only_n12000_pg0p012_a0p2_ff0_s58001_drop0_pc0p05_pgc0p05,sth_only,0.012,0.2,105.0,0.0,15098,6272
C:/Users/efasllija/dev/gossip-poc/out_nb_incremental_clean0104/scenario_honest_awareness/honest_sth_only_n12000_pg0p012_a0p2_ff0_s58001_drop0_pc0p05_pgc0p05,sth_only,0.012,0.2,110.0,0.0,15603,6400
C:/Users/efasllija/dev/gossip-poc/out_nb_incremental_clean0104/scenario_honest_awareness/honest_sth_only_n12000_pg0p012_a0p2_ff0_s58001_drop0_pc0p05_pgc0p05,sth_only,0.012,0.2,115.0,0.0,16267,6400
C:/Users/efasllija/dev/gossip-poc/out_nb_incremental_clean0104/scenario_honest_awareness/honest_sth_only_n12000_pg0p012_a0p2_ff0_s58002_drop0_pc0p05_pgc0p05,sth_only,0.012,0.2,0.0,0.0,761,768
C:/Users/efasllija/dev/gossip-poc/out_nb_incremental_clean0104/scenario_honest_awareness/honest_sth_only_n12000_pg0p012_a0p2_ff0_s58002_drop0_pc0p05_pgc0p05,sth_only,0.012,0.2,5.0,0.0,1366,768
C:/Users/efasllija/dev/gossip-poc/out_nb_incremental_clean0104/scenario_honest_awareness/honest_sth_only_n12000_pg0p012_a0p2_ff0_s58002_drop0_pc0p05_pgc0p05,sth_only,0.012,0.2,10.0,0.0,1976,1024
C:/Users/efasllija/dev/gossip-poc/out_nb_incremental_clean0104/scenario_honest_awareness/honest_sth_only_n12000_pg0p012_a0p2_ff0_s58002_drop0_pc0p05_pgc0p05,sth_only,0.012,0.2,15.0,0.0,2532,1024
C:/Users/efasllija/dev/gossip-poc/out_nb_incremental_clean0104/scenario_honest_awareness/honest_sth_only_n12000_pg0p012_a0p2_ff0_s58002_drop0_pc0p05_pgc0p05,sth_only,0.012,0.2,20.0,0.0,3161,1152
C:/Users/efasllija/dev/gossip-poc/out_nb_incremental_clean0104/scenario_honest_awareness/honest_sth_only_n12000_pg0p012_a0p2_ff0_s58002_drop0_pc0p05_pgc0p05,sth_only,0.012,0.2,25.0,0.0,3817,2048
C:/Users/efasllija/dev/gossip-poc/out_nb_incremental_clean0104/scenario_honest_awareness/honest_sth_only_n12000_pg0p012_a0p2_ff0_s58002_drop0_pc0p05_pgc0p05,sth_only,0.012,0.2,30.0,0.0,4429,2176
C:/Users/efasllija/dev/gossip-poc/out_nb_incremental_clean0104/scenario_honest_awareness/honest_sth_only_n12000_pg0p012_a0p2_ff0_s58002_drop0_pc0p05_pgc0p05,sth_only,0.012,0.2,35.0,0.0,5038,2176
C:/Users/efasllija/dev/gossip-poc/out_nb_incremental_clean0104/scenario_honest_awareness/honest_sth_only_n12000_pg0p012_a0p2_ff0_s58002_drop0_pc0p05_pgc0p05,sth_only,0.012,0.2,40.0,0.0,5785,2176
C:/Users/efasllija/dev/gossip-poc/out_nb_incremental_clean0104/scenario_honest_awareness/honest_sth_only_n12000_pg0p012_a0p2_ff0_s58002_drop0_pc0p05_pgc0p05,sth_only,0.012,0.2,45.0,0.0,6483,2176
C:/Users/efasllija/dev/gossip-poc/out_nb_incremental_clean0104/scenario_honest_awareness/honest_sth_only_n12000_pg0p012_a0p2_ff0_s58002_drop0_pc0p05_pgc0p05,sth_only,0.012,0.2,50.0,0.0,7103,2176
C:/Users/efasllija/dev/gossip-poc/out_nb_incremental_clean0104/scenario_honest_awareness/honest_sth_only_n12000_pg0p012_a0p2_ff0_s58002_drop0_pc0p05_pgc0p05,sth_only,0.012,0.2,55.0,0.0,7684,2176
C:/Users/efasllija/dev/gossip-poc/out_nb_incremental_clean0104/scenario_honest_awareness/honest_sth_only_n12000_pg0p012_a0p2_ff0_s58002_drop0_pc0p05_pgc0p05,sth_only,0.012,0.2,60.0,0.0,8274,2304
C:/Users/efasllija/dev/gossip-poc/out_nb_incremental_clean0104/scenario_honest_awareness/honest_sth_only_n12000_pg0p012_a0p2_ff0_s58002_drop0_pc0p05_pgc0p05,sth_only,0.012,0.2,65.0,0.0,8878,2304
C:/Users/efasllija/dev/gossip-poc/out_nb_incremental_clean0104/scenario_honest_awareness/honest_sth_only_n12000_pg0p012_a0p2_ff0_s58002_drop0_pc0p05_pgc0p05,sth_only,0.012,0.2,70.0,0.0,9554,2688
C:/Users/efasllija/dev/gossip-poc/out_nb_incremental_clean0104/scenario_honest_awareness/honest_sth_only_n12000_pg0p012_a0p2_ff0_s58002_drop0_pc0p05_pgc0p05,sth_only,0.012,0.2,75.0,0.0,10105,2688
C:/Users/efasllija/dev/gossip-poc/out_nb_incremental_clean0104/scenario_honest_awareness/honest_sth_only_n12000_pg0p012_a0p2_ff0_s58002_drop0_pc0p05_pgc0p05,sth_only,0.012,0.2,80.0,0.0,10704,2816
C:/Users/efasllija/dev/gossip-poc/out_nb_incremental_clean0104/scenario_honest_awareness/honest_sth_only_n12000_pg0p012_a0p2_ff0_s58002_drop0_pc0p05_pgc0p05,sth_only,0.012,0.2,85.0,0.0,11344,2816
C:/Users/efasllija/dev/gossip-poc/out_nb_incremental_clean0104/scenario_honest_awareness/honest_sth_only_n12000_pg0p012_a0p2_ff0_s58002_drop0_pc0p05_pgc0p05,sth_only,0.012,0.2,90.0,0.0,11935,2816
C:/Users/efasllija/dev/gossip-poc/out_nb_incremental_clean0104/scenario_honest_awareness/honest_sth_only_n12000_pg0p012_a0p2_ff0_s58002_drop0_pc0p05_pgc0p05,sth_only,0.012,0.2,95.0,0.0,12523,3968
C:/Users/efasllija/dev/gossip-poc/out_nb_incremental_clean0104/scenario_honest_awareness/honest_sth_only_n12000_pg0p012_a0p2_ff0_s58002_drop0_pc0p05_pgc0p05,sth_only,0.012,0.2,100.0,0.0,13167,3968
C:/Users/efasllija/dev/gossip-poc/out_nb_incremental_clean0104/scenario_honest_awareness/honest_sth_only_n12000_pg0p012_a0p2_ff0_s58002_drop0_pc0p05_pgc0p05,sth_only,0.012,0.2,105.0,0.0,13920,5376
C:/Users/efasllija/dev/gossip-poc/out_nb_incremental_clean0104/scenario_honest_awareness/honest_sth_only_n12000_pg0p012_a0p2_ff0_s58002_drop0_pc0p05_pgc0p05,sth_only,0.012,0.2,110.0,0.0,14571,5376
C:/Users/efasllija/dev/gossip-poc/out_nb_incremental_clean0104/scenario_honest_awareness/honest_sth_only_n12000_pg0p012_a0p2_ff0_s58002_drop0_pc0p05_pgc0p05,sth_only,0.012,0.2,115.0,0.0,15276,5632
C:/Users/efasllija/dev/gossip-poc/out_nb_incremental_clean0104/scenario_honest_awareness/honest_sth_only_n12000_pg0p012_a0p2_ff0_s58003_drop0_pc0p05_pgc0p05,sth_only,0.012,0.2,0.0,0.0,730,128
C:/Users/efasllija/dev/gossip-poc/out_nb_incremental_clean0104/scenario_honest_awareness/honest_sth_only_n12000_pg0p012_a0p2_ff0_s58003_drop0_pc0p05_pgc0p05,sth_only,0.012,0.2,5.0,0.0,1303,128
C:/Users/efasllija/dev/gossip-poc/out_nb_incremental_clean0104/scenario_honest_awareness/honest_sth_only_n12000_pg0p012_a0p2_ff0_s58003_drop0_pc0p05_pgc0p05,sth_only,0.012,0.2,10.0,0.0,1893,256
C:/Users/efasllija/dev/gossip-poc/out_nb_incremental_clean0104/scenario_honest_awareness/honest_sth_only_n12000_pg0p012_a0p2_ff0_s58003_drop0_pc0p05_pgc0p05,sth_only,0.012,0.2,15.0,0.0,2514,384
C:/Users/efasllija/dev/gossip-poc/out_nb_incremental_clean0104/scenario_honest_awareness/honest_sth_only_n12000_pg0p012_a0p2_ff0_s58003_drop0_pc0p05_pgc0p05,sth_only,0.012,0.2,20.0,0.0,3215,384
C:/Users/efasllija/dev/gossip-poc/out_nb_incremental_clean0104/scenario_honest_awareness/honest_sth_only_n12000_pg0p012_a0p2_ff0_s58003_drop0_pc0p05_pgc0p05,sth_only,0.012,0.2,25.0,0.0,3778,512
C:/Users/efasllija/dev/gossip-poc/out_nb_incremental_clean0104/scenario_honest_awareness/honest_sth_only_n12000_pg0p012_a0p2_ff0_s58003_drop0_pc0p05_pgc0p05,sth_only,0.012,0.2,30.0,0.0,4461,512
C:/Users/efasllija/dev/gossip-poc/out_nb_incremental_clean0104/scenario_honest_awareness/honest_sth_only_n12000_pg0p012_a0p2_ff0_s58003_drop0_pc0p05_pgc0p05,sth_only,0.012,0.2,35.0,0.0,5159,640
C:/Users/efasllija/dev/gossip-poc/out_nb_incremental_clean0104/scenario_honest_awareness/honest_sth_only_n12000_pg0p012_a0p2_ff0_s58003_drop0_pc0p05_pgc0p05,sth_only,0.012,0.2,40.0,0.0,5839,1920
C:/Users/efasllija/dev/gossip-poc/out_nb_incremental_clean0104/scenario_honest_awareness/honest_sth_only_n12000_pg0p012_a0p2_ff0_s58003_drop0_pc0p05_pgc0p05,sth_only,0.012,0.2,45.0,0.0,6525,2816
C:/Users/efasllija/dev/gossip-poc/out_nb_incremental_clean0104/scenario_honest_awareness/honest_sth_only_n12000_pg0p012_a0p2_ff0_s58003_drop0_pc0p05_pgc0p05,sth_only,0.012,0.2,50.0,0.0,7287,2816
C:/Users/efasllija/dev/gossip-poc/out_nb_incremental_clean0104/scenario_honest_awareness/honest_sth_only_n12000_pg0p012_a0p2_ff0_s58003_drop0_pc0p05_pgc0p05,sth_only,0.012,0.2,55.0,0.0,7887,2944
C:/Users/efasllija/dev/gossip-poc/out_nb_incremental_clean0104/scenario_honest_awareness/honest_sth_only_n12000_pg0p012_a0p2_ff0_s58003_drop0_pc0p05_pgc0p05,sth_only,0.012,0.2,60.0,0.0,8694,3072
C:/Users/efasllija/dev/gossip-poc/out_nb_incremental_clean0104/scenario_honest_awareness/honest_sth_only_n12000_pg0p012_a0p2_ff0_s58003_drop0_pc0p05_pgc0p05,sth_only,0.012,0.2,65.0,0.0,9294,3072
C:/Users/efasllija/dev/gossip-poc/out_nb_incremental_clean0104/scenario_honest_awareness/honest_sth_only_n12000_pg0p012_a0p2_ff0_s58003_drop0_pc0p05_pgc0p05,sth_only,0.012,0.2,70.0,0.0,9958,3072
C:/Users/efasllija/dev/gossip-poc/out_nb_incremental_clean0104/scenario_honest_awareness/honest_sth_only_n12000_pg0p012_a0p2_ff0_s58003_drop0_pc0p05_pgc0p05,sth_only,0.012,0.2,75.0,0.0,10573,3456
C:/Users/efasllija/dev/gossip-poc/out_nb_incremental_clean0104/scenario_honest_awareness/honest_sth_only_n12000_pg0p012_a0p2_ff0_s58003_drop0_pc0p05_pgc0p05,sth_only,0.012,0.2,80.0,0.0,11175,3456
C:/Users/efasllija/dev/gossip-poc/out_nb_incremental_clean0104/scenario_honest_awareness/honest_sth_only_n12000_pg0p012_a0p2_ff0_s58003_drop0_pc0p05_pgc0p05,sth_only,0.012,0.2,85.0,0.0,11791,3456
C:/Users/efasllija/dev/gossip-poc/out_nb_incremental_clean0104/scenario_honest_awareness/honest_sth_only_n12000_pg0p012_a0p2_ff0_s58003_drop0_pc0p05_pgc0p05,sth_only,0.012,0.2,90.0,0.0,12506,3456
C:/Users/efasllija/dev/gossip-poc/out_nb_incremental_clean0104/scenario_honest_awareness/honest_sth_only_n12000_pg0p012_a0p2_ff0_s58003_drop0_pc0p05_pgc0p05,sth_only,0.012,0.2,95.0,0.0,13140,3456
C:/Users/efasllija/dev/gossip-poc/out_nb_incremental_clean0104/scenario_honest_awareness/honest_sth_only_n12000_pg0p012_a0p2_ff0_s58003_drop0_pc0p05_pgc0p05,sth_only,0.012,0.2,100.0,0.0,13790,3712
C:/Users/efasllija/dev/gossip-poc/out_nb_incremental_clean0104/scenario_honest_awareness/honest_sth_only_n12000_pg0p012_a0p2_ff0_s58003_drop0_pc0p05_pgc0p05,sth_only,0.012,0.2,105.0,0.0,14437,3712
C:/Users/efasllija/dev/gossip-poc/out_nb_incremental_clean0104/scenario_honest_awareness/honest_sth_only_n12000_pg0p012_a0p2_ff0_s58003_drop0_pc0p05_pgc0p05,sth_only,0.012,0.2,110.0,0.0,15144,3712
C:/Users/efasllija/dev/gossip-poc/out_nb_incremental_clean0104/scenario_honest_awareness/honest_sth_only_n12000_pg0p012_a0p2_ff0_s58003_drop0_pc0p05_pgc0p05,sth_only,0.012,0.2,115.0,0.0,15887,5888
C:/Users/efasllija/dev/gossip-poc/out_nb_incremental_clean0104/scenario_honest_awareness/honest_sth_only_n12000_pg0p012_a0p2_ff0_s58004_drop0_pc0p05_pgc0p05,sth_only,0.012,0.2,0.0,0.0,695,128
C:/Users/efasllija/dev/gossip-poc/out_nb_incremental_clean0104/scenario_honest_awareness/honest_sth_only_n12000_pg0p012_a0p2_ff0_s58004_drop0_pc0p05_pgc0p05,sth_only,0.012,0.2,5.0,0.0,1494,128
C:/Users/efasllija/dev/gossip-poc/out_nb_incremental_clean0104/scenario_honest_awareness/honest_sth_only_n12000_pg0p012_a0p2_ff0_s58004_drop0_pc0p05_pgc0p05,sth_only,0.012,0.2,10.0,0.0,2229,128
C:/Users/efasllija/dev/gossip-poc/out_nb_incremental_clean0104/scenario_honest_awareness/honest_sth_only_n12000_pg0p012_a0p2_ff0_s58004_drop0_pc0p05_pgc0p05,sth_only,0.012,0.2,15.0,0.0,3067,512
C:/Users/efasllija/dev/gossip-poc/out_nb_incremental_clean0104/scenario_honest_awareness/honest_sth_only_n12000_pg0p012_a0p2_ff0_s58004_drop0_pc0p05_pgc0p05,sth_only,0.012,0.2,20.0,0.0,3689,512
C:/Users/efasllija/dev/gossip-poc/out_nb_incremental_clean0104/scenario_honest_awareness/honest_sth_only_n12000_pg0p012_a0p2_ff0_s58004_drop0_pc0p05_pgc0p05,sth_only,0.012,0.2,25.0,0.0,4342,512
C:/Users/efasllija/dev/gossip-poc/out_nb_incremental_clean0104/scenario_honest_awareness/honest_sth_only_n12000_pg0p012_a0p2_ff0_s58004_drop0_pc0p05_pgc0p05,sth_only,0.012,0.2,30.0,0.0,5000,640
C:/Users/efasllija/dev/gossip-poc/out_nb_incremental_clean0104/scenario_honest_awareness/honest_sth_only_n12000_pg0p012_a0p2_ff0_s58004_drop0_pc0p05_pgc0p05,sth_only,0.012,0.2,35.0,0.0,5732,640
C:/Users/efasllija/dev/gossip-poc/out_nb_incremental_clean0104/scenario_honest_awareness/honest_sth_only_n12000_pg0p012_a0p2_ff0_s58004_drop0_pc0p05_pgc0p05,sth_only,0.012,0.2,40.0,0.0,6418,768
C:/Users/efasllija/dev/gossip-poc/out_nb_incremental_clean0104/scenario_honest_awareness/honest_sth_only_n12000_pg0p012_a0p2_ff0_s58004_drop0_pc0p05_pgc0p05,sth_only,0.012,0.2,45.0,0.0,7103,896
C:/Users/efasllija/dev/gossip-poc/out_nb_incremental_clean0104/scenario_honest_awareness/honest_sth_only_n12000_pg0p012_a0p2_ff0_s58004_drop0_pc0p05_pgc0p05,sth_only,0.012,0.2,50.0,0.0,7656,896
C:/Users/efasllija/dev/gossip-poc/out_nb_incremental_clean0104/scenario_honest_awareness/honest_sth_only_n12000_pg0p012_a0p2_ff0_s58004_drop0_pc0p05_pgc0p05,sth_only,0.012,0.2,55.0,0.0,8327,896
C:/Users/efasllija/dev/gossip-poc/out_nb_incremental_clean0104/scenario_honest_awareness/honest_sth_only_n12000_pg0p012_a0p2_ff0_s58004_drop0_pc0p05_pgc0p05,sth_only,0.012,0.2,60.0,0.0,8918,896
C:/Users/efasllija/dev/gossip-poc/out_nb_incremental_clean0104/scenario_honest_awareness/honest_sth_only_n12000_pg0p012_a0p2_ff0_s58004_drop0_pc0p05_pgc0p05,sth_only,0.012,0.2,65.0,0.0,9569,896
C:/Users/efasllija/dev/gossip-poc/out_nb_incremental_clean0104/scenario_honest_awareness/honest_sth_only_n12000_pg0p012_a0p2_ff0_s58004_drop0_pc0p05_pgc0p05,sth_only,0.012,0.2,70.0,0.0,10270,896
C:/Users/efasllija/dev/gossip-poc/out_nb_incremental_clean0104/scenario_honest_awareness/honest_sth_only_n12000_pg0p012_a0p2_ff0_s58004_drop0_pc0p05_pgc0p05,sth_only,0.012,0.2,75.0,0.0,10950,1024
C:/Users/efasllija/dev/gossip-poc/out_nb_incremental_clean0104/scenario_honest_awareness/honest_sth_only_n12000_pg0p012_a0p2_ff0_s58004_drop0_pc0p05_pgc0p05,sth_only,0.012,0.2,80.0,0.0,11660,1024
C:/Users/efasllija/dev/gossip-poc/out_nb_incremental_clean0104/scenario_honest_awareness/honest_sth_only_n12000_pg0p012_a0p2_ff0_s58004_drop0_pc0p05_pgc0p05,sth_only,0.012,0.2,85.0,0.0,12440,1152
C:/Users/efasllija/dev/gossip-poc/out_nb_incremental_clean0104/scenario_honest_awareness/honest_sth_only_n12000_pg0p012_a0p2_ff0_s58004_drop0_pc0p05_pgc0p05,sth_only,0.012,0.2,90.0,0.0,13066,1152
C:/Users/efasllija/dev/gossip-poc/out_nb_incremental_clean0104/scenario_honest_awareness/honest_sth_only_n12000_pg0p012_a0p2_ff0_s58004_drop0_pc0p05_pgc0p05,sth_only,0.012,0.2,95.0,0.0,13845,2944
C:/Users/efasllija/dev/gossip-poc/out_nb_incremental_clean0104/scenario_honest_awareness/honest_sth_only_n12000_pg0p012_a0p2_ff0_s58004_drop0_pc0p05_pgc0p05,sth_only,0.012,0.2,100.0,0.0,14593,2944
C:/Users/efasllija/dev/gossip-poc/out_nb_incremental_clean0104/scenario_honest_awareness/honest_sth_only_n12000_pg0p012_a0p2_ff0_s58004_drop0_pc0p05_pgc0p05,sth_only,0.012,0.2,105.0,0.0,15220,3072
C:/Users/efasllija/dev/gossip-poc/out_nb_incremental_clean0104/scenario_honest_awareness/honest_sth_only_n12000_pg0p012_a0p2_ff0_s58004_drop0_pc0p05_pgc0p05,sth_only,0.012,0.2,110.0,0.0,15942,4480
C:/Users/efasllija/dev/gossip-poc/out_nb_incremental_clean0104/scenario_honest_awareness/honest_sth_only_n12000_pg0p012_a0p2_ff0_s58004_drop0_pc0p05_pgc0p05,sth_only,0.012,0.2,115.0,0.0,16658,4608
C:/Users/efasllija/dev/gossip-poc/out_nb_incremental_clean0104/scenario_honest_awareness/honest_sth_only_n12000_pg0p012_a0p2_ff0_s58005_drop0_pc0p05_pgc0p05,sth_only,0.012,0.2,0.0,0.0,806,128
C:/Users/efasllija/dev/gossip-poc/out_nb_incremental_clean0104/scenario_honest_awareness/honest_sth_only_n12000_pg0p012_a0p2_ff0_s58005_drop0_pc0p05_pgc0p05,sth_only,0.012,0.2,5.0,0.0,1466,256
C:/Users/efasllija/dev/gossip-poc/out_nb_incremental_clean0104/scenario_honest_awareness/honest_sth_only_n12000_pg0p012_a0p2_ff0_s58005_drop0_pc0p05_pgc0p05,sth_only,0.012,0.2,10.0,0.0,1998,2560
C:/Users/efasllija/dev/gossip-poc/out_nb_incremental_clean0104/scenario_honest_awareness/honest_sth_only_n12000_pg0p012_a0p2_ff0_s58005_drop0_pc0p05_pgc0p05,sth_only,0.012,0.2,15.0,0.0,2606,2688
C:/Users/efasllija/dev/gossip-poc/out_nb_incremental_clean0104/scenario_honest_awareness/honest_sth_only_n12000_pg0p012_a0p2_ff0_s58005_drop0_pc0p05_pgc0p05,sth_only,0.012,0.2,20.0,0.0,3154,2816
C:/Users/efasllija/dev/gossip-poc/out_nb_incremental_clean0104/scenario_honest_awareness/honest_sth_only_n12000_pg0p012_a0p2_ff0_s58005_drop0_pc0p05_pgc0p05,sth_only,0.012,0.2,25.0,0.0,3842,2944
C:/Users/efasllija/dev/gossip-poc/out_nb_incremental_clean0104/scenario_honest_awareness/honest_sth_only_n12000_pg0p012_a0p2_ff0_s58005_drop0_pc0p05_pgc0p05,sth_only,0.012,0.2,30.0,0.0,4538,3072
C:/Users/efasllija/dev/gossip-poc/out_nb_incremental_clean0104/scenario_honest_awareness/honest_sth_only_n12000_pg0p012_a0p2_ff0_s58005_drop0_pc0p05_pgc0p05,sth_only,0.012,0.2,35.0,0.0,5169,3328
C:/Users/efasllija/dev/gossip-poc/out_nb_incremental_clean0104/scenario_honest_awareness/honest_sth_only_n12000_pg0p012_a0p2_ff0_s58005_drop0_pc0p05_pgc0p05,sth_only,0.012,0.2,40.0,0.0,5887,3328
C:/Users/efasllija/dev/gossip-poc/out_nb_incremental_clean0104/scenario_honest_awareness/honest_sth_only_n12000_pg0p012_a0p2_ff0_s58005_drop0_pc0p05_pgc0p05,sth_only,0.012,0.2,45.0,0.0,6421,3328
C:/Users/efasllija/dev/gossip-poc/out_nb_incremental_clean0104/scenario_honest_awareness/honest_sth_only_n12000_pg0p012_a0p2_ff0_s58005_drop0_pc0p05_pgc0p05,sth_only,0.012,0.2,50.0,0.0,6945,3328
C:/Users/efasllija/dev/gossip-poc/out_nb_incremental_clean0104/scenario_honest_awareness/honest_sth_only_n12000_pg0p012_a0p2_ff0_s58005_drop0_pc0p05_pgc0p05,sth_only,0.012,0.2,55.0,0.0,7583,3328
C:/Users/efasllija/dev/gossip-poc/out_nb_incremental_clean0104/scenario_honest_awareness/honest_sth_only_n12000_pg0p012_a0p2_ff0_s58005_drop0_pc0p05_pgc0p05,sth_only,0.012,0.2,60.0,0.0,8289,3456
C:/Users/efasllija/dev/gossip-poc/out_nb_incremental_clean0104/scenario_honest_awareness/honest_sth_only_n12000_pg0p012_a0p2_ff0_s58005_drop0_pc0p05_pgc0p05,sth_only,0.012,0.2,65.0,0.0,8899,3584
C:/Users/efasllija/dev/gossip-poc/out_nb_incremental_clean0104/scenario_honest_awareness/honest_sth_only_n12000_pg0p012_a0p2_ff0_s58005_drop0_pc0p05_pgc0p05,sth_only,0.012,0.2,70.0,0.0,9443,3584
C:/Users/efasllija/dev/gossip-poc/out_nb_incremental_clean0104/scenario_honest_awareness/honest_sth_only_n12000_pg0p012_a0p2_ff0_s58005_drop0_pc0p05_pgc0p05,sth_only,0.012,0.2,75.0,0.0,9912,3584
C:/Users/efasllija/dev/gossip-poc/out_nb_incremental_clean0104/scenario_honest_awareness/honest_sth_only_n12000_pg0p012_a0p2_ff0_s58005_drop0_pc0p05_pgc0p05,sth_only,0.012,0.2,80.0,0.0,10444,3712
C:/Users/efasllija/dev/gossip-poc/out_nb_incremental_clean0104/scenario_honest_awareness/honest_sth_only_n12000_pg0p012_a0p2_ff0_s58005_drop0_pc0p05_pgc0p05,sth_only,0.012,0.2,85.0,0.0,11065,3712
C:/Users/efasllija/dev/gossip-poc/out_nb_incremental_clean0104/scenario_honest_awareness/honest_sth_only_n12000_pg0p012_a0p2_ff0_s58005_drop0_pc0p05_pgc0p05,sth_only,0.012,0.2,90.0,0.0,11721,3712
C:/Users/efasllija/dev/gossip-poc/out_nb_incremental_clean0104/scenario_honest_awareness/honest_sth_only_n12000_pg0p012_a0p2_ff0_s58005_drop0_pc0p05_pgc0p05,sth_only,0.012,0.2,95.0,0.0,12201,3840
C:/Users/efasllija/dev/gossip-poc/out_nb_incremental_clean0104/scenario_honest_awareness/honest_sth_only_n12000_pg0p012_a0p2_ff0_s58005_drop0_pc0p05_pgc0p05,sth_only,0.012,0.2,100.0,0.0,12887,3840
C:/Users/efasllija/dev/gossip-poc/out_nb_incremental_clean0104/scenario_honest_awareness/honest_sth_only_n12000_pg0p012_a0p2_ff0_s58005_drop0_pc0p05_pgc0p05,sth_only,0.012,0.2,105.0,0.0,13514,3968
C:/Users/efasllija/dev/gossip-poc/out_nb_incremental_clean0104/scenario_honest_awareness/honest_sth_only_n12000_pg0p012_a0p2_ff0_s58005_drop0_pc0p05_pgc0p05,sth_only,0.012,0.2,110.0,0.0,14109,4096
C:/Users/efasllija/dev/gossip-poc/out_nb_incremental_clean0104/scenario_honest_awareness/honest_sth_only_n12000_pg0p012_a0p2_ff0_s58005_drop0_pc0p05_pgc0p05,sth_only,0.012,0.2,115.0,0.0,14689,4224
C:/Users/efasllija/dev/gossip-poc/out_nb_incremental_clean0104/scenario_honest_awareness/honest_sth_only_n12000_pg0p012_a0p2_ff0_s58006_drop0_pc0p05_pgc0p05,sth_only,0.012,0.2,0.0,0.0,693,0
C:/Users/efasllija/dev/gossip-poc/out_nb_incremental_clean0104/scenario_honest_awareness/honest_sth_only_n12000_pg0p012_a0p2_ff0_s58006_drop0_pc0p05_pgc0p05,sth_only,0.012,0.2,5.0,0.0,1511,0
C:/Users/efasllija/dev/gossip-poc/out_nb_incremental_clean0104/scenario_honest_awareness/honest_sth_only_n12000_pg0p012_a0p2_ff0_s58006_drop0_pc0p05_pgc0p05,sth_only,0.012,0.2,10.0,0.0,2219,0
C:/Users/efasllija/dev/gossip-poc/out_nb_incremental_clean0104/scenario_honest_awareness/honest_sth_only_n12000_pg0p012_a0p2_ff0_s58006_drop0_pc0p05_pgc0p05,sth_only,0.012,0.2,15.0,0.0,2792,0
C:/Users/efasllija/dev/gossip-poc/out_nb_incremental_clean0104/scenario_honest_awareness/honest_sth_only_n12000_pg0p012_a0p2_ff0_s58006_drop0_pc0p05_pgc0p05,sth_only,0.012,0.2,20.0,0.0,3434,256
C:/Users/efasllija/dev/gossip-poc/out_nb_incremental_clean0104/scenario_honest_awareness/honest_sth_only_n12000_pg0p012_a0p2_ff0_s58006_drop0_pc0p05_pgc0p05,sth_only,0.012,0.2,25.0,0.0,4022,384
C:/Users/efasllija/dev/gossip-poc/out_nb_incremental_clean0104/scenario_honest_awareness/honest_sth_only_n12000_pg0p012_a0p2_ff0_s58006_drop0_pc0p05_pgc0p05,sth_only,0.012,0.2,30.0,0.0,4666,384
C:/Users/efasllija/dev/gossip-poc/out_nb_incremental_clean0104/scenario_honest_awareness/honest_sth_only_n12000_pg0p012_a0p2_ff0_s58006_drop0_pc0p05_pgc0p05,sth_only,0.012,0.2,35.0,0.0,5295,640
C:/Users/efasllija/dev/gossip-poc/out_nb_incremental_clean0104/scenario_honest_awareness/honest_sth_only_n12000_pg0p012_a0p2_ff0_s58006_drop0_pc0p05_pgc0p05,sth_only,0.012,0.2,40.0,0.0,5910,640
C:/Users/efasllija/dev/gossip-poc/out_nb_incremental_clean0104/scenario_honest_awareness/honest_sth_only_n12000_pg0p012_a0p2_ff0_s58006_drop0_pc0p05_pgc0p05,sth_only,0.012,0.2,45.0,0.0,6531,768
C:/Users/efasllija/dev/gossip-poc/out_nb_incremental_clean0104/scenario_honest_awareness/honest_sth_only_n12000_pg0p012_a0p2_ff0_s58006_drop0_pc0p05_pgc0p05,sth_only,0.012,0.2,50.0,0.0,7164,768
C:/Users/efasllija/dev/gossip-poc/out_nb_incremental_clean0104/scenario_honest_awareness/honest_sth_only_n12000_pg0p012_a0p2_ff0_s58006_drop0_pc0p05_pgc0p05,sth_only,0.012,0.2,55.0,0.0,7957,896
C:/Users/efasllija/dev/gossip-poc/out_nb_incremental_clean0104/scenario_honest_awareness/honest_sth_only_n12000_pg0p012_a0p2_ff0_s58006_drop0_pc0p05_pgc0p05,sth_only,0.012,0.2,60.0,0.0,8557,1024
C:/Users/efasllija/dev/gossip-poc/out_nb_incremental_clean0104/scenario_honest_awareness/honest_sth_only_n12000_pg0p012_a0p2_ff0_s58006_drop0_pc0p05_pgc0p05,sth_only,0.012,0.2,65.0,0.0,9198,2688
C:/Users/efasllija/dev/gossip-poc/out_nb_incremental_clean0104/scenario_honest_awareness/honest_sth_only_n12000_pg0p012_a0p2_ff0_s58006_drop0_pc0p05_pgc0p05,sth_only,0.012,0.2,70.0,0.0,9719,3072
C:/Users/efasllija/dev/gossip-poc/out_nb_incremental_clean0104/scenario_honest_awareness/honest_sth_only_n12000_pg0p012_a0p2_ff0_s58006_drop0_pc0p05_pgc0p05,sth_only,0.012,0.2,75.0,0.0,10341,3072
C:/Users/efasllija/dev/gossip-poc/out_nb_incremental_clean0104/scenario_honest_awareness/honest_sth_only_n12000_pg0p012_a0p2_ff0_s58006_drop0_pc0p05_pgc0p05,sth_only,0.012,0.2,80.0,0.0,10982,3072
C:/Users/efasllija/dev/gossip-poc/out_nb_incremental_clean0104/scenario_honest_awareness/honest_sth_only_n12000_pg0p012_a0p2_ff0_s58006_drop0_pc0p05_pgc0p05,sth_only,0.012,0.2,85.0,0.0,11736,3072
C:/Users/efasllija/dev/gossip-poc/out_nb_incremental_clean0104/scenario_honest_awareness/honest_sth_only_n12000_pg0p012_a0p2_ff0_s58006_drop0_pc0p05_pgc0p05,sth_only,0.012,0.2,90.0,0.0,12385,3456
C:/Users/efasllija/dev/gossip-poc/out_nb_incremental_clean0104/scenario_honest_awareness/honest_sth_only_n12000_pg0p012_a0p2_ff0_s58006_drop0_pc0p05_pgc0p05,sth_only,0.012,0.2,95.0,0.0,13051,3456
C:/Users/efasllija/dev/gossip-poc/out_nb_incremental_clean0104/scenario_honest_awareness/honest_sth_only_n12000_pg0p012_a0p2_ff0_s58006_drop0_pc0p05_pgc0p05,sth_only,0.012,0.2,100.0,0.0,13832,5120
C:/Users/efasllija/dev/gossip-poc/out_nb_incremental_clean0104/scenario_honest_awareness/honest_sth_only_n12000_pg0p012_a0p2_ff0_s58006_drop0_pc0p05_pgc0p05,sth_only,0.012,0.2,105.0,0.0,14501,5376
C:/Users/efasllija/dev/gossip-poc/out_nb_incremental_clean0104/scenario_honest_awareness/honest_sth_only_n12000_pg0p012_a0p2_ff0_s58006_drop0_pc0p05_pgc0p05,sth_only,0.012,0.2,110.0,0.0,15204,6656
C:/Users/efasllija/dev/gossip-poc/out_nb_incremental_clean0104/scenario_honest_awareness/honest_sth_only_n12000_pg0p012_a0p2_ff0_s58006_drop0_pc0p05_pgc0p05,sth_only,0.012,0.2,115.0,0.0,15937,6656
C:/Users/efasllija/dev/gossip-poc/out_nb_incremental_clean0104/scenario_honest_awareness/honest_sth_only_n12000_pg0p012_a0p2_ff0_s58007_drop0_pc0p05_pgc0p05,sth_only,0.012,0.2,0.0,0.0,621,128
C:/Users/efasllija/dev/gossip-poc/out_nb_incremental_clean0104/scenario_honest_awareness/honest_sth_only_n12000_pg0p012_a0p2_ff0_s58007_drop0_pc0p05_pgc0p05,sth_only,0.012,0.2,5.0,0.0,1229,128
C:/Users/efasllija/dev/gossip-poc/out_nb_incremental_clean0104/scenario_honest_awareness/honest_sth_only_n12000_pg0p012_a0p2_ff0_s58007_drop0_pc0p05_pgc0p05,sth_only,0.012,0.2,10.0,0.0,1900,256
C:/Users/efasllija/dev/gossip-poc/out_nb_incremental_clean0104/scenario_honest_awareness/honest_sth_only_n12000_pg0p012_a0p2_ff0_s58007_drop0_pc0p05_pgc0p05,sth_only,0.012,0.2,15.0,0.0,2504,256
C:/Users/efasllija/dev/gossip-poc/out_nb_incremental_clean0104/scenario_honest_awareness/honest_sth_only_n12000_pg0p012_a0p2_ff0_s58007_drop0_pc0p05_pgc0p05,sth_only,0.012,0.2,20.0,0.0,3185,384
C:/Users/efasllija/dev/gossip-poc/out_nb_incremental_clean0104/scenario_honest_awareness/honest_sth_only_n12000_pg0p012_a0p2_ff0_s58007_drop0_pc0p05_pgc0p05,sth_only,0.012,0.2,25.0,0.0,3897,384
C:/Users/efasllija/dev/gossip-poc/out_nb_incremental_clean0104/scenario_honest_awareness/honest_sth_only_n12000_pg0p012_a0p2_ff0_s58007_drop0_pc0p05_pgc0p05,sth_only,0.012,0.2,30.0,0.0,4415,640
C:/Users/efasllija/dev/gossip-poc/out_nb_incremental_clean0104/scenario_honest_awareness/honest_sth_only_n12000_pg0p012_a0p2_ff0_s58007_drop0_pc0p05_pgc0p05,sth_only,0.012,0.2,35.0,0.0,5079,768
C:/Users/efasllija/dev/gossip-poc/out_nb_incremental_clean0104/scenario_honest_awareness/honest_sth_only_n12000_pg0p012_a0p2_ff0_s58007_drop0_pc0p05_pgc0p05,sth_only,0.012,0.2,40.0,0.0,5720,768
C:/Users/efasllija/dev/gossip-poc/out_nb_incremental_clean0104/scenario_honest_awareness/honest_sth_only_n12000_pg0p012_a0p2_ff0_s58007_drop0_pc0p05_pgc0p05,sth_only,0.012,0.2,45.0,0.0,6400,768
C:/Users/efasllija/dev/gossip-poc/out_nb_incremental_clean0104/scenario_honest_awareness/honest_sth_only_n12000_pg0p012_a0p2_ff0_s58007_drop0_pc0p05_pgc0p05,sth_only,0.012,0.2,50.0,0.0,6988,768
C:/Users/efasllija/dev/gossip-poc/out_nb_incremental_clean0104/scenario_honest_awareness/honest_sth_only_n12000_pg0p012_a0p2_ff0_s58007_drop0_pc0p05_pgc0p05,sth_only,0.012,0.2,55.0,0.0,7590,768
C:/Users/efasllija/dev/gossip-poc/out_nb_incremental_clean0104/scenario_honest_awareness/honest_sth_only_n12000_pg0p012_a0p2_ff0_s58007_drop0_pc0p05_pgc0p05,sth_only,0.012,0.2,60.0,0.0,8267,768
C:/Users/efasllija/dev/gossip-poc/out_nb_incremental_clean0104/scenario_honest_awareness/honest_sth_only_n12000_pg0p012_a0p2_ff0_s58007_drop0_pc0p05_pgc0p05,sth_only,0.012,0.2,65.0,0.0,8979,896
C:/Users/efasllija/dev/gossip-poc/out_nb_incremental_clean0104/scenario_honest_awareness/honest_sth_only_n12000_pg0p012_a0p2_ff0_s58007_drop0_pc0p05_pgc0p05,sth_only,0.012,0.2,70.0,0.0,9488,896
C:/Users/efasllija/dev/gossip-poc/out_nb_incremental_clean0104/scenario_honest_awareness/honest_sth_only_n12000_pg0p012_a0p2_ff0_s58007_drop0_pc0p05_pgc0p05,sth_only,0.012,0.2,75.0,0.0,10063,896
C:/Users/efasllija/dev/gossip-poc/out_nb_incremental_clean0104/scenario_honest_awareness/honest_sth_only_n12000_pg0p012_a0p2_ff0_s58007_drop0_pc0p05_pgc0p05,sth_only,0.012,0.2,80.0,0.0,10672,896
C:/Users/efasllija/dev/gossip-poc/out_nb_incremental_clean0104/scenario_honest_awareness/honest_sth_only_n12000_pg0p012_a0p2_ff0_s58007_drop0_pc0p05_pgc0p05,sth_only,0.012,0.2,85.0,0.0,11272,896
C:/Users/efasllija/dev/gossip-poc/out_nb_incremental_clean0104/scenario_honest_awareness/honest_sth_only_n12000_pg0p012_a0p2_ff0_s58007_drop0_pc0p05_pgc0p05,sth_only,0.012,0.2,90.0,0.0,11969,896
C:/Users/efasllija/dev/gossip-poc/out_nb_incremental_clean0104/scenario_honest_awareness/honest_sth_only_n12000_pg0p012_a0p2_ff0_s58007_drop0_pc0p05_pgc0p05,sth_only,0.012,0.2,95.0,0.0,12734,896
C:/Users/efasllija/dev/gossip-poc/out_nb_incremental_clean0104/scenario_honest_awareness/honest_sth_only_n12000_pg0p012_a0p2_ff0_s58007_drop0_pc0p05_pgc0p05,sth_only,0.012,0.2,100.0,0.0,13371,896
C:/Users/efasllija/dev/gossip-poc/out_nb_incremental_clean0104/scenario_honest_awareness/honest_sth_only_n12000_pg0p012_a0p2_ff0_s58007_drop0_pc0p05_pgc0p05,sth_only,0.012,0.2,105.0,0.0,13966,896
C:/Users/efasllija/dev/gossip-poc/out_nb_incremental_clean0104/scenario_honest_awareness/honest_sth_only_n12000_pg0p012_a0p2_ff0_s58007_drop0_pc0p05_pgc0p05,sth_only,0.012,0.2,110.0,0.0,14712,896
C:/Users/efasllija/dev/gossip-poc/out_nb_incremental_clean0104/scenario_honest_awareness/honest_sth_only_n12000_pg0p012_a0p2_ff0_s58007_drop0_pc0p05_pgc0p05,sth_only,0.012,0.2,115.0,0.0,15498,1152
C:/Users/efasllija/dev/gossip-poc/out_nb_incremental_clean0104/scenario_honest_awareness/honest_sth_only_n12000_pg0p02_a0p2_ff0_s58000_drop0_pc0p05_pgc0p05,sth_only,0.02,0.2,0.0,0.0,809,1536
C:/Users/efasllija/dev/gossip-poc/out_nb_incremental_clean0104/scenario_honest_awareness/honest_sth_only_n12000_pg0p02_a0p2_ff0_s58000_drop0_pc0p05_pgc0p05,sth_only,0.02,0.2,5.0,0.0,1519,1664
C:/Users/efasllija/dev/gossip-poc/out_nb_incremental_clean0104/scenario_honest_awareness/honest_sth_only_n12000_pg0p02_a0p2_ff0_s58000_drop0_pc0p05_pgc0p05,sth_only,0.02,0.2,10.0,0.0,2114,1792
C:/Users/efasllija/dev/gossip-poc/out_nb_incremental_clean0104/scenario_honest_awareness/honest_sth_only_n12000_pg0p02_a0p2_ff0_s58000_drop0_pc0p05_pgc0p05,sth_only,0.02,0.2,15.0,0.0,2731,2560
C:/Users/efasllija/dev/gossip-poc/out_nb_incremental_clean0104/scenario_honest_awareness/honest_sth_only_n12000_pg0p02_a0p2_ff0_s58000_drop0_pc0p05_pgc0p05,sth_only,0.02,0.2,20.0,0.0,3318,2944
C:/Users/efasllija/dev/gossip-poc/out_nb_incremental_clean0104/scenario_honest_awareness/honest_sth_only_n12000_pg0p02_a0p2_ff0_s58000_drop0_pc0p05_pgc0p05,sth_only,0.02,0.2,25.0,0.0,4015,2944
C:/Users/efasllija/dev/gossip-poc/out_nb_incremental_clean0104/scenario_honest_awareness/honest_sth_only_n12000_pg0p02_a0p2_ff0_s58000_drop0_pc0p05_pgc0p05,sth_only,0.02,0.2,30.0,0.0,4718,3072
C:/Users/efasllija/dev/gossip-poc/out_nb_incremental_clean0104/scenario_honest_awareness/honest_sth_only_n12000_pg0p02_a0p2_ff0_s58000_drop0_pc0p05_pgc0p05,sth_only,0.02,0.2,35.0,0.0,5396,3072
C:/Users/efasllija/dev/gossip-poc/out_nb_incremental_clean0104/scenario_honest_awareness/honest_sth_only_n12000_pg0p02_a0p2_ff0_s58000_drop0_pc0p05_pgc0p05,sth_only,0.02,0.2,40.0,0.0,6084,3200
C:/Users/efasllija/dev/gossip-poc/out_nb_incremental_clean0104/scenario_honest_awareness/honest_sth_only_n12000_pg0p02_a0p2_ff0_s58000_drop0_pc0p05_pgc0p05,sth_only,0.02,0.2,45.0,0.0,6754,3584
C:/Users/efasllija/dev/gossip-poc/out_nb_incremental_clean0104/scenario_honest_awareness/honest_sth_only_n12000_pg0p02_a0p2_ff0_s58000_drop0_pc0p05_pgc0p05,sth_only,0.02,0.2,50.0,0.0,7435,4992
C:/Users/efasllija/dev/gossip-poc/out_nb_incremental_clean0104/scenario_honest_awareness/honest_sth_only_n12000_pg0p02_a0p2_ff0_s58000_drop0_pc0p05_pgc0p05,sth_only,0.02,0.2,55.0,0.0,8168,6656
C:/Users/efasllija/dev/gossip-poc/out_nb_incremental_clean0104/scenario_honest_awareness/honest_sth_only_n12000_pg0p02_a0p2_ff0_s58000_drop0_pc0p05_pgc0p05,sth_only,0.02,0.2,60.0,0.0,8782,6784
C:/Users/efasllija/dev/gossip-poc/out_nb_incremental_clean0104/scenario_honest_awareness/honest_sth_only_n12000_pg0p02_a0p2_ff0_s58000_drop0_pc0p05_pgc0p05,sth_only,0.02,0.2,65.0,0.0,9361,8704
C:/Users/efasllija/dev/gossip-poc/out_nb_incremental_clean0104/scenario_honest_awareness/honest_sth_only_n12000_pg0p02_a0p2_ff0_s58000_drop0_pc0p05_pgc0p05,sth_only,0.02,0.2,70.0,0.0,10002,8704
C:/Users/efasllija/dev/gossip-poc/out_nb_incremental_clean0104/scenario_honest_awareness/honest_sth_only_n12000_pg0p02_a0p2_ff0_s58000_drop0_pc0p05_pgc0p05,sth_only,0.02,0.2,75.0,0.0,10613,10752
C:/Users/efasllija/dev/gossip-poc/out_nb_incremental_clean0104/scenario_honest_awareness/honest_sth_only_n12000_pg0p02_a0p2_ff0_s58000_drop0_pc0p05_pgc0p05,sth_only,0.02,0.2,80.0,0.0,11349,11008
C:/Users/efasllija/dev/gossip-poc/out_nb_incremental_clean0104/scenario_honest_awareness/honest_sth_only_n12000_pg0p02_a0p2_ff0_s58000_drop0_pc0p05_pgc0p05,sth_only,0.02,0.2,85.0,0.0,11929,11008
C:/Users/efasllija/dev/gossip-poc/out_nb_incremental_clean0104/scenario_honest_awareness/honest_sth_only_n12000_pg0p02_a0p2_ff0_s58000_drop0_pc0p05_pgc0p05,sth_only,0.02,0.2,90.0,0.0,12604,12928
C:/Users/efasllija/dev/gossip-poc/out_nb_incremental_clean0104/scenario_honest_awareness/honest_sth_only_n12000_pg0p02_a0p2_ff0_s58000_drop0_pc0p05_pgc0p05,sth_only,0.02,0.2,95.0,0.0,13336,13056
C:/Users/efasllija/dev/gossip-poc/out_nb_incremental_clean0104/scenario_honest_awareness/honest_sth_only_n12000_pg0p02_a0p2_ff0_s58000_drop0_pc0p05_pgc0p05,sth_only,0.02,0.2,100.0,0.0,13942,13184
C:/Users/efasllija/dev/gossip-poc/out_nb_incremental_clean0104/scenario_honest_awareness/honest_sth_only_n12000_pg0p02_a0p2_ff0_s58000_drop0_pc0p05_pgc0p05,sth_only,0.02,0.2,105.0,0.0,14615,13312
C:/Users/efasllija/dev/gossip-poc/out_nb_incremental_clean0104/scenario_honest_awareness/honest_sth_only_n12000_pg0p02_a0p2_ff0_s58000_drop0_pc0p05_pgc0p05,sth_only,0.02,0.2,110.0,0.0,15425,14720
C:/Users/efasllija/dev/gossip-poc/out_nb_incremental_clean0104/scenario_honest_awareness/honest_sth_only_n12000_pg0p02_a0p2_ff0_s58000_drop0_pc0p05_pgc0p05,sth_only,0.02,0.2,115.0,0.0,16226,14848
C:/Users/efasllija/dev/gossip-poc/out_nb_incremental_clean0104/scenario_honest_awareness/honest_sth_only_n12000_pg0p02_a0p2_ff0_s58001_drop0_pc0p05_pgc0p05,sth_only,0.02,0.2,0.0,0.0,810,1920
C:/Users/efasllija/dev/gossip-poc/out_nb_incremental_clean0104/scenario_honest_awareness/honest_sth_only_n12000_pg0p02_a0p2_ff0_s58001_drop0_pc0p05_pgc0p05,sth_only,0.02,0.2,5.0,0.0,1446,3072
C:/Users/efasllija/dev/gossip-poc/out_nb_incremental_clean0104/scenario_honest_awareness/honest_sth_only_n12000_pg0p02_a0p2_ff0_s58001_drop0_pc0p05_pgc0p05,sth_only,0.02,0.2,10.0,0.0,2131,4736
C:/Users/efasllija/dev/gossip-poc/out_nb_incremental_clean0104/scenario_honest_awareness/honest_sth_only_n12000_pg0p02_a0p2_ff0_s58001_drop0_pc0p05_pgc0p05,sth_only,0.02,0.2,15.0,0.0,2947,5760
C:/Users/efasllija/dev/gossip-poc/out_nb_incremental_clean0104/scenario_honest_awareness/honest_sth_only_n12000_pg0p02_a0p2_ff0_s58001_drop0_pc0p05_pgc0p05,sth_only,0.02,0.2,20.0,0.0,3696,5760
C:/Users/efasllija/dev/gossip-poc/out_nb_incremental_clean0104/scenario_honest_awareness/honest_sth_only_n12000_pg0p02_a0p2_ff0_s58001_drop0_pc0p05_pgc0p05,sth_only,0.02,0.2,25.0,0.0,4499,6016
C:/Users/efasllija/dev/gossip-poc/out_nb_incremental_clean0104/scenario_honest_awareness/honest_sth_only_n12000_pg0p02_a0p2_ff0_s58001_drop0_pc0p05_pgc0p05,sth_only,0.02,0.2,30.0,0.0,5155,6144
C:/Users/efasllija/dev/gossip-poc/out_nb_incremental_clean0104/scenario_honest_awareness/honest_sth_only_n12000_pg0p02_a0p2_ff0_s58001_drop0_pc0p05_pgc0p05,sth_only,0.02,0.2,35.0,0.0,5871,6272
C:/Users/efasllija/dev/gossip-poc/out_nb_incremental_clean0104/scenario_honest_awareness/honest_sth_only_n12000_pg0p02_a0p2_ff0_s58001_drop0_pc0p05_pgc0p05,sth_only,0.02,0.2,40.0,0.0,6693,6400
C:/Users/efasllija/dev/gossip-poc/out_nb_incremental_clean0104/scenario_honest_awareness/honest_sth_only_n12000_pg0p02_a0p2_ff0_s58001_drop0_pc0p05_pgc0p05,sth_only,0.02,0.2,45.0,0.0,7270,6400
C:/Users/efasllija/dev/gossip-poc/out_nb_incremental_clean0104/scenario_honest_awareness/honest_sth_only_n12000_pg0p02_a0p2_ff0_s58001_drop0_pc0p05_pgc0p05,sth_only,0.02,0.2,50.0,0.0,7874,6528
C:/Users/efasllija/dev/gossip-poc/out_nb_incremental_clean0104/scenario_honest_awareness/honest_sth_only_n12000_pg0p02_a0p2_ff0_s58001_drop0_pc0p05_pgc0p05,sth_only,0.02,0.2,55.0,0.0,8573,6528
C:/Users/efasllija/dev/gossip-poc/out_nb_incremental_clean0104/scenario_honest_awareness/honest_sth_only_n12000_pg0p02_a0p2_ff0_s58001_drop0_pc0p05_pgc0p05,sth_only,0.02,0.2,60.0,0.0,9280,6784
C:/Users/efasllija/dev/gossip-poc/out_nb_incremental_clean0104/scenario_honest_awareness/honest_sth_only_n12000_pg0p02_a0p2_ff0_s58001_drop0_pc0p05_pgc0p05,sth_only,0.02,0.2,65.0,0.0,9816,6912
C:/Users/efasllija/dev/gossip-poc/out_nb_incremental_clean0104/scenario_honest_awareness/honest_sth_only_n12000_pg0p02_a0p2_ff0_s58001_drop0_pc0p05_pgc0p05,sth_only,0.02,0.2,70.0,0.0,10406,7040
C:/Users/efasllija/dev/gossip-poc/out_nb_incremental_clean0104/scenario_honest_awareness/honest_sth_only_n12000_pg0p02_a0p2_ff0_s58001_drop0_pc0p05_pgc0p05,sth_only,0.02,0.2,75.0,0.0,11062,7296
C:/Users/efasllija/dev/gossip-poc/out_nb_incremental_clean0104/scenario_honest_awareness/honest_sth_only_n12000_pg0p02_a0p2_ff0_s58001_drop0_pc0p05_pgc0p05,sth_only,0.02,0.2,80.0,0.0,11643,7296
C:/Users/efasllija/dev/gossip-poc/out_nb_incremental_clean0104/scenario_honest_awareness/honest_sth_only_n12000_pg0p02_a0p2_ff0_s58001_drop0_pc0p05_pgc0p05,sth_only,0.02,0.2,85.0,0.0,12260,7424
C:/Users/efasllija/dev/gossip-poc/out_nb_incremental_clean0104/scenario_honest_awareness/honest_sth_only_n12000_pg0p02_a0p2_ff0_s58001_drop0_pc0p05_pgc0p05,sth_only,0.02,0.2,90.0,0.0,12965,7424
C:/Users/efasllija/dev/gossip-poc/out_nb_incremental_clean0104/scenario_honest_awareness/honest_sth_only_n12000_pg0p02_a0p2_ff0_s58001_drop0_pc0p05_pgc0p05,sth_only,0.02,0.2,95.0,0.0,13671,7552
C:/Users/efasllija/dev/gossip-poc/out_nb_incremental_clean0104/scenario_honest_awareness/honest_sth_only_n12000_pg0p02_a0p2_ff0_s58001_drop0_pc0p05_pgc0p05,sth_only,0.02,0.2,100.0,0.0,14421,7680
C:/Users/efasllija/dev/gossip-poc/out_nb_incremental_clean0104/scenario_honest_awareness/honest_sth_only_n12000_pg0p02_a0p2_ff0_s58001_drop0_pc0p05_pgc0p05,sth_only,0.02,0.2,105.0,0.0,15098,9472
C:/Users/efasllija/dev/gossip-poc/out_nb_incremental_clean0104/scenario_honest_awareness/honest_sth_only_n12000_pg0p02_a0p2_ff0_s58001_drop0_pc0p05_pgc0p05,sth_only,0.02,0.2,110.0,0.0,15603,9600
C:/Users/efasllija/dev/gossip-poc/out_nb_incremental_clean0104/scenario_honest_awareness/honest_sth_only_n12000_pg0p02_a0p2_ff0_s58001_drop0_pc0p05_pgc0p05,sth_only,0.02,0.2,115.0,0.0,16267,9728
C:/Users/efasllija/dev/gossip-poc/out_nb_incremental_clean0104/scenario_honest_awareness/honest_sth_only_n12000_pg0p02_a0p2_ff0_s58002_drop0_pc0p05_pgc0p05,sth_only,0.02,0.2,0.0,0.0,761,896
C:/Users/efasllija/dev/gossip-poc/out_nb_incremental_clean0104/scenario_honest_awareness/honest_sth_only_n12000_pg0p02_a0p2_ff0_s58002_drop0_pc0p05_pgc0p05,sth_only,0.02,0.2,5.0,0.0,1366,1024
C:/Users/efasllija/dev/gossip-poc/out_nb_incremental_clean0104/scenario_honest_awareness/honest_sth_only_n12000_pg0p02_a0p2_ff0_s58002_drop0_pc0p05_pgc0p05,sth_only,0.02,0.2,10.0,0.0,1976,1280
C:/Users/efasllija/dev/gossip-poc/out_nb_incremental_clean0104/scenario_honest_awareness/honest_sth_only_n12000_pg0p02_a0p2_ff0_s58002_drop0_pc0p05_pgc0p05,sth_only,0.02,0.2,15.0,0.0,2532,1280
C:/Users/efasllija/dev/gossip-poc/out_nb_incremental_clean0104/scenario_honest_awareness/honest_sth_only_n12000_pg0p02_a0p2_ff0_s58002_drop0_pc0p05_pgc0p05,sth_only,0.02,0.2,20.0,0.0,3161,1408
C:/Users/efasllija/dev/gossip-poc/out_nb_incremental_clean0104/scenario_honest_awareness/honest_sth_only_n12000_pg0p02_a0p2_ff0_s58002_drop0_pc0p05_pgc0p05,sth_only,0.02,0.2,25.0,0.0,3817,2432
C:/Users/efasllija/dev/gossip-poc/out_nb_incremental_clean0104/scenario_honest_awareness/honest_sth_only_n12000_pg0p02_a0p2_ff0_s58002_drop0_pc0p05_pgc0p05,sth_only,0.02,0.2,30.0,0.0,4429,2560
C:/Users/efasllija/dev/gossip-poc/out_nb_incremental_clean0104/scenario_honest_awareness/honest_sth_only_n12000_pg0p02_a0p2_ff0_s58002_drop0_pc0p05_pgc0p05,sth_only,0.02,0.2,35.0,0.0,5038,2560
C:/Users/efasllija/dev/gossip-poc/out_nb_incremental_clean0104/scenario_honest_awareness/honest_sth_only_n12000_pg0p02_a0p2_ff0_s58002_drop0_pc0p05_pgc0p05,sth_only,0.02,0.2,40.0,0.0,5785,2688
C:/Users/efasllija/dev/gossip-poc/out_nb_incremental_clean0104/scenario_honest_awareness/honest_sth_only_n12000_pg0p02_a0p2_ff0_s58002_drop0_pc0p05_pgc0p05,sth_only,0.02,0.2,45.0,0.0,6483,2816
C:/Users/efasllija/dev/gossip-poc/out_nb_incremental_clean0104/scenario_honest_awareness/honest_sth_only_n12000_pg0p02_a0p2_ff0_s58002_drop0_pc0p05_pgc0p05,sth_only,0.02,0.2,50.0,0.0,7103,2944
C:/Users/efasllija/dev/gossip-poc/out_nb_incremental_clean0104/scenario_honest_awareness/honest_sth_only_n12000_pg0p02_a0p2_ff0_s58002_drop0_pc0p05_pgc0p05,sth_only,0.02,0.2,55.0,0.0,7684,3200
C:/Users/efasllija/dev/gossip-poc/out_nb_incremental_clean0104/scenario_honest_awareness/honest_sth_only_n12000_pg0p02_a0p2_ff0_s58002_drop0_pc0p05_pgc0p05,sth_only,0.02,0.2,60.0,0.0,8274,3456
C:/Users/efasllija/dev/gossip-poc/out_nb_incremental_clean0104/scenario_honest_awareness/honest_sth_only_n12000_pg0p02_a0p2_ff0_s58002_drop0_pc0p05_pgc0p05,sth_only,0.02,0.2,65.0,0.0,8878,3584
C:/Users/efasllija/dev/gossip-poc/out_nb_incremental_clean0104/scenario_honest_awareness/honest_sth_only_n12000_pg0p02_a0p2_ff0_s58002_drop0_pc0p05_pgc0p05,sth_only,0.02,0.2,70.0,0.0,9554,3968
C:/Users/efasllija/dev/gossip-poc/out_nb_incremental_clean0104/scenario_honest_awareness/honest_sth_only_n12000_pg0p02_a0p2_ff0_s58002_drop0_pc0p05_pgc0p05,sth_only,0.02,0.2,75.0,0.0,10105,3968
C:/Users/efasllija/dev/gossip-poc/out_nb_incremental_clean0104/scenario_honest_awareness/honest_sth_only_n12000_pg0p02_a0p2_ff0_s58002_drop0_pc0p05_pgc0p05,sth_only,0.02,0.2,80.0,0.0,10704,4224
C:/Users/efasllija/dev/gossip-poc/out_nb_incremental_clean0104/scenario_honest_awareness/honest_sth_only_n12000_pg0p02_a0p2_ff0_s58002_drop0_pc0p05_pgc0p05,sth_only,0.02,0.2,85.0,0.0,11344,4224
C:/Users/efasllija/dev/gossip-poc/out_nb_incremental_clean0104/scenario_honest_awareness/honest_sth_only_n12000_pg0p02_a0p2_ff0_s58002_drop0_pc0p05_pgc0p05,sth_only,0.02,0.2,90.0,0.0,11935,4352
C:/Users/efasllija/dev/gossip-poc/out_nb_incremental_clean0104/scenario_honest_awareness/honest_sth_only_n12000_pg0p02_a0p2_ff0_s58002_drop0_pc0p05_pgc0p05,sth_only,0.02,0.2,95.0,0.0,12523,5504
C:/Users/efasllija/dev/gossip-poc/out_nb_incremental_clean0104/scenario_honest_awareness/honest_sth_only_n12000_pg0p02_a0p2_ff0_s58002_drop0_pc0p05_pgc0p05,sth_only,0.02,0.2,100.0,0.0,13167,5504
C:/Users/efasllija/dev/gossip-poc/out_nb_incremental_clean0104/scenario_honest_awareness/honest_sth_only_n12000_pg0p02_a0p2_ff0_s58002_drop0_pc0p05_pgc0p05,sth_only,0.02,0.2,105.0,0.0,13920,7040
C:/Users/efasllija/dev/gossip-poc/out_nb_incremental_clean0104/scenario_honest_awareness/honest_sth_only_n12000_pg0p02_a0p2_ff0_s58002_drop0_pc0p05_pgc0p05,sth_only,0.02,0.2,110.0,0.0,14571,7040
C:/Users/efasllija/dev/gossip-poc/out_nb_incremental_clean0104/scenario_honest_awareness/honest_sth_only_n12000_pg0p02_a0p2_ff0_s58002_drop0_pc0p05_pgc0p05,sth_only,0.02,0.2,115.0,0.0,15276,7296
C:/Users/efasllija/dev/gossip-poc/out_nb_incremental_clean0104/scenario_honest_awareness/honest_sth_only_n12000_pg0p02_a0p2_ff0_s58003_drop0_pc0p05_pgc0p05,sth_only,0.02,0.2,0.0,0.0,730,128
C:/Users/efasllija/dev/gossip-poc/out_nb_incremental_clean0104/scenario_honest_awareness/honest_sth_only_n12000_pg0p02_a0p2_ff0_s58003_drop0_pc0p05_pgc0p05,sth_only,0.02,0.2,5.0,0.0,1303,256
C:/Users/efasllija/dev/gossip-poc/out_nb_incremental_clean0104/scenario_honest_awareness/honest_sth_only_n12000_pg0p02_a0p2_ff0_s58003_drop0_pc0p05_pgc0p05,sth_only,0.02,0.2,10.0,0.0,1893,384
C:/Users/efasllija/dev/gossip-poc/out_nb_incremental_clean0104/scenario_honest_awareness/honest_sth_only_n12000_pg0p02_a0p2_ff0_s58003_drop0_pc0p05_pgc0p05,sth_only,0.02,0.2,15.0,0.0,2514,512
C:/Users/efasllija/dev/gossip-poc/out_nb_incremental_clean0104/scenario_honest_awareness/honest_sth_only_n12000_pg0p02_a0p2_ff0_s58003_drop0_pc0p05_pgc0p05,sth_only,0.02,0.2,20.0,0.0,3215,512
C:/Users/efasllija/dev/gossip-poc/out_nb_incremental_clean0104/scenario_honest_awareness/honest_sth_only_n12000_pg0p02_a0p2_ff0_s58003_drop0_pc0p05_pgc0p05,sth_only,0.02,0.2,25.0,0.0,3778,768
C:/Users/efasllija/dev/gossip-poc/out_nb_incremental_clean0104/scenario_honest_awareness/honest_sth_only_n12000_pg0p02_a0p2_ff0_s58003_drop0_pc0p05_pgc0p05,sth_only,0.02,0.2,30.0,0.0,4461,768
C:/Users/efasllija/dev/gossip-poc/out_nb_incremental_clean0104/scenario_honest_awareness/honest_sth_only_n12000_pg0p02_a0p2_ff0_s58003_drop0_pc0p05_pgc0p05,sth_only,0.02,0.2,35.0,0.0,5159,1152
C:/Users/efasllija/dev/gossip-poc/out_nb_incremental_clean0104/scenario_honest_awareness/honest_sth_only_n12000_pg0p02_a0p2_ff0_s58003_drop0_pc0p05_pgc0p05,sth_only,0.02,0.2,40.0,0.0,5839,2432
C:/Users/efasllija/dev/gossip-poc/out_nb_incremental_clean0104/scenario_honest_awareness/honest_sth_only_n12000_pg0p02_a0p2_ff0_s58003_drop0_pc0p05_pgc0p05,sth_only,0.02,0.2,45.0,0.0,6525,3456
C:/Users/efasllija/dev/gossip-poc/out_nb_incremental_clean0104/scenario_honest_awareness/honest_sth_only_n12000_pg0p02_a0p2_ff0_s58003_drop0_pc0p05_pgc0p05,sth_only,0.02,0.2,50.0,0.0,7287,3584
C:/Users/efasllija/dev/gossip-poc/out_nb_incremental_clean0104/scenario_honest_awareness/honest_sth_only_n12000_pg0p02_a0p2_ff0_s58003_drop0_pc0p05_pgc0p05,sth_only,0.02,0.2,55.0,0.0,7887,3712
C:/Users/efasllija/dev/gossip-poc/out_nb_incremental_clean0104/scenario_honest_awareness/honest_sth_only_n12000_pg0p02_a0p2_ff0_s58003_drop0_pc0p05_pgc0p05,sth_only,0.02,0.2,60.0,0.0,8694,5376
C:/Users/efasllija/dev/gossip-poc/out_nb_incremental_clean0104/scenario_honest_awareness/honest_sth_only_n12000_pg0p02_a0p2_ff0_s58003_drop0_pc0p05_pgc0p05,sth_only,0.02,0.2,65.0,0.0,9294,5376
C:/Users/efasllija/dev/gossip-poc/out_nb_incremental_clean0104/scenario_honest_awareness/honest_sth_only_n12000_pg0p02_a0p2_ff0_s58003_drop0_pc0p05_pgc0p05,sth_only,0.02,0.2,70.0,0.0,9958,5376
C:/Users/efasllija/dev/gossip-poc/out_nb_incremental_clean0104/scenario_honest_awareness/honest_sth_only_n12000_pg0p02_a0p2_ff0_s58003_drop0_pc0p05_pgc0p05,sth_only,0.02,0.2,75.0,0.0,10573,5888
C:/Users/efasllija/dev/gossip-poc/out_nb_incremental_clean0104/scenario_honest_awareness/honest_sth_only_n12000_pg0p02_a0p2_ff0_s58003_drop0_pc0p05_pgc0p05,sth_only,0.02,0.2,80.0,0.0,11175,5888
C:/Users/efasllija/dev/gossip-poc/out_nb_incremental_clean0104/scenario_honest_awareness/honest_sth_only_n12000_pg0p02_a0p2_ff0_s58003_drop0_pc0p05_pgc0p05,sth_only,0.02,0.2,85.0,0.0,11791,5888
C:/Users/efasllija/dev/gossip-poc/out_nb_incremental_clean0104/scenario_honest_awareness/honest_sth_only_n12000_pg0p02_a0p2_ff0_s58003_drop0_pc0p05_pgc0p05,sth_only,0.02,0.2,90.0,0.0,12506,5888
C:/Users/efasllija/dev/gossip-poc/out_nb_incremental_clean0104/scenario_honest_awareness/honest_sth_only_n12000_pg0p02_a0p2_ff0_s58003_drop0_pc0p05_pgc0p05,sth_only,0.02,0.2,95.0,0.0,13140,5888
C:/Users/efasllija/dev/gossip-poc/out_nb_incremental_clean0104/scenario_honest_awareness/honest_sth_only_n12000_pg0p02_a0p2_ff0_s58003_drop0_pc0p05_pgc0p05,sth_only,0.02,0.2,100.0,0.0,13790,6272
C:/Users/efasllija/dev/gossip-poc/out_nb_incremental_clean0104/scenario_honest_awareness/honest_sth_only_n12000_pg0p02_a0p2_ff0_s58003_drop0_pc0p05_pgc0p05,sth_only,0.02,0.2,105.0,0.0,14437,6272
C:/Users/efasllija/dev/gossip-poc/out_nb_incremental_clean0104/scenario_honest_awareness/honest_sth_only_n12000_pg0p02_a0p2_ff0_s58003_drop0_pc0p05_pgc0p05,sth_only,0.02,0.2,110.0,0.0,15144,6400
C:/Users/efasllija/dev/gossip-poc/out_nb_incremental_clean0104/scenario_honest_awareness/honest_sth_only_n12000_pg0p02_a0p2_ff0_s58003_drop0_pc0p05_pgc0p05,sth_only,0.02,0.2,115.0,0.0,15887,8576
C:/Users/efasllija/dev/gossip-poc/out_nb_incremental_clean0104/scenario_honest_awareness/honest_sth_only_n12000_pg0p02_a0p2_ff0_s58004_drop0_pc0p05_pgc0p05,sth_only,0.02,0.2,0.0,0.0,695,128
C:/Users/efasllija/dev/gossip-poc/out_nb_incremental_clean0104/scenario_honest_awareness/honest_sth_only_n12000_pg0p02_a0p2_ff0_s58004_drop0_pc0p05_pgc0p05,sth_only,0.02,0.2,5.0,0.0,1494,256
C:/Users/efasllija/dev/gossip-poc/out_nb_incremental_clean0104/scenario_honest_awareness/honest_sth_only_n12000_pg0p02_a0p2_ff0_s58004_drop0_pc0p05_pgc0p05,sth_only,0.02,0.2,10.0,0.0,2229,384
C:/Users/efasllija/dev/gossip-poc/out_nb_incremental_clean0104/scenario_honest_awareness/honest_sth_only_n12000_pg0p02_a0p2_ff0_s58004_drop0_pc0p05_pgc0p05,sth_only,0.02,0.2,15.0,0.0,3067,896
C:/Users/efasllija/dev/gossip-poc/out_nb_incremental_clean0104/scenario_honest_awareness/honest_sth_only_n12000_pg0p02_a0p2_ff0_s58004_drop0_pc0p05_pgc0p05,sth_only,0.02,0.2,20.0,0.0,3689,2048
C:/Users/efasllija/dev/gossip-poc/out_nb_incremental_clean0104/scenario_honest_awareness/honest_sth_only_n12000_pg0p02_a0p2_ff0_s58004_drop0_pc0p05_pgc0p05,sth_only,0.02,0.2,25.0,0.0,4342,2176
C:/Users/efasllija/dev/gossip-poc/out_nb_incremental_clean0104/scenario_honest_awareness/honest_sth_only_n12000_pg0p02_a0p2_ff0_s58004_drop0_pc0p05_pgc0p05,sth_only,0.02,0.2,30.0,0.0,5000,2304
C:/Users/efasllija/dev/gossip-poc/out_nb_incremental_clean0104/scenario_honest_awareness/honest_sth_only_n12000_pg0p02_a0p2_ff0_s58004_drop0_pc0p05_pgc0p05,sth_only,0.02,0.2,35.0,0.0,5732,2432
C:/Users/efasllija/dev/gossip-poc/out_nb_incremental_clean0104/scenario_honest_awareness/honest_sth_only_n12000_pg0p02_a0p2_ff0_s58004_drop0_pc0p05_pgc0p05,sth_only,0.02,0.2,40.0,0.0,6418,2560
C:/Users/efasllija/dev/gossip-poc/out_nb_incremental_clean0104/scenario_honest_awareness/honest_sth_only_n12000_pg0p02_a0p2_ff0_s58004_drop0_pc0p05_pgc0p05,sth_only,0.02,0.2,45.0,0.0,7103,4352
C:/Users/efasllija/dev/gossip-poc/out_nb_incremental_clean0104/scenario_honest_awareness/honest_sth_only_n12000_pg0p02_a0p2_ff0_s58004_drop0_pc0p05_pgc0p05,sth_only,0.02,0.2,50.0,0.0,7656,4352
C:/Users/efasllija/dev/gossip-poc/out_nb_incremental_clean0104/scenario_honest_awareness/honest_sth_only_n12000_pg0p02_a0p2_ff0_s58004_drop0_pc0p05_pgc0p05,sth_only,0.02,0.2,55.0,0.0,8327,4352
C:/Users/efasllija/dev/gossip-poc/out_nb_incremental_clean0104/scenario_honest_awareness/honest_sth_only_n12000_pg0p02_a0p2_ff0_s58004_drop0_pc0p05_pgc0p05,sth_only,0.02,0.2,60.0,0.0,8918,4480
C:/Users/efasllija/dev/gossip-poc/out_nb_incremental_clean0104/scenario_honest_awareness/honest_sth_only_n12000_pg0p02_a0p2_ff0_s58004_drop0_pc0p05_pgc0p05,sth_only,0.02,0.2,65.0,0.0,9569,4480
C:/Users/efasllija/dev/gossip-poc/out_nb_incremental_clean0104/scenario_honest_awareness/honest_sth_only_n12000_pg0p02_a0p2_ff0_s58004_drop0_pc0p05_pgc0p05,sth_only,0.02,0.2,70.0,0.0,10270,4480
C:/Users/efasllija/dev/gossip-poc/out_nb_incremental_clean0104/scenario_honest_awareness/honest_sth_only_n12000_pg0p02_a0p2_ff0_s58004_drop0_pc0p05_pgc0p05,sth_only,0.02,0.2,75.0,0.0,10950,4608
C:/Users/efasllija/dev/gossip-poc/out_nb_incremental_clean0104/scenario_honest_awareness/honest_sth_only_n12000_pg0p02_a0p2_ff0_s58004_drop0_pc0p05_pgc0p05,sth_only,0.02,0.2,80.0,0.0,11660,4608
C:/Users/efasllija/dev/gossip-poc/out_nb_incremental_clean0104/scenario_honest_awareness/honest_sth_only_n12000_pg0p02_a0p2_ff0_s58004_drop0_pc0p05_pgc0p05,sth_only,0.02,0.2,85.0,0.0,12440,4864
C:/Users/efasllija/dev/gossip-poc/out_nb_incremental_clean0104/scenario_honest_awareness/honest_sth_only_n12000_pg0p02_a0p2_ff0_s58004_drop0_pc0p05_pgc0p05,sth_only,0.02,0.2,90.0,0.0,13066,4864
C:/Users/efasllija/dev/gossip-poc/out_nb_incremental_clean0104/scenario_honest_awareness/honest_sth_only_n12000_pg0p02_a0p2_ff0_s58004_drop0_pc0p05_pgc0p05,sth_only,0.02,0.2,95.0,0.0,13845,6912
C:/Users/efasllija/dev/gossip-poc/out_nb_incremental_clean0104/scenario_honest_awareness/honest_sth_only_n12000_pg0p02_a0p2_ff0_s58004_drop0_pc0p05_pgc0p05,sth_only,0.02,0.2,100.0,0.0,14593,6912
C:/Users/efasllija/dev/gossip-poc/out_nb_incremental_clean0104/scenario_honest_awareness/honest_sth_only_n12000_pg0p02_a0p2_ff0_s58004_drop0_pc0p05_pgc0p05,sth_only,0.02,0.2,105.0,0.0,15220,7040
C:/Users/efasllija/dev/gossip-poc/out_nb_incremental_clean0104/scenario_honest_awareness/honest_sth_only_n12000_pg0p02_a0p2_ff0_s58004_drop0_pc0p05_pgc0p05,sth_only,0.02,0.2,110.0,0.0,15942,8448
C:/Users/efasllija/dev/gossip-poc/out_nb_incremental_clean0104/scenario_honest_awareness/honest_sth_only_n12000_pg0p02_a0p2_ff0_s58004_drop0_pc0p05_pgc0p05,sth_only,0.02,0.2,115.0,0.0,16658,8576
C:/Users/efasllija/dev/gossip-poc/out_nb_incremental_clean0104/scenario_honest_awareness/honest_sth_only_n12000_pg0p02_a0p2_ff0_s58005_drop0_pc0p05_pgc0p05,sth_only,0.02,0.2,0.0,0.0,806,128
C:/Users/efasllija/dev/gossip-poc/out_nb_incremental_clean0104/scenario_honest_awareness/honest_sth_only_n12000_pg0p02_a0p2_ff0_s58005_drop0_pc0p05_pgc0p05,sth_only,0.02,0.2,5.0,0.0,1466,256
C:/Users/efasllija/dev/gossip-poc/out_nb_incremental_clean0104/scenario_honest_awareness/honest_sth_only_n12000_pg0p02_a0p2_ff0_s58005_drop0_pc0p05_pgc0p05,sth_only,0.02,0.2,10.0,0.0,1998,2560
C:/Users/efasllija/dev/gossip-poc/out_nb_incremental_clean0104/scenario_honest_awareness/honest_sth_only_n12000_pg0p02_a0p2_ff0_s58005_drop0_pc0p05_pgc0p05,sth_only,0.02,0.2,15.0,0.0,2606,2688
C:/Users/efasllija/dev/gossip-poc/out_nb_incremental_clean0104/scenario_honest_awareness/honest_sth_only_n12000_pg0p02_a0p2_ff0_s58005_drop0_pc0p05_pgc0p05,sth_only,0.02,0.2,20.0,0.0,3154,2944
C:/Users/efasllija/dev/gossip-poc/out_nb_incremental_clean0104/scenario_honest_awareness/honest_sth_only_n12000_pg0p02_a0p2_ff0_s58005_drop0_pc0p05_pgc0p05,sth_only,0.02,0.2,25.0,0.0,3842,3072
C:/Users/efasllija/dev/gossip-poc/out_nb_incremental_clean0104/scenario_honest_awareness/honest_sth_only_n12000_pg0p02_a0p2_ff0_s58005_drop0_pc0p05_pgc0p05,sth_only,0.02,0.2,30.0,0.0,4538,3200
C:/Users/efasllija/dev/gossip-poc/out_nb_incremental_clean0104/scenario_honest_awareness/honest_sth_only_n12000_pg0p02_a0p2_ff0_s58005_drop0_pc0p05_pgc0p05,sth_only,0.02,0.2,35.0,0.0,5169,3456
C:/Users/efasllija/dev/gossip-poc/out_nb_incremental_clean0104/scenario_honest_awareness/honest_sth_only_n12000_pg0p02_a0p2_ff0_s58005_drop0_pc0p05_pgc0p05,sth_only,0.02,0.2,40.0,0.0,5887,3456
C:/Users/efasllija/dev/gossip-poc/out_nb_incremental_clean0104/scenario_honest_awareness/honest_sth_only_n12000_pg0p02_a0p2_ff0_s58005_drop0_pc0p05_pgc0p05,sth_only,0.02,0.2,45.0,0.0,6421,3584
C:/Users/efasllija/dev/gossip-poc/out_nb_incremental_clean0104/scenario_honest_awareness/honest_sth_only_n12000_pg0p02_a0p2_ff0_s58005_drop0_pc0p05_pgc0p05,sth_only,0.02,0.2,50.0,0.0,6945,3584
C:/Users/efasllija/dev/gossip-poc/out_nb_incremental_clean0104/scenario_honest_awareness/honest_sth_only_n12000_pg0p02_a0p2_ff0_s58005_drop0_pc0p05_pgc0p05,sth_only,0.02,0.2,55.0,0.0,7583,5248
C:/Users/efasllija/dev/gossip-poc/out_nb_incremental_clean0104/scenario_honest_awareness/honest_sth_only_n12000_pg0p02_a0p2_ff0_s58005_drop0_pc0p05_pgc0p05,sth_only,0.02,0.2,60.0,0.0,8289,5376
C:/Users/efasllija/dev/gossip-poc/out_nb_incremental_clean0104/scenario_honest_awareness/honest_sth_only_n12000_pg0p02_a0p2_ff0_s58005_drop0_pc0p05_pgc0p05,sth_only,0.02,0.2,65.0,0.0,8899,5504
C:/Users/efasllija/dev/gossip-poc/out_nb_incremental_clean0104/scenario_honest_awareness/honest_sth_only_n12000_pg0p02_a0p2_ff0_s58005_drop0_pc0p05_pgc0p05,sth_only,0.02,0.2,70.0,0.0,9443,5504
C:/Users/efasllija/dev/gossip-poc/out_nb_incremental_clean0104/scenario_honest_awareness/honest_sth_only_n12000_pg0p02_a0p2_ff0_s58005_drop0_pc0p05_pgc0p05,sth_only,0.02,0.2,75.0,0.0,9912,5504
C:/Users/efasllija/dev/gossip-poc/out_nb_incremental_clean0104/scenario_honest_awareness/honest_sth_only_n12000_pg0p02_a0p2_ff0_s58005_drop0_pc0p05_pgc0p05,sth_only,0.02,0.2,80.0,0.0,10444,5760
C:/Users/efasllija/dev/gossip-poc/out_nb_incremental_clean0104/scenario_honest_awareness/honest_sth_only_n12000_pg0p02_a0p2_ff0_s58005_drop0_pc0p05_pgc0p05,sth_only,0.02,0.2,85.0,0.0,11065,5760
C:/Users/efasllija/dev/gossip-poc/out_nb_incremental_clean0104/scenario_honest_awareness/honest_sth_only_n12000_pg0p02_a0p2_ff0_s58005_drop0_pc0p05_pgc0p05,sth_only,0.02,0.2,90.0,0.0,11721,7424
C:/Users/efasllija/dev/gossip-poc/out_nb_incremental_clean0104/scenario_honest_awareness/honest_sth_only_n12000_pg0p02_a0p2_ff0_s58005_drop0_pc0p05_pgc0p05,sth_only,0.02,0.2,95.0,0.0,12201,7680
C:/Users/efasllija/dev/gossip-poc/out_nb_incremental_clean0104/scenario_honest_awareness/honest_sth_only_n12000_pg0p02_a0p2_ff0_s58005_drop0_pc0p05_pgc0p05,sth_only,0.02,0.2,100.0,0.0,12887,7808
C:/Users/efasllija/dev/gossip-poc/out_nb_incremental_clean0104/scenario_honest_awareness/honest_sth_only_n12000_pg0p02_a0p2_ff0_s58005_drop0_pc0p05_pgc0p05,sth_only,0.02,0.2,105.0,0.0,13514,8192
C:/Users/efasllija/dev/gossip-poc/out_nb_incremental_clean0104/scenario_honest_awareness/honest_sth_only_n12000_pg0p02_a0p2_ff0_s58005_drop0_pc0p05_pgc0p05,sth_only,0.02,0.2,110.0,0.0,14109,8320
C:/Users/efasllija/dev/gossip-poc/out_nb_incremental_clean0104/scenario_honest_awareness/honest_sth_only_n12000_pg0p02_a0p2_ff0_s58005_drop0_pc0p05_pgc0p05,sth_only,0.02,0.2,115.0,0.0,14689,8576
C:/Users/efasllija/dev/gossip-poc/out_nb_incremental_clean0104/scenario_honest_awareness/honest_sth_only_n12000_pg0p02_a0p2_ff0_s58006_drop0_pc0p05_pgc0p05,sth_only,0.02,0.2,0.0,0.0,693,128
C:/Users/efasllija/dev/gossip-poc/out_nb_incremental_clean0104/scenario_honest_awareness/honest_sth_only_n12000_pg0p02_a0p2_ff0_s58006_drop0_pc0p05_pgc0p05,sth_only,0.02,0.2,5.0,0.0,1511,256
C:/Users/efasllija/dev/gossip-poc/out_nb_incremental_clean0104/scenario_honest_awareness/honest_sth_only_n12000_pg0p02_a0p2_ff0_s58006_drop0_pc0p05_pgc0p05,sth_only,0.02,0.2,10.0,0.0,2219,256
C:/Users/efasllija/dev/gossip-poc/out_nb_incremental_clean0104/scenario_honest_awareness/honest_sth_only_n12000_pg0p02_a0p2_ff0_s58006_drop0_pc0p05_pgc0p05,sth_only,0.02,0.2,15.0,0.0,2792,256
C:/Users/efasllija/dev/gossip-poc/out_nb_incremental_clean0104/scenario_honest_awareness/honest_sth_only_n12000_pg0p02_a0p2_ff0_s58006_drop0_pc0p05_pgc0p05,sth_only,0.02,0.2,20.0,0.0,3434,640
C:/Users/efasllija/dev/gossip-poc/out_nb_incremental_clean0104/scenario_honest_awareness/honest_sth_only_n12000_pg0p02_a0p2_ff0_s58006_drop0_pc0p05_pgc0p05,sth_only,0.02,0.2,25.0,0.0,4022,768
C:/Users/efasllija/dev/gossip-poc/out_nb_incremental_clean0104/scenario_honest_awareness/honest_sth_only_n12000_pg0p02_a0p2_ff0_s58006_drop0_pc0p05_pgc0p05,sth_only,0.02,0.2,30.0,0.0,4666,768
C:/Users/efasllija/dev/gossip-poc/out_nb_incremental_clean0104/scenario_honest_awareness/honest_sth_only_n12000_pg0p02_a0p2_ff0_s58006_drop0_pc0p05_pgc0p05,sth_only,0.02,0.2,35.0,0.0,5295,1152
C:/Users/efasllija/dev/gossip-poc/out_nb_incremental_clean0104/scenario_honest_awareness/honest_sth_only_n12000_pg0p02_a0p2_ff0_s58006_drop0_pc0p05_pgc0p05,sth_only,0.02,0.2,40.0,0.0,5910,1280
C:/Users/efasllija/dev/gossip-poc/out_nb_incremental_clean0104/scenario_honest_awareness/honest_sth_only_n12000_pg0p02_a0p2_ff0_s58006_drop0_pc0p05_pgc0p05,sth_only,0.02,0.2,45.0,0.0,6531,1664
C:/Users/efasllija/dev/gossip-poc/out_nb_incremental_clean0104/scenario_honest_awareness/honest_sth_only_n12000_pg0p02_a0p2_ff0_s58006_drop0_pc0p05_pgc0p05,sth_only,0.02,0.2,50.0,0.0,7164,1792
C:/Users/efasllija/dev/gossip-poc/out_nb_incremental_clean0104/scenario_honest_awareness/honest_sth_only_n12000_pg0p02_a0p2_ff0_s58006_drop0_pc0p05_pgc0p05,sth_only,0.02,0.2,55.0,0.0,7957,1920
C:/Users/efasllija/dev/gossip-poc/out_nb_incremental_clean0104/scenario_honest_awareness/honest_sth_only_n12000_pg0p02_a0p2_ff0_s58006_drop0_pc0p05_pgc0p05,sth_only,0.02,0.2,60.0,0.0,8557,2304
C:/Users/efasllija/dev/gossip-poc/out_nb_incremental_clean0104/scenario_honest_awareness/honest_sth_only_n12000_pg0p02_a0p2_ff0_s58006_drop0_pc0p05_pgc0p05,sth_only,0.02,0.2,65.0,0.0,9198,3968
C:/Users/efasllija/dev/gossip-poc/out_nb_incremental_clean0104/scenario_honest_awareness/honest_sth_only_n12000_pg0p02_a0p2_ff0_s58006_drop0_pc0p05_pgc0p05,sth_only,0.02,0.2,70.0,0.0,9719,4352
C:/Users/efasllija/dev/gossip-poc/out_nb_incremental_clean0104/scenario_honest_awareness/honest_sth_only_n12000_pg0p02_a0p2_ff0_s58006_drop0_pc0p05_pgc0p05,sth_only,0.02,0.2,75.0,0.0,10341,4352
C:/Users/efasllija/dev/gossip-poc/out_nb_incremental_clean0104/scenario_honest_awareness/honest_sth_only_n12000_pg0p02_a0p2_ff0_s58006_drop0_pc0p05_pgc0p05,sth_only,0.02,0.2,80.0,0.0,10982,4480
C:/Users/efasllija/dev/gossip-poc/out_nb_incremental_clean0104/scenario_honest_awareness/honest_sth_only_n12000_pg0p02_a0p2_ff0_s58006_drop0_pc0p05_pgc0p05,sth_only,0.02,0.2,85.0,0.0,11736,4480
C:/Users/efasllija/dev/gossip-poc/out_nb_incremental_clean0104/scenario_honest_awareness/honest_sth_only_n12000_pg0p02_a0p2_ff0_s58006_drop0_pc0p05_pgc0p05,sth_only,0.02,0.2,90.0,0.0,12385,4864
C:/Users/efasllija/dev/gossip-poc/out_nb_incremental_clean0104/scenario_honest_awareness/honest_sth_only_n12000_pg0p02_a0p2_ff0_s58006_drop0_pc0p05_pgc0p05,sth_only,0.02,0.2,95.0,0.0,13051,4864
C:/Users/efasllija/dev/gossip-poc/out_nb_incremental_clean0104/scenario_honest_awareness/honest_sth_only_n12000_pg0p02_a0p2_ff0_s58006_drop0_pc0p05_pgc0p05,sth_only,0.02,0.2,100.0,0.0,13832,6528
C:/Users/efasllija/dev/gossip-poc/out_nb_incremental_clean0104/scenario_honest_awareness/honest_sth_only_n12000_pg0p02_a0p2_ff0_s58006_drop0_pc0p05_pgc0p05,sth_only,0.02,0.2,105.0,0.0,14501,6912
C:/Users/efasllija/dev/gossip-poc/out_nb_incremental_clean0104/scenario_honest_awareness/honest_sth_only_n12000_pg0p02_a0p2_ff0_s58006_drop0_pc0p05_pgc0p05,sth_only,0.02,0.2,110.0,0.0,15204,8320
C:/Users/efasllija/dev/gossip-poc/out_nb_incremental_clean0104/scenario_honest_awareness/honest_sth_only_n12000_pg0p02_a0p2_ff0_s58006_drop0_pc0p05_pgc0p05,sth_only,0.02,0.2,115.0,0.0,15937,8320
C:/Users/efasllija/dev/gossip-poc/out_nb_incremental_clean0104/scenario_honest_awareness/honest_sth_only_n12000_pg0p02_a0p2_ff0_s58007_drop0_pc0p05_pgc0p05,sth_only,0.02,0.2,0.0,0.0,621,128
C:/Users/efasllija/dev/gossip-poc/out_nb_incremental_clean0104/scenario_honest_awareness/honest_sth_only_n12000_pg0p02_a0p2_ff0_s58007_drop0_pc0p05_pgc0p05,sth_only,0.02,0.2,5.0,0.0,1229,256
C:/Users/efasllija/dev/gossip-poc/out_nb_incremental_clean0104/scenario_honest_awareness/honest_sth_only_n12000_pg0p02_a0p2_ff0_s58007_drop0_pc0p05_pgc0p05,sth_only,0.02,0.2,10.0,0.0,1900,384
C:/Users/efasllija/dev/gossip-poc/out_nb_incremental_clean0104/scenario_honest_awareness/honest_sth_only_n12000_pg0p02_a0p2_ff0_s58007_drop0_pc0p05_pgc0p05,sth_only,0.02,0.2,15.0,0.0,2504,384
C:/Users/efasllija/dev/gossip-poc/out_nb_incremental_clean0104/scenario_honest_awareness/honest_sth_only_n12000_pg0p02_a0p2_ff0_s58007_drop0_pc0p05_pgc0p05,sth_only,0.02,0.2,20.0,0.0,3185,512
C:/Users/efasllija/dev/gossip-poc/out_nb_incremental_clean0104/scenario_honest_awareness/honest_sth_only_n12000_pg0p02_a0p2_ff0_s58007_drop0_pc0p05_pgc0p05,sth_only,0.02,0.2,25.0,0.0,3897,640
C:/Users/efasllija/dev/gossip-poc/out_nb_incremental_clean0104/scenario_honest_awareness/honest_sth_only_n12000_pg0p02_a0p2_ff0_s58007_drop0_pc0p05_pgc0p05,sth_only,0.02,0.2,30.0,0.0,4415,896
C:/Users/efasllija/dev/gossip-poc/out_nb_incremental_clean0104/scenario_honest_awareness/honest_sth_only_n12000_pg0p02_a0p2_ff0_s58007_drop0_pc0p05_pgc0p05,sth_only,0.02,0.2,35.0,0.0,5079,1024
C:/Users/efasllija/dev/gossip-poc/out_nb_incremental_clean0104/scenario_honest_awareness/honest_sth_only_n12000_pg0p02_a0p2_ff0_s58007_drop0_pc0p05_pgc0p05,sth_only,0.02,0.2,40.0,0.0,5720,1024
C:/Users/efasllija/dev/gossip-poc/out_nb_incremental_clean0104/scenario_honest_awareness/honest_sth_only_n12000_pg0p02_a0p2_ff0_s58007_drop0_pc0p05_pgc0p05,sth_only,0.02,0.2,45.0,0.0,6400,1152
C:/Users/efasllija/dev/gossip-poc/out_nb_incremental_clean0104/scenario_honest_awareness/honest_sth_only_n12000_pg0p02_a0p2_ff0_s58007_drop0_pc0p05_pgc0p05,sth_only,0.02,0.2,50.0,0.0,6988,1152
C:/Users/efasllija/dev/gossip-poc/out_nb_incremental_clean0104/scenario_honest_awareness/honest_sth_only_n12000_pg0p02_a0p2_ff0_s58007_drop0_pc0p05_pgc0p05,sth_only,0.02,0.2,55.0,0.0,7590,1152
C:/Users/efasllija/dev/gossip-poc/out_nb_incremental_clean0104/scenario_honest_awareness/honest_sth_only_n12000_pg0p02_a0p2_ff0_s58007_drop0_pc0p05_pgc0p05,sth_only,0.02,0.2,60.0,0.0,8267,1152
C:/Users/efasllija/dev/gossip-poc/out_nb_incremental_clean0104/scenario_honest_awareness/honest_sth_only_n12000_pg0p02_a0p2_ff0_s58007_drop0_pc0p05_pgc0p05,sth_only,0.02,0.2,65.0,0.0,8979,1280
C:/Users/efasllija/dev/gossip-poc/out_nb_incremental_clean0104/scenario_honest_awareness/honest_sth_only_n12000_pg0p02_a0p2_ff0_s58007_drop0_pc0p05_pgc0p05,sth_only,0.02,0.2,70.0,0.0,9488,1280
C:/Users/efasllija/dev/gossip-poc/out_nb_incremental_clean0104/scenario_honest_awareness/honest_sth_only_n12000_pg0p02_a0p2_ff0_s58007_drop0_pc0p05_pgc0p05,sth_only,0.02,0.2,75.0,0.0,10063,1280
C:/Users/efasllija/dev/gossip-poc/out_nb_incremental_clean0104/scenario_honest_awareness/honest_sth_only_n12000_pg0p02_a0p2_ff0_s58007_drop0_pc0p05_pgc0p05,sth_only,0.02,0.2,80.0,0.0,10672,1280
C:/Users/efasllija/dev/gossip-poc/out_nb_incremental_clean0104/scenario_honest_awareness/honest_sth_only_n12000_pg0p02_a0p2_ff0_s58007_drop0_pc0p05_pgc0p05,sth_only,0.02,0.2,85.0,0.0,11272,1280
C:/Users/efasllija/dev/gossip-poc/out_nb_incremental_clean0104/scenario_honest_awareness/honest_sth_only_n12000_pg0p02_a0p2_ff0_s58007_drop0_pc0p05_pgc0p05,sth_only,0.02,0.2,90.0,0.0,11969,1280
C:/Users/efasllija/dev/gossip-poc/out_nb_incremental_clean0104/scenario_honest_awareness/honest_sth_only_n12000_pg0p02_a0p2_ff0_s58007_drop0_pc0p05_pgc0p05,sth_only,0.02,0.2,95.0,0.0,12734,1280
C:/Users/efasllija/dev/gossip-poc/out_nb_incremental_clean0104/scenario_honest_awareness/honest_sth_only_n12000_pg0p02_a0p2_ff0_s58007_drop0_pc0p05_pgc0p05,sth_only,0.02,0.2,100.0,0.0,13371,1280
C:/Users/efasllija/dev/gossip-poc/out_nb_incremental_clean0104/scenario_honest_awareness/honest_sth_only_n12000_pg0p02_a0p2_ff0_s58007_drop0_pc0p05_pgc0p05,sth_only,0.02,0.2,105.0,0.0,13966,1536
C:/Users/efasllija/dev/gossip-poc/out_nb_incremental_clean0104/scenario_honest_awareness/honest_sth_only_n12000_pg0p02_a0p2_ff0_s58007_drop0_pc0p05_pgc0p05,sth_only,0.02,0.2,110.0,0.0,14712,1536
C:/Users/efasllija/dev/gossip-poc/out_nb_incremental_clean0104/scenario_honest_awareness/honest_sth_only_n12000_pg0p02_a0p2_ff0_s58007_drop0_pc0p05_pgc0p05,sth_only,0.02,0.2,115.0,0.0,15498,1920
C:/Users/efasllija/dev/gossip-poc/out_nb_incremental_clean0104/scenario_honest_awareness/honest_sth_proof_n12000_pg0p005_a0p2_ff0_s58000_drop0_pc0p05_pgc0p05,sth_proof,0.005,0.2,0.0,0.0,809,896
C:/Users/efasllija/dev/gossip-poc/out_nb_incremental_clean0104/scenario_honest_awareness/honest_sth_proof_n12000_pg0p005_a0p2_ff0_s58000_drop0_pc0p05_pgc0p05,sth_proof,0.005,0.2,5.0,0.0,1519,896
C:/Users/efasllija/dev/gossip-poc/out_nb_incremental_clean0104/scenario_honest_awareness/honest_sth_proof_n12000_pg0p005_a0p2_ff0_s58000_drop0_pc0p05_pgc0p05,sth_proof,0.005,0.2,10.0,0.0,2114,1792
C:/Users/efasllija/dev/gossip-poc/out_nb_incremental_clean0104/scenario_honest_awareness/honest_sth_proof_n12000_pg0p005_a0p2_ff0_s58000_drop0_pc0p05_pgc0p05,sth_proof,0.005,0.2,15.0,0.0,2731,1792
C:/Users/efasllija/dev/gossip-poc/out_nb_incremental_clean0104/scenario_honest_awareness/honest_sth_proof_n12000_pg0p005_a0p2_ff0_s58000_drop0_pc0p05_pgc0p05,sth_proof,0.005,0.2,20.0,0.0,3318,1792
C:/Users/efasllija/dev/gossip-poc/out_nb_incremental_clean0104/scenario_honest_awareness/honest_sth_proof_n12000_pg0p005_a0p2_ff0_s58000_drop0_pc0p05_pgc0p05,sth_proof,0.005,0.2,25.0,0.0,4015,1792
C:/Users/efasllija/dev/gossip-poc/out_nb_incremental_clean0104/scenario_honest_awareness/honest_sth_proof_n12000_pg0p005_a0p2_ff0_s58000_drop0_pc0p05_pgc0p05,sth_proof,0.005,0.2,30.0,0.0,4718,1792
C:/Users/efasllija/dev/gossip-poc/out_nb_incremental_clean0104/scenario_honest_awareness/honest_sth_proof_n12000_pg0p005_a0p2_ff0_s58000_drop0_pc0p05_pgc0p05,sth_proof,0.005,0.2,35.0,0.0,5396,1792
C:/Users/efasllija/dev/gossip-poc/out_nb_incremental_clean0104/scenario_honest_awareness/honest_sth_proof_n12000_pg0p005_a0p2_ff0_s58000_drop0_pc0p05_pgc0p05,sth_proof,0.005,0.2,40.0,0.0,6084,1792
C:/Users/efasllija/dev/gossip-poc/out_nb_incremental_clean0104/scenario_honest_awareness/honest_sth_proof_n12000_pg0p005_a0p2_ff0_s58000_drop0_pc0p05_pgc0p05,sth_proof,0.005,0.2,45.0,0.0,6754,1792
C:/Users/efasllija/dev/gossip-poc/out_nb_incremental_clean0104/scenario_honest_awareness/honest_sth_proof_n12000_pg0p005_a0p2_ff0_s58000_drop0_pc0p05_pgc0p05,sth_proof,0.005,0.2,50.0,0.0,7435,2688
C:/Users/efasllija/dev/gossip-poc/out_nb_incremental_clean0104/scenario_honest_awareness/honest_sth_proof_n12000_pg0p005_a0p2_ff0_s58000_drop0_pc0p05_pgc0p05,sth_proof,0.005,0.2,55.0,0.0,8168,2688
C:/Users/efasllija/dev/gossip-poc/out_nb_incremental_clean0104/scenario_honest_awareness/honest_sth_proof_n12000_pg0p005_a0p2_ff0_s58000_drop0_pc0p05_pgc0p05,sth_proof,0.005,0.2,60.0,0.0,8782,2688
C:/Users/efasllija/dev/gossip-poc/out_nb_incremental_clean0104/scenario_honest_awareness/honest_sth_proof_n12000_pg0p005_a0p2_ff0_s58000_drop0_pc0p05_pgc0p05,sth_proof,0.005,0.2,65.0,0.0,9361,2688
C:/Users/efasllija/dev/gossip-poc/out_nb_incremental_clean0104/scenario_honest_awareness/honest_sth_proof_n12000_pg0p005_a0p2_ff0_s58000_drop0_pc0p05_pgc0p05,sth_proof,0.005,0.2,70.0,0.0,10002,2688
C:/Users/efasllija/dev/gossip-poc/out_nb_incremental_clean0104/scenario_honest_awareness/honest_sth_proof_n12000_pg0p005_a0p2_ff0_s58000_drop0_pc0p05_pgc0p05,sth_proof,0.005,0.2,75.0,0.0,10613,16128
C:/Users/efasllija/dev/gossip-poc/out_nb_incremental_clean0104/scenario_honest_awareness/honest_sth_proof_n12000_pg0p005_a0p2_ff0_s58000_drop0_pc0p05_pgc0p05,sth_proof,0.005,0.2,80.0,0.0,11349,17024
C:/Users/efasllija/dev/gossip-poc/out_nb_incremental_clean0104/scenario_honest_awareness/honest_sth_proof_n12000_pg0p005_a0p2_ff0_s58000_drop0_pc0p05_pgc0p05,sth_proof,0.005,0.2,85.0,0.0,11929,17024
C:/Users/efasllija/dev/gossip-poc/out_nb_incremental_clean0104/scenario_honest_awareness/honest_sth_proof_n12000_pg0p005_a0p2_ff0_s58000_drop0_pc0p05_pgc0p05,sth_proof,0.005,0.2,90.0,0.0,12604,17024
C:/Users/efasllija/dev/gossip-poc/out_nb_incremental_clean0104/scenario_honest_awareness/honest_sth_proof_n12000_pg0p005_a0p2_ff0_s58000_drop0_pc0p05_pgc0p05,sth_proof,0.005,0.2,95.0,0.0,13336,17024
C:/Users/efasllija/dev/gossip-poc/out_nb_incremental_clean0104/scenario_honest_awareness/honest_sth_proof_n12000_pg0p005_a0p2_ff0_s58000_drop0_pc0p05_pgc0p05,sth_proof,0.005,0.2,100.0,0.0,13942,17024
C:/Users/efasllija/dev/gossip-poc/out_nb_incremental_clean0104/scenario_honest_awareness/honest_sth_proof_n12000_pg0p005_a0p2_ff0_s58000_drop0_pc0p05_pgc0p05,sth_proof,0.005,0.2,105.0,0.0,14615,17024
C:/Users/efasllija/dev/gossip-poc/out_nb_incremental_clean0104/scenario_honest_awareness/honest_sth_proof_n12000_pg0p005_a0p2_ff0_s58000_drop0_pc0p05_pgc0p05,sth_proof,0.005,0.2,110.0,0.0,15425,17920
C:/Users/efasllija/dev/gossip-poc/out_nb_incremental_clean0104/scenario_honest_awareness/honest_sth_proof_n12000_pg0p005_a0p2_ff0_s58000_drop0_pc0p05_pgc0p05,sth_proof,0.005,0.2,115.0,0.0,16226,17920
C:/Users/efasllija/dev/gossip-poc/out_nb_incremental_clean0104/scenario_honest_awareness/honest_sth_proof_n12000_pg0p005_a0p2_ff0_s58001_drop0_pc0p05_pgc0p05,sth_proof,0.005,0.2,0.0,0.0,810,0
C:/Users/efasllija/dev/gossip-poc/out_nb_incremental_clean0104/scenario_honest_awareness/honest_sth_proof_n12000_pg0p005_a0p2_ff0_s58001_drop0_pc0p05_pgc0p05,sth_proof,0.005,0.2,5.0,0.0,1446,7168
C:/Users/efasllija/dev/gossip-poc/out_nb_incremental_clean0104/scenario_honest_awareness/honest_sth_proof_n12000_pg0p005_a0p2_ff0_s58001_drop0_pc0p05_pgc0p05,sth_proof,0.005,0.2,10.0,0.0,2131,18816
C:/Users/efasllija/dev/gossip-poc/out_nb_incremental_clean0104/scenario_honest_awareness/honest_sth_proof_n12000_pg0p005_a0p2_ff0_s58001_drop0_pc0p05_pgc0p05,sth_proof,0.005,0.2,15.0,0.0,2947,18816
C:/Users/efasllija/dev/gossip-poc/out_nb_incremental_clean0104/scenario_honest_awareness/honest_sth_proof_n12000_pg0p005_a0p2_ff0_s58001_drop0_pc0p05_pgc0p05,sth_proof,0.005,0.2,20.0,0.0,3696,18816
C:/Users/efasllija/dev/gossip-poc/out_nb_incremental_clean0104/scenario_honest_awareness/honest_sth_proof_n12000_pg0p005_a0p2_ff0_s58001_drop0_pc0p05_pgc0p05,sth_proof,0.005,0.2,25.0,0.0,4499,18816
C:/Users/efasllija/dev/gossip-poc/out_nb_incremental_clean0104/scenario_honest_awareness/honest_sth_proof_n12000_pg0p005_a0p2_ff0_s58001_drop0_pc0p05_pgc0p05,sth_proof,0.005,0.2,30.0,0.0,5155,18816
C:/Users/efasllija/dev/gossip-poc/out_nb_incremental_clean0104/scenario_honest_awareness/honest_sth_proof_n12000_pg0p005_a0p2_ff0_s58001_drop0_pc0p05_pgc0p05,sth_proof,0.005,0.2,35.0,0.0,5871,19712
C:/Users/efasllija/dev/gossip-poc/out_nb_incremental_clean0104/scenario_honest_awareness/honest_sth_proof_n12000_pg0p005_a0p2_ff0_s58001_drop0_pc0p05_pgc0p05,sth_proof,0.005,0.2,40.0,0.0,6693,19712
C:/Users/efasllija/dev/gossip-poc/out_nb_incremental_clean0104/scenario_honest_awareness/honest_sth_proof_n12000_pg0p005_a0p2_ff0_s58001_drop0_pc0p05_pgc0p05,sth_proof,0.005,0.2,45.0,0.0,7270,19712
C:/Users/efasllija/dev/gossip-poc/out_nb_incremental_clean0104/scenario_honest_awareness/honest_sth_proof_n12000_pg0p005_a0p2_ff0_s58001_drop0_pc0p05_pgc0p05,sth_proof,0.005,0.2,50.0,0.0,7874,19712
C:/Users/efasllija/dev/gossip-poc/out_nb_incremental_clean0104/scenario_honest_awareness/honest_sth_proof_n12000_pg0p005_a0p2_ff0_s58001_drop0_pc0p05_pgc0p05,sth_proof,0.005,0.2,55.0,0.0,8573,19712
C:/Users/efasllija/dev/gossip-poc/out_nb_incremental_clean0104/scenario_honest_awareness/honest_sth_proof_n12000_pg0p005_a0p2_ff0_s58001_drop0_pc0p05_pgc0p05,sth_proof,0.005,0.2,60.0,0.0,9280,19712
C:/Users/efasllija/dev/gossip-poc/out_nb_incremental_clean0104/scenario_honest_awareness/honest_sth_proof_n12000_pg0p005_a0p2_ff0_s58001_drop0_pc0p05_pgc0p05,sth_proof,0.005,0.2,65.0,0.0,9816,19712
C:/Users/efasllija/dev/gossip-poc/out_nb_incremental_clean0104/scenario_honest_awareness/honest_sth_proof_n12000_pg0p005_a0p2_ff0_s58001_drop0_pc0p05_pgc0p05,sth_proof,0.005,0.2,70.0,0.0,10406,19712
C:/Users/efasllija/dev/gossip-poc/out_nb_incremental_clean0104/scenario_honest_awareness/honest_sth_proof_n12000_pg0p005_a0p2_ff0_s58001_drop0_pc0p05_pgc0p05,sth_proof,0.005,0.2,75.0,0.0,11062,20608
C:/Users/efasllija/dev/gossip-poc/out_nb_incremental_clean0104/scenario_honest_awareness/honest_sth_proof_n12000_pg0p005_a0p2_ff0_s58001_drop0_pc0p05_pgc0p05,sth_proof,0.005,0.2,80.0,0.0,11643,20608
C:/Users/efasllija/dev/gossip-poc/out_nb_incremental_clean0104/scenario_honest_awareness/honest_sth_proof_n12000_pg0p005_a0p2_ff0_s58001_drop0_pc0p05_pgc0p05,sth_proof,0.005,0.2,85.0,0.0,12260,20608
C:/Users/efasllija/dev/gossip-poc/out_nb_incremental_clean0104/scenario_honest_awareness/honest_sth_proof_n12000_pg0p005_a0p2_ff0_s58001_drop0_pc0p05_pgc0p05,sth_proof,0.005,0.2,90.0,0.0,12965,20608
C:/Users/efasllija/dev/gossip-poc/out_nb_incremental_clean0104/scenario_honest_awareness/honest_sth_proof_n12000_pg0p005_a0p2_ff0_s58001_drop0_pc0p05_pgc0p05,sth_proof,0.005,0.2,95.0,0.0,13671,21504
C:/Users/efasllija/dev/gossip-poc/out_nb_incremental_clean0104/scenario_honest_awareness/honest_sth_proof_n12000_pg0p005_a0p2_ff0_s58001_drop0_pc0p05_pgc0p05,sth_proof,0.005,0.2,100.0,0.0,14421,21504
C:/Users/efasllija/dev/gossip-poc/out_nb_incremental_clean0104/scenario_honest_awareness/honest_sth_proof_n12000_pg0p005_a0p2_ff0_s58001_drop0_pc0p05_pgc0p05,sth_proof,0.005,0.2,105.0,0.0,15098,34048
C:/Users/efasllija/dev/gossip-poc/out_nb_incremental_clean0104/scenario_honest_awareness/honest_sth_proof_n12000_pg0p005_a0p2_ff0_s58001_drop0_pc0p05_pgc0p05,sth_proof,0.005,0.2,110.0,0.0,15603,34944
C:/Users/efasllija/dev/gossip-poc/out_nb_incremental_clean0104/scenario_honest_awareness/honest_sth_proof_n12000_pg0p005_a0p2_ff0_s58001_drop0_pc0p05_pgc0p05,sth_proof,0.005,0.2,115.0,0.0,16267,34944
C:/Users/efasllija/dev/gossip-poc/out_nb_incremental_clean0104/scenario_honest_awareness/honest_sth_proof_n12000_pg0p005_a0p2_ff0_s58002_drop0_pc0p05_pgc0p05,sth_proof,0.005,0.2,0.0,0.0,761,5376
C:/Users/efasllija/dev/gossip-poc/out_nb_incremental_clean0104/scenario_honest_awareness/honest_sth_proof_n12000_pg0p005_a0p2_ff0_s58002_drop0_pc0p05_pgc0p05,sth_proof,0.005,0.2,5.0,0.0,1366,5376
C:/Users/efasllija/dev/gossip-poc/out_nb_incremental_clean0104/scenario_honest_awareness/honest_sth_proof_n12000_pg0p005_a0p2_ff0_s58002_drop0_pc0p05_pgc0p05,sth_proof,0.005,0.2,10.0,0.0,1976,7168
C:/Users/efasllija/dev/gossip-poc/out_nb_incremental_clean0104/scenario_honest_awareness/honest_sth_proof_n12000_pg0p005_a0p2_ff0_s58002_drop0_pc0p05_pgc0p05,sth_proof,0.005,0.2,15.0,0.0,2532,7168
C:/Users/efasllija/dev/gossip-poc/out_nb_incremental_clean0104/scenario_honest_awareness/honest_sth_proof_n12000_pg0p005_a0p2_ff0_s58002_drop0_pc0p05_pgc0p05,sth_proof,0.005,0.2,20.0,0.0,3161,7168
C:/Users/efasllija/dev/gossip-poc/out_nb_incremental_clean0104/scenario_honest_awareness/honest_sth_proof_n12000_pg0p005_a0p2_ff0_s58002_drop0_pc0p05_pgc0p05,sth_proof,0.005,0.2,25.0,0.0,3817,13440
C:/Users/efasllija/dev/gossip-poc/out_nb_incremental_clean0104/scenario_honest_awareness/honest_sth_proof_n12000_pg0p005_a0p2_ff0_s58002_drop0_pc0p05_pgc0p05,sth_proof,0.005,0.2,30.0,0.0,4429,14336
C:/Users/efasllija/dev/gossip-poc/out_nb_incremental_clean0104/scenario_honest_awareness/honest_sth_proof_n12000_pg0p005_a0p2_ff0_s58002_drop0_pc0p05_pgc0p05,sth_proof,0.005,0.2,35.0,0.0,5038,14336
C:/Users/efasllija/dev/gossip-poc/out_nb_incremental_clean0104/scenario_honest_awareness/honest_sth_proof_n12000_pg0p005_a0p2_ff0_s58002_drop0_pc0p05_pgc0p05,sth_proof,0.005,0.2,40.0,0.0,5785,14336
C:/Users/efasllija/dev/gossip-poc/out_nb_incremental_clean0104/scenario_honest_awareness/honest_sth_proof_n12000_pg0p005_a0p2_ff0_s58002_drop0_pc0p05_pgc0p05,sth_proof,0.005,0.2,45.0,0.0,6483,14336
C:/Users/efasllija/dev/gossip-poc/out_nb_incremental_clean0104/scenario_honest_awareness/honest_sth_proof_n12000_pg0p005_a0p2_ff0_s58002_drop0_pc0p05_pgc0p05,sth_proof,0.005,0.2,50.0,0.0,7103,14336
C:/Users/efasllija/dev/gossip-poc/out_nb_incremental_clean0104/scenario_honest_awareness/honest_sth_proof_n12000_pg0p005_a0p2_ff0_s58002_drop0_pc0p05_pgc0p05,sth_proof,0.005,0.2,55.0,0.0,7684,14336
C:/Users/efasllija/dev/gossip-poc/out_nb_incremental_clean0104/scenario_honest_awareness/honest_sth_proof_n12000_pg0p005_a0p2_ff0_s58002_drop0_pc0p05_pgc0p05,sth_proof,0.005,0.2,60.0,0.0,8274,14336
C:/Users/efasllija/dev/gossip-poc/out_nb_incremental_clean0104/scenario_honest_awareness/honest_sth_proof_n12000_pg0p005_a0p2_ff0_s58002_drop0_pc0p05_pgc0p05,sth_proof,0.005,0.2,65.0,0.0,8878,14336
C:/Users/efasllija/dev/gossip-poc/out_nb_incremental_clean0104/scenario_honest_awareness/honest_sth_proof_n12000_pg0p005_a0p2_ff0_s58002_drop0_pc0p05_pgc0p05,sth_proof,0.005,0.2,70.0,0.0,9554,16128
C:/Users/efasllija/dev/gossip-poc/out_nb_incremental_clean0104/scenario_honest_awareness/honest_sth_proof_n12000_pg0p005_a0p2_ff0_s58002_drop0_pc0p05_pgc0p05,sth_proof,0.005,0.2,75.0,0.0,10105,16128
C:/Users/efasllija/dev/gossip-poc/out_nb_incremental_clean0104/scenario_honest_awareness/honest_sth_proof_n12000_pg0p005_a0p2_ff0_s58002_drop0_pc0p05_pgc0p05,sth_proof,0.005,0.2,80.0,0.0,10704,17024
C:/Users/efasllija/dev/gossip-poc/out_nb_incremental_clean0104/scenario_honest_awareness/honest_sth_proof_n12000_pg0p005_a0p2_ff0_s58002_drop0_pc0p05_pgc0p05,sth_proof,0.005,0.2,85.0,0.0,11344,17024
C:/Users/efasllija/dev/gossip-poc/out_nb_incremental_clean0104/scenario_honest_awareness/honest_sth_proof_n12000_pg0p005_a0p2_ff0_s58002_drop0_pc0p05_pgc0p05,sth_proof,0.005,0.2,90.0,0.0,11935,17024
C:/Users/efasllija/dev/gossip-poc/out_nb_incremental_clean0104/scenario_honest_awareness/honest_sth_proof_n12000_pg0p005_a0p2_ff0_s58002_drop0_pc0p05_pgc0p05,sth_proof,0.005,0.2,95.0,0.0,12523,25088
C:/Users/efasllija/dev/gossip-poc/out_nb_incremental_clean0104/scenario_honest_awareness/honest_sth_proof_n12000_pg0p005_a0p2_ff0_s58002_drop0_pc0p05_pgc0p05,sth_proof,0.005,0.2,100.0,0.0,13167,25088
C:/Users/efasllija/dev/gossip-poc/out_nb_incremental_clean0104/scenario_honest_awareness/honest_sth_proof_n12000_pg0p005_a0p2_ff0_s58002_drop0_pc0p05_pgc0p05,sth_proof,0.005,0.2,105.0,0.0,13920,34048
C:/Users/efasllija/dev/gossip-poc/out_nb_incremental_clean0104/scenario_honest_awareness/honest_sth_proof_n12000_pg0p005_a0p2_ff0_s58002_drop0_pc0p05_pgc0p05,sth_proof,0.005,0.2,110.0,0.0,14571,34048
C:/Users/efasllija/dev/gossip-poc/out_nb_incremental_clean0104/scenario_honest_awareness/honest_sth_proof_n12000_pg0p005_a0p2_ff0_s58002_drop0_pc0p05_pgc0p05,sth_proof,0.005,0.2,115.0,0.0,15276,34944
C:/Users/efasllija/dev/gossip-poc/out_nb_incremental_clean0104/scenario_honest_awareness/honest_sth_proof_n12000_pg0p005_a0p2_ff0_s58003_drop0_pc0p05_pgc0p05,sth_proof,0.005,0.2,0.0,0.0,730,896
C:/Users/efasllija/dev/gossip-poc/out_nb_incremental_clean0104/scenario_honest_awareness/honest_sth_proof_n12000_pg0p005_a0p2_ff0_s58003_drop0_pc0p05_pgc0p05,sth_proof,0.005,0.2,5.0,0.0,1303,896
C:/Users/efasllija/dev/gossip-poc/out_nb_incremental_clean0104/scenario_honest_awareness/honest_sth_proof_n12000_pg0p005_a0p2_ff0_s58003_drop0_pc0p05_pgc0p05,sth_proof,0.005,0.2,10.0,0.0,1893,1792
C:/Users/efasllija/dev/gossip-poc/out_nb_incremental_clean0104/scenario_honest_awareness/honest_sth_proof_n12000_pg0p005_a0p2_ff0_s58003_drop0_pc0p05_pgc0p05,sth_proof,0.005,0.2,15.0,0.0,2514,1792
C:/Users/efasllija/dev/gossip-poc/out_nb_incremental_clean0104/scenario_honest_awareness/honest_sth_proof_n12000_pg0p005_a0p2_ff0_s58003_drop0_pc0p05_pgc0p05,sth_proof,0.005,0.2,20.0,0.0,3215,1792
C:/Users/efasllija/dev/gossip-poc/out_nb_incremental_clean0104/scenario_honest_awareness/honest_sth_proof_n12000_pg0p005_a0p2_ff0_s58003_drop0_pc0p05_pgc0p05,sth_proof,0.005,0.2,25.0,0.0,3778,1792
C:/Users/efasllija/dev/gossip-poc/out_nb_incremental_clean0104/scenario_honest_awareness/honest_sth_proof_n12000_pg0p005_a0p2_ff0_s58003_drop0_pc0p05_pgc0p05,sth_proof,0.005,0.2,30.0,0.0,4461,1792
C:/Users/efasllija/dev/gossip-poc/out_nb_incremental_clean0104/scenario_honest_awareness/honest_sth_proof_n12000_pg0p005_a0p2_ff0_s58003_drop0_pc0p05_pgc0p05,sth_proof,0.005,0.2,35.0,0.0,5159,2688
C:/Users/efasllija/dev/gossip-poc/out_nb_incremental_clean0104/scenario_honest_awareness/honest_sth_proof_n12000_pg0p005_a0p2_ff0_s58003_drop0_pc0p05_pgc0p05,sth_proof,0.005,0.2,40.0,0.0,5839,11648
C:/Users/efasllija/dev/gossip-poc/out_nb_incremental_clean0104/scenario_honest_awareness/honest_sth_proof_n12000_pg0p005_a0p2_ff0_s58003_drop0_pc0p05_pgc0p05,sth_proof,0.005,0.2,45.0,0.0,6525,11648
C:/Users/efasllija/dev/gossip-poc/out_nb_incremental_clean0104/scenario_honest_awareness/honest_sth_proof_n12000_pg0p005_a0p2_ff0_s58003_drop0_pc0p05_pgc0p05,sth_proof,0.005,0.2,50.0,0.0,7287,11648
C:/Users/efasllija/dev/gossip-poc/out_nb_incremental_clean0104/scenario_honest_awareness/honest_sth_proof_n12000_pg0p005_a0p2_ff0_s58003_drop0_pc0p05_pgc0p05,sth_proof,0.005,0.2,55.0,0.0,7887,11648
C:/Users/efasllija/dev/gossip-poc/out_nb_incremental_clean0104/scenario_honest_awareness/honest_sth_proof_n12000_pg0p005_a0p2_ff0_s58003_drop0_pc0p05_pgc0p05,sth_proof,0.005,0.2,60.0,0.0,8694,11648
C:/Users/efasllija/dev/gossip-poc/out_nb_incremental_clean0104/scenario_honest_awareness/honest_sth_proof_n12000_pg0p005_a0p2_ff0_s58003_drop0_pc0p05_pgc0p05,sth_proof,0.005,0.2,65.0,0.0,9294,11648
C:/Users/efasllija/dev/gossip-poc/out_nb_incremental_clean0104/scenario_honest_awareness/honest_sth_proof_n12000_pg0p005_a0p2_ff0_s58003_drop0_pc0p05_pgc0p05,sth_proof,0.005,0.2,70.0,0.0,9958,11648
C:/Users/efasllija/dev/gossip-poc/out_nb_incremental_clean0104/scenario_honest_awareness/honest_sth_proof_n12000_pg0p005_a0p2_ff0_s58003_drop0_pc0p05_pgc0p05,sth_proof,0.005,0.2,75.0,0.0,10573,11648
C:/Users/efasllija/dev/gossip-poc/out_nb_incremental_clean0104/scenario_honest_awareness/honest_sth_proof_n12000_pg0p005_a0p2_ff0_s58003_drop0_pc0p05_pgc0p05,sth_proof,0.005,0.2,80.0,0.0,11175,11648
C:/Users/efasllija/dev/gossip-poc/out_nb_incremental_clean0104/scenario_honest_awareness/honest_sth_proof_n12000_pg0p005_a0p2_ff0_s58003_drop0_pc0p05_pgc0p05,sth_proof,0.005,0.2,85.0,0.0,11791,11648
C:/Users/efasllija/dev/gossip-poc/out_nb_incremental_clean0104/scenario_honest_awareness/honest_sth_proof_n12000_pg0p005_a0p2_ff0_s58003_drop0_pc0p05_pgc0p05,sth_proof,0.005,0.2,90.0,0.0,12506,11648
C:/Users/efasllija/dev/gossip-poc/out_nb_incremental_clean0104/scenario_honest_awareness/honest_sth_proof_n12000_pg0p005_a0p2_ff0_s58003_drop0_pc0p05_pgc0p05,sth_proof,0.005,0.2,95.0,0.0,13140,11648
C:/Users/efasllija/dev/gossip-poc/out_nb_incremental_clean0104/scenario_honest_awareness/honest_sth_proof_n12000_pg0p005_a0p2_ff0_s58003_drop0_pc0p05_pgc0p05,sth_proof,0.005,0.2,100.0,0.0,13790,11648
C:/Users/efasllija/dev/gossip-poc/out_nb_incremental_clean0104/scenario_honest_awareness/honest_sth_proof_n12000_pg0p005_a0p2_ff0_s58003_drop0_pc0p05_pgc0p05,sth_proof,0.005,0.2,105.0,0.0,14437,11648
C:/Users/efasllija/dev/gossip-poc/out_nb_incremental_clean0104/scenario_honest_awareness/honest_sth_proof_n12000_pg0p005_a0p2_ff0_s58003_drop0_pc0p05_pgc0p05,sth_proof,0.005,0.2,110.0,0.0,15144,11648
C:/Users/efasllija/dev/gossip-poc/out_nb_incremental_clean0104/scenario_honest_awareness/honest_sth_proof_n12000_pg0p005_a0p2_ff0_s58003_drop0_pc0p05_pgc0p05,sth_proof,0.005,0.2,115.0,0.0,15887,26880
C:/Users/efasllija/dev/gossip-poc/out_nb_incremental_clean0104/scenario_honest_awareness/honest_sth_proof_n12000_pg0p005_a0p2_ff0_s58004_drop0_pc0p05_pgc0p05,sth_proof,0.005,0.2,0.0,0.0,695,0
C:/Users/efasllija/dev/gossip-poc/out_nb_incremental_clean0104/scenario_honest_awareness/honest_sth_proof_n12000_pg0p005_a0p2_ff0_s58004_drop0_pc0p05_pgc0p05,sth_proof,0.005,0.2,5.0,0.0,1494,0
C:/Users/efasllija/dev/gossip-poc/out_nb_incremental_clean0104/scenario_honest_awareness/honest_sth_proof_n12000_pg0p005_a0p2_ff0_s58004_drop0_pc0p05_pgc0p05,sth_proof,0.005,0.2,10.0,0.0,2229,0
C:/Users/efasllija/dev/gossip-poc/out_nb_incremental_clean0104/scenario_honest_awareness/honest_sth_proof_n12000_pg0p005_a0p2_ff0_s58004_drop0_pc0p05_pgc0p05,sth_proof,0.005,0.2,15.0,0.0,3067,896
C:/Users/efasllija/dev/gossip-poc/out_nb_incremental_clean0104/scenario_honest_awareness/honest_sth_proof_n12000_pg0p005_a0p2_ff0_s58004_drop0_pc0p05_pgc0p05,sth_proof,0.005,0.2,20.0,0.0,3689,896
C:/Users/efasllija/dev/gossip-poc/out_nb_incremental_clean0104/scenario_honest_awareness/honest_sth_proof_n12000_pg0p005_a0p2_ff0_s58004_drop0_pc0p05_pgc0p05,sth_proof,0.005,0.2,25.0,0.0,4342,896
C:/Users/efasllija/dev/gossip-poc/out_nb_incremental_clean0104/scenario_honest_awareness/honest_sth_proof_n12000_pg0p005_a0p2_ff0_s58004_drop0_pc0p05_pgc0p05,sth_proof,0.005,0.2,30.0,0.0,5000,1792
C:/Users/efasllija/dev/gossip-poc/out_nb_incremental_clean0104/scenario_honest_awareness/honest_sth_proof_n12000_pg0p005_a0p2_ff0_s58004_drop0_pc0p05_pgc0p05,sth_proof,0.005,0.2,35.0,0.0,5732,1792
C:/Users/efasllija/dev/gossip-poc/out_nb_incremental_clean0104/scenario_honest_awareness/honest_sth_proof_n12000_pg0p005_a0p2_ff0_s58004_drop0_pc0p05_pgc0p05,sth_proof,0.005,0.2,40.0,0.0,6418,1792
C:/Users/efasllija/dev/gossip-poc/out_nb_incremental_clean0104/scenario_honest_awareness/honest_sth_proof_n12000_pg0p005_a0p2_ff0_s58004_drop0_pc0p05_pgc0p05,sth_proof,0.005,0.2,45.0,0.0,7103,1792
C:/Users/efasllija/dev/gossip-poc/out_nb_incremental_clean0104/scenario_honest_awareness/honest_sth_proof_n12000_pg0p005_a0p2_ff0_s58004_drop0_pc0p05_pgc0p05,sth_proof,0.005,0.2,50.0,0.0,7656,1792
C:/Users/efasllija/dev/gossip-poc/out_nb_incremental_clean0104/scenario_honest_awareness/honest_sth_proof_n12000_pg0p005_a0p2_ff0_s58004_drop0_pc0p05_pgc0p05,sth_proof,0.005,0.2,55.0,0.0,8327,1792
C:/Users/efasllija/dev/gossip-poc/out_nb_incremental_clean0104/scenario_honest_awareness/honest_sth_proof_n12000_pg0p005_a0p2_ff0_s58004_drop0_pc0p05_pgc0p05,sth_proof,0.005,0.2,60.0,0.0,8918,1792
C:/Users/efasllija/dev/gossip-poc/out_nb_incremental_clean0104/scenario_honest_awareness/honest_sth_proof_n12000_pg0p005_a0p2_ff0_s58004_drop0_pc0p05_pgc0p05,sth_proof,0.005,0.2,65.0,0.0,9569,1792
C:/Users/efasllija/dev/gossip-poc/out_nb_incremental_clean0104/scenario_honest_awareness/honest_sth_proof_n12000_pg0p005_a0p2_ff0_s58004_drop0_pc0p05_pgc0p05,sth_proof,0.005,0.2,70.0,0.0,10270,1792
C:/Users/efasllija/dev/gossip-poc/out_nb_incremental_clean0104/scenario_honest_awareness/honest_sth_proof_n12000_pg0p005_a0p2_ff0_s58004_drop0_pc0p05_pgc0p05,sth_proof,0.005,0.2,75.0,0.0,10950,1792
C:/Users/efasllija/dev/gossip-poc/out_nb_incremental_clean0104/scenario_honest_awareness/honest_sth_proof_n12000_pg0p005_a0p2_ff0_s58004_drop0_pc0p05_pgc0p05,sth_proof,0.005,0.2,80.0,0.0,11660,1792
C:/Users/efasllija/dev/gossip-poc/out_nb_incremental_clean0104/scenario_honest_awareness/honest_sth_proof_n12000_pg0p005_a0p2_ff0_s58004_drop0_pc0p05_pgc0p05,sth_proof,0.005,0.2,85.0,0.0,12440,1792
C:/Users/efasllija/dev/gossip-poc/out_nb_incremental_clean0104/scenario_honest_awareness/honest_sth_proof_n12000_pg0p005_a0p2_ff0_s58004_drop0_pc0p05_pgc0p05,sth_proof,0.005,0.2,90.0,0.0,13066,1792
C:/Users/efasllija/dev/gossip-poc/out_nb_incremental_clean0104/scenario_honest_awareness/honest_sth_proof_n12000_pg0p005_a0p2_ff0_s58004_drop0_pc0p05_pgc0p05,sth_proof,0.005,0.2,95.0,0.0,13845,1792
C:/Users/efasllija/dev/gossip-poc/out_nb_incremental_clean0104/scenario_honest_awareness/honest_sth_proof_n12000_pg0p005_a0p2_ff0_s58004_drop0_pc0p05_pgc0p05,sth_proof,0.005,0.2,100.0,0.0,14593,1792
C:/Users/efasllija/dev/gossip-poc/out_nb_incremental_clean0104/scenario_honest_awareness/honest_sth_proof_n12000_pg0p005_a0p2_ff0_s58004_drop0_pc0p05_pgc0p05,sth_proof,0.005,0.2,105.0,0.0,15220,1792
C:/Users/efasllija/dev/gossip-poc/out_nb_incremental_clean0104/scenario_honest_awareness/honest_sth_proof_n12000_pg0p005_a0p2_ff0_s58004_drop0_pc0p05_pgc0p05,sth_proof,0.005,0.2,110.0,0.0,15942,1792
C:/Users/efasllija/dev/gossip-poc/out_nb_incremental_clean0104/scenario_honest_awareness/honest_sth_proof_n12000_pg0p005_a0p2_ff0_s58004_drop0_pc0p05_pgc0p05,sth_proof,0.005,0.2,115.0,0.0,16658,2688
C:/Users/efasllija/dev/gossip-poc/out_nb_incremental_clean0104/scenario_honest_awareness/honest_sth_proof_n12000_pg0p005_a0p2_ff0_s58005_drop0_pc0p05_pgc0p05,sth_proof,0.005,0.2,0.0,0.0,806,0
C:/Users/efasllija/dev/gossip-poc/out_nb_incremental_clean0104/scenario_honest_awareness/honest_sth_proof_n12000_pg0p005_a0p2_ff0_s58005_drop0_pc0p05_pgc0p05,sth_proof,0.005,0.2,5.0,0.0,1466,896
C:/Users/efasllija/dev/gossip-poc/out_nb_incremental_clean0104/scenario_honest_awareness/honest_sth_proof_n12000_pg0p005_a0p2_ff0_s58005_drop0_pc0p05_pgc0p05,sth_proof,0.005,0.2,10.0,0.0,1998,17024
C:/Users/efasllija/dev/gossip-poc/out_nb_incremental_clean0104/scenario_honest_awareness/honest_sth_proof_n12000_pg0p005_a0p2_ff0_s58005_drop0_pc0p05_pgc0p05,sth_proof,0.005,0.2,15.0,0.0,2606,17024
C:/Users/efasllija/dev/gossip-poc/out_nb_incremental_clean0104/scenario_honest_awareness/honest_sth_proof_n12000_pg0p005_a0p2_ff0_s58005_drop0_pc0p05_pgc0p05,sth_proof,0.005,0.2,20.0,0.0,3154,17920
C:/Users/efasllija/dev/gossip-poc/out_nb_incremental_clean0104/scenario_honest_awareness/honest_sth_proof_n12000_pg0p005_a0p2_ff0_s58005_drop0_pc0p05_pgc0p05,sth_proof,0.005,0.2,25.0,0.0,3842,18816
C:/Users/efasllija/dev/gossip-poc/out_nb_incremental_clean0104/scenario_honest_awareness/honest_sth_proof_n12000_pg0p005_a0p2_ff0_s58005_drop0_pc0p05_pgc0p05,sth_proof,0.005,0.2,30.0,0.0,4538,18816
C:/Users/efasllija/dev/gossip-poc/out_nb_incremental_clean0104/scenario_honest_awareness/honest_sth_proof_n12000_pg0p005_a0p2_ff0_s58005_drop0_pc0p05_pgc0p05,sth_proof,0.005,0.2,35.0,0.0,5169,19712
C:/Users/efasllija/dev/gossip-poc/out_nb_incremental_clean0104/scenario_honest_awareness/honest_sth_proof_n12000_pg0p005_a0p2_ff0_s58005_drop0_pc0p05_pgc0p05,sth_proof,0.005,0.2,40.0,0.0,5887,19712
C:/Users/efasllija/dev/gossip-poc/out_nb_incremental_clean0104/scenario_honest_awareness/honest_sth_proof_n12000_pg0p005_a0p2_ff0_s58005_drop0_pc0p05_pgc0p05,sth_proof,0.005,0.2,45.0,0.0,6421,19712
C:/Users/efasllija/dev/gossip-poc/out_nb_incremental_clean0104/scenario_honest_awareness/honest_sth_proof_n12000_pg0p005_a0p2_ff0_s58005_drop0_pc0p05_pgc0p05,sth_proof,0.005,0.2,50.0,0.0,6945,19712
C:/Users/efasllija/dev/gossip-poc/out_nb_incremental_clean0104/scenario_honest_awareness/honest_sth_proof_n12000_pg0p005_a0p2_ff0_s58005_drop0_pc0p05_pgc0p05,sth_proof,0.005,0.2,55.0,0.0,7583,19712
C:/Users/efasllija/dev/gossip-poc/out_nb_incremental_clean0104/scenario_honest_awareness/honest_sth_proof_n12000_pg0p005_a0p2_ff0_s58005_drop0_pc0p05_pgc0p05,sth_proof,0.005,0.2,60.0,0.0,8289,19712
C:/Users/efasllija/dev/gossip-poc/out_nb_incremental_clean0104/scenario_honest_awareness/honest_sth_proof_n12000_pg0p005_a0p2_ff0_s58005_drop0_pc0p05_pgc0p05,sth_proof,0.005,0.2,65.0,0.0,8899,19712
C:/Users/efasllija/dev/gossip-poc/out_nb_incremental_clean0104/scenario_honest_awareness/honest_sth_proof_n12000_pg0p005_a0p2_ff0_s58005_drop0_pc0p05_pgc0p05,sth_proof,0.005,0.2,70.0,0.0,9443,19712
C:/Users/efasllija/dev/gossip-poc/out_nb_incremental_clean0104/scenario_honest_awareness/honest_sth_proof_n12000_pg0p005_a0p2_ff0_s58005_drop0_pc0p05_pgc0p05,sth_proof,0.005,0.2,75.0,0.0,9912,19712
C:/Users/efasllija/dev/gossip-poc/out_nb_incremental_clean0104/scenario_honest_awareness/honest_sth_proof_n12000_pg0p005_a0p2_ff0_s58005_drop0_pc0p05_pgc0p05,sth_proof,0.005,0.2,80.0,0.0,10444,19712
C:/Users/efasllija/dev/gossip-poc/out_nb_incremental_clean0104/scenario_honest_awareness/honest_sth_proof_n12000_pg0p005_a0p2_ff0_s58005_drop0_pc0p05_pgc0p05,sth_proof,0.005,0.2,85.0,0.0,11065,19712
C:/Users/efasllija/dev/gossip-poc/out_nb_incremental_clean0104/scenario_honest_awareness/honest_sth_proof_n12000_pg0p005_a0p2_ff0_s58005_drop0_pc0p05_pgc0p05,sth_proof,0.005,0.2,90.0,0.0,11721,19712
C:/Users/efasllija/dev/gossip-poc/out_nb_incremental_clean0104/scenario_honest_awareness/honest_sth_proof_n12000_pg0p005_a0p2_ff0_s58005_drop0_pc0p05_pgc0p05,sth_proof,0.005,0.2,95.0,0.0,12201,20608
C:/Users/efasllija/dev/gossip-poc/out_nb_incremental_clean0104/scenario_honest_awareness/honest_sth_proof_n12000_pg0p005_a0p2_ff0_s58005_drop0_pc0p05_pgc0p05,sth_proof,0.005,0.2,100.0,0.0,12887,20608
C:/Users/efasllija/dev/gossip-poc/out_nb_incremental_clean0104/scenario_honest_awareness/honest_sth_proof_n12000_pg0p005_a0p2_ff0_s58005_drop0_pc0p05_pgc0p05,sth_proof,0.005,0.2,105.0,0.0,13514,21504
C:/Users/efasllija/dev/gossip-poc/out_nb_incremental_clean0104/scenario_honest_awareness/honest_sth_proof_n12000_pg0p005_a0p2_ff0_s58005_drop0_pc0p05_pgc0p05,sth_proof,0.005,0.2,110.0,0.0,14109,22400
C:/Users/efasllija/dev/gossip-poc/out_nb_incremental_clean0104/scenario_honest_awareness/honest_sth_proof_n12000_pg0p005_a0p2_ff0_s58005_drop0_pc0p05_pgc0p05,sth_proof,0.005,0.2,115.0,0.0,14689,22400
C:/Users/efasllija/dev/gossip-poc/out_nb_incremental_clean0104/scenario_honest_awareness/honest_sth_proof_n12000_pg0p005_a0p2_ff0_s58006_drop0_pc0p05_pgc0p05,sth_proof,0.005,0.2,0.0,0.0,693,0
C:/Users/efasllija/dev/gossip-poc/out_nb_incremental_clean0104/scenario_honest_awareness/honest_sth_proof_n12000_pg0p005_a0p2_ff0_s58006_drop0_pc0p05_pgc0p05,sth_proof,0.005,0.2,5.0,0.0,1511,0
C:/Users/efasllija/dev/gossip-poc/out_nb_incremental_clean0104/scenario_honest_awareness/honest_sth_proof_n12000_pg0p005_a0p2_ff0_s58006_drop0_pc0p05_pgc0p05,sth_proof,0.005,0.2,10.0,0.0,2219,0
C:/Users/efasllija/dev/gossip-poc/out_nb_incremental_clean0104/scenario_honest_awareness/honest_sth_proof_n12000_pg0p005_a0p2_ff0_s58006_drop0_pc0p05_pgc0p05,sth_proof,0.005,0.2,15.0,0.0,2792,0
C:/Users/efasllija/dev/gossip-poc/out_nb_incremental_clean0104/scenario_honest_awareness/honest_sth_proof_n12000_pg0p005_a0p2_ff0_s58006_drop0_pc0p05_pgc0p05,sth_proof,0.005,0.2,20.0,0.0,3434,0
C:/Users/efasllija/dev/gossip-poc/out_nb_incremental_clean0104/scenario_honest_awareness/honest_sth_proof_n12000_pg0p005_a0p2_ff0_s58006_drop0_pc0p05_pgc0p05,sth_proof,0.005,0.2,25.0,0.0,4022,896
C:/Users/efasllija/dev/gossip-poc/out_nb_incremental_clean0104/scenario_honest_awareness/honest_sth_proof_n12000_pg0p005_a0p2_ff0_s58006_drop0_pc0p05_pgc0p05,sth_proof,0.005,0.2,30.0,0.0,4666,896
C:/Users/efasllija/dev/gossip-poc/out_nb_incremental_clean0104/scenario_honest_awareness/honest_sth_proof_n12000_pg0p005_a0p2_ff0_s58006_drop0_pc0p05_pgc0p05,sth_proof,0.005,0.2,35.0,0.0,5295,2688
C:/Users/efasllija/dev/gossip-poc/out_nb_incremental_clean0104/scenario_honest_awareness/honest_sth_proof_n12000_pg0p005_a0p2_ff0_s58006_drop0_pc0p05_pgc0p05,sth_proof,0.005,0.2,40.0,0.0,5910,2688
C:/Users/efasllija/dev/gossip-poc/out_nb_incremental_clean0104/scenario_honest_awareness/honest_sth_proof_n12000_pg0p005_a0p2_ff0_s58006_drop0_pc0p05_pgc0p05,sth_proof,0.005,0.2,45.0,0.0,6531,2688
C:/Users/efasllija/dev/gossip-poc/out_nb_incremental_clean0104/scenario_honest_awareness/honest_sth_proof_n12000_pg0p005_a0p2_ff0_s58006_drop0_pc0p05_pgc0p05,sth_proof,0.005,0.2,50.0,0.0,7164,2688
C:/Users/efasllija/dev/gossip-poc/out_nb_incremental_clean0104/scenario_honest_awareness/honest_sth_proof_n12000_pg0p005_a0p2_ff0_s58006_drop0_pc0p05_pgc0p05,sth_proof,0.005,0.2,55.0,0.0,7957,3584
C:/Users/efasllija/dev/gossip-poc/out_nb_incremental_clean0104/scenario_honest_awareness/honest_sth_proof_n12000_pg0p005_a0p2_ff0_s58006_drop0_pc0p05_pgc0p05,sth_proof,0.005,0.2,60.0,0.0,8557,3584
C:/Users/efasllija/dev/gossip-poc/out_nb_incremental_clean0104/scenario_honest_awareness/honest_sth_proof_n12000_pg0p005_a0p2_ff0_s58006_drop0_pc0p05_pgc0p05,sth_proof,0.005,0.2,65.0,0.0,9198,3584
C:/Users/efasllija/dev/gossip-poc/out_nb_incremental_clean0104/scenario_honest_awareness/honest_sth_proof_n12000_pg0p005_a0p2_ff0_s58006_drop0_pc0p05_pgc0p05,sth_proof,0.005,0.2,70.0,0.0,9719,6272
C:/Users/efasllija/dev/gossip-poc/out_nb_incremental_clean0104/scenario_honest_awareness/honest_sth_proof_n12000_pg0p005_a0p2_ff0_s58006_drop0_pc0p05_pgc0p05,sth_proof,0.005,0.2,75.0,0.0,10341,6272
C:/Users/efasllija/dev/gossip-poc/out_nb_incremental_clean0104/scenario_honest_awareness/honest_sth_proof_n12000_pg0p005_a0p2_ff0_s58006_drop0_pc0p05_pgc0p05,sth_proof,0.005,0.2,80.0,0.0,10982,6272
C:/Users/efasllija/dev/gossip-poc/out_nb_incremental_clean0104/scenario_honest_awareness/honest_sth_proof_n12000_pg0p005_a0p2_ff0_s58006_drop0_pc0p05_pgc0p05,sth_proof,0.005,0.2,85.0,0.0,11736,6272
C:/Users/efasllija/dev/gossip-poc/out_nb_incremental_clean0104/scenario_honest_awareness/honest_sth_proof_n12000_pg0p005_a0p2_ff0_s58006_drop0_pc0p05_pgc0p05,sth_proof,0.005,0.2,90.0,0.0,12385,7168
C:/Users/efasllija/dev/gossip-poc/out_nb_incremental_clean0104/scenario_honest_awareness/honest_sth_proof_n12000_pg0p005_a0p2_ff0_s58006_drop0_pc0p05_pgc0p05,sth_proof,0.005,0.2,95.0,0.0,13051,7168
C:/Users/efasllija/dev/gossip-poc/out_nb_incremental_clean0104/scenario_honest_awareness/honest_sth_proof_n12000_pg0p005_a0p2_ff0_s58006_drop0_pc0p05_pgc0p05,sth_proof,0.005,0.2,100.0,0.0,13832,8064
C:/Users/efasllija/dev/gossip-poc/out_nb_incremental_clean0104/scenario_honest_awareness/honest_sth_proof_n12000_pg0p005_a0p2_ff0_s58006_drop0_pc0p05_pgc0p05,sth_proof,0.005,0.2,105.0,0.0,14501,8064
C:/Users/efasllija/dev/gossip-poc/out_nb_incremental_clean0104/scenario_honest_awareness/honest_sth_proof_n12000_pg0p005_a0p2_ff0_s58006_drop0_pc0p05_pgc0p05,sth_proof,0.005,0.2,110.0,0.0,15204,8064
C:/Users/efasllija/dev/gossip-poc/out_nb_incremental_clean0104/scenario_honest_awareness/honest_sth_proof_n12000_pg0p005_a0p2_ff0_s58006_drop0_pc0p05_pgc0p05,sth_proof,0.005,0.2,115.0,0.0,15937,8064
C:/Users/efasllija/dev/gossip-poc/out_nb_incremental_clean0104/scenario_honest_awareness/honest_sth_proof_n12000_pg0p005_a0p2_ff0_s58007_drop0_pc0p05_pgc0p05,sth_proof,0.005,0.2,0.0,0.0,621,0
C:/Users/efasllija/dev/gossip-poc/out_nb_incremental_clean0104/scenario_honest_awareness/honest_sth_proof_n12000_pg0p005_a0p2_ff0_s58007_drop0_pc0p05_pgc0p05,sth_proof,0.005,0.2,5.0,0.0,1229,0
C:/Users/efasllija/dev/gossip-poc/out_nb_incremental_clean0104/scenario_honest_awareness/honest_sth_proof_n12000_pg0p005_a0p2_ff0_s58007_drop0_pc0p05_pgc0p05,sth_proof,0.005,0.2,10.0,0.0,1900,0
C:/Users/efasllija/dev/gossip-poc/out_nb_incremental_clean0104/scenario_honest_awareness/honest_sth_proof_n12000_pg0p005_a0p2_ff0_s58007_drop0_pc0p05_pgc0p05,sth_proof,0.005,0.2,15.0,0.0,2504,0
C:/Users/efasllija/dev/gossip-poc/out_nb_incremental_clean0104/scenario_honest_awareness/honest_sth_proof_n12000_pg0p005_a0p2_ff0_s58007_drop0_pc0p05_pgc0p05,sth_proof,0.005,0.2,20.0,0.0,3185,896
C:/Users/efasllija/dev/gossip-poc/out_nb_incremental_clean0104/scenario_honest_awareness/honest_sth_proof_n12000_pg0p005_a0p2_ff0_s58007_drop0_pc0p05_pgc0p05,sth_proof,0.005,0.2,25.0,0.0,3897,896
C:/Users/efasllija/dev/gossip-poc/out_nb_incremental_clean0104/scenario_honest_awareness/honest_sth_proof_n12000_pg0p005_a0p2_ff0_s58007_drop0_pc0p05_pgc0p05,sth_proof,0.005,0.2,30.0,0.0,4415,1792
C:/Users/efasllija/dev/gossip-poc/out_nb_incremental_clean0104/scenario_honest_awareness/honest_sth_proof_n12000_pg0p005_a0p2_ff0_s58007_drop0_pc0p05_pgc0p05,sth_proof,0.005,0.2,35.0,0.0,5079,1792
C:/Users/efasllija/dev/gossip-poc/out_nb_incremental_clean0104/scenario_honest_awareness/honest_sth_proof_n12000_pg0p005_a0p2_ff0_s58007_drop0_pc0p05_pgc0p05,sth_proof,0.005,0.2,40.0,0.0,5720,1792
C:/Users/efasllija/dev/gossip-poc/out_nb_incremental_clean0104/scenario_honest_awareness/honest_sth_proof_n12000_pg0p005_a0p2_ff0_s58007_drop0_pc0p05_pgc0p05,sth_proof,0.005,0.2,45.0,0.0,6400,1792
C:/Users/efasllija/dev/gossip-poc/out_nb_incremental_clean0104/scenario_honest_awareness/honest_sth_proof_n12000_pg0p005_a0p2_ff0_s58007_drop0_pc0p05_pgc0p05,sth_proof,0.005,0.2,50.0,0.0,6988,1792
C:/Users/efasllija/dev/gossip-poc/out_nb_incremental_clean0104/scenario_honest_awareness/honest_sth_proof_n12000_pg0p005_a0p2_ff0_s58007_drop0_pc0p05_pgc0p05,sth_proof,0.005,0.2,55.0,0.0,7590,1792
C:/Users/efasllija/dev/gossip-poc/out_nb_incremental_clean0104/scenario_honest_awareness/honest_sth_proof_n12000_pg0p005_a0p2_ff0_s58007_drop0_pc0p05_pgc0p05,sth_proof,0.005,0.2,60.0,0.0,8267,1792
C:/Users/efasllija/dev/gossip-poc/out_nb_incremental_clean0104/scenario_honest_awareness/honest_sth_proof_n12000_pg0p005_a0p2_ff0_s58007_drop0_pc0p05_pgc0p05,sth_proof,0.005,0.2,65.0,0.0,8979,1792
C:/Users/efasllija/dev/gossip-poc/out_nb_incremental_clean0104/scenario_honest_awareness/honest_sth_proof_n12000_pg0p005_a0p2_ff0_s58007_drop0_pc0p05_pgc0p05,sth_proof,0.005,0.2,70.0,0.0,9488,1792
C:/Users/efasllija/dev/gossip-poc/out_nb_incremental_clean0104/scenario_honest_awareness/honest_sth_proof_n12000_pg0p005_a0p2_ff0_s58007_drop0_pc0p05_pgc0p05,sth_proof,0.005,0.2,75.0,0.0,10063,1792
C:/Users/efasllija/dev/gossip-poc/out_nb_incremental_clean0104/scenario_honest_awareness/honest_sth_proof_n12000_pg0p005_a0p2_ff0_s58007_drop0_pc0p05_pgc0p05,sth_proof,0.005,0.2,80.0,0.0,10672,1792
C:/Users/efasllija/dev/gossip-poc/out_nb_incremental_clean0104/scenario_honest_awareness/honest_sth_proof_n12000_pg0p005_a0p2_ff0_s58007_drop0_pc0p05_pgc0p05,sth_proof,0.005,0.2,85.0,0.0,11272,1792
C:/Users/efasllija/dev/gossip-poc/out_nb_incremental_clean0104/scenario_honest_awareness/honest_sth_proof_n12000_pg0p005_a0p2_ff0_s58007_drop0_pc0p05_pgc0p05,sth_proof,0.005,0.2,90.0,0.0,11969,1792
C:/Users/efasllija/dev/gossip-poc/out_nb_incremental_clean0104/scenario_honest_awareness/honest_sth_proof_n12000_pg0p005_a0p2_ff0_s58007_drop0_pc0p05_pgc0p05,sth_proof,0.005,0.2,95.0,0.0,12734,1792
C:/Users/efasllija/dev/gossip-poc/out_nb_incremental_clean0104/scenario_honest_awareness/honest_sth_proof_n12000_pg0p005_a0p2_ff0_s58007_drop0_pc0p05_pgc0p05,sth_proof,0.005,0.2,100.0,0.0,13371,1792
C:/Users/efasllija/dev/gossip-poc/out_nb_incremental_clean0104/scenario_honest_awareness/honest_sth_proof_n12000_pg0p005_a0p2_ff0_s58007_drop0_pc0p05_pgc0p05,sth_proof,0.005,0.2,105.0,0.0,13966,1792
C:/Users/efasllija/dev/gossip-poc/out_nb_incremental_clean0104/scenario_honest_awareness/honest_sth_proof_n12000_pg0p005_a0p2_ff0_s58007_drop0_pc0p05_pgc0p05,sth_proof,0.005,0.2,110.0,0.0,14712,1792
C:/Users/efasllija/dev/gossip-poc/out_nb_incremental_clean0104/scenario_honest_awareness/honest_sth_proof_n12000_pg0p005_a0p2_ff0_s58007_drop0_pc0p05_pgc0p05,sth_proof,0.005,0.2,115.0,0.0,15498,1792
C:/Users/efasllija/dev/gossip-poc/out_nb_incremental_clean0104/scenario_honest_awareness/honest_sth_proof_n12000_pg0p012_a0p2_ff0_s58000_drop0_pc0p05_pgc0p05,sth_proof,0.012,0.2,0.0,0.0,809,896
C:/Users/efasllija/dev/gossip-poc/out_nb_incremental_clean0104/scenario_honest_awareness/honest_sth_proof_n12000_pg0p012_a0p2_ff0_s58000_drop0_pc0p05_pgc0p05,sth_proof,0.012,0.2,5.0,0.0,1519,1792
C:/Users/efasllija/dev/gossip-poc/out_nb_incremental_clean0104/scenario_honest_awareness/honest_sth_proof_n12000_pg0p012_a0p2_ff0_s58000_drop0_pc0p05_pgc0p05,sth_proof,0.012,0.2,10.0,0.0,2114,2688
C:/Users/efasllija/dev/gossip-poc/out_nb_incremental_clean0104/scenario_honest_awareness/honest_sth_proof_n12000_pg0p012_a0p2_ff0_s58000_drop0_pc0p05_pgc0p05,sth_proof,0.012,0.2,15.0,0.0,2731,2688
C:/Users/efasllija/dev/gossip-poc/out_nb_incremental_clean0104/scenario_honest_awareness/honest_sth_proof_n12000_pg0p012_a0p2_ff0_s58000_drop0_pc0p05_pgc0p05,sth_proof,0.012,0.2,20.0,0.0,3318,3584
C:/Users/efasllija/dev/gossip-poc/out_nb_incremental_clean0104/scenario_honest_awareness/honest_sth_proof_n12000_pg0p012_a0p2_ff0_s58000_drop0_pc0p05_pgc0p05,sth_proof,0.012,0.2,25.0,0.0,4015,3584
C:/Users/efasllija/dev/gossip-poc/out_nb_incremental_clean0104/scenario_honest_awareness/honest_sth_proof_n12000_pg0p012_a0p2_ff0_s58000_drop0_pc0p05_pgc0p05,sth_proof,0.012,0.2,30.0,0.0,4718,3584
C:/Users/efasllija/dev/gossip-poc/out_nb_incremental_clean0104/scenario_honest_awareness/honest_sth_proof_n12000_pg0p012_a0p2_ff0_s58000_drop0_pc0p05_pgc0p05,sth_proof,0.012,0.2,35.0,0.0,5396,3584
C:/Users/efasllija/dev/gossip-poc/out_nb_incremental_clean0104/scenario_honest_awareness/honest_sth_proof_n12000_pg0p012_a0p2_ff0_s58000_drop0_pc0p05_pgc0p05,sth_proof,0.012,0.2,40.0,0.0,6084,4480
C:/Users/efasllija/dev/gossip-poc/out_nb_incremental_clean0104/scenario_honest_awareness/honest_sth_proof_n12000_pg0p012_a0p2_ff0_s58000_drop0_pc0p05_pgc0p05,sth_proof,0.012,0.2,45.0,0.0,6754,6272
C:/Users/efasllija/dev/gossip-poc/out_nb_incremental_clean0104/scenario_honest_awareness/honest_sth_proof_n12000_pg0p012_a0p2_ff0_s58000_drop0_pc0p05_pgc0p05,sth_proof,0.012,0.2,50.0,0.0,7435,16128
C:/Users/efasllija/dev/gossip-poc/out_nb_incremental_clean0104/scenario_honest_awareness/honest_sth_proof_n12000_pg0p012_a0p2_ff0_s58000_drop0_pc0p05_pgc0p05,sth_proof,0.012,0.2,55.0,0.0,8168,25984
C:/Users/efasllija/dev/gossip-poc/out_nb_incremental_clean0104/scenario_honest_awareness/honest_sth_proof_n12000_pg0p012_a0p2_ff0_s58000_drop0_pc0p05_pgc0p05,sth_proof,0.012,0.2,60.0,0.0,8782,25984
C:/Users/efasllija/dev/gossip-poc/out_nb_incremental_clean0104/scenario_honest_awareness/honest_sth_proof_n12000_pg0p012_a0p2_ff0_s58000_drop0_pc0p05_pgc0p05,sth_proof,0.012,0.2,65.0,0.0,9361,25984
C:/Users/efasllija/dev/gossip-poc/out_nb_incremental_clean0104/scenario_honest_awareness/honest_sth_proof_n12000_pg0p012_a0p2_ff0_s58000_drop0_pc0p05_pgc0p05,sth_proof,0.012,0.2,70.0,0.0,10002,25984
C:/Users/efasllija/dev/gossip-poc/out_nb_incremental_clean0104/scenario_honest_awareness/honest_sth_proof_n12000_pg0p012_a0p2_ff0_s58000_drop0_pc0p05_pgc0p05,sth_proof,0.012,0.2,75.0,0.0,10613,39424
C:/Users/efasllija/dev/gossip-poc/out_nb_incremental_clean0104/scenario_honest_awareness/honest_sth_proof_n12000_pg0p012_a0p2_ff0_s58000_drop0_pc0p05_pgc0p05,sth_proof,0.012,0.2,80.0,0.0,11349,40320
C:/Users/efasllija/dev/gossip-poc/out_nb_incremental_clean0104/scenario_honest_awareness/honest_sth_proof_n12000_pg0p012_a0p2_ff0_s58000_drop0_pc0p05_pgc0p05,sth_proof,0.012,0.2,85.0,0.0,11929,40320
C:/Users/efasllija/dev/gossip-poc/out_nb_incremental_clean0104/scenario_honest_awareness/honest_sth_proof_n12000_pg0p012_a0p2_ff0_s58000_drop0_pc0p05_pgc0p05,sth_proof,0.012,0.2,90.0,0.0,12604,40320
C:/Users/efasllija/dev/gossip-poc/out_nb_incremental_clean0104/scenario_honest_awareness/honest_sth_proof_n12000_pg0p012_a0p2_ff0_s58000_drop0_pc0p05_pgc0p05,sth_proof,0.012,0.2,95.0,0.0,13336,40320
C:/Users/efasllija/dev/gossip-poc/out_nb_incremental_clean0104/scenario_honest_awareness/honest_sth_proof_n12000_pg0p012_a0p2_ff0_s58000_drop0_pc0p05_pgc0p05,sth_proof,0.012,0.2,100.0,0.0,13942,40320
C:/Users/efasllija/dev/gossip-poc/out_nb_incremental_clean0104/scenario_honest_awareness/honest_sth_proof_n12000_pg0p012_a0p2_ff0_s58000_drop0_pc0p05_pgc0p05,sth_proof,0.012,0.2,105.0,0.0,14615,40320
C:/Users/efasllija/dev/gossip-poc/out_nb_incremental_clean0104/scenario_honest_awareness/honest_sth_proof_n12000_pg0p012_a0p2_ff0_s58000_drop0_pc0p05_pgc0p05,sth_proof,0.012,0.2,110.0,0.0,15425,49280
C:/Users/efasllija/dev/gossip-poc/out_nb_incremental_clean0104/scenario_honest_awareness/honest_sth_proof_n12000_pg0p012_a0p2_ff0_s58000_drop0_pc0p05_pgc0p05,sth_proof,0.012,0.2,115.0,0.0,16226,50176
C:/Users/efasllija/dev/gossip-poc/out_nb_incremental_clean0104/scenario_honest_awareness/honest_sth_proof_n12000_pg0p012_a0p2_ff0_s58001_drop0_pc0p05_pgc0p05,sth_proof,0.012,0.2,0.0,0.0,810,1792
C:/Users/efasllija/dev/gossip-poc/out_nb_incremental_clean0104/scenario_honest_awareness/honest_sth_proof_n12000_pg0p012_a0p2_ff0_s58001_drop0_pc0p05_pgc0p05,sth_proof,0.012,0.2,5.0,0.0,1446,9856
C:/Users/efasllija/dev/gossip-poc/out_nb_incremental_clean0104/scenario_honest_awareness/honest_sth_proof_n12000_pg0p012_a0p2_ff0_s58001_drop0_pc0p05_pgc0p05,sth_proof,0.012,0.2,10.0,0.0,2131,21504
C:/Users/efasllija/dev/gossip-poc/out_nb_incremental_clean0104/scenario_honest_awareness/honest_sth_proof_n12000_pg0p012_a0p2_ff0_s58001_drop0_pc0p05_pgc0p05,sth_proof,0.012,0.2,15.0,0.0,2947,21504
C:/Users/efasllija/dev/gossip-poc/out_nb_incremental_clean0104/scenario_honest_awareness/honest_sth_proof_n12000_pg0p012_a0p2_ff0_s58001_drop0_pc0p05_pgc0p05,sth_proof,0.012,0.2,20.0,0.0,3696,21504
C:/Users/efasllija/dev/gossip-poc/out_nb_incremental_clean0104/scenario_honest_awareness/honest_sth_proof_n12000_pg0p012_a0p2_ff0_s58001_drop0_pc0p05_pgc0p05,sth_proof,0.012,0.2,25.0,0.0,4499,22400
C:/Users/efasllija/dev/gossip-poc/out_nb_incremental_clean0104/scenario_honest_awareness/honest_sth_proof_n12000_pg0p012_a0p2_ff0_s58001_drop0_pc0p05_pgc0p05,sth_proof,0.012,0.2,30.0,0.0,5155,23296
C:/Users/efasllija/dev/gossip-poc/out_nb_incremental_clean0104/scenario_honest_awareness/honest_sth_proof_n12000_pg0p012_a0p2_ff0_s58001_drop0_pc0p05_pgc0p05,sth_proof,0.012,0.2,35.0,0.0,5871,24192
C:/Users/efasllija/dev/gossip-poc/out_nb_incremental_clean0104/scenario_honest_awareness/honest_sth_proof_n12000_pg0p012_a0p2_ff0_s58001_drop0_pc0p05_pgc0p05,sth_proof,0.012,0.2,40.0,0.0,6693,24192
C:/Users/efasllija/dev/gossip-poc/out_nb_incremental_clean0104/scenario_honest_awareness/honest_sth_proof_n12000_pg0p012_a0p2_ff0_s58001_drop0_pc0p05_pgc0p05,sth_proof,0.012,0.2,45.0,0.0,7270,24192
C:/Users/efasllija/dev/gossip-poc/out_nb_incremental_clean0104/scenario_honest_awareness/honest_sth_proof_n12000_pg0p012_a0p2_ff0_s58001_drop0_pc0p05_pgc0p05,sth_proof,0.012,0.2,50.0,0.0,7874,25088
C:/Users/efasllija/dev/gossip-poc/out_nb_incremental_clean0104/scenario_honest_awareness/honest_sth_proof_n12000_pg0p012_a0p2_ff0_s58001_drop0_pc0p05_pgc0p05,sth_proof,0.012,0.2,55.0,0.0,8573,25088
C:/Users/efasllija/dev/gossip-poc/out_nb_incremental_clean0104/scenario_honest_awareness/honest_sth_proof_n12000_pg0p012_a0p2_ff0_s58001_drop0_pc0p05_pgc0p05,sth_proof,0.012,0.2,60.0,0.0,9280,25984
C:/Users/efasllija/dev/gossip-poc/out_nb_incremental_clean0104/scenario_honest_awareness/honest_sth_proof_n12000_pg0p012_a0p2_ff0_s58001_drop0_pc0p05_pgc0p05,sth_proof,0.012,0.2,65.0,0.0,9816,26880
C:/Users/efasllija/dev/gossip-poc/out_nb_incremental_clean0104/scenario_honest_awareness/honest_sth_proof_n12000_pg0p012_a0p2_ff0_s58001_drop0_pc0p05_pgc0p05,sth_proof,0.012,0.2,70.0,0.0,10406,27776
C:/Users/efasllija/dev/gossip-poc/out_nb_incremental_clean0104/scenario_honest_awareness/honest_sth_proof_n12000_pg0p012_a0p2_ff0_s58001_drop0_pc0p05_pgc0p05,sth_proof,0.012,0.2,75.0,0.0,11062,29568
C:/Users/efasllija/dev/gossip-poc/out_nb_incremental_clean0104/scenario_honest_awareness/honest_sth_proof_n12000_pg0p012_a0p2_ff0_s58001_drop0_pc0p05_pgc0p05,sth_proof,0.012,0.2,80.0,0.0,11643,29568
C:/Users/efasllija/dev/gossip-poc/out_nb_incremental_clean0104/scenario_honest_awareness/honest_sth_proof_n12000_pg0p012_a0p2_ff0_s58001_drop0_pc0p05_pgc0p05,sth_proof,0.012,0.2,85.0,0.0,12260,30464
C:/Users/efasllija/dev/gossip-poc/out_nb_incremental_clean0104/scenario_honest_awareness/honest_sth_proof_n12000_pg0p012_a0p2_ff0_s58001_drop0_pc0p05_pgc0p05,sth_proof,0.012,0.2,90.0,0.0,12965,30464
C:/Users/efasllija/dev/gossip-poc/out_nb_incremental_clean0104/scenario_honest_awareness/honest_sth_proof_n12000_pg0p012_a0p2_ff0_s58001_drop0_pc0p05_pgc0p05,sth_proof,0.012,0.2,95.0,0.0,13671,31360
C:/Users/efasllija/dev/gossip-poc/out_nb_incremental_clean0104/scenario_honest_awareness/honest_sth_proof_n12000_pg0p012_a0p2_ff0_s58001_drop0_pc0p05_pgc0p05,sth_proof,0.012,0.2,100.0,0.0,14421,31360
C:/Users/efasllija/dev/gossip-poc/out_nb_incremental_clean0104/scenario_honest_awareness/honest_sth_proof_n12000_pg0p012_a0p2_ff0_s58001_drop0_pc0p05_pgc0p05,sth_proof,0.012,0.2,105.0,0.0,15098,43904
C:/Users/efasllija/dev/gossip-poc/out_nb_incremental_clean0104/scenario_honest_awareness/honest_sth_proof_n12000_pg0p012_a0p2_ff0_s58001_drop0_pc0p05_pgc0p05,sth_proof,0.012,0.2,110.0,0.0,15603,44800
C:/Users/efasllija/dev/gossip-poc/out_nb_incremental_clean0104/scenario_honest_awareness/honest_sth_proof_n12000_pg0p012_a0p2_ff0_s58001_drop0_pc0p05_pgc0p05,sth_proof,0.012,0.2,115.0,0.0,16267,44800
C:/Users/efasllija/dev/gossip-poc/out_nb_incremental_clean0104/scenario_honest_awareness/honest_sth_proof_n12000_pg0p012_a0p2_ff0_s58002_drop0_pc0p05_pgc0p05,sth_proof,0.012,0.2,0.0,0.0,761,5376
C:/Users/efasllija/dev/gossip-poc/out_nb_incremental_clean0104/scenario_honest_awareness/honest_sth_proof_n12000_pg0p012_a0p2_ff0_s58002_drop0_pc0p05_pgc0p05,sth_proof,0.012,0.2,5.0,0.0,1366,5376
C:/Users/efasllija/dev/gossip-poc/out_nb_incremental_clean0104/scenario_honest_awareness/honest_sth_proof_n12000_pg0p012_a0p2_ff0_s58002_drop0_pc0p05_pgc0p05,sth_proof,0.012,0.2,10.0,0.0,1976,7168
C:/Users/efasllija/dev/gossip-poc/out_nb_incremental_clean0104/scenario_honest_awareness/honest_sth_proof_n12000_pg0p012_a0p2_ff0_s58002_drop0_pc0p05_pgc0p05,sth_proof,0.012,0.2,15.0,0.0,2532,7168
C:/Users/efasllija/dev/gossip-poc/out_nb_incremental_clean0104/scenario_honest_awareness/honest_sth_proof_n12000_pg0p012_a0p2_ff0_s58002_drop0_pc0p05_pgc0p05,sth_proof,0.012,0.2,20.0,0.0,3161,8064
C:/Users/efasllija/dev/gossip-poc/out_nb_incremental_clean0104/scenario_honest_awareness/honest_sth_proof_n12000_pg0p012_a0p2_ff0_s58002_drop0_pc0p05_pgc0p05,sth_proof,0.012,0.2,25.0,0.0,3817,14336
C:/Users/efasllija/dev/gossip-poc/out_nb_incremental_clean0104/scenario_honest_awareness/honest_sth_proof_n12000_pg0p012_a0p2_ff0_s58002_drop0_pc0p05_pgc0p05,sth_proof,0.012,0.2,30.0,0.0,4429,15232
C:/Users/efasllija/dev/gossip-poc/out_nb_incremental_clean0104/scenario_honest_awareness/honest_sth_proof_n12000_pg0p012_a0p2_ff0_s58002_drop0_pc0p05_pgc0p05,sth_proof,0.012,0.2,35.0,0.0,5038,15232
C:/Users/efasllija/dev/gossip-poc/out_nb_incremental_clean0104/scenario_honest_awareness/honest_sth_proof_n12000_pg0p012_a0p2_ff0_s58002_drop0_pc0p05_pgc0p05,sth_proof,0.012,0.2,40.0,0.0,5785,15232
C:/Users/efasllija/dev/gossip-poc/out_nb_incremental_clean0104/scenario_honest_awareness/honest_sth_proof_n12000_pg0p012_a0p2_ff0_s58002_drop0_pc0p05_pgc0p05,sth_proof,0.012,0.2,45.0,0.0,6483,15232
C:/Users/efasllija/dev/gossip-poc/out_nb_incremental_clean0104/scenario_honest_awareness/honest_sth_proof_n12000_pg0p012_a0p2_ff0_s58002_drop0_pc0p05_pgc0p05,sth_proof,0.012,0.2,50.0,0.0,7103,15232
C:/Users/efasllija/dev/gossip-poc/out_nb_incremental_clean0104/scenario_honest_awareness/honest_sth_proof_n12000_pg0p012_a0p2_ff0_s58002_drop0_pc0p05_pgc0p05,sth_proof,0.012,0.2,55.0,0.0,7684,15232
C:/Users/efasllija/dev/gossip-poc/out_nb_incremental_clean0104/scenario_honest_awareness/honest_sth_proof_n12000_pg0p012_a0p2_ff0_s58002_drop0_pc0p05_pgc0p05,sth_proof,0.012,0.2,60.0,0.0,8274,16128
C:/Users/efasllija/dev/gossip-poc/out_nb_incremental_clean0104/scenario_honest_awareness/honest_sth_proof_n12000_pg0p012_a0p2_ff0_s58002_drop0_pc0p05_pgc0p05,sth_proof,0.012,0.2,65.0,0.0,8878,16128
C:/Users/efasllija/dev/gossip-poc/out_nb_incremental_clean0104/scenario_honest_awareness/honest_sth_proof_n12000_pg0p012_a0p2_ff0_s58002_drop0_pc0p05_pgc0p05,sth_proof,0.012,0.2,70.0,0.0,9554,18816
C:/Users/efasllija/dev/gossip-poc/out_nb_incremental_clean0104/scenario_honest_awareness/honest_sth_proof_n12000_pg0p012_a0p2_ff0_s58002_drop0_pc0p05_pgc0p05,sth_proof,0.012,0.2,75.0,0.0,10105,18816
C:/Users/efasllija/dev/gossip-poc/out_nb_incremental_clean0104/scenario_honest_awareness/honest_sth_proof_n12000_pg0p012_a0p2_ff0_s58002_drop0_pc0p05_pgc0p05,sth_proof,0.012,0.2,80.0,0.0,10704,19712
C:/Users/efasllija/dev/gossip-poc/out_nb_incremental_clean0104/scenario_honest_awareness/honest_sth_proof_n12000_pg0p012_a0p2_ff0_s58002_drop0_pc0p05_pgc0p05,sth_proof,0.012,0.2,85.0,0.0,11344,19712
C:/Users/efasllija/dev/gossip-poc/out_nb_incremental_clean0104/scenario_honest_awareness/honest_sth_proof_n12000_pg0p012_a0p2_ff0_s58002_drop0_pc0p05_pgc0p05,sth_proof,0.012,0.2,90.0,0.0,11935,19712
C:/Users/efasllija/dev/gossip-poc/out_nb_incremental_clean0104/scenario_honest_awareness/honest_sth_proof_n12000_pg0p012_a0p2_ff0_s58002_drop0_pc0p05_pgc0p05,sth_proof,0.012,0.2,95.0,0.0,12523,27776
C:/Users/efasllija/dev/gossip-poc/out_nb_incremental_clean0104/scenario_honest_awareness/honest_sth_proof_n12000_pg0p012_a0p2_ff0_s58002_drop0_pc0p05_pgc0p05,sth_proof,0.012,0.2,100.0,0.0,13167,27776
C:/Users/efasllija/dev/gossip-poc/out_nb_incremental_clean0104/scenario_honest_awareness/honest_sth_proof_n12000_pg0p012_a0p2_ff0_s58002_drop0_pc0p05_pgc0p05,sth_proof,0.012,0.2,105.0,0.0,13920,37632
C:/Users/efasllija/dev/gossip-poc/out_nb_incremental_clean0104/scenario_honest_awareness/honest_sth_proof_n12000_pg0p012_a0p2_ff0_s58002_drop0_pc0p05_pgc0p05,sth_proof,0.012,0.2,110.0,0.0,14571,37632
C:/Users/efasllija/dev/gossip-poc/out_nb_incremental_clean0104/scenario_honest_awareness/honest_sth_proof_n12000_pg0p012_a0p2_ff0_s58002_drop0_pc0p05_pgc0p05,sth_proof,0.012,0.2,115.0,0.0,15276,39424
C:/Users/efasllija/dev/gossip-poc/out_nb_incremental_clean0104/scenario_honest_awareness/honest_sth_proof_n12000_pg0p012_a0p2_ff0_s58003_drop0_pc0p05_pgc0p05,sth_proof,0.012,0.2,0.0,0.0,730,896
C:/Users/efasllija/dev/gossip-poc/out_nb_incremental_clean0104/scenario_honest_awareness/honest_sth_proof_n12000_pg0p012_a0p2_ff0_s58003_drop0_pc0p05_pgc0p05,sth_proof,0.012,0.2,5.0,0.0,1303,896
C:/Users/efasllija/dev/gossip-poc/out_nb_incremental_clean0104/scenario_honest_awareness/honest_sth_proof_n12000_pg0p012_a0p2_ff0_s58003_drop0_pc0p05_pgc0p05,sth_proof,0.012,0.2,10.0,0.0,1893,1792
C:/Users/efasllija/dev/gossip-poc/out_nb_incremental_clean0104/scenario_honest_awareness/honest_sth_proof_n12000_pg0p012_a0p2_ff0_s58003_drop0_pc0p05_pgc0p05,sth_proof,0.012,0.2,15.0,0.0,2514,2688
C:/Users/efasllija/dev/gossip-poc/out_nb_incremental_clean0104/scenario_honest_awareness/honest_sth_proof_n12000_pg0p012_a0p2_ff0_s58003_drop0_pc0p05_pgc0p05,sth_proof,0.012,0.2,20.0,0.0,3215,2688
C:/Users/efasllija/dev/gossip-poc/out_nb_incremental_clean0104/scenario_honest_awareness/honest_sth_proof_n12000_pg0p012_a0p2_ff0_s58003_drop0_pc0p05_pgc0p05,sth_proof,0.012,0.2,25.0,0.0,3778,3584
C:/Users/efasllija/dev/gossip-poc/out_nb_incremental_clean0104/scenario_honest_awareness/honest_sth_proof_n12000_pg0p012_a0p2_ff0_s58003_drop0_pc0p05_pgc0p05,sth_proof,0.012,0.2,30.0,0.0,4461,3584
C:/Users/efasllija/dev/gossip-poc/out_nb_incremental_clean0104/scenario_honest_awareness/honest_sth_proof_n12000_pg0p012_a0p2_ff0_s58003_drop0_pc0p05_pgc0p05,sth_proof,0.012,0.2,35.0,0.0,5159,4480
C:/Users/efasllija/dev/gossip-poc/out_nb_incremental_clean0104/scenario_honest_awareness/honest_sth_proof_n12000_pg0p012_a0p2_ff0_s58003_drop0_pc0p05_pgc0p05,sth_proof,0.012,0.2,40.0,0.0,5839,13440
C:/Users/efasllija/dev/gossip-poc/out_nb_incremental_clean0104/scenario_honest_awareness/honest_sth_proof_n12000_pg0p012_a0p2_ff0_s58003_drop0_pc0p05_pgc0p05,sth_proof,0.012,0.2,45.0,0.0,6525,19712
C:/Users/efasllija/dev/gossip-poc/out_nb_incremental_clean0104/scenario_honest_awareness/honest_sth_proof_n12000_pg0p012_a0p2_ff0_s58003_drop0_pc0p05_pgc0p05,sth_proof,0.012,0.2,50.0,0.0,7287,19712
C:/Users/efasllija/dev/gossip-poc/out_nb_incremental_clean0104/scenario_honest_awareness/honest_sth_proof_n12000_pg0p012_a0p2_ff0_s58003_drop0_pc0p05_pgc0p05,sth_proof,0.012,0.2,55.0,0.0,7887,20608
C:/Users/efasllija/dev/gossip-poc/out_nb_incremental_clean0104/scenario_honest_awareness/honest_sth_proof_n12000_pg0p012_a0p2_ff0_s58003_drop0_pc0p05_pgc0p05,sth_proof,0.012,0.2,60.0,0.0,8694,21504
C:/Users/efasllija/dev/gossip-poc/out_nb_incremental_clean0104/scenario_honest_awareness/honest_sth_proof_n12000_pg0p012_a0p2_ff0_s58003_drop0_pc0p05_pgc0p05,sth_proof,0.012,0.2,65.0,0.0,9294,21504
C:/Users/efasllija/dev/gossip-poc/out_nb_incremental_clean0104/scenario_honest_awareness/honest_sth_proof_n12000_pg0p012_a0p2_ff0_s58003_drop0_pc0p05_pgc0p05,sth_proof,0.012,0.2,70.0,0.0,9958,21504
C:/Users/efasllija/dev/gossip-poc/out_nb_incremental_clean0104/scenario_honest_awareness/honest_sth_proof_n12000_pg0p012_a0p2_ff0_s58003_drop0_pc0p05_pgc0p05,sth_proof,0.012,0.2,75.0,0.0,10573,24192
C:/Users/efasllija/dev/gossip-poc/out_nb_incremental_clean0104/scenario_honest_awareness/honest_sth_proof_n12000_pg0p012_a0p2_ff0_s58003_drop0_pc0p05_pgc0p05,sth_proof,0.012,0.2,80.0,0.0,11175,24192
C:/Users/efasllija/dev/gossip-poc/out_nb_incremental_clean0104/scenario_honest_awareness/honest_sth_proof_n12000_pg0p012_a0p2_ff0_s58003_drop0_pc0p05_pgc0p05,sth_proof,0.012,0.2,85.0,0.0,11791,24192
C:/Users/efasllija/dev/gossip-poc/out_nb_incremental_clean0104/scenario_honest_awareness/honest_sth_proof_n12000_pg0p012_a0p2_ff0_s58003_drop0_pc0p05_pgc0p05,sth_proof,0.012,0.2,90.0,0.0,12506,24192
C:/Users/efasllija/dev/gossip-poc/out_nb_incremental_clean0104/scenario_honest_awareness/honest_sth_proof_n12000_pg0p012_a0p2_ff0_s58003_drop0_pc0p05_pgc0p05,sth_proof,0.012,0.2,95.0,0.0,13140,24192
C:/Users/efasllija/dev/gossip-poc/out_nb_incremental_clean0104/scenario_honest_awareness/honest_sth_proof_n12000_pg0p012_a0p2_ff0_s58003_drop0_pc0p05_pgc0p05,sth_proof,0.012,0.2,100.0,0.0,13790,25984
C:/Users/efasllija/dev/gossip-poc/out_nb_incremental_clean0104/scenario_honest_awareness/honest_sth_proof_n12000_pg0p012_a0p2_ff0_s58003_drop0_pc0p05_pgc0p05,sth_proof,0.012,0.2,105.0,0.0,14437,25984
C:/Users/efasllija/dev/gossip-poc/out_nb_incremental_clean0104/scenario_honest_awareness/honest_sth_proof_n12000_pg0p012_a0p2_ff0_s58003_drop0_pc0p05_pgc0p05,sth_proof,0.012,0.2,110.0,0.0,15144,25984
C:/Users/efasllija/dev/gossip-poc/out_nb_incremental_clean0104/scenario_honest_awareness/honest_sth_proof_n12000_pg0p012_a0p2_ff0_s58003_drop0_pc0p05_pgc0p05,sth_proof,0.012,0.2,115.0,0.0,15887,41216
C:/Users/efasllija/dev/gossip-poc/out_nb_incremental_clean0104/scenario_honest_awareness/honest_sth_proof_n12000_pg0p012_a0p2_ff0_s58004_drop0_pc0p05_pgc0p05,sth_proof,0.012,0.2,0.0,0.0,695,896
C:/Users/efasllija/dev/gossip-poc/out_nb_incremental_clean0104/scenario_honest_awareness/honest_sth_proof_n12000_pg0p012_a0p2_ff0_s58004_drop0_pc0p05_pgc0p05,sth_proof,0.012,0.2,5.0,0.0,1494,896
C:/Users/efasllija/dev/gossip-poc/out_nb_incremental_clean0104/scenario_honest_awareness/honest_sth_proof_n12000_pg0p012_a0p2_ff0_s58004_drop0_pc0p05_pgc0p05,sth_proof,0.012,0.2,10.0,0.0,2229,896
C:/Users/efasllija/dev/gossip-poc/out_nb_incremental_clean0104/scenario_honest_awareness/honest_sth_proof_n12000_pg0p012_a0p2_ff0_s58004_drop0_pc0p05_pgc0p05,sth_proof,0.012,0.2,15.0,0.0,3067,3584
C:/Users/efasllija/dev/gossip-poc/out_nb_incremental_clean0104/scenario_honest_awareness/honest_sth_proof_n12000_pg0p012_a0p2_ff0_s58004_drop0_pc0p05_pgc0p05,sth_proof,0.012,0.2,20.0,0.0,3689,3584
C:/Users/efasllija/dev/gossip-poc/out_nb_incremental_clean0104/scenario_honest_awareness/honest_sth_proof_n12000_pg0p012_a0p2_ff0_s58004_drop0_pc0p05_pgc0p05,sth_proof,0.012,0.2,25.0,0.0,4342,3584
C:/Users/efasllija/dev/gossip-poc/out_nb_incremental_clean0104/scenario_honest_awareness/honest_sth_proof_n12000_pg0p012_a0p2_ff0_s58004_drop0_pc0p05_pgc0p05,sth_proof,0.012,0.2,30.0,0.0,5000,4480
C:/Users/efasllija/dev/gossip-poc/out_nb_incremental_clean0104/scenario_honest_awareness/honest_sth_proof_n12000_pg0p012_a0p2_ff0_s58004_drop0_pc0p05_pgc0p05,sth_proof,0.012,0.2,35.0,0.0,5732,4480
C:/Users/efasllija/dev/gossip-poc/out_nb_incremental_clean0104/scenario_honest_awareness/honest_sth_proof_n12000_pg0p012_a0p2_ff0_s58004_drop0_pc0p05_pgc0p05,sth_proof,0.012,0.2,40.0,0.0,6418,5376
C:/Users/efasllija/dev/gossip-poc/out_nb_incremental_clean0104/scenario_honest_awareness/honest_sth_proof_n12000_pg0p012_a0p2_ff0_s58004_drop0_pc0p05_pgc0p05,sth_proof,0.012,0.2,45.0,0.0,7103,6272
C:/Users/efasllija/dev/gossip-poc/out_nb_incremental_clean0104/scenario_honest_awareness/honest_sth_proof_n12000_pg0p012_a0p2_ff0_s58004_drop0_pc0p05_pgc0p05,sth_proof,0.012,0.2,50.0,0.0,7656,6272
C:/Users/efasllija/dev/gossip-poc/out_nb_incremental_clean0104/scenario_honest_awareness/honest_sth_proof_n12000_pg0p012_a0p2_ff0_s58004_drop0_pc0p05_pgc0p05,sth_proof,0.012,0.2,55.0,0.0,8327,6272
C:/Users/efasllija/dev/gossip-poc/out_nb_incremental_clean0104/scenario_honest_awareness/honest_sth_proof_n12000_pg0p012_a0p2_ff0_s58004_drop0_pc0p05_pgc0p05,sth_proof,0.012,0.2,60.0,0.0,8918,6272
C:/Users/efasllija/dev/gossip-poc/out_nb_incremental_clean0104/scenario_honest_awareness/honest_sth_proof_n12000_pg0p012_a0p2_ff0_s58004_drop0_pc0p05_pgc0p05,sth_proof,0.012,0.2,65.0,0.0,9569,6272
C:/Users/efasllija/dev/gossip-poc/out_nb_incremental_clean0104/scenario_honest_awareness/honest_sth_proof_n12000_pg0p012_a0p2_ff0_s58004_drop0_pc0p05_pgc0p05,sth_proof,0.012,0.2,70.0,0.0,10270,6272
C:/Users/efasllija/dev/gossip-poc/out_nb_incremental_clean0104/scenario_honest_awareness/honest_sth_proof_n12000_pg0p012_a0p2_ff0_s58004_drop0_pc0p05_pgc0p05,sth_proof,0.012,0.2,75.0,0.0,10950,7168
C:/Users/efasllija/dev/gossip-poc/out_nb_incremental_clean0104/scenario_honest_awareness/honest_sth_proof_n12000_pg0p012_a0p2_ff0_s58004_drop0_pc0p05_pgc0p05,sth_proof,0.012,0.2,80.0,0.0,11660,7168
C:/Users/efasllija/dev/gossip-poc/out_nb_incremental_clean0104/scenario_honest_awareness/honest_sth_proof_n12000_pg0p012_a0p2_ff0_s58004_drop0_pc0p05_pgc0p05,sth_proof,0.012,0.2,85.0,0.0,12440,8064
C:/Users/efasllija/dev/gossip-poc/out_nb_incremental_clean0104/scenario_honest_awareness/honest_sth_proof_n12000_pg0p012_a0p2_ff0_s58004_drop0_pc0p05_pgc0p05,sth_proof,0.012,0.2,90.0,0.0,13066,8064
C:/Users/efasllija/dev/gossip-poc/out_nb_incremental_clean0104/scenario_honest_awareness/honest_sth_proof_n12000_pg0p012_a0p2_ff0_s58004_drop0_pc0p05_pgc0p05,sth_proof,0.012,0.2,95.0,0.0,13845,20608
C:/Users/efasllija/dev/gossip-poc/out_nb_incremental_clean0104/scenario_honest_awareness/honest_sth_proof_n12000_pg0p012_a0p2_ff0_s58004_drop0_pc0p05_pgc0p05,sth_proof,0.012,0.2,100.0,0.0,14593,20608
C:/Users/efasllija/dev/gossip-poc/out_nb_incremental_clean0104/scenario_honest_awareness/honest_sth_proof_n12000_pg0p012_a0p2_ff0_s58004_drop0_pc0p05_pgc0p05,sth_proof,0.012,0.2,105.0,0.0,15220,21504
C:/Users/efasllija/dev/gossip-poc/out_nb_incremental_clean0104/scenario_honest_awareness/honest_sth_proof_n12000_pg0p012_a0p2_ff0_s58004_drop0_pc0p05_pgc0p05,sth_proof,0.012,0.2,110.0,0.0,15942,31360
C:/Users/efasllija/dev/gossip-poc/out_nb_incremental_clean0104/scenario_honest_awareness/honest_sth_proof_n12000_pg0p012_a0p2_ff0_s58004_drop0_pc0p05_pgc0p05,sth_proof,0.012,0.2,115.0,0.0,16658,32256
C:/Users/efasllija/dev/gossip-poc/out_nb_incremental_clean0104/scenario_honest_awareness/honest_sth_proof_n12000_pg0p012_a0p2_ff0_s58005_drop0_pc0p05_pgc0p05,sth_proof,0.012,0.2,0.0,0.0,806,896
C:/Users/efasllija/dev/gossip-poc/out_nb_incremental_clean0104/scenario_honest_awareness/honest_sth_proof_n12000_pg0p012_a0p2_ff0_s58005_drop0_pc0p05_pgc0p05,sth_proof,0.012,0.2,5.0,0.0,1466,1792
C:/Users/efasllija/dev/gossip-poc/out_nb_incremental_clean0104/scenario_honest_awareness/honest_sth_proof_n12000_pg0p012_a0p2_ff0_s58005_drop0_pc0p05_pgc0p05,sth_proof,0.012,0.2,10.0,0.0,1998,17920
C:/Users/efasllija/dev/gossip-poc/out_nb_incremental_clean0104/scenario_honest_awareness/honest_sth_proof_n12000_pg0p012_a0p2_ff0_s58005_drop0_pc0p05_pgc0p05,sth_proof,0.012,0.2,15.0,0.0,2606,18816
C:/Users/efasllija/dev/gossip-poc/out_nb_incremental_clean0104/scenario_honest_awareness/honest_sth_proof_n12000_pg0p012_a0p2_ff0_s58005_drop0_pc0p05_pgc0p05,sth_proof,0.012,0.2,20.0,0.0,3154,19712
C:/Users/efasllija/dev/gossip-poc/out_nb_incremental_clean0104/scenario_honest_awareness/honest_sth_proof_n12000_pg0p012_a0p2_ff0_s58005_drop0_pc0p05_pgc0p05,sth_proof,0.012,0.2,25.0,0.0,3842,20608
C:/Users/efasllija/dev/gossip-poc/out_nb_incremental_clean0104/scenario_honest_awareness/honest_sth_proof_n12000_pg0p012_a0p2_ff0_s58005_drop0_pc0p05_pgc0p05,sth_proof,0.012,0.2,30.0,0.0,4538,21504
C:/Users/efasllija/dev/gossip-poc/out_nb_incremental_clean0104/scenario_honest_awareness/honest_sth_proof_n12000_pg0p012_a0p2_ff0_s58005_drop0_pc0p05_pgc0p05,sth_proof,0.012,0.2,35.0,0.0,5169,23296
C:/Users/efasllija/dev/gossip-poc/out_nb_incremental_clean0104/scenario_honest_awareness/honest_sth_proof_n12000_pg0p012_a0p2_ff0_s58005_drop0_pc0p05_pgc0p05,sth_proof,0.012,0.2,40.0,0.0,5887,23296
C:/Users/efasllija/dev/gossip-poc/out_nb_incremental_clean0104/scenario_honest_awareness/honest_sth_proof_n12000_pg0p012_a0p2_ff0_s58005_drop0_pc0p05_pgc0p05,sth_proof,0.012,0.2,45.0,0.0,6421,23296
C:/Users/efasllija/dev/gossip-poc/out_nb_incremental_clean0104/scenario_honest_awareness/honest_sth_proof_n12000_pg0p012_a0p2_ff0_s58005_drop0_pc0p05_pgc0p05,sth_proof,0.012,0.2,50.0,0.0,6945,23296
C:/Users/efasllija/dev/gossip-poc/out_nb_incremental_clean0104/scenario_honest_awareness/honest_sth_proof_n12000_pg0p012_a0p2_ff0_s58005_drop0_pc0p05_pgc0p05,sth_proof,0.012,0.2,55.0,0.0,7583,23296
C:/Users/efasllija/dev/gossip-poc/out_nb_incremental_clean0104/scenario_honest_awareness/honest_sth_proof_n12000_pg0p012_a0p2_ff0_s58005_drop0_pc0p05_pgc0p05,sth_proof,0.012,0.2,60.0,0.0,8289,24192
C:/Users/efasllija/dev/gossip-poc/out_nb_incremental_clean0104/scenario_honest_awareness/honest_sth_proof_n12000_pg0p012_a0p2_ff0_s58005_drop0_pc0p05_pgc0p05,sth_proof,0.012,0.2,65.0,0.0,8899,25088
C:/Users/efasllija/dev/gossip-poc/out_nb_incremental_clean0104/scenario_honest_awareness/honest_sth_proof_n12000_pg0p012_a0p2_ff0_s58005_drop0_pc0p05_pgc0p05,sth_proof,0.012,0.2,70.0,0.0,9443,25088
C:/Users/efasllija/dev/gossip-poc/out_nb_incremental_clean0104/scenario_honest_awareness/honest_sth_proof_n12000_pg0p012_a0p2_ff0_s58005_drop0_pc0p05_pgc0p05,sth_proof,0.012,0.2,75.0,0.0,9912,25088
C:/Users/efasllija/dev/gossip-poc/out_nb_incremental_clean0104/scenario_honest_awareness/honest_sth_proof_n12000_pg0p012_a0p2_ff0_s58005_drop0_pc0p05_pgc0p05,sth_proof,0.012,0.2,80.0,0.0,10444,25984
C:/Users/efasllija/dev/gossip-poc/out_nb_incremental_clean0104/scenario_honest_awareness/honest_sth_proof_n12000_pg0p012_a0p2_ff0_s58005_drop0_pc0p05_pgc0p05,sth_proof,0.012,0.2,85.0,0.0,11065,25984
C:/Users/efasllija/dev/gossip-poc/out_nb_incremental_clean0104/scenario_honest_awareness/honest_sth_proof_n12000_pg0p012_a0p2_ff0_s58005_drop0_pc0p05_pgc0p05,sth_proof,0.012,0.2,90.0,0.0,11721,25984
C:/Users/efasllija/dev/gossip-poc/out_nb_incremental_clean0104/scenario_honest_awareness/honest_sth_proof_n12000_pg0p012_a0p2_ff0_s58005_drop0_pc0p05_pgc0p05,sth_proof,0.012,0.2,95.0,0.0,12201,26880
C:/Users/efasllija/dev/gossip-poc/out_nb_incremental_clean0104/scenario_honest_awareness/honest_sth_proof_n12000_pg0p012_a0p2_ff0_s58005_drop0_pc0p05_pgc0p05,sth_proof,0.012,0.2,100.0,0.0,12887,26880
C:/Users/efasllija/dev/gossip-poc/out_nb_incremental_clean0104/scenario_honest_awareness/honest_sth_proof_n12000_pg0p012_a0p2_ff0_s58005_drop0_pc0p05_pgc0p05,sth_proof,0.012,0.2,105.0,0.0,13514,27776
C:/Users/efasllija/dev/gossip-poc/out_nb_incremental_clean0104/scenario_honest_awareness/honest_sth_proof_n12000_pg0p012_a0p2_ff0_s58005_drop0_pc0p05_pgc0p05,sth_proof,0.012,0.2,110.0,0.0,14109,28672
C:/Users/efasllija/dev/gossip-poc/out_nb_incremental_clean0104/scenario_honest_awareness/honest_sth_proof_n12000_pg0p012_a0p2_ff0_s58005_drop0_pc0p05_pgc0p05,sth_proof,0.012,0.2,115.0,0.0,14689,29568
C:/Users/efasllija/dev/gossip-poc/out_nb_incremental_clean0104/scenario_honest_awareness/honest_sth_proof_n12000_pg0p012_a0p2_ff0_s58006_drop0_pc0p05_pgc0p05,sth_proof,0.012,0.2,0.0,0.0,693,0
C:/Users/efasllija/dev/gossip-poc/out_nb_incremental_clean0104/scenario_honest_awareness/honest_sth_proof_n12000_pg0p012_a0p2_ff0_s58006_drop0_pc0p05_pgc0p05,sth_proof,0.012,0.2,5.0,0.0,1511,0
C:/Users/efasllija/dev/gossip-poc/out_nb_incremental_clean0104/scenario_honest_awareness/honest_sth_proof_n12000_pg0p012_a0p2_ff0_s58006_drop0_pc0p05_pgc0p05,sth_proof,0.012,0.2,10.0,0.0,2219,0
C:/Users/efasllija/dev/gossip-poc/out_nb_incremental_clean0104/scenario_honest_awareness/honest_sth_proof_n12000_pg0p012_a0p2_ff0_s58006_drop0_pc0p05_pgc0p05,sth_proof,0.012,0.2,15.0,0.0,2792,0
C:/Users/efasllija/dev/gossip-poc/out_nb_incremental_clean0104/scenario_honest_awareness/honest_sth_proof_n12000_pg0p012_a0p2_ff0_s58006_drop0_pc0p05_pgc0p05,sth_proof,0.012,0.2,20.0,0.0,3434,1792
C:/Users/efasllija/dev/gossip-poc/out_nb_incremental_clean0104/scenario_honest_awareness/honest_sth_proof_n12000_pg0p012_a0p2_ff0_s58006_drop0_pc0p05_pgc0p05,sth_proof,0.012,0.2,25.0,0.0,4022,2688
C:/Users/efasllija/dev/gossip-poc/out_nb_incremental_clean0104/scenario_honest_awareness/honest_sth_proof_n12000_pg0p012_a0p2_ff0_s58006_drop0_pc0p05_pgc0p05,sth_proof,0.012,0.2,30.0,0.0,4666,2688
C:/Users/efasllija/dev/gossip-poc/out_nb_incremental_clean0104/scenario_honest_awareness/honest_sth_proof_n12000_pg0p012_a0p2_ff0_s58006_drop0_pc0p05_pgc0p05,sth_proof,0.012,0.2,35.0,0.0,5295,4480
C:/Users/efasllija/dev/gossip-poc/out_nb_incremental_clean0104/scenario_honest_awareness/honest_sth_proof_n12000_pg0p012_a0p2_ff0_s58006_drop0_pc0p05_pgc0p05,sth_proof,0.012,0.2,40.0,0.0,5910,4480
C:/Users/efasllija/dev/gossip-poc/out_nb_incremental_clean0104/scenario_honest_awareness/honest_sth_proof_n12000_pg0p012_a0p2_ff0_s58006_drop0_pc0p05_pgc0p05,sth_proof,0.012,0.2,45.0,0.0,6531,5376
C:/Users/efasllija/dev/gossip-poc/out_nb_incremental_clean0104/scenario_honest_awareness/honest_sth_proof_n12000_pg0p012_a0p2_ff0_s58006_drop0_pc0p05_pgc0p05,sth_proof,0.012,0.2,50.0,0.0,7164,5376
C:/Users/efasllija/dev/gossip-poc/out_nb_incremental_clean0104/scenario_honest_awareness/honest_sth_proof_n12000_pg0p012_a0p2_ff0_s58006_drop0_pc0p05_pgc0p05,sth_proof,0.012,0.2,55.0,0.0,7957,6272
C:/Users/efasllija/dev/gossip-poc/out_nb_incremental_clean0104/scenario_honest_awareness/honest_sth_proof_n12000_pg0p012_a0p2_ff0_s58006_drop0_pc0p05_pgc0p05,sth_proof,0.012,0.2,60.0,0.0,8557,7168
C:/Users/efasllija/dev/gossip-poc/out_nb_incremental_clean0104/scenario_honest_awareness/honest_sth_proof_n12000_pg0p012_a0p2_ff0_s58006_drop0_pc0p05_pgc0p05,sth_proof,0.012,0.2,65.0,0.0,9198,18816
C:/Users/efasllija/dev/gossip-poc/out_nb_incremental_clean0104/scenario_honest_awareness/honest_sth_proof_n12000_pg0p012_a0p2_ff0_s58006_drop0_pc0p05_pgc0p05,sth_proof,0.012,0.2,70.0,0.0,9719,21504
C:/Users/efasllija/dev/gossip-poc/out_nb_incremental_clean0104/scenario_honest_awareness/honest_sth_proof_n12000_pg0p012_a0p2_ff0_s58006_drop0_pc0p05_pgc0p05,sth_proof,0.012,0.2,75.0,0.0,10341,21504
C:/Users/efasllija/dev/gossip-poc/out_nb_incremental_clean0104/scenario_honest_awareness/honest_sth_proof_n12000_pg0p012_a0p2_ff0_s58006_drop0_pc0p05_pgc0p05,sth_proof,0.012,0.2,80.0,0.0,10982,21504
C:/Users/efasllija/dev/gossip-poc/out_nb_incremental_clean0104/scenario_honest_awareness/honest_sth_proof_n12000_pg0p012_a0p2_ff0_s58006_drop0_pc0p05_pgc0p05,sth_proof,0.012,0.2,85.0,0.0,11736,21504
C:/Users/efasllija/dev/gossip-poc/out_nb_incremental_clean0104/scenario_honest_awareness/honest_sth_proof_n12000_pg0p012_a0p2_ff0_s58006_drop0_pc0p05_pgc0p05,sth_proof,0.012,0.2,90.0,0.0,12385,24192
C:/Users/efasllija/dev/gossip-poc/out_nb_incremental_clean0104/scenario_honest_awareness/honest_sth_proof_n12000_pg0p012_a0p2_ff0_s58006_drop0_pc0p05_pgc0p05,sth_proof,0.012,0.2,95.0,0.0,13051,24192
C:/Users/efasllija/dev/gossip-poc/out_nb_incremental_clean0104/scenario_honest_awareness/honest_sth_proof_n12000_pg0p012_a0p2_ff0_s58006_drop0_pc0p05_pgc0p05,sth_proof,0.012,0.2,100.0,0.0,13832,35840
C:/Users/efasllija/dev/gossip-poc/out_nb_incremental_clean0104/scenario_honest_awareness/honest_sth_proof_n12000_pg0p012_a0p2_ff0_s58006_drop0_pc0p05_pgc0p05,sth_proof,0.012,0.2,105.0,0.0,14501,37632
C:/Users/efasllija/dev/gossip-poc/out_nb_incremental_clean0104/scenario_honest_awareness/honest_sth_proof_n12000_pg0p012_a0p2_ff0_s58006_drop0_pc0p05_pgc0p05,sth_proof,0.012,0.2,110.0,0.0,15204,46592
C:/Users/efasllija/dev/gossip-poc/out_nb_incremental_clean0104/scenario_honest_awareness/honest_sth_proof_n12000_pg0p012_a0p2_ff0_s58006_drop0_pc0p05_pgc0p05,sth_proof,0.012,0.2,115.0,0.0,15937,46592
C:/Users/efasllija/dev/gossip-poc/out_nb_incremental_clean0104/scenario_honest_awareness/honest_sth_proof_n12000_pg0p012_a0p2_ff0_s58007_drop0_pc0p05_pgc0p05,sth_proof,0.012,0.2,0.0,0.0,621,896
C:/Users/efasllija/dev/gossip-poc/out_nb_incremental_clean0104/scenario_honest_awareness/honest_sth_proof_n12000_pg0p012_a0p2_ff0_s58007_drop0_pc0p05_pgc0p05,sth_proof,0.012,0.2,5.0,0.0,1229,896
C:/Users/efasllija/dev/gossip-poc/out_nb_incremental_clean0104/scenario_honest_awareness/honest_sth_proof_n12000_pg0p012_a0p2_ff0_s58007_drop0_pc0p05_pgc0p05,sth_proof,0.012,0.2,10.0,0.0,1900,1792
C:/Users/efasllija/dev/gossip-poc/out_nb_incremental_clean0104/scenario_honest_awareness/honest_sth_proof_n12000_pg0p012_a0p2_ff0_s58007_drop0_pc0p05_pgc0p05,sth_proof,0.012,0.2,15.0,0.0,2504,1792
C:/Users/efasllija/dev/gossip-poc/out_nb_incremental_clean0104/scenario_honest_awareness/honest_sth_proof_n12000_pg0p012_a0p2_ff0_s58007_drop0_pc0p05_pgc0p05,sth_proof,0.012,0.2,20.0,0.0,3185,2688
C:/Users/efasllija/dev/gossip-poc/out_nb_incremental_clean0104/scenario_honest_awareness/honest_sth_proof_n12000_pg0p012_a0p2_ff0_s58007_drop0_pc0p05_pgc0p05,sth_proof,0.012,0.2,25.0,0.0,3897,2688
C:/Users/efasllija/dev/gossip-poc/out_nb_incremental_clean0104/scenario_honest_awareness/honest_sth_proof_n12000_pg0p012_a0p2_ff0_s58007_drop0_pc0p05_pgc0p05,sth_proof,0.012,0.2,30.0,0.0,4415,4480
C:/Users/efasllija/dev/gossip-poc/out_nb_incremental_clean0104/scenario_honest_awareness/honest_sth_proof_n12000_pg0p012_a0p2_ff0_s58007_drop0_pc0p05_pgc0p05,sth_proof,0.012,0.2,35.0,0.0,5079,5376
C:/Users/efasllija/dev/gossip-poc/out_nb_incremental_clean0104/scenario_honest_awareness/honest_sth_proof_n12000_pg0p012_a0p2_ff0_s58007_drop0_pc0p05_pgc0p05,sth_proof,0.012,0.2,40.0,0.0,5720,5376
C:/Users/efasllija/dev/gossip-poc/out_nb_incremental_clean0104/scenario_honest_awareness/honest_sth_proof_n12000_pg0p012_a0p2_ff0_s58007_drop0_pc0p05_pgc0p05,sth_proof,0.012,0.2,45.0,0.0,6400,5376
C:/Users/efasllija/dev/gossip-poc/out_nb_incremental_clean0104/scenario_honest_awareness/honest_sth_proof_n12000_pg0p012_a0p2_ff0_s58007_drop0_pc0p05_pgc0p05,sth_proof,0.012,0.2,50.0,0.0,6988,5376
C:/Users/efasllija/dev/gossip-poc/out_nb_incremental_clean0104/scenario_honest_awareness/honest_sth_proof_n12000_pg0p012_a0p2_ff0_s58007_drop0_pc0p05_pgc0p05,sth_proof,0.012,0.2,55.0,0.0,7590,5376
C:/Users/efasllija/dev/gossip-poc/out_nb_incremental_clean0104/scenario_honest_awareness/honest_sth_proof_n12000_pg0p012_a0p2_ff0_s58007_drop0_pc0p05_pgc0p05,sth_proof,0.012,0.2,60.0,0.0,8267,5376
C:/Users/efasllija/dev/gossip-poc/out_nb_incremental_clean0104/scenario_honest_awareness/honest_sth_proof_n12000_pg0p012_a0p2_ff0_s58007_drop0_pc0p05_pgc0p05,sth_proof,0.012,0.2,65.0,0.0,8979,6272
C:/Users/efasllija/dev/gossip-poc/out_nb_incremental_clean0104/scenario_honest_awareness/honest_sth_proof_n12000_pg0p012_a0p2_ff0_s58007_drop0_pc0p05_pgc0p05,sth_proof,0.012,0.2,70.0,0.0,9488,6272
C:/Users/efasllija/dev/gossip-poc/out_nb_incremental_clean0104/scenario_honest_awareness/honest_sth_proof_n12000_pg0p012_a0p2_ff0_s58007_drop0_pc0p05_pgc0p05,sth_proof,0.012,0.2,75.0,0.0,10063,6272
C:/Users/efasllija/dev/gossip-poc/out_nb_incremental_clean0104/scenario_honest_awareness/honest_sth_proof_n12000_pg0p012_a0p2_ff0_s58007_drop0_pc0p05_pgc0p05,sth_proof,0.012,0.2,80.0,0.0,10672,6272
C:/Users/efasllija/dev/gossip-poc/out_nb_incremental_clean0104/scenario_honest_awareness/honest_sth_proof_n12000_pg0p012_a0p2_ff0_s58007_drop0_pc0p05_pgc0p05,sth_proof,0.012,0.2,85.0,0.0,11272,6272
C:/Users/efasllija/dev/gossip-poc/out_nb_incremental_clean0104/scenario_honest_awareness/honest_sth_proof_n12000_pg0p012_a0p2_ff0_s58007_drop0_pc0p05_pgc0p05,sth_proof,0.012,0.2,90.0,0.0,11969,6272
C:/Users/efasllija/dev/gossip-poc/out_nb_incremental_clean0104/scenario_honest_awareness/honest_sth_proof_n12000_pg0p012_a0p2_ff0_s58007_drop0_pc0p05_pgc0p05,sth_proof,0.012,0.2,95.0,0.0,12734,6272
C:/Users/efasllija/dev/gossip-poc/out_nb_incremental_clean0104/scenario_honest_awareness/honest_sth_proof_n12000_pg0p012_a0p2_ff0_s58007_drop0_pc0p05_pgc0p05,sth_proof,0.012,0.2,100.0,0.0,13371,6272
C:/Users/efasllija/dev/gossip-poc/out_nb_incremental_clean0104/scenario_honest_awareness/honest_sth_proof_n12000_pg0p012_a0p2_ff0_s58007_drop0_pc0p05_pgc0p05,sth_proof,0.012,0.2,105.0,0.0,13966,6272
C:/Users/efasllija/dev/gossip-poc/out_nb_incremental_clean0104/scenario_honest_awareness/honest_sth_proof_n12000_pg0p012_a0p2_ff0_s58007_drop0_pc0p05_pgc0p05,sth_proof,0.012,0.2,110.0,0.0,14712,6272
C:/Users/efasllija/dev/gossip-poc/out_nb_incremental_clean0104/scenario_honest_awareness/honest_sth_proof_n12000_pg0p012_a0p2_ff0_s58007_drop0_pc0p05_pgc0p05,sth_proof,0.012,0.2,115.0,0.0,15498,8064
C:/Users/efasllija/dev/gossip-poc/out_nb_incremental_clean0104/scenario_honest_awareness/honest_sth_proof_n12000_pg0p02_a0p2_ff0_s58000_drop0_pc0p05_pgc0p05,sth_proof,0.02,0.2,0.0,0.0,809,10752
C:/Users/efasllija/dev/gossip-poc/out_nb_incremental_clean0104/scenario_honest_awareness/honest_sth_proof_n12000_pg0p02_a0p2_ff0_s58000_drop0_pc0p05_pgc0p05,sth_proof,0.02,0.2,5.0,0.0,1519,11648
C:/Users/efasllija/dev/gossip-poc/out_nb_incremental_clean0104/scenario_honest_awareness/honest_sth_proof_n12000_pg0p02_a0p2_ff0_s58000_drop0_pc0p05_pgc0p05,sth_proof,0.02,0.2,10.0,0.0,2114,12544
C:/Users/efasllija/dev/gossip-poc/out_nb_incremental_clean0104/scenario_honest_awareness/honest_sth_proof_n12000_pg0p02_a0p2_ff0_s58000_drop0_pc0p05_pgc0p05,sth_proof,0.02,0.2,15.0,0.0,2731,17920
C:/Users/efasllija/dev/gossip-poc/out_nb_incremental_clean0104/scenario_honest_awareness/honest_sth_proof_n12000_pg0p02_a0p2_ff0_s58000_drop0_pc0p05_pgc0p05,sth_proof,0.02,0.2,20.0,0.0,3318,20608
C:/Users/efasllija/dev/gossip-poc/out_nb_incremental_clean0104/scenario_honest_awareness/honest_sth_proof_n12000_pg0p02_a0p2_ff0_s58000_drop0_pc0p05_pgc0p05,sth_proof,0.02,0.2,25.0,0.0,4015,20608
C:/Users/efasllija/dev/gossip-poc/out_nb_incremental_clean0104/scenario_honest_awareness/honest_sth_proof_n12000_pg0p02_a0p2_ff0_s58000_drop0_pc0p05_pgc0p05,sth_proof,0.02,0.2,30.0,0.0,4718,21504
C:/Users/efasllija/dev/gossip-poc/out_nb_incremental_clean0104/scenario_honest_awareness/honest_sth_proof_n12000_pg0p02_a0p2_ff0_s58000_drop0_pc0p05_pgc0p05,sth_proof,0.02,0.2,35.0,0.0,5396,21504
C:/Users/efasllija/dev/gossip-poc/out_nb_incremental_clean0104/scenario_honest_awareness/honest_sth_proof_n12000_pg0p02_a0p2_ff0_s58000_drop0_pc0p05_pgc0p05,sth_proof,0.02,0.2,40.0,0.0,6084,22400
C:/Users/efasllija/dev/gossip-poc/out_nb_incremental_clean0104/scenario_honest_awareness/honest_sth_proof_n12000_pg0p02_a0p2_ff0_s58000_drop0_pc0p05_pgc0p05,sth_proof,0.02,0.2,45.0,0.0,6754,25088
C:/Users/efasllija/dev/gossip-poc/out_nb_incremental_clean0104/scenario_honest_awareness/honest_sth_proof_n12000_pg0p02_a0p2_ff0_s58000_drop0_pc0p05_pgc0p05,sth_proof,0.02,0.2,50.0,0.0,7435,34944
C:/Users/efasllija/dev/gossip-poc/out_nb_incremental_clean0104/scenario_honest_awareness/honest_sth_proof_n12000_pg0p02_a0p2_ff0_s58000_drop0_pc0p05_pgc0p05,sth_proof,0.02,0.2,55.0,0.0,8168,46592
C:/Users/efasllija/dev/gossip-poc/out_nb_incremental_clean0104/scenario_honest_awareness/honest_sth_proof_n12000_pg0p02_a0p2_ff0_s58000_drop0_pc0p05_pgc0p05,sth_proof,0.02,0.2,60.0,0.0,8782,47488
C:/Users/efasllija/dev/gossip-poc/out_nb_incremental_clean0104/scenario_honest_awareness/honest_sth_proof_n12000_pg0p02_a0p2_ff0_s58000_drop0_pc0p05_pgc0p05,sth_proof,0.02,0.2,65.0,0.0,9361,60928
C:/Users/efasllija/dev/gossip-poc/out_nb_incremental_clean0104/scenario_honest_awareness/honest_sth_proof_n12000_pg0p02_a0p2_ff0_s58000_drop0_pc0p05_pgc0p05,sth_proof,0.02,0.2,70.0,0.0,10002,60928
C:/Users/efasllija/dev/gossip-poc/out_nb_incremental_clean0104/scenario_honest_awareness/honest_sth_proof_n12000_pg0p02_a0p2_ff0_s58000_drop0_pc0p05_pgc0p05,sth_proof,0.02,0.2,75.0,0.0,10613,75264
C:/Users/efasllija/dev/gossip-poc/out_nb_incremental_clean0104/scenario_honest_awareness/honest_sth_proof_n12000_pg0p02_a0p2_ff0_s58000_drop0_pc0p05_pgc0p05,sth_proof,0.02,0.2,80.0,0.0,11349,77056
C:/Users/efasllija/dev/gossip-poc/out_nb_incremental_clean0104/scenario_honest_awareness/honest_sth_proof_n12000_pg0p02_a0p2_ff0_s58000_drop0_pc0p05_pgc0p05,sth_proof,0.02,0.2,85.0,0.0,11929,77056
C:/Users/efasllija/dev/gossip-poc/out_nb_incremental_clean0104/scenario_honest_awareness/honest_sth_proof_n12000_pg0p02_a0p2_ff0_s58000_drop0_pc0p05_pgc0p05,sth_proof,0.02,0.2,90.0,0.0,12604,90496
C:/Users/efasllija/dev/gossip-poc/out_nb_incremental_clean0104/scenario_honest_awareness/honest_sth_proof_n12000_pg0p02_a0p2_ff0_s58000_drop0_pc0p05_pgc0p05,sth_proof,0.02,0.2,95.0,0.0,13336,91392
C:/Users/efasllija/dev/gossip-poc/out_nb_incremental_clean0104/scenario_honest_awareness/honest_sth_proof_n12000_pg0p02_a0p2_ff0_s58000_drop0_pc0p05_pgc0p05,sth_proof,0.02,0.2,100.0,0.0,13942,92288
C:/Users/efasllija/dev/gossip-poc/out_nb_incremental_clean0104/scenario_honest_awareness/honest_sth_proof_n12000_pg0p02_a0p2_ff0_s58000_drop0_pc0p05_pgc0p05,sth_proof,0.02,0.2,105.0,0.0,14615,93184
C:/Users/efasllija/dev/gossip-poc/out_nb_incremental_clean0104/scenario_honest_awareness/honest_sth_proof_n12000_pg0p02_a0p2_ff0_s58000_drop0_pc0p05_pgc0p05,sth_proof,0.02,0.2,110.0,0.0,15425,103040
C:/Users/efasllija/dev/gossip-poc/out_nb_incremental_clean0104/scenario_honest_awareness/honest_sth_proof_n12000_pg0p02_a0p2_ff0_s58000_drop0_pc0p05_pgc0p05,sth_proof,0.02,0.2,115.0,0.0,16226,103936
C:/Users/efasllija/dev/gossip-poc/out_nb_incremental_clean0104/scenario_honest_awareness/honest_sth_proof_n12000_pg0p02_a0p2_ff0_s58001_drop0_pc0p05_pgc0p05,sth_proof,0.02,0.2,0.0,0.0,810,13440
C:/Users/efasllija/dev/gossip-poc/out_nb_incremental_clean0104/scenario_honest_awareness/honest_sth_proof_n12000_pg0p02_a0p2_ff0_s58001_drop0_pc0p05_pgc0p05,sth_proof,0.02,0.2,5.0,0.0,1446,21504
C:/Users/efasllija/dev/gossip-poc/out_nb_incremental_clean0104/scenario_honest_awareness/honest_sth_proof_n12000_pg0p02_a0p2_ff0_s58001_drop0_pc0p05_pgc0p05,sth_proof,0.02,0.2,10.0,0.0,2131,33152
C:/Users/efasllija/dev/gossip-poc/out_nb_incremental_clean0104/scenario_honest_awareness/honest_sth_proof_n12000_pg0p02_a0p2_ff0_s58001_drop0_pc0p05_pgc0p05,sth_proof,0.02,0.2,15.0,0.0,2947,40320
C:/Users/efasllija/dev/gossip-poc/out_nb_incremental_clean0104/scenario_honest_awareness/honest_sth_proof_n12000_pg0p02_a0p2_ff0_s58001_drop0_pc0p05_pgc0p05,sth_proof,0.02,0.2,20.0,0.0,3696,40320
C:/Users/efasllija/dev/gossip-poc/out_nb_incremental_clean0104/scenario_honest_awareness/honest_sth_proof_n12000_pg0p02_a0p2_ff0_s58001_drop0_pc0p05_pgc0p05,sth_proof,0.02,0.2,25.0,0.0,4499,42112
C:/Users/efasllija/dev/gossip-poc/out_nb_incremental_clean0104/scenario_honest_awareness/honest_sth_proof_n12000_pg0p02_a0p2_ff0_s58001_drop0_pc0p05_pgc0p05,sth_proof,0.02,0.2,30.0,0.0,5155,43008
C:/Users/efasllija/dev/gossip-poc/out_nb_incremental_clean0104/scenario_honest_awareness/honest_sth_proof_n12000_pg0p02_a0p2_ff0_s58001_drop0_pc0p05_pgc0p05,sth_proof,0.02,0.2,35.0,0.0,5871,43904
C:/Users/efasllija/dev/gossip-poc/out_nb_incremental_clean0104/scenario_honest_awareness/honest_sth_proof_n12000_pg0p02_a0p2_ff0_s58001_drop0_pc0p05_pgc0p05,sth_proof,0.02,0.2,40.0,0.0,6693,44800
C:/Users/efasllija/dev/gossip-poc/out_nb_incremental_clean0104/scenario_honest_awareness/honest_sth_proof_n12000_pg0p02_a0p2_ff0_s58001_drop0_pc0p05_pgc0p05,sth_proof,0.02,0.2,45.0,0.0,7270,44800
C:/Users/efasllija/dev/gossip-poc/out_nb_incremental_clean0104/scenario_honest_awareness/honest_sth_proof_n12000_pg0p02_a0p2_ff0_s58001_drop0_pc0p05_pgc0p05,sth_proof,0.02,0.2,50.0,0.0,7874,45696
C:/Users/efasllija/dev/gossip-poc/out_nb_incremental_clean0104/scenario_honest_awareness/honest_sth_proof_n12000_pg0p02_a0p2_ff0_s58001_drop0_pc0p05_pgc0p05,sth_proof,0.02,0.2,55.0,0.0,8573,45696
C:/Users/efasllija/dev/gossip-poc/out_nb_incremental_clean0104/scenario_honest_awareness/honest_sth_proof_n12000_pg0p02_a0p2_ff0_s58001_drop0_pc0p05_pgc0p05,sth_proof,0.02,0.2,60.0,0.0,9280,47488
C:/Users/efasllija/dev/gossip-poc/out_nb_incremental_clean0104/scenario_honest_awareness/honest_sth_proof_n12000_pg0p02_a0p2_ff0_s58001_drop0_pc0p05_pgc0p05,sth_proof,0.02,0.2,65.0,0.0,9816,48384
C:/Users/efasllija/dev/gossip-poc/out_nb_incremental_clean0104/scenario_honest_awareness/honest_sth_proof_n12000_pg0p02_a0p2_ff0_s58001_drop0_pc0p05_pgc0p05,sth_proof,0.02,0.2,70.0,0.0,10406,49280
C:/Users/efasllija/dev/gossip-poc/out_nb_incremental_clean0104/scenario_honest_awareness/honest_sth_proof_n12000_pg0p02_a0p2_ff0_s58001_drop0_pc0p05_pgc0p05,sth_proof,0.02,0.2,75.0,0.0,11062,51072
C:/Users/efasllija/dev/gossip-poc/out_nb_incremental_clean0104/scenario_honest_awareness/honest_sth_proof_n12000_pg0p02_a0p2_ff0_s58001_drop0_pc0p05_pgc0p05,sth_proof,0.02,0.2,80.0,0.0,11643,51072
C:/Users/efasllija/dev/gossip-poc/out_nb_incremental_clean0104/scenario_honest_awareness/honest_sth_proof_n12000_pg0p02_a0p2_ff0_s58001_drop0_pc0p05_pgc0p05,sth_proof,0.02,0.2,85.0,0.0,12260,51968
C:/Users/efasllija/dev/gossip-poc/out_nb_incremental_clean0104/scenario_honest_awareness/honest_sth_proof_n12000_pg0p02_a0p2_ff0_s58001_drop0_pc0p05_pgc0p05,sth_proof,0.02,0.2,90.0,0.0,12965,51968
C:/Users/efasllija/dev/gossip-poc/out_nb_incremental_clean0104/scenario_honest_awareness/honest_sth_proof_n12000_pg0p02_a0p2_ff0_s58001_drop0_pc0p05_pgc0p05,sth_proof,0.02,0.2,95.0,0.0,13671,52864
C:/Users/efasllija/dev/gossip-poc/out_nb_incremental_clean0104/scenario_honest_awareness/honest_sth_proof_n12000_pg0p02_a0p2_ff0_s58001_drop0_pc0p05_pgc0p05,sth_proof,0.02,0.2,100.0,0.0,14421,53760
C:/Users/efasllija/dev/gossip-poc/out_nb_incremental_clean0104/scenario_honest_awareness/honest_sth_proof_n12000_pg0p02_a0p2_ff0_s58001_drop0_pc0p05_pgc0p05,sth_proof,0.02,0.2,105.0,0.0,15098,66304
C:/Users/efasllija/dev/gossip-poc/out_nb_incremental_clean0104/scenario_honest_awareness/honest_sth_proof_n12000_pg0p02_a0p2_ff0_s58001_drop0_pc0p05_pgc0p05,sth_proof,0.02,0.2,110.0,0.0,15603,67200
C:/Users/efasllija/dev/gossip-poc/out_nb_incremental_clean0104/scenario_honest_awareness/honest_sth_proof_n12000_pg0p02_a0p2_ff0_s58001_drop0_pc0p05_pgc0p05,sth_proof,0.02,0.2,115.0,0.0,16267,68096
C:/Users/efasllija/dev/gossip-poc/out_nb_incremental_clean0104/scenario_honest_awareness/honest_sth_proof_n12000_pg0p02_a0p2_ff0_s58002_drop0_pc0p05_pgc0p05,sth_proof,0.02,0.2,0.0,0.0,761,6272
C:/Users/efasllija/dev/gossip-poc/out_nb_incremental_clean0104/scenario_honest_awareness/honest_sth_proof_n12000_pg0p02_a0p2_ff0_s58002_drop0_pc0p05_pgc0p05,sth_proof,0.02,0.2,5.0,0.0,1366,7168
C:/Users/efasllija/dev/gossip-poc/out_nb_incremental_clean0104/scenario_honest_awareness/honest_sth_proof_n12000_pg0p02_a0p2_ff0_s58002_drop0_pc0p05_pgc0p05,sth_proof,0.02,0.2,10.0,0.0,1976,8960
C:/Users/efasllija/dev/gossip-poc/out_nb_incremental_clean0104/scenario_honest_awareness/honest_sth_proof_n12000_pg0p02_a0p2_ff0_s58002_drop0_pc0p05_pgc0p05,sth_proof,0.02,0.2,15.0,0.0,2532,8960
C:/Users/efasllija/dev/gossip-poc/out_nb_incremental_clean0104/scenario_honest_awareness/honest_sth_proof_n12000_pg0p02_a0p2_ff0_s58002_drop0_pc0p05_pgc0p05,sth_proof,0.02,0.2,20.0,0.0,3161,9856
C:/Users/efasllija/dev/gossip-poc/out_nb_incremental_clean0104/scenario_honest_awareness/honest_sth_proof_n12000_pg0p02_a0p2_ff0_s58002_drop0_pc0p05_pgc0p05,sth_proof,0.02,0.2,25.0,0.0,3817,17024
C:/Users/efasllija/dev/gossip-poc/out_nb_incremental_clean0104/scenario_honest_awareness/honest_sth_proof_n12000_pg0p02_a0p2_ff0_s58002_drop0_pc0p05_pgc0p05,sth_proof,0.02,0.2,30.0,0.0,4429,17920
C:/Users/efasllija/dev/gossip-poc/out_nb_incremental_clean0104/scenario_honest_awareness/honest_sth_proof_n12000_pg0p02_a0p2_ff0_s58002_drop0_pc0p05_pgc0p05,sth_proof,0.02,0.2,35.0,0.0,5038,17920
C:/Users/efasllija/dev/gossip-poc/out_nb_incremental_clean0104/scenario_honest_awareness/honest_sth_proof_n12000_pg0p02_a0p2_ff0_s58002_drop0_pc0p05_pgc0p05,sth_proof,0.02,0.2,40.0,0.0,5785,18816
C:/Users/efasllija/dev/gossip-poc/out_nb_incremental_clean0104/scenario_honest_awareness/honest_sth_proof_n12000_pg0p02_a0p2_ff0_s58002_drop0_pc0p05_pgc0p05,sth_proof,0.02,0.2,45.0,0.0,6483,19712
C:/Users/efasllija/dev/gossip-poc/out_nb_incremental_clean0104/scenario_honest_awareness/honest_sth_proof_n12000_pg0p02_a0p2_ff0_s58002_drop0_pc0p05_pgc0p05,sth_proof,0.02,0.2,50.0,0.0,7103,20608
C:/Users/efasllija/dev/gossip-poc/out_nb_incremental_clean0104/scenario_honest_awareness/honest_sth_proof_n12000_pg0p02_a0p2_ff0_s58002_drop0_pc0p05_pgc0p05,sth_proof,0.02,0.2,55.0,0.0,7684,22400
C:/Users/efasllija/dev/gossip-poc/out_nb_incremental_clean0104/scenario_honest_awareness/honest_sth_proof_n12000_pg0p02_a0p2_ff0_s58002_drop0_pc0p05_pgc0p05,sth_proof,0.02,0.2,60.0,0.0,8274,24192
C:/Users/efasllija/dev/gossip-poc/out_nb_incremental_clean0104/scenario_honest_awareness/honest_sth_proof_n12000_pg0p02_a0p2_ff0_s58002_drop0_pc0p05_pgc0p05,sth_proof,0.02,0.2,65.0,0.0,8878,25088
C:/Users/efasllija/dev/gossip-poc/out_nb_incremental_clean0104/scenario_honest_awareness/honest_sth_proof_n12000_pg0p02_a0p2_ff0_s58002_drop0_pc0p05_pgc0p05,sth_proof,0.02,0.2,70.0,0.0,9554,27776
C:/Users/efasllija/dev/gossip-poc/out_nb_incremental_clean0104/scenario_honest_awareness/honest_sth_proof_n12000_pg0p02_a0p2_ff0_s58002_drop0_pc0p05_pgc0p05,sth_proof,0.02,0.2,75.0,0.0,10105,27776
C:/Users/efasllija/dev/gossip-poc/out_nb_incremental_clean0104/scenario_honest_awareness/honest_sth_proof_n12000_pg0p02_a0p2_ff0_s58002_drop0_pc0p05_pgc0p05,sth_proof,0.02,0.2,80.0,0.0,10704,29568
C:/Users/efasllija/dev/gossip-poc/out_nb_incremental_clean0104/scenario_honest_awareness/honest_sth_proof_n12000_pg0p02_a0p2_ff0_s58002_drop0_pc0p05_pgc0p05,sth_proof,0.02,0.2,85.0,0.0,11344,29568
C:/Users/efasllija/dev/gossip-poc/out_nb_incremental_clean0104/scenario_honest_awareness/honest_sth_proof_n12000_pg0p02_a0p2_ff0_s58002_drop0_pc0p05_pgc0p05,sth_proof,0.02,0.2,90.0,0.0,11935,30464
C:/Users/efasllija/dev/gossip-poc/out_nb_incremental_clean0104/scenario_honest_awareness/honest_sth_proof_n12000_pg0p02_a0p2_ff0_s58002_drop0_pc0p05_pgc0p05,sth_proof,0.02,0.2,95.0,0.0,12523,38528
C:/Users/efasllija/dev/gossip-poc/out_nb_incremental_clean0104/scenario_honest_awareness/honest_sth_proof_n12000_pg0p02_a0p2_ff0_s58002_drop0_pc0p05_pgc0p05,sth_proof,0.02,0.2,100.0,0.0,13167,38528
C:/Users/efasllija/dev/gossip-poc/out_nb_incremental_clean0104/scenario_honest_awareness/honest_sth_proof_n12000_pg0p02_a0p2_ff0_s58002_drop0_pc0p05_pgc0p05,sth_proof,0.02,0.2,105.0,0.0,13920,49280
C:/Users/efasllija/dev/gossip-poc/out_nb_incremental_clean0104/scenario_honest_awareness/honest_sth_proof_n12000_pg0p02_a0p2_ff0_s58002_drop0_pc0p05_pgc0p05,sth_proof,0.02,0.2,110.0,0.0,14571,49280
C:/Users/efasllija/dev/gossip-poc/out_nb_incremental_clean0104/scenario_honest_awareness/honest_sth_proof_n12000_pg0p02_a0p2_ff0_s58002_drop0_pc0p05_pgc0p05,sth_proof,0.02,0.2,115.0,0.0,15276,51072
C:/Users/efasllija/dev/gossip-poc/out_nb_incremental_clean0104/scenario_honest_awareness/honest_sth_proof_n12000_pg0p02_a0p2_ff0_s58003_drop0_pc0p05_pgc0p05,sth_proof,0.02,0.2,0.0,0.0,730,896
C:/Users/efasllija/dev/gossip-poc/out_nb_incremental_clean0104/scenario_honest_awareness/honest_sth_proof_n12000_pg0p02_a0p2_ff0_s58003_drop0_pc0p05_pgc0p05,sth_proof,0.02,0.2,5.0,0.0,1303,1792
C:/Users/efasllija/dev/gossip-poc/out_nb_incremental_clean0104/scenario_honest_awareness/honest_sth_proof_n12000_pg0p02_a0p2_ff0_s58003_drop0_pc0p05_pgc0p05,sth_proof,0.02,0.2,10.0,0.0,1893,2688
C:/Users/efasllija/dev/gossip-poc/out_nb_incremental_clean0104/scenario_honest_awareness/honest_sth_proof_n12000_pg0p02_a0p2_ff0_s58003_drop0_pc0p05_pgc0p05,sth_proof,0.02,0.2,15.0,0.0,2514,3584
C:/Users/efasllija/dev/gossip-poc/out_nb_incremental_clean0104/scenario_honest_awareness/honest_sth_proof_n12000_pg0p02_a0p2_ff0_s58003_drop0_pc0p05_pgc0p05,sth_proof,0.02,0.2,20.0,0.0,3215,3584
C:/Users/efasllija/dev/gossip-poc/out_nb_incremental_clean0104/scenario_honest_awareness/honest_sth_proof_n12000_pg0p02_a0p2_ff0_s58003_drop0_pc0p05_pgc0p05,sth_proof,0.02,0.2,25.0,0.0,3778,5376
C:/Users/efasllija/dev/gossip-poc/out_nb_incremental_clean0104/scenario_honest_awareness/honest_sth_proof_n12000_pg0p02_a0p2_ff0_s58003_drop0_pc0p05_pgc0p05,sth_proof,0.02,0.2,30.0,0.0,4461,5376
C:/Users/efasllija/dev/gossip-poc/out_nb_incremental_clean0104/scenario_honest_awareness/honest_sth_proof_n12000_pg0p02_a0p2_ff0_s58003_drop0_pc0p05_pgc0p05,sth_proof,0.02,0.2,35.0,0.0,5159,8064
C:/Users/efasllija/dev/gossip-poc/out_nb_incremental_clean0104/scenario_honest_awareness/honest_sth_proof_n12000_pg0p02_a0p2_ff0_s58003_drop0_pc0p05_pgc0p05,sth_proof,0.02,0.2,40.0,0.0,5839,17024
C:/Users/efasllija/dev/gossip-poc/out_nb_incremental_clean0104/scenario_honest_awareness/honest_sth_proof_n12000_pg0p02_a0p2_ff0_s58003_drop0_pc0p05_pgc0p05,sth_proof,0.02,0.2,45.0,0.0,6525,24192
C:/Users/efasllija/dev/gossip-poc/out_nb_incremental_clean0104/scenario_honest_awareness/honest_sth_proof_n12000_pg0p02_a0p2_ff0_s58003_drop0_pc0p05_pgc0p05,sth_proof,0.02,0.2,50.0,0.0,7287,25088
C:/Users/efasllija/dev/gossip-poc/out_nb_incremental_clean0104/scenario_honest_awareness/honest_sth_proof_n12000_pg0p02_a0p2_ff0_s58003_drop0_pc0p05_pgc0p05,sth_proof,0.02,0.2,55.0,0.0,7887,25984
C:/Users/efasllija/dev/gossip-poc/out_nb_incremental_clean0104/scenario_honest_awareness/honest_sth_proof_n12000_pg0p02_a0p2_ff0_s58003_drop0_pc0p05_pgc0p05,sth_proof,0.02,0.2,60.0,0.0,8694,37632
C:/Users/efasllija/dev/gossip-poc/out_nb_incremental_clean0104/scenario_honest_awareness/honest_sth_proof_n12000_pg0p02_a0p2_ff0_s58003_drop0_pc0p05_pgc0p05,sth_proof,0.02,0.2,65.0,0.0,9294,37632
C:/Users/efasllija/dev/gossip-poc/out_nb_incremental_clean0104/scenario_honest_awareness/honest_sth_proof_n12000_pg0p02_a0p2_ff0_s58003_drop0_pc0p05_pgc0p05,sth_proof,0.02,0.2,70.0,0.0,9958,37632
C:/Users/efasllija/dev/gossip-poc/out_nb_incremental_clean0104/scenario_honest_awareness/honest_sth_proof_n12000_pg0p02_a0p2_ff0_s58003_drop0_pc0p05_pgc0p05,sth_proof,0.02,0.2,75.0,0.0,10573,41216
C:/Users/efasllija/dev/gossip-poc/out_nb_incremental_clean0104/scenario_honest_awareness/honest_sth_proof_n12000_pg0p02_a0p2_ff0_s58003_drop0_pc0p05_pgc0p05,sth_proof,0.02,0.2,80.0,0.0,11175,41216
C:/Users/efasllija/dev/gossip-poc/out_nb_incremental_clean0104/scenario_honest_awareness/honest_sth_proof_n12000_pg0p02_a0p2_ff0_s58003_drop0_pc0p05_pgc0p05,sth_proof,0.02,0.2,85.0,0.0,11791,41216
C:/Users/efasllija/dev/gossip-poc/out_nb_incremental_clean0104/scenario_honest_awareness/honest_sth_proof_n12000_pg0p02_a0p2_ff0_s58003_drop0_pc0p05_pgc0p05,sth_proof,0.02,0.2,90.0,0.0,12506,41216
C:/Users/efasllija/dev/gossip-poc/out_nb_incremental_clean0104/scenario_honest_awareness/honest_sth_proof_n12000_pg0p02_a0p2_ff0_s58003_drop0_pc0p05_pgc0p05,sth_proof,0.02,0.2,95.0,0.0,13140,41216
C:/Users/efasllija/dev/gossip-poc/out_nb_incremental_clean0104/scenario_honest_awareness/honest_sth_proof_n12000_pg0p02_a0p2_ff0_s58003_drop0_pc0p05_pgc0p05,sth_proof,0.02,0.2,100.0,0.0,13790,43904
C:/Users/efasllija/dev/gossip-poc/out_nb_incremental_clean0104/scenario_honest_awareness/honest_sth_proof_n12000_pg0p02_a0p2_ff0_s58003_drop0_pc0p05_pgc0p05,sth_proof,0.02,0.2,105.0,0.0,14437,43904
C:/Users/efasllija/dev/gossip-poc/out_nb_incremental_clean0104/scenario_honest_awareness/honest_sth_proof_n12000_pg0p02_a0p2_ff0_s58003_drop0_pc0p05_pgc0p05,sth_proof,0.02,0.2,110.0,0.0,15144,44800
C:/Users/efasllija/dev/gossip-poc/out_nb_incremental_clean0104/scenario_honest_awareness/honest_sth_proof_n12000_pg0p02_a0p2_ff0_s58003_drop0_pc0p05_pgc0p05,sth_proof,0.02,0.2,115.0,0.0,15887,60032
C:/Users/efasllija/dev/gossip-poc/out_nb_incremental_clean0104/scenario_honest_awareness/honest_sth_proof_n12000_pg0p02_a0p2_ff0_s58004_drop0_pc0p05_pgc0p05,sth_proof,0.02,0.2,0.0,0.0,695,896
C:/Users/efasllija/dev/gossip-poc/out_nb_incremental_clean0104/scenario_honest_awareness/honest_sth_proof_n12000_pg0p02_a0p2_ff0_s58004_drop0_pc0p05_pgc0p05,sth_proof,0.02,0.2,5.0,0.0,1494,1792
C:/Users/efasllija/dev/gossip-poc/out_nb_incremental_clean0104/scenario_honest_awareness/honest_sth_proof_n12000_pg0p02_a0p2_ff0_s58004_drop0_pc0p05_pgc0p05,sth_proof,0.02,0.2,10.0,0.0,2229,2688
C:/Users/efasllija/dev/gossip-poc/out_nb_incremental_clean0104/scenario_honest_awareness/honest_sth_proof_n12000_pg0p02_a0p2_ff0_s58004_drop0_pc0p05_pgc0p05,sth_proof,0.02,0.2,15.0,0.0,3067,6272
C:/Users/efasllija/dev/gossip-poc/out_nb_incremental_clean0104/scenario_honest_awareness/honest_sth_proof_n12000_pg0p02_a0p2_ff0_s58004_drop0_pc0p05_pgc0p05,sth_proof,0.02,0.2,20.0,0.0,3689,14336
C:/Users/efasllija/dev/gossip-poc/out_nb_incremental_clean0104/scenario_honest_awareness/honest_sth_proof_n12000_pg0p02_a0p2_ff0_s58004_drop0_pc0p05_pgc0p05,sth_proof,0.02,0.2,25.0,0.0,4342,15232
C:/Users/efasllija/dev/gossip-poc/out_nb_incremental_clean0104/scenario_honest_awareness/honest_sth_proof_n12000_pg0p02_a0p2_ff0_s58004_drop0_pc0p05_pgc0p05,sth_proof,0.02,0.2,30.0,0.0,5000,16128
C:/Users/efasllija/dev/gossip-poc/out_nb_incremental_clean0104/scenario_honest_awareness/honest_sth_proof_n12000_pg0p02_a0p2_ff0_s58004_drop0_pc0p05_pgc0p05,sth_proof,0.02,0.2,35.0,0.0,5732,17024
C:/Users/efasllija/dev/gossip-poc/out_nb_incremental_clean0104/scenario_honest_awareness/honest_sth_proof_n12000_pg0p02_a0p2_ff0_s58004_drop0_pc0p05_pgc0p05,sth_proof,0.02,0.2,40.0,0.0,6418,17920
C:/Users/efasllija/dev/gossip-poc/out_nb_incremental_clean0104/scenario_honest_awareness/honest_sth_proof_n12000_pg0p02_a0p2_ff0_s58004_drop0_pc0p05_pgc0p05,sth_proof,0.02,0.2,45.0,0.0,7103,30464
C:/Users/efasllija/dev/gossip-poc/out_nb_incremental_clean0104/scenario_honest_awareness/honest_sth_proof_n12000_pg0p02_a0p2_ff0_s58004_drop0_pc0p05_pgc0p05,sth_proof,0.02,0.2,50.0,0.0,7656,30464
C:/Users/efasllija/dev/gossip-poc/out_nb_incremental_clean0104/scenario_honest_awareness/honest_sth_proof_n12000_pg0p02_a0p2_ff0_s58004_drop0_pc0p05_pgc0p05,sth_proof,0.02,0.2,55.0,0.0,8327,30464
C:/Users/efasllija/dev/gossip-poc/out_nb_incremental_clean0104/scenario_honest_awareness/honest_sth_proof_n12000_pg0p02_a0p2_ff0_s58004_drop0_pc0p05_pgc0p05,sth_proof,0.02,0.2,60.0,0.0,8918,31360
C:/Users/efasllija/dev/gossip-poc/out_nb_incremental_clean0104/scenario_honest_awareness/honest_sth_proof_n12000_pg0p02_a0p2_ff0_s58004_drop0_pc0p05_pgc0p05,sth_proof,0.02,0.2,65.0,0.0,9569,31360
C:/Users/efasllija/dev/gossip-poc/out_nb_incremental_clean0104/scenario_honest_awareness/honest_sth_proof_n12000_pg0p02_a0p2_ff0_s58004_drop0_pc0p05_pgc0p05,sth_proof,0.02,0.2,70.0,0.0,10270,31360
C:/Users/efasllija/dev/gossip-poc/out_nb_incremental_clean0104/scenario_honest_awareness/honest_sth_proof_n12000_pg0p02_a0p2_ff0_s58004_drop0_pc0p05_pgc0p05,sth_proof,0.02,0.2,75.0,0.0,10950,32256
C:/Users/efasllija/dev/gossip-poc/out_nb_incremental_clean0104/scenario_honest_awareness/honest_sth_proof_n12000_pg0p02_a0p2_ff0_s58004_drop0_pc0p05_pgc0p05,sth_proof,0.02,0.2,80.0,0.0,11660,32256
C:/Users/efasllija/dev/gossip-poc/out_nb_incremental_clean0104/scenario_honest_awareness/honest_sth_proof_n12000_pg0p02_a0p2_ff0_s58004_drop0_pc0p05_pgc0p05,sth_proof,0.02,0.2,85.0,0.0,12440,34048
C:/Users/efasllija/dev/gossip-poc/out_nb_incremental_clean0104/scenario_honest_awareness/honest_sth_proof_n12000_pg0p02_a0p2_ff0_s58004_drop0_pc0p05_pgc0p05,sth_proof,0.02,0.2,90.0,0.0,13066,34048
C:/Users/efasllija/dev/gossip-poc/out_nb_incremental_clean0104/scenario_honest_awareness/honest_sth_proof_n12000_pg0p02_a0p2_ff0_s58004_drop0_pc0p05_pgc0p05,sth_proof,0.02,0.2,95.0,0.0,13845,48384
C:/Users/efasllija/dev/gossip-poc/out_nb_incremental_clean0104/scenario_honest_awareness/honest_sth_proof_n12000_pg0p02_a0p2_ff0_s58004_drop0_pc0p05_pgc0p05,sth_proof,0.02,0.2,100.0,0.0,14593,48384
C:/Users/efasllija/dev/gossip-poc/out_nb_incremental_clean0104/scenario_honest_awareness/honest_sth_proof_n12000_pg0p02_a0p2_ff0_s58004_drop0_pc0p05_pgc0p05,sth_proof,0.02,0.2,105.0,0.0,15220,49280
C:/Users/efasllija/dev/gossip-poc/out_nb_incremental_clean0104/scenario_honest_awareness/honest_sth_proof_n12000_pg0p02_a0p2_ff0_s58004_drop0_pc0p05_pgc0p05,sth_proof,0.02,0.2,110.0,0.0,15942,59136
C:/Users/efasllija/dev/gossip-poc/out_nb_incremental_clean0104/scenario_honest_awareness/honest_sth_proof_n12000_pg0p02_a0p2_ff0_s58004_drop0_pc0p05_pgc0p05,sth_proof,0.02,0.2,115.0,0.0,16658,60032
C:/Users/efasllija/dev/gossip-poc/out_nb_incremental_clean0104/scenario_honest_awareness/honest_sth_proof_n12000_pg0p02_a0p2_ff0_s58005_drop0_pc0p05_pgc0p05,sth_proof,0.02,0.2,0.0,0.0,806,896
C:/Users/efasllija/dev/gossip-poc/out_nb_incremental_clean0104/scenario_honest_awareness/honest_sth_proof_n12000_pg0p02_a0p2_ff0_s58005_drop0_pc0p05_pgc0p05,sth_proof,0.02,0.2,5.0,0.0,1466,1792
C:/Users/efasllija/dev/gossip-poc/out_nb_incremental_clean0104/scenario_honest_awareness/honest_sth_proof_n12000_pg0p02_a0p2_ff0_s58005_drop0_pc0p05_pgc0p05,sth_proof,0.02,0.2,10.0,0.0,1998,17920
C:/Users/efasllija/dev/gossip-poc/out_nb_incremental_clean0104/scenario_honest_awareness/honest_sth_proof_n12000_pg0p02_a0p2_ff0_s58005_drop0_pc0p05_pgc0p05,sth_proof,0.02,0.2,15.0,0.0,2606,18816
C:/Users/efasllija/dev/gossip-poc/out_nb_incremental_clean0104/scenario_honest_awareness/honest_sth_proof_n12000_pg0p02_a0p2_ff0_s58005_drop0_pc0p05_pgc0p05,sth_proof,0.02,0.2,20.0,0.0,3154,20608
C:/Users/efasllija/dev/gossip-poc/out_nb_incremental_clean0104/scenario_honest_awareness/honest_sth_proof_n12000_pg0p02_a0p2_ff0_s58005_drop0_pc0p05_pgc0p05,sth_proof,0.02,0.2,25.0,0.0,3842,21504
C:/Users/efasllija/dev/gossip-poc/out_nb_incremental_clean0104/scenario_honest_awareness/honest_sth_proof_n12000_pg0p02_a0p2_ff0_s58005_drop0_pc0p05_pgc0p05,sth_proof,0.02,0.2,30.0,0.0,4538,22400
C:/Users/efasllija/dev/gossip-poc/out_nb_incremental_clean0104/scenario_honest_awareness/honest_sth_proof_n12000_pg0p02_a0p2_ff0_s58005_drop0_pc0p05_pgc0p05,sth_proof,0.02,0.2,35.0,0.0,5169,24192
C:/Users/efasllija/dev/gossip-poc/out_nb_incremental_clean0104/scenario_honest_awareness/honest_sth_proof_n12000_pg0p02_a0p2_ff0_s58005_drop0_pc0p05_pgc0p05,sth_proof,0.02,0.2,40.0,0.0,5887,24192
C:/Users/efasllija/dev/gossip-poc/out_nb_incremental_clean0104/scenario_honest_awareness/honest_sth_proof_n12000_pg0p02_a0p2_ff0_s58005_drop0_pc0p05_pgc0p05,sth_proof,0.02,0.2,45.0,0.0,6421,25088
C:/Users/efasllija/dev/gossip-poc/out_nb_incremental_clean0104/scenario_honest_awareness/honest_sth_proof_n12000_pg0p02_a0p2_ff0_s58005_drop0_pc0p05_pgc0p05,sth_proof,0.02,0.2,50.0,0.0,6945,25088
C:/Users/efasllija/dev/gossip-poc/out_nb_incremental_clean0104/scenario_honest_awareness/honest_sth_proof_n12000_pg0p02_a0p2_ff0_s58005_drop0_pc0p05_pgc0p05,sth_proof,0.02,0.2,55.0,0.0,7583,36736
C:/Users/efasllija/dev/gossip-poc/out_nb_incremental_clean0104/scenario_honest_awareness/honest_sth_proof_n12000_pg0p02_a0p2_ff0_s58005_drop0_pc0p05_pgc0p05,sth_proof,0.02,0.2,60.0,0.0,8289,37632
C:/Users/efasllija/dev/gossip-poc/out_nb_incremental_clean0104/scenario_honest_awareness/honest_sth_proof_n12000_pg0p02_a0p2_ff0_s58005_drop0_pc0p05_pgc0p05,sth_proof,0.02,0.2,65.0,0.0,8899,38528
C:/Users/efasllija/dev/gossip-poc/out_nb_incremental_clean0104/scenario_honest_awareness/honest_sth_proof_n12000_pg0p02_a0p2_ff0_s58005_drop0_pc0p05_pgc0p05,sth_proof,0.02,0.2,70.0,0.0,9443,38528
C:/Users/efasllija/dev/gossip-poc/out_nb_incremental_clean0104/scenario_honest_awareness/honest_sth_proof_n12000_pg0p02_a0p2_ff0_s58005_drop0_pc0p05_pgc0p05,sth_proof,0.02,0.2,75.0,0.0,9912,38528
C:/Users/efasllija/dev/gossip-poc/out_nb_incremental_clean0104/scenario_honest_awareness/honest_sth_proof_n12000_pg0p02_a0p2_ff0_s58005_drop0_pc0p05_pgc0p05,sth_proof,0.02,0.2,80.0,0.0,10444,40320
C:/Users/efasllija/dev/gossip-poc/out_nb_incremental_clean0104/scenario_honest_awareness/honest_sth_proof_n12000_pg0p02_a0p2_ff0_s58005_drop0_pc0p05_pgc0p05,sth_proof,0.02,0.2,85.0,0.0,11065,40320
C:/Users/efasllija/dev/gossip-poc/out_nb_incremental_clean0104/scenario_honest_awareness/honest_sth_proof_n12000_pg0p02_a0p2_ff0_s58005_drop0_pc0p05_pgc0p05,sth_proof,0.02,0.2,90.0,0.0,11721,51968
C:/Users/efasllija/dev/gossip-poc/out_nb_incremental_clean0104/scenario_honest_awareness/honest_sth_proof_n12000_pg0p02_a0p2_ff0_s58005_drop0_pc0p05_pgc0p05,sth_proof,0.02,0.2,95.0,0.0,12201,53760
C:/Users/efasllija/dev/gossip-poc/out_nb_incremental_clean0104/scenario_honest_awareness/honest_sth_proof_n12000_pg0p02_a0p2_ff0_s58005_drop0_pc0p05_pgc0p05,sth_proof,0.02,0.2,100.0,0.0,12887,54656
C:/Users/efasllija/dev/gossip-poc/out_nb_incremental_clean0104/scenario_honest_awareness/honest_sth_proof_n12000_pg0p02_a0p2_ff0_s58005_drop0_pc0p05_pgc0p05,sth_proof,0.02,0.2,105.0,0.0,13514,57344
C:/Users/efasllija/dev/gossip-poc/out_nb_incremental_clean0104/scenario_honest_awareness/honest_sth_proof_n12000_pg0p02_a0p2_ff0_s58005_drop0_pc0p05_pgc0p05,sth_proof,0.02,0.2,110.0,0.0,14109,58240
C:/Users/efasllija/dev/gossip-poc/out_nb_incremental_clean0104/scenario_honest_awareness/honest_sth_proof_n12000_pg0p02_a0p2_ff0_s58005_drop0_pc0p05_pgc0p05,sth_proof,0.02,0.2,115.0,0.0,14689,60032
C:/Users/efasllija/dev/gossip-poc/out_nb_incremental_clean0104/scenario_honest_awareness/honest_sth_proof_n12000_pg0p02_a0p2_ff0_s58006_drop0_pc0p05_pgc0p05,sth_proof,0.02,0.2,0.0,0.0,693,896
C:/Users/efasllija/dev/gossip-poc/out_nb_incremental_clean0104/scenario_honest_awareness/honest_sth_proof_n12000_pg0p02_a0p2_ff0_s58006_drop0_pc0p05_pgc0p05,sth_proof,0.02,0.2,5.0,0.0,1511,1792
C:/Users/efasllija/dev/gossip-poc/out_nb_incremental_clean0104/scenario_honest_awareness/honest_sth_proof_n12000_pg0p02_a0p2_ff0_s58006_drop0_pc0p05_pgc0p05,sth_proof,0.02,0.2,10.0,0.0,2219,1792
C:/Users/efasllija/dev/gossip-poc/out_nb_incremental_clean0104/scenario_honest_awareness/honest_sth_proof_n12000_pg0p02_a0p2_ff0_s58006_drop0_pc0p05_pgc0p05,sth_proof,0.02,0.2,15.0,0.0,2792,1792
C:/Users/efasllija/dev/gossip-poc/out_nb_incremental_clean0104/scenario_honest_awareness/honest_sth_proof_n12000_pg0p02_a0p2_ff0_s58006_drop0_pc0p05_pgc0p05,sth_proof,0.02,0.2,20.0,0.0,3434,4480
C:/Users/efasllija/dev/gossip-poc/out_nb_incremental_clean0104/scenario_honest_awareness/honest_sth_proof_n12000_pg0p02_a0p2_ff0_s58006_drop0_pc0p05_pgc0p05,sth_proof,0.02,0.2,25.0,0.0,4022,5376
C:/Users/efasllija/dev/gossip-poc/out_nb_incremental_clean0104/scenario_honest_awareness/honest_sth_proof_n12000_pg0p02_a0p2_ff0_s58006_drop0_pc0p05_pgc0p05,sth_proof,0.02,0.2,30.0,0.0,4666,5376
C:/Users/efasllija/dev/gossip-poc/out_nb_incremental_clean0104/scenario_honest_awareness/honest_sth_proof_n12000_pg0p02_a0p2_ff0_s58006_drop0_pc0p05_pgc0p05,sth_proof,0.02,0.2,35.0,0.0,5295,8064
C:/Users/efasllija/dev/gossip-poc/out_nb_incremental_clean0104/scenario_honest_awareness/honest_sth_proof_n12000_pg0p02_a0p2_ff0_s58006_drop0_pc0p05_pgc0p05,sth_proof,0.02,0.2,40.0,0.0,5910,8960
C:/Users/efasllija/dev/gossip-poc/out_nb_incremental_clean0104/scenario_honest_awareness/honest_sth_proof_n12000_pg0p02_a0p2_ff0_s58006_drop0_pc0p05_pgc0p05,sth_proof,0.02,0.2,45.0,0.0,6531,11648
C:/Users/efasllija/dev/gossip-poc/out_nb_incremental_clean0104/scenario_honest_awareness/honest_sth_proof_n12000_pg0p02_a0p2_ff0_s58006_drop0_pc0p05_pgc0p05,sth_proof,0.02,0.2,50.0,0.0,7164,12544
C:/Users/efasllija/dev/gossip-poc/out_nb_incremental_clean0104/scenario_honest_awareness/honest_sth_proof_n12000_pg0p02_a0p2_ff0_s58006_drop0_pc0p05_pgc0p05,sth_proof,0.02,0.2,55.0,0.0,7957,13440
C:/Users/efasllija/dev/gossip-poc/out_nb_incremental_clean0104/scenario_honest_awareness/honest_sth_proof_n12000_pg0p02_a0p2_ff0_s58006_drop0_pc0p05_pgc0p05,sth_proof,0.02,0.2,60.0,0.0,8557,16128
C:/Users/efasllija/dev/gossip-poc/out_nb_incremental_clean0104/scenario_honest_awareness/honest_sth_proof_n12000_pg0p02_a0p2_ff0_s58006_drop0_pc0p05_pgc0p05,sth_proof,0.02,0.2,65.0,0.0,9198,27776
C:/Users/efasllija/dev/gossip-poc/out_nb_incremental_clean0104/scenario_honest_awareness/honest_sth_proof_n12000_pg0p02_a0p2_ff0_s58006_drop0_pc0p05_pgc0p05,sth_proof,0.02,0.2,70.0,0.0,9719,30464
C:/Users/efasllija/dev/gossip-poc/out_nb_incremental_clean0104/scenario_honest_awareness/honest_sth_proof_n12000_pg0p02_a0p2_ff0_s58006_drop0_pc0p05_pgc0p05,sth_proof,0.02,0.2,75.0,0.0,10341,30464
C:/Users/efasllija/dev/gossip-poc/out_nb_incremental_clean0104/scenario_honest_awareness/honest_sth_proof_n12000_pg0p02_a0p2_ff0_s58006_drop0_pc0p05_pgc0p05,sth_proof,0.02,0.2,80.0,0.0,10982,31360
C:/Users/efasllija/dev/gossip-poc/out_nb_incremental_clean0104/scenario_honest_awareness/honest_sth_proof_n12000_pg0p02_a0p2_ff0_s58006_drop0_pc0p05_pgc0p05,sth_proof,0.02,0.2,85.0,0.0,11736,31360
C:/Users/efasllija/dev/gossip-poc/out_nb_incremental_clean0104/scenario_honest_awareness/honest_sth_proof_n12000_pg0p02_a0p2_ff0_s58006_drop0_pc0p05_pgc0p05,sth_proof,0.02,0.2,90.0,0.0,12385,34048
C:/Users/efasllija/dev/gossip-poc/out_nb_incremental_clean0104/scenario_honest_awareness/honest_sth_proof_n12000_pg0p02_a0p2_ff0_s58006_drop0_pc0p05_pgc0p05,sth_proof,0.02,0.2,95.0,0.0,13051,34048
C:/Users/efasllija/dev/gossip-poc/out_nb_incremental_clean0104/scenario_honest_awareness/honest_sth_proof_n12000_pg0p02_a0p2_ff0_s58006_drop0_pc0p05_pgc0p05,sth_proof,0.02,0.2,100.0,0.0,13832,45696
C:/Users/efasllija/dev/gossip-poc/out_nb_incremental_clean0104/scenario_honest_awareness/honest_sth_proof_n12000_pg0p02_a0p2_ff0_s58006_drop0_pc0p05_pgc0p05,sth_proof,0.02,0.2,105.0,0.0,14501,48384
C:/Users/efasllija/dev/gossip-poc/out_nb_incremental_clean0104/scenario_honest_awareness/honest_sth_proof_n12000_pg0p02_a0p2_ff0_s58006_drop0_pc0p05_pgc0p05,sth_proof,0.02,0.2,110.0,0.0,15204,58240
C:/Users/efasllija/dev/gossip-poc/out_nb_incremental_clean0104/scenario_honest_awareness/honest_sth_proof_n12000_pg0p02_a0p2_ff0_s58006_drop0_pc0p05_pgc0p05,sth_proof,0.02,0.2,115.0,0.0,15937,58240
C:/Users/efasllija/dev/gossip-poc/out_nb_incremental_clean0104/scenario_honest_awareness/honest_sth_proof_n12000_pg0p02_a0p2_ff0_s58007_drop0_pc0p05_pgc0p05,sth_proof,0.02,0.2,0.0,0.0,621,896
C:/Users/efasllija/dev/gossip-poc/out_nb_incremental_clean0104/scenario_honest_awareness/honest_sth_proof_n12000_pg0p02_a0p2_ff0_s58007_drop0_pc0p05_pgc0p05,sth_proof,0.02,0.2,5.0,0.0,1229,1792
C:/Users/efasllija/dev/gossip-poc/out_nb_incremental_clean0104/scenario_honest_awareness/honest_sth_proof_n12000_pg0p02_a0p2_ff0_s58007_drop0_pc0p05_pgc0p05,sth_proof,0.02,0.2,10.0,0.0,1900,2688
C:/Users/efasllija/dev/gossip-poc/out_nb_incremental_clean0104/scenario_honest_awareness/honest_sth_proof_n12000_pg0p02_a0p2_ff0_s58007_drop0_pc0p05_pgc0p05,sth_proof,0.02,0.2,15.0,0.0,2504,2688
C:/Users/efasllija/dev/gossip-poc/out_nb_incremental_clean0104/scenario_honest_awareness/honest_sth_proof_n12000_pg0p02_a0p2_ff0_s58007_drop0_pc0p05_pgc0p05,sth_proof,0.02,0.2,20.0,0.0,3185,3584
C:/Users/efasllija/dev/gossip-poc/out_nb_incremental_clean0104/scenario_honest_awareness/honest_sth_proof_n12000_pg0p02_a0p2_ff0_s58007_drop0_pc0p05_pgc0p05,sth_proof,0.02,0.2,25.0,0.0,3897,4480
C:/Users/efasllija/dev/gossip-poc/out_nb_incremental_clean0104/scenario_honest_awareness/honest_sth_proof_n12000_pg0p02_a0p2_ff0_s58007_drop0_pc0p05_pgc0p05,sth_proof,0.02,0.2,30.0,0.0,4415,6272
C:/Users/efasllija/dev/gossip-poc/out_nb_incremental_clean0104/scenario_honest_awareness/honest_sth_proof_n12000_pg0p02_a0p2_ff0_s58007_drop0_pc0p05_pgc0p05,sth_proof,0.02,0.2,35.0,0.0,5079,7168
C:/Users/efasllija/dev/gossip-poc/out_nb_incremental_clean0104/scenario_honest_awareness/honest_sth_proof_n12000_pg0p02_a0p2_ff0_s58007_drop0_pc0p05_pgc0p05,sth_proof,0.02,0.2,40.0,0.0,5720,7168
C:/Users/efasllija/dev/gossip-poc/out_nb_incremental_clean0104/scenario_honest_awareness/honest_sth_proof_n12000_pg0p02_a0p2_ff0_s58007_drop0_pc0p05_pgc0p05,sth_proof,0.02,0.2,45.0,0.0,6400,8064
C:/Users/efasllija/dev/gossip-poc/out_nb_incremental_clean0104/scenario_honest_awareness/honest_sth_proof_n12000_pg0p02_a0p2_ff0_s58007_drop0_pc0p05_pgc0p05,sth_proof,0.02,0.2,50.0,0.0,6988,8064
C:/Users/efasllija/dev/gossip-poc/out_nb_incremental_clean0104/scenario_honest_awareness/honest_sth_proof_n12000_pg0p02_a0p2_ff0_s58007_drop0_pc0p05_pgc0p05,sth_proof,0.02,0.2,55.0,0.0,7590,8064
C:/Users/efasllija/dev/gossip-poc/out_nb_incremental_clean0104/scenario_honest_awareness/honest_sth_proof_n12000_pg0p02_a0p2_ff0_s58007_drop0_pc0p05_pgc0p05,sth_proof,0.02,0.2,60.0,0.0,8267,8064
C:/Users/efasllija/dev/gossip-poc/out_nb_incremental_clean0104/scenario_honest_awareness/honest_sth_proof_n12000_pg0p02_a0p2_ff0_s58007_drop0_pc0p05_pgc0p05,sth_proof,0.02,0.2,65.0,0.0,8979,8960
C:/Users/efasllija/dev/gossip-poc/out_nb_incremental_clean0104/scenario_honest_awareness/honest_sth_proof_n12000_pg0p02_a0p2_ff0_s58007_drop0_pc0p05_pgc0p05,sth_proof,0.02,0.2,70.0,0.0,9488,8960
C:/Users/efasllija/dev/gossip-poc/out_nb_incremental_clean0104/scenario_honest_awareness/honest_sth_proof_n12000_pg0p02_a0p2_ff0_s58007_drop0_pc0p05_pgc0p05,sth_proof,0.02,0.2,75.0,0.0,10063,8960
C:/Users/efasllija/dev/gossip-poc/out_nb_incremental_clean0104/scenario_honest_awareness/honest_sth_proof_n12000_pg0p02_a0p2_ff0_s58007_drop0_pc0p05_pgc0p05,sth_proof,0.02,0.2,80.0,0.0,10672,8960
C:/Users/efasllija/dev/gossip-poc/out_nb_incremental_clean0104/scenario_honest_awareness/honest_sth_proof_n12000_pg0p02_a0p2_ff0_s58007_drop0_pc0p05_pgc0p05,sth_proof,0.02,0.2,85.0,0.0,11272,8960
C:/Users/efasllija/dev/gossip-poc/out_nb_incremental_clean0104/scenario_honest_awareness/honest_sth_proof_n12000_pg0p02_a0p2_ff0_s58007_drop0_pc0p05_pgc0p05,sth_proof,0.02,0.2,90.0,0.0,11969,8960
C:/Users/efasllija/dev/gossip-poc/out_nb_incremental_clean0104/scenario_honest_awareness/honest_sth_proof_n12000_pg0p02_a0p2_ff0_s58007_drop0_pc0p05_pgc0p05,sth_proof,0.02,0.2,95.0,0.0,12734,8960
C:/Users/efasllija/dev/gossip-poc/out_nb_incremental_clean0104/scenario_honest_awareness/honest_sth_proof_n12000_pg0p02_a0p2_ff0_s58007_drop0_pc0p05_pgc0p05,sth_proof,0.02,0.2,100.0,0.0,13371,8960
C:/Users/efasllija/dev/gossip-poc/out_nb_incremental_clean0104/scenario_honest_awareness/honest_sth_proof_n12000_pg0p02_a0p2_ff0_s58007_drop0_pc0p05_pgc0p05,sth_proof,0.02,0.2,105.0,0.0,13966,10752
C:/Users/efasllija/dev/gossip-poc/out_nb_incremental_clean0104/scenario_honest_awareness/honest_sth_proof_n12000_pg0p02_a0p2_ff0_s58007_drop0_pc0p05_pgc0p05,sth_proof,0.02,0.2,110.0,0.0,14712,10752
C:/Users/efasllija/dev/gossip-poc/out_nb_incremental_clean0104/scenario_honest_awareness/honest_sth_proof_n12000_pg0p02_a0p2_ff0_s58007_drop0_pc0p05_pgc0p05,sth_proof,0.02,0.2,115.0,0.0,15498,13440
