server_mode,mode,users,hours,dt_min,p_gossip,adoption,fork_frac,fork_hour,detected,lat_aw_min,lat_ev_min,aware_cov_end,evid_cov_end,t10_aw,t50_aw,t10_ev,t50_ev,msgs_first_ev,msgs_10_ev,msgs_50_ev,msgs_95_ev,bytes_per_send,bytes_per_delivery,crosscuts,crosscut_rate,proof_inconsistent,evidence_events,seed,p_contact_cross,p_group_cross,p_drop_crosscut,sticky_victims,msg_rate_1to1,msg_rate_group,groups,avg_group_size,proof_withhold_rate,proof_timeout_rate,invalid_proof_rate,wall_s,run_dir,adoption_fixed
permanent_fork,sth_proof,12000,6.0,5.0,0.005,0.05,0.05,3.0,False,,,0.0,0.0,,,,,,,,,0.08310146540530514,0.08310146540530514,0.0,0.0,0,0,47000,0.02,0.02,0.0,True,0.2,0.0,800,8,0.0,0.0,0.0,0.8056473731994629,C:/Users/efasllija/dev/gossip-poc/out_nb_incremental_clean0104/scenario_group_highfanout_connectivity/adoption_0.05/permanent_fork_sth_proof_n12000_pg0p005_a0p05_ff0p05_s47000_drop0_pc0p02_pgc0p02,0.05
permanent_fork,sth_proof,12000,6.0,5.0,0.005,0.05,0.05,3.0,False,,,0.0,0.0,,,,,,,,,0.2966606754327878,0.2966606754327878,0.0,0.0,0,0,47001,0.02,0.02,0.0,True,0.2,0.0,800,8,0.0,0.0,0.0,0.8163018226623535,C:/Users/efasllija/dev/gossip-poc/out_nb_incremental_clean0104/scenario_group_highfanout_connectivity/adoption_0.05/permanent_fork_sth_proof_n12000_pg0p005_a0p05_ff0p05_s47001_drop0_pc0p02_pgc0p02,0.05
permanent_fork,sth_proof,12000,6.0,5.0,0.005,0.05,0.05,3.0,False,,,0.0,0.0,,,,,,,,,0.2512032148030466,0.2512032148030466,0.0,0.0,0,0,47002,0.02,0.02,0.0,True,0.2,0.0,800,8,0.0,0.0,0.0,0.765812873840332,C:/Users/efasllija/dev/gossip-poc/out_nb_incremental_clean0104/scenario_group_highfanout_connectivity/adoption_0.05/permanent_fork_sth_proof_n12000_pg0p005_a0p05_ff0p05_s47002_drop0_pc0p02_pgc0p02,0.05
permanent_fork,sth_proof,12000,6.0,5.0,0.005,0.05,0.05,3.0,False,,,0.0,0.0,,,,,,,,,0.3015094702432458,0.3015094702432458,0.0,0.0,0,0,47003,0.02,0.02,0.0,True,0.2,0.0,800,8,0.0,0.0,0.0,0.7514941692352295,C:/Users/efasllija/dev/gossip-poc/out_nb_incremental_clean0104/scenario_group_highfanout_connectivity/adoption_0.05/permanent_fork_sth_proof_n12000_pg0p005_a0p05_ff0p05_s47003_drop0_pc0p02_pgc0p02,0.05
permanent_fork,sth_proof,12000,6.0,5.0,0.005,0.05,0.05,3.0,False,,,0.0,0.0,,,,,,,,,0.16646539712029726,0.16646539712029726,0.0,0.0,0,0,47004,0.02,0.02,0.0,True,0.2,0.0,800,8,0.0,0.0,0.0,0.8796002864837646,C:/Users/efasllija/dev/gossip-poc/out_nb_incremental_clean0104/scenario_group_highfanout_connectivity/adoption_0.05/permanent_fork_sth_proof_n12000_pg0p005_a0p05_ff0p05_s47004_drop0_pc0p02_pgc0p02,0.05
permanent_fork,sth_proof,12000,6.0,5.0,0.005,0.05,0.05,3.0,True,110.0,110.0,0.0,0.0,,,,,14723.0,,,,0.21644603343318194,0.21644603343318194,1.0,4.831384674847811e-05,1,1,47005,0.02,0.02,0.0,True,0.2,0.0,800,8,0.0,0.0,0.0,1.0036940574645996,C:/Users/efasllija/dev/gossip-poc/out_nb_incremental_clean0104/scenario_group_highfanout_connectivity/adoption_0.05/permanent_fork_sth_proof_n12000_pg0p005_a0p05_ff0p05_s47005_drop0_pc0p02_pgc0p02,0.05
permanent_fork,sth_proof,12000,6.0,5.0,0.005,0.05,0.05,3.0,True,125.0,125.0,0.0,0.0,,,,,15766.0,,,,0.2165297245045916,0.2165297245045916,1.0,4.833252779120348e-05,1,1,47006,0.02,0.02,0.0,True,0.2,0.0,800,8,0.0,0.0,0.0,0.9334738254547119,C:/Users/efasllija/dev/gossip-poc/out_nb_incremental_clean0104/scenario_group_highfanout_connectivity/adoption_0.05/permanent_fork_sth_proof_n12000_pg0p005_a0p05_ff0p05_s47006_drop0_pc0p02_pgc0p02,0.05
permanent_fork,sth_proof,12000,6.0,5.0,0.005,0.05,0.05,3.0,False,,,0.0,0.0,,,,,,,,,0.25399225172446377,0.25399225172446377,0.0,0.0,0,0,47007,0.02,0.02,0.0,True,0.2,0.0,800,8,0.0,0.0,0.0,0.9763584136962891,C:/Users/efasllija/dev/gossip-poc/out_nb_incremental_clean0104/scenario_group_highfanout_connectivity/adoption_0.05/permanent_fork_sth_proof_n12000_pg0p005_a0p05_ff0p05_s47007_drop0_pc0p02_pgc0p02,0.05
permanent_fork,sth_proof,12000,6.0,5.0,0.005,0.05,0.05,3.0,False,,,0.0,0.0,,,,,,,,,0.2157788267026298,0.2157788267026298,0.0,0.0,0,0,47008,0.02,0.02,0.0,True,0.2,0.0,800,8,0.0,0.0,0.0,0.9327883720397949,C:/Users/efasllija/dev/gossip-poc/out_nb_incremental_clean0104/scenario_group_highfanout_connectivity/adoption_0.05/permanent_fork_sth_proof_n12000_pg0p005_a0p05_ff0p05_s47008_drop0_pc0p02_pgc0p02,0.05
permanent_fork,sth_proof,12000,6.0,5.0,0.005,0.05,0.05,3.0,False,,,0.0,0.0,,,,,,,,,0.12485484695062474,0.12485484695062474,0.0,0.0,0,0,47009,0.02,0.02,0.0,True,0.2,0.0,800,8,0.0,0.0,0.0,0.9279756546020508,C:/Users/efasllija/dev/gossip-poc/out_nb_incremental_clean0104/scenario_group_highfanout_connectivity/adoption_0.05/permanent_fork_sth_proof_n12000_pg0p005_a0p05_ff0p05_s47009_drop0_pc0p02_pgc0p02,0.05
permanent_fork,sth_proof,12000,6.0,5.0,0.005,0.05,0.05,3.0,False,,,0.0,0.0,,,,,,,,,0.3965966655191069,0.3965966655191069,0.0,0.0,0,0,47010,0.02,0.02,0.0,True,0.2,0.0,800,8,0.0,0.0,0.0,1.0144412517547607,C:/Users/efasllija/dev/gossip-poc/out_nb_incremental_clean0104/scenario_group_highfanout_connectivity/adoption_0.05/permanent_fork_sth_proof_n12000_pg0p005_a0p05_ff0p05_s47010_drop0_pc0p02_pgc0p02,0.05
permanent_fork,sth_proof,12000,6.0,5.0,0.005,0.05,0.05,3.0,False,,,0.0,0.0,,,,,,,,,0.16811295088887845,0.16811295088887845,0.0,0.0,0,0,47011,0.02,0.02,0.0,True,0.2,0.0,800,8,0.0,0.0,0.0,0.7588222026824951,C:/Users/efasllija/dev/gossip-poc/out_nb_incremental_clean0104/scenario_group_highfanout_connectivity/adoption_0.05/permanent_fork_sth_proof_n12000_pg0p005_a0p05_ff0p05_s47011_drop0_pc0p02_pgc0p02,0.05
permanent_fork,sth_proof,12000,6.0,5.0,0.005,0.05,0.05,3.0,False,,,0.0,0.0,,,,,,,,,0.16877796091358607,0.16877796091358607,0.0,0.0,0,0,47012,0.02,0.02,0.0,True,0.2,0.0,800,8,0.0,0.0,0.0,0.7581446170806885,C:/Users/efasllija/dev/gossip-poc/out_nb_incremental_clean0104/scenario_group_highfanout_connectivity/adoption_0.05/permanent_fork_sth_proof_n12000_pg0p005_a0p05_ff0p05_s47012_drop0_pc0p02_pgc0p02,0.05
permanent_fork,sth_proof,12000,6.0,5.0,0.005,0.05,0.05,3.0,False,,,0.0,0.0,,,,,,,,,0.34636385600386566,0.34636385600386566,0.0,0.0,0,0,47013,0.02,0.02,0.0,True,0.2,0.0,800,8,0.0,0.0,0.0,0.7557878494262695,C:/Users/efasllija/dev/gossip-poc/out_nb_incremental_clean0104/scenario_group_highfanout_connectivity/adoption_0.05/permanent_fork_sth_proof_n12000_pg0p005_a0p05_ff0p05_s47013_drop0_pc0p02_pgc0p02,0.05
permanent_fork,sth_proof,12000,6.0,5.0,0.005,0.05,0.05,3.0,True,135.0,135.0,0.0,0.0,,,,,17387.0,,,,0.20812041252438912,0.20812041252438912,2.0,9.2910898448388e-05,2,2,47014,0.02,0.02,0.0,True,0.2,0.0,800,8,0.0,0.0,0.0,0.7596676349639893,C:/Users/efasllija/dev/gossip-poc/out_nb_incremental_clean0104/scenario_group_highfanout_connectivity/adoption_0.05/permanent_fork_sth_proof_n12000_pg0p005_a0p05_ff0p05_s47014_drop0_pc0p02_pgc0p02,0.05
permanent_fork,sth_proof,12000,6.0,5.0,0.005,0.05,0.05,3.0,True,40.0,40.0,0.0,0.0,,,,,10427.0,,,,0.24994188479241247,0.24994188479241247,1.0,4.64921660700172e-05,1,1,47000,0.02,0.02,0.0,True,0.2,0.0,800,32,0.0,0.0,0.0,0.7793629169464111,C:/Users/efasllija/dev/gossip-poc/out_nb_incremental_clean0104/scenario_group_highfanout_connectivity/adoption_0.05/permanent_fork_sth_proof_n12000_pg0p005_a0p05_ff0p05_s47000_drop0_pc0p02_pgc0p02,0.05
permanent_fork,sth_proof,12000,6.0,5.0,0.005,0.05,0.05,3.0,False,,,0.0,0.0,,,,,,,,,0.3405549220828582,0.3405549220828582,0.0,0.0,0,0,47001,0.02,0.02,0.0,True,0.2,0.0,800,32,0.0,0.0,0.0,0.7775998115539551,C:/Users/efasllija/dev/gossip-poc/out_nb_incremental_clean0104/scenario_group_highfanout_connectivity/adoption_0.05/permanent_fork_sth_proof_n12000_pg0p005_a0p05_ff0p05_s47001_drop0_pc0p02_pgc0p02,0.05
permanent_fork,sth_proof,12000,6.0,5.0,0.005,0.05,0.05,3.0,True,125.0,125.0,0.0,0.0,,,,,16409.0,,,,0.33485938521909747,0.33485938521909747,1.0,4.671587405400355e-05,1,1,47002,0.02,0.02,0.0,True,0.2,0.0,800,32,0.0,0.0,0.0,0.7691256999969482,C:/Users/efasllija/dev/gossip-poc/out_nb_incremental_clean0104/scenario_group_highfanout_connectivity/adoption_0.05/permanent_fork_sth_proof_n12000_pg0p005_a0p05_ff0p05_s47002_drop0_pc0p02_pgc0p02,0.05
permanent_fork,sth_proof,12000,6.0,5.0,0.005,0.05,0.05,3.0,False,,,0.0,0.0,,,,,,,,,0.1719439646900787,0.1719439646900787,0.0,0.0,0,0,47003,0.02,0.02,0.0,True,0.2,0.0,800,32,0.0,0.0,0.0,0.7793745994567871,C:/Users/efasllija/dev/gossip-poc/out_nb_incremental_clean0104/scenario_group_highfanout_connectivity/adoption_0.05/permanent_fork_sth_proof_n12000_pg0p005_a0p05_ff0p05_s47003_drop0_pc0p02_pgc0p02,0.05
permanent_fork,sth_proof,12000,6.0,5.0,0.005,0.05,0.05,3.0,False,,,0.0,0.0,,,,,,,,,0.12460597070276284,0.12460597070276284,0.0,0.0,0,0,47004,0.02,0.02,0.0,True,0.2,0.0,800,32,0.0,0.0,0.0,0.7680222988128662,C:/Users/efasllija/dev/gossip-poc/out_nb_incremental_clean0104/scenario_group_highfanout_connectivity/adoption_0.05/permanent_fork_sth_proof_n12000_pg0p005_a0p05_ff0p05_s47004_drop0_pc0p02_pgc0p02,0.05
permanent_fork,sth_proof,12000,6.0,5.0,0.005,0.05,0.05,3.0,True,80.0,80.0,0.0,0.0,,,,,12587.0,,,,0.12988644600144963,0.12988644600144963,1.0,4.8320850446967865e-05,1,1,47005,0.02,0.02,0.0,True,0.2,0.0,800,32,0.0,0.0,0.0,0.7960004806518555,C:/Users/efasllija/dev/gossip-poc/out_nb_incremental_clean0104/scenario_group_highfanout_connectivity/adoption_0.05/permanent_fork_sth_proof_n12000_pg0p005_a0p05_ff0p05_s47005_drop0_pc0p02_pgc0p02,0.05
permanent_fork,sth_proof,12000,6.0,5.0,0.005,0.05,0.05,3.0,False,,,0.0,0.0,,,,,,,,,0.21686513699293253,0.21686513699293253,0.0,0.0,0,0,47006,0.02,0.02,0.0,True,0.2,0.0,800,32,0.0,0.0,0.0,0.8009684085845947,C:/Users/efasllija/dev/gossip-poc/out_nb_incremental_clean0104/scenario_group_highfanout_connectivity/adoption_0.05/permanent_fork_sth_proof_n12000_pg0p005_a0p05_ff0p05_s47006_drop0_pc0p02_pgc0p02,0.05
permanent_fork,sth_proof,12000,6.0,5.0,0.005,0.05,0.05,3.0,True,140.0,140.0,0.0,0.0,,,,,17629.0,,,,0.3808983987530112,0.3808983987530112,1.0,4.723442444853809e-05,1,1,47007,0.02,0.02,0.0,True,0.2,0.0,800,32,0.0,0.0,0.0,0.7992455959320068,C:/Users/efasllija/dev/gossip-poc/out_nb_incremental_clean0104/scenario_group_highfanout_connectivity/adoption_0.05/permanent_fork_sth_proof_n12000_pg0p005_a0p05_ff0p05_s47007_drop0_pc0p02_pgc0p02,0.05
permanent_fork,sth_proof,12000,6.0,5.0,0.005,0.05,0.05,3.0,False,,,0.0,0.0,,,,,,,,,0.21453883727612297,0.21453883727612297,0.0,0.0,0,0,47008,0.02,0.02,0.0,True,0.2,0.0,800,32,0.0,0.0,0.0,0.7858898639678955,C:/Users/efasllija/dev/gossip-poc/out_nb_incremental_clean0104/scenario_group_highfanout_connectivity/adoption_0.05/permanent_fork_sth_proof_n12000_pg0p005_a0p05_ff0p05_s47008_drop0_pc0p02_pgc0p02,0.05
permanent_fork,sth_proof,12000,6.0,5.0,0.005,0.05,0.05,3.0,False,,,0.0,0.0,,,,,,,,,0.33215940685820206,0.33215940685820206,0.0,0.0,0,0,47009,0.02,0.02,0.0,True,0.2,0.0,800,32,0.0,0.0,0.0,0.8042144775390625,C:/Users/efasllija/dev/gossip-poc/out_nb_incremental_clean0104/scenario_group_highfanout_connectivity/adoption_0.05/permanent_fork_sth_proof_n12000_pg0p005_a0p05_ff0p05_s47009_drop0_pc0p02_pgc0p02,0.05
permanent_fork,sth_proof,12000,6.0,5.0,0.005,0.05,0.05,3.0,False,,,0.0,0.0,,,,,,,,,0.4831135728640753,0.4831135728640753,0.0,0.0,0,0,47010,0.02,0.02,0.0,True,0.2,0.0,800,32,0.0,0.0,0.0,0.7721719741821289,C:/Users/efasllija/dev/gossip-poc/out_nb_incremental_clean0104/scenario_group_highfanout_connectivity/adoption_0.05/permanent_fork_sth_proof_n12000_pg0p005_a0p05_ff0p05_s47010_drop0_pc0p02_pgc0p02,0.05
permanent_fork,sth_proof,12000,6.0,5.0,0.005,0.05,0.05,3.0,False,,,0.0,0.0,,,,,,,,,0.1257720381807973,0.1257720381807973,0.0,0.0,0,0,47011,0.02,0.02,0.0,True,0.2,0.0,800,32,0.0,0.0,0.0,0.7971837520599365,C:/Users/efasllija/dev/gossip-poc/out_nb_incremental_clean0104/scenario_group_highfanout_connectivity/adoption_0.05/permanent_fork_sth_proof_n12000_pg0p005_a0p05_ff0p05_s47011_drop0_pc0p02_pgc0p02,0.05
permanent_fork,sth_proof,12000,6.0,5.0,0.005,0.05,0.05,3.0,False,,,0.0,0.0,,,,,,,,,0.12641083521444696,0.12641083521444696,0.0,0.0,0,0,47012,0.02,0.02,0.0,True,0.2,0.0,800,32,0.0,0.0,0.0,0.7759964466094971,C:/Users/efasllija/dev/gossip-poc/out_nb_incremental_clean0104/scenario_group_highfanout_connectivity/adoption_0.05/permanent_fork_sth_proof_n12000_pg0p005_a0p05_ff0p05_s47012_drop0_pc0p02_pgc0p02,0.05
permanent_fork,sth_proof,12000,6.0,5.0,0.005,0.05,0.05,3.0,True,25.0,25.0,0.0,0.0,,,,,9558.0,,,,0.21617448369040726,0.21617448369040726,1.0,4.825323296660876e-05,1,1,47013,0.02,0.02,0.0,True,0.2,0.0,800,32,0.0,0.0,0.0,0.7813935279846191,C:/Users/efasllija/dev/gossip-poc/out_nb_incremental_clean0104/scenario_group_highfanout_connectivity/adoption_0.05/permanent_fork_sth_proof_n12000_pg0p005_a0p05_ff0p05_s47013_drop0_pc0p02_pgc0p02,0.05
permanent_fork,sth_proof,12000,6.0,5.0,0.005,0.05,0.05,3.0,False,,,0.0,0.0,,,,,,,,,0.16696948520847893,0.16696948520847893,0.0,0.0,0,0,47014,0.02,0.02,0.0,True,0.2,0.0,800,32,0.0,0.0,0.0,0.7875344753265381,C:/Users/efasllija/dev/gossip-poc/out_nb_incremental_clean0104/scenario_group_highfanout_connectivity/adoption_0.05/permanent_fork_sth_proof_n12000_pg0p005_a0p05_ff0p05_s47014_drop0_pc0p02_pgc0p02,0.05
permanent_fork,sth_proof,12000,6.0,5.0,0.005,0.05,0.05,3.0,True,170.0,170.0,0.0,0.0,,,,,20810.0,,,,0.20933601233587215,0.20933601233587215,1.0,4.6726788467828604e-05,1,1,47000,0.02,0.02,0.0,True,0.2,0.0,800,64,0.0,0.0,0.0,0.8054518699645996,C:/Users/efasllija/dev/gossip-poc/out_nb_incremental_clean0104/scenario_group_highfanout_connectivity/adoption_0.05/permanent_fork_sth_proof_n12000_pg0p005_a0p05_ff0p05_s47000_drop0_pc0p02_pgc0p02,0.05
permanent_fork,sth_proof,12000,6.0,5.0,0.005,0.05,0.05,3.0,False,,,0.0,0.0,,,,,,,,,0.16927218627497284,0.16927218627497284,0.0,0.0,0,0,47001,0.02,0.02,0.0,True,0.2,0.0,800,64,0.0,0.0,0.0,0.8154616355895996,C:/Users/efasllija/dev/gossip-poc/out_nb_incremental_clean0104/scenario_group_highfanout_connectivity/adoption_0.05/permanent_fork_sth_proof_n12000_pg0p005_a0p05_ff0p05_s47001_drop0_pc0p02_pgc0p02,0.05
permanent_fork,sth_proof,12000,6.0,5.0,0.005,0.05,0.05,3.0,False,,,0.0,0.0,,,,,,,,,0.16753926701570682,0.16753926701570682,0.0,0.0,0,0,47002,0.02,0.02,0.0,True,0.2,0.0,800,64,0.0,0.0,0.0,0.8040773868560791,C:/Users/efasllija/dev/gossip-poc/out_nb_incremental_clean0104/scenario_group_highfanout_connectivity/adoption_0.05/permanent_fork_sth_proof_n12000_pg0p005_a0p05_ff0p05_s47002_drop0_pc0p02_pgc0p02,0.05
permanent_fork,sth_proof,12000,6.0,5.0,0.005,0.05,0.05,3.0,True,110.0,110.0,0.0,0.0,,,,,14849.0,,,,0.30029684956430147,0.30029684956430147,2.0,9.575792396820837e-05,2,2,47003,0.02,0.02,0.0,True,0.2,0.0,800,64,0.0,0.0,0.0,0.7966840267181396,C:/Users/efasllija/dev/gossip-poc/out_nb_incremental_clean0104/scenario_group_highfanout_connectivity/adoption_0.05/permanent_fork_sth_proof_n12000_pg0p005_a0p05_ff0p05_s47003_drop0_pc0p02_pgc0p02,0.05
permanent_fork,sth_proof,12000,6.0,5.0,0.005,0.05,0.05,3.0,False,,,0.0,0.0,,,,,,,,,0.2932759749368746,0.2932759749368746,0.0,0.0,0,0,47004,0.02,0.02,0.0,True,0.2,0.0,800,64,0.0,0.0,0.0,0.8076648712158203,C:/Users/efasllija/dev/gossip-poc/out_nb_incremental_clean0104/scenario_group_highfanout_connectivity/adoption_0.05/permanent_fork_sth_proof_n12000_pg0p005_a0p05_ff0p05_s47004_drop0_pc0p02_pgc0p02,0.05
permanent_fork,sth_proof,12000,6.0,5.0,0.005,0.05,0.05,3.0,False,,,0.0,0.0,,,,,,,,,0.3022504939520987,0.3022504939520987,0.0,0.0,0,0,47005,0.02,0.02,0.0,True,0.2,0.0,800,64,0.0,0.0,0.0,0.8128077983856201,C:/Users/efasllija/dev/gossip-poc/out_nb_incremental_clean0104/scenario_group_highfanout_connectivity/adoption_0.05/permanent_fork_sth_proof_n12000_pg0p005_a0p05_ff0p05_s47005_drop0_pc0p02_pgc0p02,0.05
permanent_fork,sth_proof,12000,6.0,5.0,0.005,0.05,0.05,3.0,False,,,0.0,0.0,,,,,,,,,0.25963488843813387,0.25963488843813387,0.0,0.0,0,0,47006,0.02,0.02,0.0,True,0.2,0.0,800,64,0.0,0.0,0.0,0.7844386100769043,C:/Users/efasllija/dev/gossip-poc/out_nb_incremental_clean0104/scenario_group_highfanout_connectivity/adoption_0.05/permanent_fork_sth_proof_n12000_pg0p005_a0p05_ff0p05_s47006_drop0_pc0p02_pgc0p02,0.05
permanent_fork,sth_proof,12000,6.0,5.0,0.005,0.05,0.05,3.0,True,125.0,125.0,0.0,0.0,,,,,16284.0,,,,0.2536806342015855,0.2536806342015855,2.0,9.437523593808984e-05,2,2,47007,0.02,0.02,0.0,True,0.2,0.0,800,64,0.0,0.0,0.0,0.7990005016326904,C:/Users/efasllija/dev/gossip-poc/out_nb_incremental_clean0104/scenario_group_highfanout_connectivity/adoption_0.05/permanent_fork_sth_proof_n12000_pg0p005_a0p05_ff0p05_s47007_drop0_pc0p02_pgc0p02,0.05
permanent_fork,sth_proof,12000,6.0,5.0,0.005,0.05,0.05,3.0,False,,,0.0,0.0,,,,,,,,,0.17090267512278862,0.17090267512278862,0.0,0.0,0,0,47008,0.02,0.02,0.0,True,0.2,0.0,800,64,0.0,0.0,0.0,0.7854008674621582,C:/Users/efasllija/dev/gossip-poc/out_nb_incremental_clean0104/scenario_group_highfanout_connectivity/adoption_0.05/permanent_fork_sth_proof_n12000_pg0p005_a0p05_ff0p05_s47008_drop0_pc0p02_pgc0p02,0.05
permanent_fork,sth_proof,12000,6.0,5.0,0.005,0.05,0.05,3.0,False,,,0.0,0.0,,,,,,,,,0.2920197411304591,0.2920197411304591,0.0,0.0,0,0,47009,0.02,0.02,0.0,True,0.2,0.0,800,64,0.0,0.0,0.0,0.7975304126739502,C:/Users/efasllija/dev/gossip-poc/out_nb_incremental_clean0104/scenario_group_highfanout_connectivity/adoption_0.05/permanent_fork_sth_proof_n12000_pg0p005_a0p05_ff0p05_s47009_drop0_pc0p02_pgc0p02,0.05
permanent_fork,sth_proof,12000,6.0,5.0,0.005,0.05,0.05,3.0,False,,,0.0,0.0,,,,,,,,,0.13158410025455258,0.13158410025455258,0.0,0.0,0,0,47010,0.02,0.02,0.0,True,0.2,0.0,800,64,0.0,0.0,0.0,0.8024053573608398,C:/Users/efasllija/dev/gossip-poc/out_nb_incremental_clean0104/scenario_group_highfanout_connectivity/adoption_0.05/permanent_fork_sth_proof_n12000_pg0p005_a0p05_ff0p05_s47010_drop0_pc0p02_pgc0p02,0.05
permanent_fork,sth_proof,12000,6.0,5.0,0.005,0.05,0.05,3.0,False,,,0.0,0.0,,,,,,,,,0.29355050079565664,0.29355050079565664,0.0,0.0,0,0,47011,0.02,0.02,0.0,True,0.2,0.0,800,64,0.0,0.0,0.0,0.8340229988098145,C:/Users/efasllija/dev/gossip-poc/out_nb_incremental_clean0104/scenario_group_highfanout_connectivity/adoption_0.05/permanent_fork_sth_proof_n12000_pg0p005_a0p05_ff0p05_s47011_drop0_pc0p02_pgc0p02,0.05
permanent_fork,sth_proof,12000,6.0,5.0,0.005,0.05,0.05,3.0,True,120.0,120.0,0.0,0.0,,,,,15700.0,,,,0.21122112211221122,0.21122112211221122,1.0,4.714757190004715e-05,1,1,47012,0.02,0.02,0.0,True,0.2,0.0,800,64,0.0,0.0,0.0,0.8148505687713623,C:/Users/efasllija/dev/gossip-poc/out_nb_incremental_clean0104/scenario_group_highfanout_connectivity/adoption_0.05/permanent_fork_sth_proof_n12000_pg0p005_a0p05_ff0p05_s47012_drop0_pc0p02_pgc0p02,0.05
permanent_fork,sth_proof,12000,6.0,5.0,0.005,0.05,0.05,3.0,False,,,0.0,0.0,,,,,,,,,0.17406508013598834,0.17406508013598834,0.0,0.0,0,0,47013,0.02,0.02,0.0,True,0.2,0.0,800,64,0.0,0.0,0.0,0.8246629238128662,C:/Users/efasllija/dev/gossip-poc/out_nb_incremental_clean0104/scenario_group_highfanout_connectivity/adoption_0.05/permanent_fork_sth_proof_n12000_pg0p005_a0p05_ff0p05_s47013_drop0_pc0p02_pgc0p02,0.05
permanent_fork,sth_proof,12000,6.0,5.0,0.005,0.05,0.05,3.0,False,,,0.0,0.0,,,,,,,,,0.4595300261096606,0.4595300261096606,0.0,0.0,0,0,47014,0.02,0.02,0.0,True,0.2,0.0,800,64,0.0,0.0,0.0,0.7949249744415283,C:/Users/efasllija/dev/gossip-poc/out_nb_incremental_clean0104/scenario_group_highfanout_connectivity/adoption_0.05/permanent_fork_sth_proof_n12000_pg0p005_a0p05_ff0p05_s47014_drop0_pc0p02_pgc0p02,0.05
permanent_fork,sth_proof,12000,6.0,5.0,0.005,0.05,0.05,3.0,False,,,0.0,0.0,,,,,,,,,0.09300394436371186,0.09300394436371186,0.0,0.0,0,0,47000,0.02,0.02,0.0,True,0.2,0.02,800,8,0.0,0.0,0.0,0.8084700107574463,C:/Users/efasllija/dev/gossip-poc/out_nb_incremental_clean0104/scenario_group_highfanout_connectivity/adoption_0.05/permanent_fork_sth_proof_n12000_pg0p005_a0p05_ff0p05_s47000_drop0_pc0p02_pgc0p02,0.05
permanent_fork,sth_proof,12000,6.0,5.0,0.005,0.05,0.05,3.0,False,,,0.0,0.0,,,,,,,,,0.12454390659207006,0.12454390659207006,0.0,0.0,0,0,47001,0.02,0.02,0.0,True,0.2,0.02,800,8,0.0,0.0,0.0,0.82218337059021,C:/Users/efasllija/dev/gossip-poc/out_nb_incremental_clean0104/scenario_group_highfanout_connectivity/adoption_0.05/permanent_fork_sth_proof_n12000_pg0p005_a0p05_ff0p05_s47001_drop0_pc0p02_pgc0p02,0.05
permanent_fork,sth_proof,12000,6.0,5.0,0.005,0.05,0.05,3.0,False,,,0.0,0.0,,,,,,,,,0.06114580134438871,0.06114580134438871,0.0,0.0,0,0,47002,0.02,0.02,0.0,True,0.2,0.02,800,8,0.0,0.0,0.0,0.7861390113830566,C:/Users/efasllija/dev/gossip-poc/out_nb_incremental_clean0104/scenario_group_highfanout_connectivity/adoption_0.05/permanent_fork_sth_proof_n12000_pg0p005_a0p05_ff0p05_s47002_drop0_pc0p02_pgc0p02,0.05
permanent_fork,sth_proof,12000,6.0,5.0,0.005,0.05,0.05,3.0,False,,,0.0,0.0,,,,,,,,,0.7817953371492391,0.7817953371492391,0.0,0.0,0,0,47003,0.02,0.02,0.0,True,0.2,0.02,800,8,0.0,0.0,0.0,0.7995100021362305,C:/Users/efasllija/dev/gossip-poc/out_nb_incremental_clean0104/scenario_group_highfanout_connectivity/adoption_0.05/permanent_fork_sth_proof_n12000_pg0p005_a0p05_ff0p05_s47003_drop0_pc0p02_pgc0p02,0.05
permanent_fork,sth_proof,12000,6.0,5.0,0.005,0.05,0.05,3.0,True,75.0,75.0,0.0,0.0,,,,,17932.0,,,,0.12071404513304143,0.12071404513304143,1.0,3.368137420006736e-05,1,1,47004,0.02,0.02,0.0,True,0.2,0.02,800,8,0.0,0.0,0.0,0.8171408176422119,C:/Users/efasllija/dev/gossip-poc/out_nb_incremental_clean0104/scenario_group_highfanout_connectivity/adoption_0.05/permanent_fork_sth_proof_n12000_pg0p005_a0p05_ff0p05_s47004_drop0_pc0p02_pgc0p02,0.05
permanent_fork,sth_proof,12000,6.0,5.0,0.005,0.05,0.05,3.0,False,,,0.0,0.0,,,,,,,,,0.4715293127039259,0.4715293127039259,0.0,0.0,0,0,47005,0.02,0.02,0.0,True,0.2,0.02,800,8,0.0,0.0,0.0,0.8022525310516357,C:/Users/efasllija/dev/gossip-poc/out_nb_incremental_clean0104/scenario_group_highfanout_connectivity/adoption_0.05/permanent_fork_sth_proof_n12000_pg0p005_a0p05_ff0p05_s47005_drop0_pc0p02_pgc0p02,0.05
permanent_fork,sth_proof,12000,6.0,5.0,0.005,0.05,0.05,3.0,False,,,0.0,0.0,,,,,,,,,0.191044776119403,0.191044776119403,0.0,0.0,0,0,47006,0.02,0.02,0.0,True,0.2,0.02,800,8,0.0,0.0,0.0,0.8150720596313477,C:/Users/efasllija/dev/gossip-poc/out_nb_incremental_clean0104/scenario_group_highfanout_connectivity/adoption_0.05/permanent_fork_sth_proof_n12000_pg0p005_a0p05_ff0p05_s47006_drop0_pc0p02_pgc0p02,0.05
permanent_fork,sth_proof,12000,6.0,5.0,0.005,0.05,0.05,3.0,False,,,0.0,0.0,,,,,,,,,0.21467688937568455,0.21467688937568455,0.0,0.0,0,0,47007,0.02,0.02,0.0,True,0.2,0.02,800,8,0.0,0.0,0.0,0.8044860363006592,C:/Users/efasllija/dev/gossip-poc/out_nb_incremental_clean0104/scenario_group_highfanout_connectivity/adoption_0.05/permanent_fork_sth_proof_n12000_pg0p005_a0p05_ff0p05_s47007_drop0_pc0p02_pgc0p02,0.05
permanent_fork,sth_proof,12000,6.0,5.0,0.005,0.05,0.05,3.0,False,,,0.0,0.0,,,,,,,,,0.18985732448085887,0.18985732448085887,0.0,0.0,0,0,47008,0.02,0.02,0.0,True,0.2,0.02,800,8,0.0,0.0,0.0,0.8109278678894043,C:/Users/efasllija/dev/gossip-poc/out_nb_incremental_clean0104/scenario_group_highfanout_connectivity/adoption_0.05/permanent_fork_sth_proof_n12000_pg0p005_a0p05_ff0p05_s47008_drop0_pc0p02_pgc0p02,0.05
permanent_fork,sth_proof,12000,6.0,5.0,0.005,0.05,0.05,3.0,True,10.0,10.0,0.0,0.0,,,,,12412.0,,,,0.15355086372360843,0.15355086372360843,2.0,6.854949273375377e-05,2,2,47009,0.02,0.02,0.0,True,0.2,0.02,800,8,0.0,0.0,0.0,0.8181452751159668,C:/Users/efasllija/dev/gossip-poc/out_nb_incremental_clean0104/scenario_group_highfanout_connectivity/adoption_0.05/permanent_fork_sth_proof_n12000_pg0p005_a0p05_ff0p05_s47009_drop0_pc0p02_pgc0p02,0.05
permanent_fork,sth_proof,12000,6.0,5.0,0.005,0.05,0.05,3.0,False,,,0.0,0.0,,,,,,,,,0.25370757087742896,0.25370757087742896,0.0,0.0,0,0,47010,0.02,0.02,0.0,True,0.2,0.02,800,8,0.0,0.0,0.0,0.8063530921936035,C:/Users/efasllija/dev/gossip-poc/out_nb_incremental_clean0104/scenario_group_highfanout_connectivity/adoption_0.05/permanent_fork_sth_proof_n12000_pg0p005_a0p05_ff0p05_s47010_drop0_pc0p02_pgc0p02,0.05
permanent_fork,sth_proof,12000,6.0,5.0,0.005,0.05,0.05,3.0,False,,,0.0,0.0,,,,,,,,,0.18138263774081448,0.18138263774081448,0.0,0.0,0,0,47011,0.02,0.02,0.0,True,0.2,0.02,800,8,0.0,0.0,0.0,0.8169243335723877,C:/Users/efasllija/dev/gossip-poc/out_nb_incremental_clean0104/scenario_group_highfanout_connectivity/adoption_0.05/permanent_fork_sth_proof_n12000_pg0p005_a0p05_ff0p05_s47011_drop0_pc0p02_pgc0p02,0.05
permanent_fork,sth_proof,12000,6.0,5.0,0.005,0.05,0.05,3.0,False,,,0.0,0.0,,,,,,,,,0.18652418291582817,0.18652418291582817,0.0,0.0,0,0,47012,0.02,0.02,0.0,True,0.2,0.02,800,8,0.0,0.0,0.0,0.833549976348877,C:/Users/efasllija/dev/gossip-poc/out_nb_incremental_clean0104/scenario_group_highfanout_connectivity/adoption_0.05/permanent_fork_sth_proof_n12000_pg0p005_a0p05_ff0p05_s47012_drop0_pc0p02_pgc0p02,0.05
permanent_fork,sth_proof,12000,6.0,5.0,0.005,0.05,0.05,3.0,True,135.0,135.0,0.0,0.0,,,,,22576.0,,,,0.2263606178720947,0.2263606178720947,1.0,3.6090659737259996e-05,1,1,47013,0.02,0.02,0.0,True,0.2,0.02,800,8,0.0,0.0,0.0,0.8119087219238281,C:/Users/efasllija/dev/gossip-poc/out_nb_incremental_clean0104/scenario_group_highfanout_connectivity/adoption_0.05/permanent_fork_sth_proof_n12000_pg0p005_a0p05_ff0p05_s47013_drop0_pc0p02_pgc0p02,0.05
permanent_fork,sth_proof,12000,6.0,5.0,0.005,0.05,0.05,3.0,True,170.0,170.0,0.0,0.0,,,,,29229.0,,,,0.23958820776789894,0.23958820776789894,1.0,3.34246941640484e-05,1,1,47014,0.02,0.02,0.0,True,0.2,0.02,800,8,0.0,0.0,0.0,0.7959256172180176,C:/Users/efasllija/dev/gossip-poc/out_nb_incremental_clean0104/scenario_group_highfanout_connectivity/adoption_0.05/permanent_fork_sth_proof_n12000_pg0p005_a0p05_ff0p05_s47014_drop0_pc0p02_pgc0p02,0.05
permanent_fork,sth_proof,12000,6.0,5.0,0.005,0.05,0.05,3.0,False,,,0.0,0.0,,,,,,,,,0.05316497757102509,0.05316497757102509,0.0,0.0,0,0,47000,0.02,0.02,0.0,True,0.2,0.02,800,32,0.0,0.0,0.0,0.8499069213867188,C:/Users/efasllija/dev/gossip-poc/out_nb_incremental_clean0104/scenario_group_highfanout_connectivity/adoption_0.05/permanent_fork_sth_proof_n12000_pg0p005_a0p05_ff0p05_s47000_drop0_pc0p02_pgc0p02,0.05
permanent_fork,sth_proof,12000,6.0,5.0,0.005,0.05,0.05,3.0,False,,,0.0,0.0,,,,,,,,,0.06636381591941537,0.06636381591941537,0.0,0.0,0,0,47001,0.02,0.02,0.0,True,0.2,0.02,800,32,0.0,0.0,0.0,0.9048163890838623,C:/Users/efasllija/dev/gossip-poc/out_nb_incremental_clean0104/scenario_group_highfanout_connectivity/adoption_0.05/permanent_fork_sth_proof_n12000_pg0p005_a0p05_ff0p05_s47001_drop0_pc0p02_pgc0p02,0.05
permanent_fork,sth_proof,12000,6.0,5.0,0.005,0.05,0.05,3.0,False,,,0.0,0.0,,,,,,,,,0.01060530738820633,0.01060530738820633,0.0,0.0,0,0,47002,0.02,0.02,0.0,True,0.2,0.02,800,32,0.0,0.0,0.0,0.8959150314331055,C:/Users/efasllija/dev/gossip-poc/out_nb_incremental_clean0104/scenario_group_highfanout_connectivity/adoption_0.05/permanent_fork_sth_proof_n12000_pg0p005_a0p05_ff0p05_s47002_drop0_pc0p02_pgc0p02,0.05
permanent_fork,sth_proof,12000,6.0,5.0,0.005,0.05,0.05,3.0,False,,,0.0,0.0,,,,,,,,,0.07559541027866165,0.07559541027866165,0.0,0.0,0,0,47003,0.02,0.02,0.0,True,0.2,0.02,800,32,0.0,0.0,0.0,0.8319187164306641,C:/Users/efasllija/dev/gossip-poc/out_nb_incremental_clean0104/scenario_group_highfanout_connectivity/adoption_0.05/permanent_fork_sth_proof_n12000_pg0p005_a0p05_ff0p05_s47003_drop0_pc0p02_pgc0p02,0.05
permanent_fork,sth_proof,12000,6.0,5.0,0.005,0.05,0.05,3.0,True,120.0,120.0,0.0,0.0,,,,,62899.0,,,,0.771379376315286,0.771379376315286,4.0,4.7828582360818826e-05,4,4,47004,0.02,0.02,0.0,True,0.2,0.02,800,32,0.0,0.0,0.0,0.8286731243133545,C:/Users/efasllija/dev/gossip-poc/out_nb_incremental_clean0104/scenario_group_highfanout_connectivity/adoption_0.05/permanent_fork_sth_proof_n12000_pg0p005_a0p05_ff0p05_s47004_drop0_pc0p02_pgc0p02,0.05
permanent_fork,sth_proof,12000,6.0,5.0,0.005,0.05,0.05,3.0,False,,,0.0,0.0,,,,,,,,,0.07776234874032929,0.07776234874032929,0.0,0.0,0,0,47005,0.02,0.02,0.0,True,0.2,0.02,800,32,0.0,0.0,0.0,0.8248765468597412,C:/Users/efasllija/dev/gossip-poc/out_nb_incremental_clean0104/scenario_group_highfanout_connectivity/adoption_0.05/permanent_fork_sth_proof_n12000_pg0p005_a0p05_ff0p05_s47005_drop0_pc0p02_pgc0p02,0.05
permanent_fork,sth_proof,12000,6.0,5.0,0.005,0.05,0.05,3.0,False,,,0.0,0.0,,,,,,,,,0.033146309883470004,0.033146309883470004,0.0,0.0,0,0,47006,0.02,0.02,0.0,True,0.2,0.02,800,32,0.0,0.0,0.0,0.8142831325531006,C:/Users/efasllija/dev/gossip-poc/out_nb_incremental_clean0104/scenario_group_highfanout_connectivity/adoption_0.05/permanent_fork_sth_proof_n12000_pg0p005_a0p05_ff0p05_s47006_drop0_pc0p02_pgc0p02,0.05
permanent_fork,sth_proof,12000,6.0,5.0,0.005,0.05,0.05,3.0,False,,,0.0,0.0,,,,,,,,,0.05203252032520325,0.05203252032520325,0.0,0.0,0,0,47007,0.02,0.02,0.0,True,0.2,0.02,800,32,0.0,0.0,0.0,0.869464635848999,C:/Users/efasllija/dev/gossip-poc/out_nb_incremental_clean0104/scenario_group_highfanout_connectivity/adoption_0.05/permanent_fork_sth_proof_n12000_pg0p005_a0p05_ff0p05_s47007_drop0_pc0p02_pgc0p02,0.05
permanent_fork,sth_proof,12000,6.0,5.0,0.005,0.05,0.05,3.0,True,40.0,40.0,0.0,0.0,,,,,39198.0,,,,0.3651587566225779,0.3651587566225779,1.0,1.234979561088264e-05,1,1,47008,0.02,0.02,0.0,True,0.2,0.02,800,32,0.0,0.0,0.0,0.8489749431610107,C:/Users/efasllija/dev/gossip-poc/out_nb_incremental_clean0104/scenario_group_highfanout_connectivity/adoption_0.05/permanent_fork_sth_proof_n12000_pg0p005_a0p05_ff0p05_s47008_drop0_pc0p02_pgc0p02,0.05
permanent_fork,sth_proof,12000,6.0,5.0,0.005,0.05,0.05,3.0,False,,,0.0,0.0,,,,,,,,,0.06396040546328463,0.06396040546328463,0.0,0.0,0,0,47009,0.02,0.02,0.0,True,0.2,0.02,800,32,0.0,0.0,0.0,0.8512051105499268,C:/Users/efasllija/dev/gossip-poc/out_nb_incremental_clean0104/scenario_group_highfanout_connectivity/adoption_0.05/permanent_fork_sth_proof_n12000_pg0p005_a0p05_ff0p05_s47009_drop0_pc0p02_pgc0p02,0.05
permanent_fork,sth_proof,12000,6.0,5.0,0.005,0.05,0.05,3.0,False,,,0.0,0.0,,,,,,,,,0.044894840350239884,0.044894840350239884,0.0,0.0,0,0,47010,0.02,0.02,0.0,True,0.2,0.02,800,32,0.0,0.0,0.0,0.8213057518005371,C:/Users/efasllija/dev/gossip-poc/out_nb_incremental_clean0104/scenario_group_highfanout_connectivity/adoption_0.05/permanent_fork_sth_proof_n12000_pg0p005_a0p05_ff0p05_s47010_drop0_pc0p02_pgc0p02,0.05
permanent_fork,sth_proof,12000,6.0,5.0,0.005,0.05,0.05,3.0,False,,,0.0,0.0,,,,,,,,,0.021207853533261534,0.021207853533261534,0.0,0.0,0,0,47011,0.02,0.02,0.0,True,0.2,0.02,800,32,0.0,0.0,0.0,0.8176524639129639,C:/Users/efasllija/dev/gossip-poc/out_nb_incremental_clean0104/scenario_group_highfanout_connectivity/adoption_0.05/permanent_fork_sth_proof_n12000_pg0p005_a0p05_ff0p05_s47011_drop0_pc0p02_pgc0p02,0.05
permanent_fork,sth_proof,12000,6.0,5.0,0.005,0.05,0.05,3.0,True,105.0,105.0,0.0,0.0,,,,,58473.0,,,,0.46224556795797767,0.46224556795797767,5.0,5.862489447518995e-05,5,5,47012,0.02,0.02,0.0,True,0.2,0.02,800,32,0.0,0.0,0.0,0.8728692531585693,C:/Users/efasllija/dev/gossip-poc/out_nb_incremental_clean0104/scenario_group_highfanout_connectivity/adoption_0.05/permanent_fork_sth_proof_n12000_pg0p005_a0p05_ff0p05_s47012_drop0_pc0p02_pgc0p02,0.05
permanent_fork,sth_proof,12000,6.0,5.0,0.005,0.05,0.05,3.0,True,40.0,40.0,0.0,0.0,,,,,41027.0,,,,0.3453292865057571,0.3453292865057571,24.0,0.00028905911258852437,24,24,47013,0.02,0.02,0.0,True,0.2,0.02,800,32,0.0,0.0,0.0,0.8305239677429199,C:/Users/efasllija/dev/gossip-poc/out_nb_incremental_clean0104/scenario_group_highfanout_connectivity/adoption_0.05/permanent_fork_sth_proof_n12000_pg0p005_a0p05_ff0p05_s47013_drop0_pc0p02_pgc0p02,0.05
permanent_fork,sth_proof,12000,6.0,5.0,0.005,0.05,0.05,3.0,True,135.0,135.0,0.0,0.0,,,,,68492.0,,,,0.05318706889387518,0.05318706889387518,2.0,2.3744227184765705e-05,2,2,47014,0.02,0.02,0.0,True,0.2,0.02,800,32,0.0,0.0,0.0,0.8657534122467041,C:/Users/efasllija/dev/gossip-poc/out_nb_incremental_clean0104/scenario_group_highfanout_connectivity/adoption_0.05/permanent_fork_sth_proof_n12000_pg0p005_a0p05_ff0p05_s47014_drop0_pc0p02_pgc0p02,0.05
permanent_fork,sth_proof,12000,6.0,5.0,0.005,0.05,0.05,3.0,True,0.0,0.0,0.0,0.0,,,,,61513.0,,,,0.7239078704025147,0.7239078704025147,2.0,1.2623951423034924e-05,2,2,47000,0.02,0.02,0.0,True,0.2,0.02,800,64,0.0,0.0,0.0,0.8599891662597656,C:/Users/efasllija/dev/gossip-poc/out_nb_incremental_clean0104/scenario_group_highfanout_connectivity/adoption_0.05/permanent_fork_sth_proof_n12000_pg0p005_a0p05_ff0p05_s47000_drop0_pc0p02_pgc0p02,0.05
permanent_fork,sth_proof,12000,6.0,5.0,0.005,0.05,0.05,3.0,False,,,0.0,0.0,,,,,,,,,0.011492483710430455,0.011492483710430455,0.0,0.0,0,0,47001,0.02,0.02,0.0,True,0.2,0.02,800,64,0.0,0.0,0.0,0.8624889850616455,C:/Users/efasllija/dev/gossip-poc/out_nb_incremental_clean0104/scenario_group_highfanout_connectivity/adoption_0.05/permanent_fork_sth_proof_n12000_pg0p005_a0p05_ff0p05_s47001_drop0_pc0p02_pgc0p02,0.05
permanent_fork,sth_proof,12000,6.0,5.0,0.005,0.05,0.05,3.0,True,160.0,160.0,0.0,0.0,,,,,147290.0,,,,0.02229784798392365,0.02229784798392365,1.0,6.221497763371554e-06,1,1,47002,0.02,0.02,0.0,True,0.2,0.02,800,64,0.0,0.0,0.0,0.8479182720184326,C:/Users/efasllija/dev/gossip-poc/out_nb_incremental_clean0104/scenario_group_highfanout_connectivity/adoption_0.05/permanent_fork_sth_proof_n12000_pg0p005_a0p05_ff0p05_s47002_drop0_pc0p02_pgc0p02,0.05
permanent_fork,sth_proof,12000,6.0,5.0,0.005,0.05,0.05,3.0,True,155.0,155.0,0.0,0.0,,,,,141966.0,,,,0.4020847891170418,0.4020847891170418,7.0,4.4875534499669845e-05,7,7,47003,0.02,0.02,0.0,True,0.2,0.02,800,64,0.0,0.0,0.0,0.8595116138458252,C:/Users/efasllija/dev/gossip-poc/out_nb_incremental_clean0104/scenario_group_highfanout_connectivity/adoption_0.05/permanent_fork_sth_proof_n12000_pg0p005_a0p05_ff0p05_s47003_drop0_pc0p02_pgc0p02,0.05
permanent_fork,sth_proof,12000,6.0,5.0,0.005,0.05,0.05,3.0,True,110.0,110.0,0.0,0.0,,,,,113759.0,,,,0.36340131053625524,0.36340131053625524,1.0,6.3372159342957454e-06,1,1,47004,0.02,0.02,0.0,True,0.2,0.02,800,64,0.0,0.0,0.0,0.8822925090789795,C:/Users/efasllija/dev/gossip-poc/out_nb_incremental_clean0104/scenario_group_highfanout_connectivity/adoption_0.05/permanent_fork_sth_proof_n12000_pg0p005_a0p05_ff0p05_s47004_drop0_pc0p02_pgc0p02,0.05
permanent_fork,sth_proof,12000,6.0,5.0,0.005,0.05,0.05,3.0,True,40.0,40.0,0.0,0.0,,,,,80996.0,,,,0.04513086565886153,0.04513086565886153,1.0,6.296158713568852e-06,1,1,47005,0.02,0.02,0.0,True,0.2,0.02,800,64,0.0,0.0,0.0,0.8490793704986572,C:/Users/efasllija/dev/gossip-poc/out_nb_incremental_clean0104/scenario_group_highfanout_connectivity/adoption_0.05/permanent_fork_sth_proof_n12000_pg0p005_a0p05_ff0p05_s47005_drop0_pc0p02_pgc0p02,0.05
permanent_fork,sth_proof,12000,6.0,5.0,0.005,0.05,0.05,3.0,False,,,0.0,0.0,,,,,,,,,0.43191558205722513,0.43191558205722513,0.0,0.0,0,0,47006,0.02,0.02,0.0,True,0.2,0.02,800,64,0.0,0.0,0.0,0.8314990997314453,C:/Users/efasllija/dev/gossip-poc/out_nb_incremental_clean0104/scenario_group_highfanout_connectivity/adoption_0.05/permanent_fork_sth_proof_n12000_pg0p005_a0p05_ff0p05_s47006_drop0_pc0p02_pgc0p02,0.05
permanent_fork,sth_proof,12000,6.0,5.0,0.005,0.05,0.05,3.0,True,35.0,35.0,0.0,0.0,,,,,75859.0,,,,0.7304103541687569,0.7304103541687569,1.0,6.270693287849905e-06,1,1,47007,0.02,0.02,0.0,True,0.2,0.02,800,64,0.0,0.0,0.0,0.8652262687683105,C:/Users/efasllija/dev/gossip-poc/out_nb_incremental_clean0104/scenario_group_highfanout_connectivity/adoption_0.05/permanent_fork_sth_proof_n12000_pg0p005_a0p05_ff0p05_s47007_drop0_pc0p02_pgc0p02,0.05
permanent_fork,sth_proof,12000,6.0,5.0,0.005,0.05,0.05,3.0,False,,,0.0,0.0,,,,,,,,,0.35380860828979993,0.35380860828979993,0.0,0.0,0,0,47008,0.02,0.02,0.0,True,0.2,0.02,800,64,0.0,0.0,0.0,0.8841445446014404,C:/Users/efasllija/dev/gossip-poc/out_nb_incremental_clean0104/scenario_group_highfanout_connectivity/adoption_0.05/permanent_fork_sth_proof_n12000_pg0p005_a0p05_ff0p05_s47008_drop0_pc0p02_pgc0p02,0.05
permanent_fork,sth_proof,12000,6.0,5.0,0.005,0.05,0.05,3.0,True,80.0,80.0,0.0,0.0,,,,,96809.0,,,,0.39544974202772426,0.39544974202772426,5.0,3.108099707838627e-05,5,5,47009,0.02,0.02,0.0,True,0.2,0.02,800,64,0.0,0.0,0.0,0.874582052230835,C:/Users/efasllija/dev/gossip-poc/out_nb_incremental_clean0104/scenario_group_highfanout_connectivity/adoption_0.05/permanent_fork_sth_proof_n12000_pg0p005_a0p05_ff0p05_s47009_drop0_pc0p02_pgc0p02,0.05
permanent_fork,sth_proof,12000,6.0,5.0,0.005,0.05,0.05,3.0,False,,,0.0,0.0,,,,,,,,,0.33933853537497144,0.33933853537497144,0.0,0.0,0,0,47010,0.02,0.02,0.0,True,0.2,0.02,800,64,0.0,0.0,0.0,0.9041874408721924,C:/Users/efasllija/dev/gossip-poc/out_nb_incremental_clean0104/scenario_group_highfanout_connectivity/adoption_0.05/permanent_fork_sth_proof_n12000_pg0p005_a0p05_ff0p05_s47010_drop0_pc0p02_pgc0p02,0.05
permanent_fork,sth_proof,12000,6.0,5.0,0.005,0.05,0.05,3.0,False,,,0.0,0.0,,,,,,,,,0.4183407845168883,0.4183407845168883,0.0,0.0,0,0,47011,0.02,0.02,0.0,True,0.2,0.02,800,64,0.0,0.0,0.0,0.8782315254211426,C:/Users/efasllija/dev/gossip-poc/out_nb_incremental_clean0104/scenario_group_highfanout_connectivity/adoption_0.05/permanent_fork_sth_proof_n12000_pg0p005_a0p05_ff0p05_s47011_drop0_pc0p02_pgc0p02,0.05
permanent_fork,sth_proof,12000,6.0,5.0,0.005,0.05,0.05,3.0,True,25.0,25.0,0.0,0.0,,,,,70233.0,,,,0.7552667501210928,0.7552667501210928,2.0,1.2581069265076839e-05,2,2,47012,0.02,0.02,0.0,True,0.2,0.02,800,64,0.0,0.0,0.0,0.8576250076293945,C:/Users/efasllija/dev/gossip-poc/out_nb_incremental_clean0104/scenario_group_highfanout_connectivity/adoption_0.05/permanent_fork_sth_proof_n12000_pg0p005_a0p05_ff0p05_s47012_drop0_pc0p02_pgc0p02,0.05
permanent_fork,sth_proof,12000,6.0,5.0,0.005,0.05,0.05,3.0,False,,,0.0,0.0,,,,,,,,,0.4205099052768652,0.4205099052768652,0.0,0.0,0,0,47013,0.02,0.02,0.0,True,0.2,0.02,800,64,0.0,0.0,0.0,0.8560786247253418,C:/Users/efasllija/dev/gossip-poc/out_nb_incremental_clean0104/scenario_group_highfanout_connectivity/adoption_0.05/permanent_fork_sth_proof_n12000_pg0p005_a0p05_ff0p05_s47013_drop0_pc0p02_pgc0p02,0.05
permanent_fork,sth_proof,12000,6.0,5.0,0.005,0.05,0.05,3.0,True,50.0,50.0,0.0,0.0,,,,,83037.0,,,,0.39681381263371945,0.39681381263371945,7.0,4.3663491707055394e-05,7,7,47014,0.02,0.02,0.0,True,0.2,0.02,800,64,0.0,0.0,0.0,0.8840780258178711,C:/Users/efasllija/dev/gossip-poc/out_nb_incremental_clean0104/scenario_group_highfanout_connectivity/adoption_0.05/permanent_fork_sth_proof_n12000_pg0p005_a0p05_ff0p05_s47014_drop0_pc0p02_pgc0p02,0.05
permanent_fork,sth_proof,12000,6.0,5.0,0.005,0.05,0.05,3.0,False,,,0.0,0.0,,,,,,,,,0.42359353708390113,0.42359353708390113,0.0,0.0,0,0,47000,0.02,0.02,0.0,True,0.2,0.04,800,8,0.0,0.0,0.0,0.8195247650146484,C:/Users/efasllija/dev/gossip-poc/out_nb_incremental_clean0104/scenario_group_highfanout_connectivity/adoption_0.05/permanent_fork_sth_proof_n12000_pg0p005_a0p05_ff0p05_s47000_drop0_pc0p02_pgc0p02,0.05
permanent_fork,sth_proof,12000,6.0,5.0,0.005,0.05,0.05,3.0,False,,,0.0,0.0,,,,,,,,,0.12395893860158823,0.12395893860158823,0.0,0.0,0,0,47001,0.02,0.02,0.0,True,0.2,0.04,800,8,0.0,0.0,0.0,0.8671352863311768,C:/Users/efasllija/dev/gossip-poc/out_nb_incremental_clean0104/scenario_group_highfanout_connectivity/adoption_0.05/permanent_fork_sth_proof_n12000_pg0p005_a0p05_ff0p05_s47001_drop0_pc0p02_pgc0p02,0.05
permanent_fork,sth_proof,12000,6.0,5.0,0.005,0.05,0.05,3.0,False,,,0.0,0.0,,,,,,,,,0.12125805229253506,0.12125805229253506,0.0,0.0,0,0,47002,0.02,0.02,0.0,True,0.2,0.04,800,8,0.0,0.0,0.0,0.8341524600982666,C:/Users/efasllija/dev/gossip-poc/out_nb_incremental_clean0104/scenario_group_highfanout_connectivity/adoption_0.05/permanent_fork_sth_proof_n12000_pg0p005_a0p05_ff0p05_s47002_drop0_pc0p02_pgc0p02,0.05
permanent_fork,sth_proof,12000,6.0,5.0,0.005,0.05,0.05,3.0,False,,,0.0,0.0,,,,,,,,,0.12385955211501244,0.12385955211501244,0.0,0.0,0,0,47003,0.02,0.02,0.0,True,0.2,0.04,800,8,0.0,0.0,0.0,0.8226525783538818,C:/Users/efasllija/dev/gossip-poc/out_nb_incremental_clean0104/scenario_group_highfanout_connectivity/adoption_0.05/permanent_fork_sth_proof_n12000_pg0p005_a0p05_ff0p05_s47003_drop0_pc0p02_pgc0p02,0.05
permanent_fork,sth_proof,12000,6.0,5.0,0.005,0.05,0.05,3.0,True,120.0,120.0,0.0,0.0,,,,,27662.0,,,,0.07290677805202202,0.07290677805202202,1.0,2.7123057311020097e-05,1,1,47004,0.02,0.02,0.0,True,0.2,0.04,800,8,0.0,0.0,0.0,0.8447282314300537,C:/Users/efasllija/dev/gossip-poc/out_nb_incremental_clean0104/scenario_group_highfanout_connectivity/adoption_0.05/permanent_fork_sth_proof_n12000_pg0p005_a0p05_ff0p05_s47004_drop0_pc0p02_pgc0p02,0.05
permanent_fork,sth_proof,12000,6.0,5.0,0.005,0.05,0.05,3.0,True,115.0,115.0,0.0,0.0,,,,,27454.0,,,,0.5996359353249813,0.5996359353249813,8.0,0.0002141556911874933,8,8,47005,0.02,0.02,0.0,True,0.2,0.04,800,8,0.0,0.0,0.0,0.8264532089233398,C:/Users/efasllija/dev/gossip-poc/out_nb_incremental_clean0104/scenario_group_highfanout_connectivity/adoption_0.05/permanent_fork_sth_proof_n12000_pg0p005_a0p05_ff0p05_s47005_drop0_pc0p02_pgc0p02,0.05
permanent_fork,sth_proof,12000,6.0,5.0,0.005,0.05,0.05,3.0,False,,,0.0,0.0,,,,,,,,,0.07471440086722073,0.07471440086722073,0.0,0.0,0,0,47006,0.02,0.02,0.0,True,0.2,0.04,800,8,0.0,0.0,0.0,0.8292653560638428,C:/Users/efasllija/dev/gossip-poc/out_nb_incremental_clean0104/scenario_group_highfanout_connectivity/adoption_0.05/permanent_fork_sth_proof_n12000_pg0p005_a0p05_ff0p05_s47006_drop0_pc0p02_pgc0p02,0.05
permanent_fork,sth_proof,12000,6.0,5.0,0.005,0.05,0.05,3.0,False,,,0.0,0.0,,,,,,,,,0.09785131187375433,0.09785131187375433,0.0,0.0,0,0,47007,0.02,0.02,0.0,True,0.2,0.04,800,8,0.0,0.0,0.0,0.8213107585906982,C:/Users/efasllija/dev/gossip-poc/out_nb_incremental_clean0104/scenario_group_highfanout_connectivity/adoption_0.05/permanent_fork_sth_proof_n12000_pg0p005_a0p05_ff0p05_s47007_drop0_pc0p02_pgc0p02,0.05
permanent_fork,sth_proof,12000,6.0,5.0,0.005,0.05,0.05,3.0,False,,,0.0,0.0,,,,,,,,,0.0,0.0,0.0,0.0,0,0,47008,0.02,0.02,0.0,True,0.2,0.04,800,8,0.0,0.0,0.0,0.8373100757598877,C:/Users/efasllija/dev/gossip-poc/out_nb_incremental_clean0104/scenario_group_highfanout_connectivity/adoption_0.05/permanent_fork_sth_proof_n12000_pg0p005_a0p05_ff0p05_s47008_drop0_pc0p02_pgc0p02,0.05
permanent_fork,sth_proof,12000,6.0,5.0,0.005,0.05,0.05,3.0,False,,,0.0,0.0,,,,,,,,,0.14590061606100904,0.14590061606100904,0.0,0.0,0,0,47009,0.02,0.02,0.0,True,0.2,0.04,800,8,0.0,0.0,0.0,0.8390853404998779,C:/Users/efasllija/dev/gossip-poc/out_nb_incremental_clean0104/scenario_group_highfanout_connectivity/adoption_0.05/permanent_fork_sth_proof_n12000_pg0p005_a0p05_ff0p05_s47009_drop0_pc0p02_pgc0p02,0.05
permanent_fork,sth_proof,12000,6.0,5.0,0.005,0.05,0.05,3.0,False,,,0.0,0.0,,,,,,,,,0.12536377882247593,0.12536377882247593,0.0,0.0,0,0,47010,0.02,0.02,0.0,True,0.2,0.04,800,8,0.0,0.0,0.0,0.8155841827392578,C:/Users/efasllija/dev/gossip-poc/out_nb_incremental_clean0104/scenario_group_highfanout_connectivity/adoption_0.05/permanent_fork_sth_proof_n12000_pg0p005_a0p05_ff0p05_s47010_drop0_pc0p02_pgc0p02,0.05
permanent_fork,sth_proof,12000,6.0,5.0,0.005,0.05,0.05,3.0,False,,,0.0,0.0,,,,,,,,,0.19268817204301075,0.19268817204301075,0.0,0.0,0,0,47011,0.02,0.02,0.0,True,0.2,0.04,800,8,0.0,0.0,0.0,0.8401134014129639,C:/Users/efasllija/dev/gossip-poc/out_nb_incremental_clean0104/scenario_group_highfanout_connectivity/adoption_0.05/permanent_fork_sth_proof_n12000_pg0p005_a0p05_ff0p05_s47011_drop0_pc0p02_pgc0p02,0.05
permanent_fork,sth_proof,12000,6.0,5.0,0.005,0.05,0.05,3.0,True,85.0,85.0,0.0,0.0,,,,,22749.0,,,,0.43316412859560066,0.43316412859560066,1.0,2.6857894878199446e-05,1,1,47012,0.02,0.02,0.0,True,0.2,0.04,800,8,0.0,0.0,0.0,0.8359854221343994,C:/Users/efasllija/dev/gossip-poc/out_nb_incremental_clean0104/scenario_group_highfanout_connectivity/adoption_0.05/permanent_fork_sth_proof_n12000_pg0p005_a0p05_ff0p05_s47012_drop0_pc0p02_pgc0p02,0.05
permanent_fork,sth_proof,12000,6.0,5.0,0.005,0.05,0.05,3.0,True,35.0,35.0,0.0,0.0,,,,,17548.0,,,,0.3964163256276961,0.3964163256276961,1.0,2.765180842827121e-05,1,1,47013,0.02,0.02,0.0,True,0.2,0.04,800,8,0.0,0.0,0.0,0.837907075881958,C:/Users/efasllija/dev/gossip-poc/out_nb_incremental_clean0104/scenario_group_highfanout_connectivity/adoption_0.05/permanent_fork_sth_proof_n12000_pg0p005_a0p05_ff0p05_s47013_drop0_pc0p02_pgc0p02,0.05
permanent_fork,sth_proof,12000,6.0,5.0,0.005,0.05,0.05,3.0,True,45.0,45.0,0.0,0.0,,,,,19455.0,,,,0.11739119042004036,0.11739119042004036,1.0,2.6203390718759006e-05,1,1,47014,0.02,0.02,0.0,True,0.2,0.04,800,8,0.0,0.0,0.0,0.8783795833587646,C:/Users/efasllija/dev/gossip-poc/out_nb_incremental_clean0104/scenario_group_highfanout_connectivity/adoption_0.05/permanent_fork_sth_proof_n12000_pg0p005_a0p05_ff0p05_s47014_drop0_pc0p02_pgc0p02,0.05
permanent_fork,sth_proof,12000,6.0,5.0,0.005,0.05,0.05,3.0,True,120.0,120.0,0.0,0.0,,,,,106198.0,,,,0.5760370309519898,0.5760370309519898,4.0,2.857326542420584e-05,4,4,47000,0.02,0.02,0.0,True,0.2,0.04,800,32,0.0,0.0,0.0,0.8837823867797852,C:/Users/efasllija/dev/gossip-poc/out_nb_incremental_clean0104/scenario_group_highfanout_connectivity/adoption_0.05/permanent_fork_sth_proof_n12000_pg0p005_a0p05_ff0p05_s47000_drop0_pc0p02_pgc0p02,0.05
permanent_fork,sth_proof,12000,6.0,5.0,0.005,0.05,0.05,3.0,True,150.0,150.0,0.0,0.0,,,,,124681.0,,,,0.6345297611117733,0.6345297611117733,2.0,1.4023376969408003e-05,2,2,47001,0.02,0.02,0.0,True,0.2,0.04,800,32,0.0,0.0,0.0,0.8490614891052246,C:/Users/efasllija/dev/gossip-poc/out_nb_incremental_clean0104/scenario_group_highfanout_connectivity/adoption_0.05/permanent_fork_sth_proof_n12000_pg0p005_a0p05_ff0p05_s47001_drop0_pc0p02_pgc0p02,0.05
permanent_fork,sth_proof,12000,6.0,5.0,0.005,0.05,0.05,3.0,True,90.0,90.0,0.0,0.0,,,,,93103.0,,,,0.45995578401242976,0.45995578401242976,1.0,6.844580119232586e-06,1,1,47002,0.02,0.02,0.0,True,0.2,0.04,800,32,0.0,0.0,0.0,0.881751298904419,C:/Users/efasllija/dev/gossip-poc/out_nb_incremental_clean0104/scenario_group_highfanout_connectivity/adoption_0.05/permanent_fork_sth_proof_n12000_pg0p005_a0p05_ff0p05_s47002_drop0_pc0p02_pgc0p02,0.05
permanent_fork,sth_proof,12000,6.0,5.0,0.005,0.05,0.05,3.0,True,80.0,80.0,0.0,0.0,,,,,86534.0,,,,0.23730136604404795,0.23730136604404795,1.0,6.969612489545582e-06,1,1,47003,0.02,0.02,0.0,True,0.2,0.04,800,32,0.0,0.0,0.0,0.8845973014831543,C:/Users/efasllija/dev/gossip-poc/out_nb_incremental_clean0104/scenario_group_highfanout_connectivity/adoption_0.05/permanent_fork_sth_proof_n12000_pg0p005_a0p05_ff0p05_s47003_drop0_pc0p02_pgc0p02,0.05
permanent_fork,sth_proof,12000,6.0,5.0,0.005,0.05,0.05,3.0,False,,,0.0,0.0,,,,,,,,,0.4733037785935421,0.4733037785935421,0.0,0.0,0,0,47004,0.02,0.02,0.0,True,0.2,0.04,800,32,0.0,0.0,0.0,0.8950271606445312,C:/Users/efasllija/dev/gossip-poc/out_nb_incremental_clean0104/scenario_group_highfanout_connectivity/adoption_0.05/permanent_fork_sth_proof_n12000_pg0p005_a0p05_ff0p05_s47004_drop0_pc0p02_pgc0p02,0.05
permanent_fork,sth_proof,12000,6.0,5.0,0.005,0.05,0.05,3.0,True,95.0,95.0,0.0,0.0,,,,,92013.0,,,,0.24025625788123434,0.24025625788123434,1.0,7.247112025857696e-06,1,1,47005,0.02,0.02,0.0,True,0.2,0.04,800,32,0.0,0.0,0.0,0.9353992938995361,C:/Users/efasllija/dev/gossip-poc/out_nb_incremental_clean0104/scenario_group_highfanout_connectivity/adoption_0.05/permanent_fork_sth_proof_n12000_pg0p005_a0p05_ff0p05_s47005_drop0_pc0p02_pgc0p02,0.05
permanent_fork,sth_proof,12000,6.0,5.0,0.005,0.05,0.05,3.0,True,60.0,60.0,0.0,0.0,,,,,75112.0,,,,0.2628375306179322,0.2628375306179322,1.0,7.333636456973555e-06,1,1,47006,0.02,0.02,0.0,True,0.2,0.04,800,32,0.0,0.0,0.0,0.8916809558868408,C:/Users/efasllija/dev/gossip-poc/out_nb_incremental_clean0104/scenario_group_highfanout_connectivity/adoption_0.05/permanent_fork_sth_proof_n12000_pg0p005_a0p05_ff0p05_s47006_drop0_pc0p02_pgc0p02,0.05
permanent_fork,sth_proof,12000,6.0,5.0,0.005,0.05,0.05,3.0,False,,,0.0,0.0,,,,,,,,,0.03153375096783276,0.03153375096783276,0.0,0.0,0,0,47007,0.02,0.02,0.0,True,0.2,0.04,800,32,0.0,0.0,0.0,0.8904483318328857,C:/Users/efasllija/dev/gossip-poc/out_nb_incremental_clean0104/scenario_group_highfanout_connectivity/adoption_0.05/permanent_fork_sth_proof_n12000_pg0p005_a0p05_ff0p05_s47007_drop0_pc0p02_pgc0p02,0.05
permanent_fork,sth_proof,12000,6.0,5.0,0.005,0.05,0.05,3.0,True,100.0,100.0,0.0,0.0,,,,,92086.0,,,,0.6775266819340622,0.6775266819340622,28.0,0.00020164484581370896,28,28,47008,0.02,0.02,0.0,True,0.2,0.04,800,32,0.0,0.0,0.0,0.8866398334503174,C:/Users/efasllija/dev/gossip-poc/out_nb_incremental_clean0104/scenario_group_highfanout_connectivity/adoption_0.05/permanent_fork_sth_proof_n12000_pg0p005_a0p05_ff0p05_s47008_drop0_pc0p02_pgc0p02,0.05
permanent_fork,sth_proof,12000,6.0,5.0,0.005,0.05,0.05,3.0,True,125.0,125.0,0.0,0.0,,,,,110704.0,,,,0.3995417344117667,0.3995417344117667,1.0,6.860263296905335e-06,1,1,47009,0.02,0.02,0.0,True,0.2,0.04,800,32,0.0,0.0,0.0,0.8934230804443359,C:/Users/efasllija/dev/gossip-poc/out_nb_incremental_clean0104/scenario_group_highfanout_connectivity/adoption_0.05/permanent_fork_sth_proof_n12000_pg0p005_a0p05_ff0p05_s47009_drop0_pc0p02_pgc0p02,0.05
permanent_fork,sth_proof,12000,6.0,5.0,0.005,0.05,0.05,3.0,False,,,0.0,0.0,,,,,,,,,0.037639414964748055,0.037639414964748055,0.0,0.0,0,0,47010,0.02,0.02,0.0,True,0.2,0.04,800,32,0.0,0.0,0.0,0.8577487468719482,C:/Users/efasllija/dev/gossip-poc/out_nb_incremental_clean0104/scenario_group_highfanout_connectivity/adoption_0.05/permanent_fork_sth_proof_n12000_pg0p005_a0p05_ff0p05_s47010_drop0_pc0p02_pgc0p02,0.05
permanent_fork,sth_proof,12000,6.0,5.0,0.005,0.05,0.05,3.0,True,5.0,5.0,0.0,0.0,,,,,60399.0,,,,0.6298971048763341,0.6298971048763341,6.0,4.260667646620225e-05,6,6,47011,0.02,0.02,0.0,True,0.2,0.04,800,32,0.0,0.0,0.0,0.9049019813537598,C:/Users/efasllija/dev/gossip-poc/out_nb_incremental_clean0104/scenario_group_highfanout_connectivity/adoption_0.05/permanent_fork_sth_proof_n12000_pg0p005_a0p05_ff0p05_s47011_drop0_pc0p02_pgc0p02,0.05
permanent_fork,sth_proof,12000,6.0,5.0,0.005,0.05,0.05,3.0,False,,,0.0,0.0,,,,,,,,,0.24128668277937484,0.24128668277937484,0.0,0.0,0,0,47012,0.02,0.02,0.0,True,0.2,0.04,800,32,0.0,0.0,0.0,0.8696770668029785,C:/Users/efasllija/dev/gossip-poc/out_nb_incremental_clean0104/scenario_group_highfanout_connectivity/adoption_0.05/permanent_fork_sth_proof_n12000_pg0p005_a0p05_ff0p05_s47012_drop0_pc0p02_pgc0p02,0.05
permanent_fork,sth_proof,12000,6.0,5.0,0.005,0.05,0.05,3.0,True,30.0,30.0,0.0,0.0,,,,,68424.0,,,,0.6654589120490876,0.6654589120490876,2.0,1.3882236983667548e-05,2,2,47013,0.02,0.02,0.0,True,0.2,0.04,800,32,0.0,0.0,0.0,0.8795347213745117,C:/Users/efasllija/dev/gossip-poc/out_nb_incremental_clean0104/scenario_group_highfanout_connectivity/adoption_0.05/permanent_fork_sth_proof_n12000_pg0p005_a0p05_ff0p05_s47013_drop0_pc0p02_pgc0p02,0.05
permanent_fork,sth_proof,12000,6.0,5.0,0.005,0.05,0.05,3.0,False,,,0.0,0.0,,,,,,,,,0.054393502998252984,0.054393502998252984,0.0,0.0,0,0,47014,0.02,0.02,0.0,True,0.2,0.04,800,32,0.0,0.0,0.0,0.9476974010467529,C:/Users/efasllija/dev/gossip-poc/out_nb_incremental_clean0104/scenario_group_highfanout_connectivity/adoption_0.05/permanent_fork_sth_proof_n12000_pg0p005_a0p05_ff0p05_s47014_drop0_pc0p02_pgc0p02,0.05
permanent_fork,sth_proof,12000,6.0,5.0,0.005,0.05,0.05,3.0,True,40.0,40.0,0.0,0.0,,,,,142504.0,,,,0.018509146121032462,0.018509146121032462,1.0,3.4429215254896695e-06,1,1,47000,0.02,0.02,0.0,True,0.2,0.04,800,64,0.0,0.0,0.0,0.9844479560852051,C:/Users/efasllija/dev/gossip-poc/out_nb_incremental_clean0104/scenario_group_highfanout_connectivity/adoption_0.05/permanent_fork_sth_proof_n12000_pg0p005_a0p05_ff0p05_s47000_drop0_pc0p02_pgc0p02,0.05
permanent_fork,sth_proof,12000,6.0,5.0,0.005,0.05,0.05,3.0,True,170.0,170.0,0.0,0.0,,,,,287653.0,,,,0.4028831460370265,0.4028831460370265,4.0,1.3523199047966786e-05,4,4,47001,0.02,0.02,0.0,True,0.2,0.04,800,64,0.0,0.0,0.0,0.9381704330444336,C:/Users/efasllija/dev/gossip-poc/out_nb_incremental_clean0104/scenario_group_highfanout_connectivity/adoption_0.05/permanent_fork_sth_proof_n12000_pg0p005_a0p05_ff0p05_s47001_drop0_pc0p02_pgc0p02,0.05
permanent_fork,sth_proof,12000,6.0,5.0,0.005,0.05,0.05,3.0,False,,,0.0,0.0,,,,,,,,,0.015151207700060199,0.015151207700060199,0.0,0.0,0,0,47002,0.02,0.02,0.0,True,0.2,0.04,800,64,0.0,0.0,0.0,0.92974853515625,C:/Users/efasllija/dev/gossip-poc/out_nb_incremental_clean0104/scenario_group_highfanout_connectivity/adoption_0.05/permanent_fork_sth_proof_n12000_pg0p005_a0p05_ff0p05_s47002_drop0_pc0p02_pgc0p02,0.05
permanent_fork,sth_proof,12000,6.0,5.0,0.005,0.05,0.05,3.0,False,,,0.0,0.0,,,,,,,,,0.19468431086688348,0.19468431086688348,0.0,0.0,0,0,47003,0.02,0.02,0.0,True,0.2,0.04,800,64,0.0,0.0,0.0,0.9278879165649414,C:/Users/efasllija/dev/gossip-poc/out_nb_incremental_clean0104/scenario_group_highfanout_connectivity/adoption_0.05/permanent_fork_sth_proof_n12000_pg0p005_a0p05_ff0p05_s47003_drop0_pc0p02_pgc0p02,0.05
permanent_fork,sth_proof,12000,6.0,5.0,0.005,0.05,0.05,3.0,False,,,0.0,0.0,,,,,,,,,0.23011754032527051,0.23011754032527051,0.0,0.0,0,0,47004,0.02,0.02,0.0,True,0.2,0.04,800,64,0.0,0.0,0.0,0.9484941959381104,C:/Users/efasllija/dev/gossip-poc/out_nb_incremental_clean0104/scenario_group_highfanout_connectivity/adoption_0.05/permanent_fork_sth_proof_n12000_pg0p005_a0p05_ff0p05_s47004_drop0_pc0p02_pgc0p02,0.05
permanent_fork,sth_proof,12000,6.0,5.0,0.005,0.05,0.05,3.0,False,,,0.0,0.0,,,,,,,,,0.012392164998357623,0.012392164998357623,0.0,0.0,0,0,47005,0.02,0.02,0.0,True,0.2,0.04,800,64,0.0,0.0,0.0,0.9344813823699951,C:/Users/efasllija/dev/gossip-poc/out_nb_incremental_clean0104/scenario_group_highfanout_connectivity/adoption_0.05/permanent_fork_sth_proof_n12000_pg0p005_a0p05_ff0p05_s47005_drop0_pc0p02_pgc0p02,0.05
permanent_fork,sth_proof,12000,6.0,5.0,0.005,0.05,0.05,3.0,False,,,0.0,0.0,,,,,,,,,0.016298791779296898,0.016298791779296898,0.0,0.0,0,0,47006,0.02,0.02,0.0,True,0.2,0.04,800,64,0.0,0.0,0.0,0.9208509922027588,C:/Users/efasllija/dev/gossip-poc/out_nb_incremental_clean0104/scenario_group_highfanout_connectivity/adoption_0.05/permanent_fork_sth_proof_n12000_pg0p005_a0p05_ff0p05_s47006_drop0_pc0p02_pgc0p02,0.05
permanent_fork,sth_proof,12000,6.0,5.0,0.005,0.05,0.05,3.0,True,175.0,175.0,0.0,0.0,,,,,291901.0,,,,0.2117978355675383,0.2117978355675383,6.0,2.0554914166104262e-05,6,6,47007,0.02,0.02,0.0,True,0.2,0.04,800,64,0.0,0.0,0.0,0.9715473651885986,C:/Users/efasllija/dev/gossip-poc/out_nb_incremental_clean0104/scenario_group_highfanout_connectivity/adoption_0.05/permanent_fork_sth_proof_n12000_pg0p005_a0p05_ff0p05_s47007_drop0_pc0p02_pgc0p02,0.05
permanent_fork,sth_proof,12000,6.0,5.0,0.005,0.05,0.05,3.0,True,110.0,110.0,0.0,0.0,,,,,202296.0,,,,0.4444059060812381,0.4444059060812381,6.0,2.081071613142661e-05,6,6,47008,0.02,0.02,0.0,True,0.2,0.04,800,64,0.0,0.0,0.0,0.9604227542877197,C:/Users/efasllija/dev/gossip-poc/out_nb_incremental_clean0104/scenario_group_highfanout_connectivity/adoption_0.05/permanent_fork_sth_proof_n12000_pg0p005_a0p05_ff0p05_s47008_drop0_pc0p02_pgc0p02,0.05
permanent_fork,sth_proof,12000,6.0,5.0,0.005,0.05,0.05,3.0,False,,,0.0,0.0,,,,,,,,,0.39160968826051684,0.39160968826051684,0.0,0.0,0,0,47009,0.02,0.02,0.0,True,0.2,0.04,800,64,0.0,0.0,0.0,0.9579474925994873,C:/Users/efasllija/dev/gossip-poc/out_nb_incremental_clean0104/scenario_group_highfanout_connectivity/adoption_0.05/permanent_fork_sth_proof_n12000_pg0p005_a0p05_ff0p05_s47009_drop0_pc0p02_pgc0p02,0.05
permanent_fork,sth_proof,12000,6.0,5.0,0.005,0.05,0.05,3.0,True,10.0,10.0,0.0,0.0,,,,,123464.0,,,,0.23937596889687246,0.23937596889687246,1.0,3.5152720996368724e-06,1,1,47010,0.02,0.02,0.0,True,0.2,0.04,800,64,0.0,0.0,0.0,0.9380435943603516,C:/Users/efasllija/dev/gossip-poc/out_nb_incremental_clean0104/scenario_group_highfanout_connectivity/adoption_0.05/permanent_fork_sth_proof_n12000_pg0p005_a0p05_ff0p05_s47010_drop0_pc0p02_pgc0p02,0.05
permanent_fork,sth_proof,12000,6.0,5.0,0.005,0.05,0.05,3.0,False,,,0.0,0.0,,,,,,,,,0.22195783164057456,0.22195783164057456,0.0,0.0,0,0,47011,0.02,0.02,0.0,True,0.2,0.04,800,64,0.0,0.0,0.0,0.9585540294647217,C:/Users/efasllija/dev/gossip-poc/out_nb_incremental_clean0104/scenario_group_highfanout_connectivity/adoption_0.05/permanent_fork_sth_proof_n12000_pg0p005_a0p05_ff0p05_s47011_drop0_pc0p02_pgc0p02,0.05
permanent_fork,sth_proof,12000,6.0,5.0,0.005,0.05,0.05,3.0,False,,,0.0,0.0,,,,,,,,,0.21480498519366417,0.21480498519366417,0.0,0.0,0,0,47012,0.02,0.02,0.0,True,0.2,0.04,800,64,0.0,0.0,0.0,0.9396793842315674,C:/Users/efasllija/dev/gossip-poc/out_nb_incremental_clean0104/scenario_group_highfanout_connectivity/adoption_0.05/permanent_fork_sth_proof_n12000_pg0p005_a0p05_ff0p05_s47012_drop0_pc0p02_pgc0p02,0.05
permanent_fork,sth_proof,12000,6.0,5.0,0.005,0.05,0.05,3.0,True,50.0,50.0,0.0,0.0,,,,,149022.0,,,,0.526603503703389,0.526603503703389,2.0,7.081049694806758e-06,2,2,47013,0.02,0.02,0.0,True,0.2,0.04,800,64,0.0,0.0,0.0,0.9126079082489014,C:/Users/efasllija/dev/gossip-poc/out_nb_incremental_clean0104/scenario_group_highfanout_connectivity/adoption_0.05/permanent_fork_sth_proof_n12000_pg0p005_a0p05_ff0p05_s47013_drop0_pc0p02_pgc0p02,0.05
permanent_fork,sth_proof,12000,6.0,5.0,0.005,0.05,0.05,3.0,True,145.0,145.0,0.0,0.0,,,,,252516.0,,,,0.023928987524745204,0.023928987524745204,1.0,3.338307411376284e-06,1,1,47014,0.02,0.02,0.0,True,0.2,0.04,800,64,0.0,0.0,0.0,0.9366705417633057,C:/Users/efasllija/dev/gossip-poc/out_nb_incremental_clean0104/scenario_group_highfanout_connectivity/adoption_0.05/permanent_fork_sth_proof_n12000_pg0p005_a0p05_ff0p05_s47014_drop0_pc0p02_pgc0p02,0.05
permanent_fork,sth_proof,12000,6.0,5.0,0.005,0.05,0.05,3.0,True,70.0,70.0,0.0,0.0,,,,,28782.0,,,,0.15737397786928436,0.15737397786928436,2.0,3.903124451123124e-05,2,2,47000,0.02,0.02,0.0,True,0.2,0.08,800,8,0.0,0.0,0.0,0.8984630107879639,C:/Users/efasllija/dev/gossip-poc/out_nb_incremental_clean0104/scenario_group_highfanout_connectivity/adoption_0.05/permanent_fork_sth_proof_n12000_pg0p005_a0p05_ff0p05_s47000_drop0_pc0p02_pgc0p02,0.05
permanent_fork,sth_proof,12000,6.0,5.0,0.005,0.05,0.05,3.0,False,,,0.0,0.0,,,,,,,,,0.1900025061207179,0.1900025061207179,0.0,0.0,0,0,47001,0.02,0.02,0.0,True,0.2,0.08,800,8,0.0,0.0,0.0,0.87325119972229,C:/Users/efasllija/dev/gossip-poc/out_nb_incremental_clean0104/scenario_group_highfanout_connectivity/adoption_0.05/permanent_fork_sth_proof_n12000_pg0p005_a0p05_ff0p05_s47001_drop0_pc0p02_pgc0p02,0.05
permanent_fork,sth_proof,12000,6.0,5.0,0.005,0.05,0.05,3.0,True,160.0,160.0,0.0,0.0,,,,,49654.0,,,,0.8032422538893973,0.8032422538893973,2.0,3.7353155407803074e-05,2,2,47002,0.02,0.02,0.0,True,0.2,0.08,800,8,0.0,0.0,0.0,0.901029109954834,C:/Users/efasllija/dev/gossip-poc/out_nb_incremental_clean0104/scenario_group_highfanout_connectivity/adoption_0.05/permanent_fork_sth_proof_n12000_pg0p005_a0p05_ff0p05_s47002_drop0_pc0p02_pgc0p02,0.05
permanent_fork,sth_proof,12000,6.0,5.0,0.005,0.05,0.05,3.0,False,,,0.0,0.0,,,,,,,,,0.15893726471805586,0.15893726471805586,0.0,0.0,0,0,47003,0.02,0.02,0.0,True,0.2,0.08,800,8,0.0,0.0,0.0,0.9473316669464111,C:/Users/efasllija/dev/gossip-poc/out_nb_incremental_clean0104/scenario_group_highfanout_connectivity/adoption_0.05/permanent_fork_sth_proof_n12000_pg0p005_a0p05_ff0p05_s47003_drop0_pc0p02_pgc0p02,0.05
permanent_fork,sth_proof,12000,6.0,5.0,0.005,0.05,0.05,3.0,False,,,0.0,0.0,,,,,,,,,0.19870266674058878,0.19870266674058878,0.0,0.0,0,0,47004,0.02,0.02,0.0,True,0.2,0.08,800,8,0.0,0.0,0.0,0.8643105030059814,C:/Users/efasllija/dev/gossip-poc/out_nb_incremental_clean0104/scenario_group_highfanout_connectivity/adoption_0.05/permanent_fork_sth_proof_n12000_pg0p005_a0p05_ff0p05_s47004_drop0_pc0p02_pgc0p02,0.05
permanent_fork,sth_proof,12000,6.0,5.0,0.005,0.05,0.05,3.0,False,,,0.0,0.0,,,,,,,,,0.08301830850196427,0.08301830850196427,0.0,0.0,0,0,47005,0.02,0.02,0.0,True,0.2,0.08,800,8,0.0,0.0,0.0,0.8874573707580566,C:/Users/efasllija/dev/gossip-poc/out_nb_incremental_clean0104/scenario_group_highfanout_connectivity/adoption_0.05/permanent_fork_sth_proof_n12000_pg0p005_a0p05_ff0p05_s47005_drop0_pc0p02_pgc0p02,0.05
permanent_fork,sth_proof,12000,6.0,5.0,0.005,0.05,0.05,3.0,True,120.0,120.0,0.0,0.0,,,,,36384.0,,,,0.5620965293939088,0.5620965293939088,2.0,4.0473540422948495e-05,2,2,47006,0.02,0.02,0.0,True,0.2,0.08,800,8,0.0,0.0,0.0,0.8954839706420898,C:/Users/efasllija/dev/gossip-poc/out_nb_incremental_clean0104/scenario_group_highfanout_connectivity/adoption_0.05/permanent_fork_sth_proof_n12000_pg0p005_a0p05_ff0p05_s47006_drop0_pc0p02_pgc0p02,0.05
permanent_fork,sth_proof,12000,6.0,5.0,0.005,0.05,0.05,3.0,False,,,0.0,0.0,,,,,,,,,0.17254660298875366,0.17254660298875366,0.0,0.0,0,0,47007,0.02,0.02,0.0,True,0.2,0.08,800,8,0.0,0.0,0.0,0.8751907348632812,C:/Users/efasllija/dev/gossip-poc/out_nb_incremental_clean0104/scenario_group_highfanout_connectivity/adoption_0.05/permanent_fork_sth_proof_n12000_pg0p005_a0p05_ff0p05_s47007_drop0_pc0p02_pgc0p02,0.05
permanent_fork,sth_proof,12000,6.0,5.0,0.005,0.05,0.05,3.0,False,,,0.0,0.0,,,,,,,,,0.3653663177925785,0.3653663177925785,0.0,0.0,0,0,47008,0.02,0.02,0.0,True,0.2,0.08,800,8,0.0,0.0,0.0,0.8599634170532227,C:/Users/efasllija/dev/gossip-poc/out_nb_incremental_clean0104/scenario_group_highfanout_connectivity/adoption_0.05/permanent_fork_sth_proof_n12000_pg0p005_a0p05_ff0p05_s47008_drop0_pc0p02_pgc0p02,0.05
permanent_fork,sth_proof,12000,6.0,5.0,0.005,0.05,0.05,3.0,False,,,0.0,0.0,,,,,,,,,0.22781146098181107,0.22781146098181107,0.0,0.0,0,0,47009,0.02,0.02,0.0,True,0.2,0.08,800,8,0.0,0.0,0.0,0.8660037517547607,C:/Users/efasllija/dev/gossip-poc/out_nb_incremental_clean0104/scenario_group_highfanout_connectivity/adoption_0.05/permanent_fork_sth_proof_n12000_pg0p005_a0p05_ff0p05_s47009_drop0_pc0p02_pgc0p02,0.05
permanent_fork,sth_proof,12000,6.0,5.0,0.005,0.05,0.05,3.0,True,140.0,140.0,0.0,0.0,,,,,42999.0,,,,0.33141255256190627,0.33141255256190627,1.0,1.946737268338265e-05,1,1,47010,0.02,0.02,0.0,True,0.2,0.08,800,8,0.0,0.0,0.0,0.866649866104126,C:/Users/efasllija/dev/gossip-poc/out_nb_incremental_clean0104/scenario_group_highfanout_connectivity/adoption_0.05/permanent_fork_sth_proof_n12000_pg0p005_a0p05_ff0p05_s47010_drop0_pc0p02_pgc0p02,0.05
permanent_fork,sth_proof,12000,6.0,5.0,0.005,0.05,0.05,3.0,True,160.0,160.0,0.0,0.0,,,,,49731.0,,,,0.3996134691146956,0.3996134691146956,1.0,1.8583215639634284e-05,1,1,47011,0.02,0.02,0.0,True,0.2,0.08,800,8,0.0,0.0,0.0,0.8715677261352539,C:/Users/efasllija/dev/gossip-poc/out_nb_incremental_clean0104/scenario_group_highfanout_connectivity/adoption_0.05/permanent_fork_sth_proof_n12000_pg0p005_a0p05_ff0p05_s47011_drop0_pc0p02_pgc0p02,0.05
permanent_fork,sth_proof,12000,6.0,5.0,0.005,0.05,0.05,3.0,False,,,0.0,0.0,,,,,,,,,0.0676124358587383,0.0676124358587383,0.0,0.0,0,0,47012,0.02,0.02,0.0,True,0.2,0.08,800,8,0.0,0.0,0.0,0.8930153846740723,C:/Users/efasllija/dev/gossip-poc/out_nb_incremental_clean0104/scenario_group_highfanout_connectivity/adoption_0.05/permanent_fork_sth_proof_n12000_pg0p005_a0p05_ff0p05_s47012_drop0_pc0p02_pgc0p02,0.05
permanent_fork,sth_proof,12000,6.0,5.0,0.005,0.05,0.05,3.0,False,,,0.0,0.0,,,,,,,,,0.1916130411960262,0.1916130411960262,0.0,0.0,0,0,47013,0.02,0.02,0.0,True,0.2,0.08,800,8,0.0,0.0,0.0,0.8759214878082275,C:/Users/efasllija/dev/gossip-poc/out_nb_incremental_clean0104/scenario_group_highfanout_connectivity/adoption_0.05/permanent_fork_sth_proof_n12000_pg0p005_a0p05_ff0p05_s47013_drop0_pc0p02_pgc0p02,0.05
permanent_fork,sth_proof,12000,6.0,5.0,0.005,0.05,0.05,3.0,True,75.0,75.0,0.0,0.0,,,,,31761.0,,,,0.8656039832051425,0.8656039832051425,13.0,0.00024151896852822057,13,13,47014,0.02,0.02,0.0,True,0.2,0.08,800,8,0.0,0.0,0.0,0.8547549247741699,C:/Users/efasllija/dev/gossip-poc/out_nb_incremental_clean0104/scenario_group_highfanout_connectivity/adoption_0.05/permanent_fork_sth_proof_n12000_pg0p005_a0p05_ff0p05_s47014_drop0_pc0p02_pgc0p02,0.05
permanent_fork,sth_proof,12000,6.0,5.0,0.005,0.05,0.05,3.0,False,,,0.0,0.0,,,,,,,,,0.11552083728337947,0.11552083728337947,0.0,0.0,0,0,47000,0.02,0.02,0.0,True,0.2,0.08,800,32,0.0,0.0,0.0,0.986649751663208,C:/Users/efasllija/dev/gossip-poc/out_nb_incremental_clean0104/scenario_group_highfanout_connectivity/adoption_0.05/permanent_fork_sth_proof_n12000_pg0p005_a0p05_ff0p05_s47000_drop0_pc0p02_pgc0p02,0.05
permanent_fork,sth_proof,12000,6.0,5.0,0.005,0.05,0.05,3.0,False,,,0.0,0.0,,,,,,,,,0.013615624536996584,0.013615624536996584,0.0,0.0,0,0,47001,0.02,0.02,0.0,True,0.2,0.08,800,32,0.0,0.0,0.0,0.9777569770812988,C:/Users/efasllija/dev/gossip-poc/out_nb_incremental_clean0104/scenario_group_highfanout_connectivity/adoption_0.05/permanent_fork_sth_proof_n12000_pg0p005_a0p05_ff0p05_s47001_drop0_pc0p02_pgc0p02,0.05
permanent_fork,sth_proof,12000,6.0,5.0,0.005,0.05,0.05,3.0,False,,,0.0,0.0,,,,,,,,,0.23025808583281324,0.23025808583281324,0.0,0.0,0,0,47002,0.02,0.02,0.0,True,0.2,0.08,800,32,0.0,0.0,0.0,0.9904904365539551,C:/Users/efasllija/dev/gossip-poc/out_nb_incremental_clean0104/scenario_group_highfanout_connectivity/adoption_0.05/permanent_fork_sth_proof_n12000_pg0p005_a0p05_ff0p05_s47002_drop0_pc0p02_pgc0p02,0.05
permanent_fork,sth_proof,12000,6.0,5.0,0.005,0.05,0.05,3.0,True,75.0,75.0,0.0,0.0,,,,,161043.0,,,,0.12558194153499982,0.12558194153499982,1.0,3.788065321398402e-06,1,1,47003,0.02,0.02,0.0,True,0.2,0.08,800,32,0.0,0.0,0.0,0.9473848342895508,C:/Users/efasllija/dev/gossip-poc/out_nb_incremental_clean0104/scenario_group_highfanout_connectivity/adoption_0.05/permanent_fork_sth_proof_n12000_pg0p005_a0p05_ff0p05_s47003_drop0_pc0p02_pgc0p02,0.05
permanent_fork,sth_proof,12000,6.0,5.0,0.005,0.05,0.05,3.0,True,35.0,35.0,0.0,0.0,,,,,135459.0,,,,0.1407508073590227,0.1407508073590227,2.0,7.306416494965879e-06,2,2,47004,0.02,0.02,0.0,True,0.2,0.08,800,32,0.0,0.0,0.0,0.9698185920715332,C:/Users/efasllija/dev/gossip-poc/out_nb_incremental_clean0104/scenario_group_highfanout_connectivity/adoption_0.05/permanent_fork_sth_proof_n12000_pg0p005_a0p05_ff0p05_s47004_drop0_pc0p02_pgc0p02,0.05
permanent_fork,sth_proof,12000,6.0,5.0,0.005,0.05,0.05,3.0,True,135.0,135.0,0.0,0.0,,,,,212592.0,,,,0.2190474735281984,0.2190474735281984,1.0,3.819884792274665e-06,1,1,47005,0.02,0.02,0.0,True,0.2,0.08,800,32,0.0,0.0,0.0,0.9458229541778564,C:/Users/efasllija/dev/gossip-poc/out_nb_incremental_clean0104/scenario_group_highfanout_connectivity/adoption_0.05/permanent_fork_sth_proof_n12000_pg0p005_a0p05_ff0p05_s47005_drop0_pc0p02_pgc0p02,0.05
permanent_fork,sth_proof,12000,6.0,5.0,0.005,0.05,0.05,3.0,True,0.0,0.0,0.0,0.0,,,,,106052.0,,,,0.25222956831803944,0.25222956831803944,2.0,7.819617073351919e-06,2,2,47006,0.02,0.02,0.0,True,0.2,0.08,800,32,0.0,0.0,0.0,0.959463357925415,C:/Users/efasllija/dev/gossip-poc/out_nb_incremental_clean0104/scenario_group_highfanout_connectivity/adoption_0.05/permanent_fork_sth_proof_n12000_pg0p005_a0p05_ff0p05_s47006_drop0_pc0p02_pgc0p02,0.05
permanent_fork,sth_proof,12000,6.0,5.0,0.005,0.05,0.05,3.0,False,,,0.0,0.0,,,,,,,,,0.1431028142909673,0.1431028142909673,0.0,0.0,0,0,47007,0.02,0.02,0.0,True,0.2,0.08,800,32,0.0,0.0,0.0,0.9327981472015381,C:/Users/efasllija/dev/gossip-poc/out_nb_incremental_clean0104/scenario_group_highfanout_connectivity/adoption_0.05/permanent_fork_sth_proof_n12000_pg0p005_a0p05_ff0p05_s47007_drop0_pc0p02_pgc0p02,0.05
permanent_fork,sth_proof,12000,6.0,5.0,0.005,0.05,0.05,3.0,True,35.0,35.0,0.0,0.0,,,,,124042.0,,,,0.5195978278402065,0.5195978278402065,9.0,3.4564070264914394e-05,9,9,47008,0.02,0.02,0.0,True,0.2,0.08,800,32,0.0,0.0,0.0,0.9357807636260986,C:/Users/efasllija/dev/gossip-poc/out_nb_incremental_clean0104/scenario_group_highfanout_connectivity/adoption_0.05/permanent_fork_sth_proof_n12000_pg0p005_a0p05_ff0p05_s47008_drop0_pc0p02_pgc0p02,0.05
permanent_fork,sth_proof,12000,6.0,5.0,0.005,0.05,0.05,3.0,True,155.0,155.0,0.0,0.0,,,,,244318.0,,,,0.08904167571486936,0.08904167571486936,2.0,7.361249645739861e-06,2,2,47009,0.02,0.02,0.0,True,0.2,0.08,800,32,0.0,0.0,0.0,0.9631574153900146,C:/Users/efasllija/dev/gossip-poc/out_nb_incremental_clean0104/scenario_group_highfanout_connectivity/adoption_0.05/permanent_fork_sth_proof_n12000_pg0p005_a0p05_ff0p05_s47009_drop0_pc0p02_pgc0p02,0.05
permanent_fork,sth_proof,12000,6.0,5.0,0.005,0.05,0.05,3.0,False,,,0.0,0.0,,,,,,,,,0.12553659343439258,0.12553659343439258,0.0,0.0,0,0,47010,0.02,0.02,0.0,True,0.2,0.08,800,32,0.0,0.0,0.0,0.9613757133483887,C:/Users/efasllija/dev/gossip-poc/out_nb_incremental_clean0104/scenario_group_highfanout_connectivity/adoption_0.05/permanent_fork_sth_proof_n12000_pg0p005_a0p05_ff0p05_s47010_drop0_pc0p02_pgc0p02,0.05
permanent_fork,sth_proof,12000,6.0,5.0,0.005,0.05,0.05,3.0,False,,,0.0,0.0,,,,,,,,,0.12759371475040004,0.12759371475040004,0.0,0.0,0,0,47011,0.02,0.02,0.0,True,0.2,0.08,800,32,0.0,0.0,0.0,0.9634976387023926,C:/Users/efasllija/dev/gossip-poc/out_nb_incremental_clean0104/scenario_group_highfanout_connectivity/adoption_0.05/permanent_fork_sth_proof_n12000_pg0p005_a0p05_ff0p05_s47011_drop0_pc0p02_pgc0p02,0.05
permanent_fork,sth_proof,12000,6.0,5.0,0.005,0.05,0.05,3.0,True,125.0,125.0,0.0,0.0,,,,,206433.0,,,,0.13496206763533497,0.13496206763533497,2.0,7.34767354286449e-06,2,2,47012,0.02,0.02,0.0,True,0.2,0.08,800,32,0.0,0.0,0.0,0.9710638523101807,C:/Users/efasllija/dev/gossip-poc/out_nb_incremental_clean0104/scenario_group_highfanout_connectivity/adoption_0.05/permanent_fork_sth_proof_n12000_pg0p005_a0p05_ff0p05_s47012_drop0_pc0p02_pgc0p02,0.05
permanent_fork,sth_proof,12000,6.0,5.0,0.005,0.05,0.05,3.0,True,100.0,100.0,0.0,0.0,,,,,181378.0,,,,0.12066708066169374,0.12066708066169374,1.0,3.7409189193233427e-06,1,1,47013,0.02,0.02,0.0,True,0.2,0.08,800,32,0.0,0.0,0.0,0.9440639019012451,C:/Users/efasllija/dev/gossip-poc/out_nb_incremental_clean0104/scenario_group_highfanout_connectivity/adoption_0.05/permanent_fork_sth_proof_n12000_pg0p005_a0p05_ff0p05_s47013_drop0_pc0p02_pgc0p02,0.05
permanent_fork,sth_proof,12000,6.0,5.0,0.005,0.05,0.05,3.0,True,60.0,60.0,0.0,0.0,,,,,148270.0,,,,0.6715121563913345,0.6715121563913345,8.0,2.968140719551514e-05,8,8,47014,0.02,0.02,0.0,True,0.2,0.08,800,32,0.0,0.0,0.0,0.9370250701904297,C:/Users/efasllija/dev/gossip-poc/out_nb_incremental_clean0104/scenario_group_highfanout_connectivity/adoption_0.05/permanent_fork_sth_proof_n12000_pg0p005_a0p05_ff0p05_s47014_drop0_pc0p02_pgc0p02,0.05
permanent_fork,sth_proof,12000,6.0,5.0,0.005,0.05,0.05,3.0,False,,,0.0,0.0,,,,,,,,,0.006402549586710422,0.006402549586710422,0.0,0.0,0,0,47000,0.02,0.02,0.0,True,0.2,0.08,800,64,0.0,0.0,0.0,1.0183324813842773,C:/Users/efasllija/dev/gossip-poc/out_nb_incremental_clean0104/scenario_group_highfanout_connectivity/adoption_0.05/permanent_fork_sth_proof_n12000_pg0p005_a0p05_ff0p05_s47000_drop0_pc0p02_pgc0p02,0.05
permanent_fork,sth_proof,12000,6.0,5.0,0.005,0.05,0.05,3.0,True,20.0,20.0,0.0,0.0,,,,,252333.0,,,,0.2236249128235265,0.2236249128235265,2.0,3.5401613605548142e-06,2,2,47001,0.02,0.02,0.0,True,0.2,0.08,800,64,0.0,0.0,0.0,1.0210657119750977,C:/Users/efasllija/dev/gossip-poc/out_nb_incremental_clean0104/scenario_group_highfanout_connectivity/adoption_0.05/permanent_fork_sth_proof_n12000_pg0p005_a0p05_ff0p05_s47001_drop0_pc0p02_pgc0p02,0.05
permanent_fork,sth_proof,12000,6.0,5.0,0.005,0.05,0.05,3.0,True,170.0,170.0,0.0,0.0,,,,,553378.0,,,,0.21308905135206554,0.21308905135206554,4.0,7.046595613494231e-06,4,4,47002,0.02,0.02,0.0,True,0.2,0.08,800,64,0.0,0.0,0.0,0.9996426105499268,C:/Users/efasllija/dev/gossip-poc/out_nb_incremental_clean0104/scenario_group_highfanout_connectivity/adoption_0.05/permanent_fork_sth_proof_n12000_pg0p005_a0p05_ff0p05_s47002_drop0_pc0p02_pgc0p02,0.05
permanent_fork,sth_proof,12000,6.0,5.0,0.005,0.05,0.05,3.0,True,75.0,75.0,0.0,0.0,,,,,333139.0,,,,0.5188917694560058,0.5188917694560058,6.0,1.0824678101134968e-05,6,6,47003,0.02,0.02,0.0,True,0.2,0.08,800,64,0.0,0.0,0.0,1.015681505203247,C:/Users/efasllija/dev/gossip-poc/out_nb_incremental_clean0104/scenario_group_highfanout_connectivity/adoption_0.05/permanent_fork_sth_proof_n12000_pg0p005_a0p05_ff0p05_s47003_drop0_pc0p02_pgc0p02,0.05
permanent_fork,sth_proof,12000,6.0,5.0,0.005,0.05,0.05,3.0,False,,,0.0,0.0,,,,,,,,,0.003097752055372318,0.003097752055372318,0.0,0.0,0,0,47004,0.02,0.02,0.0,True,0.2,0.08,800,64,0.0,0.0,0.0,1.0244920253753662,C:/Users/efasllija/dev/gossip-poc/out_nb_incremental_clean0104/scenario_group_highfanout_connectivity/adoption_0.05/permanent_fork_sth_proof_n12000_pg0p005_a0p05_ff0p05_s47004_drop0_pc0p02_pgc0p02,0.05
permanent_fork,sth_proof,12000,6.0,5.0,0.005,0.05,0.05,3.0,True,70.0,70.0,0.0,0.0,,,,,318406.0,,,,0.2566148547605021,0.2566148547605021,4.0,7.250645760638057e-06,4,4,47005,0.02,0.02,0.0,True,0.2,0.08,800,64,0.0,0.0,0.0,1.0199289321899414,C:/Users/efasllija/dev/gossip-poc/out_nb_incremental_clean0104/scenario_group_highfanout_connectivity/adoption_0.05/permanent_fork_sth_proof_n12000_pg0p005_a0p05_ff0p05_s47005_drop0_pc0p02_pgc0p02,0.05
permanent_fork,sth_proof,12000,6.0,5.0,0.005,0.05,0.05,3.0,True,80.0,80.0,0.0,0.0,,,,,325706.0,,,,0.20548254293524296,0.20548254293524296,2.0,3.6989225038746215e-06,2,2,47006,0.02,0.02,0.0,True,0.2,0.08,800,64,0.0,0.0,0.0,1.0072150230407715,C:/Users/efasllija/dev/gossip-poc/out_nb_incremental_clean0104/scenario_group_highfanout_connectivity/adoption_0.05/permanent_fork_sth_proof_n12000_pg0p005_a0p05_ff0p05_s47006_drop0_pc0p02_pgc0p02,0.05
permanent_fork,sth_proof,12000,6.0,5.0,0.005,0.05,0.05,3.0,True,105.0,105.0,0.0,0.0,,,,,388953.0,,,,0.12078298935060697,0.12078298935060697,4.0,7.094865445876819e-06,4,4,47007,0.02,0.02,0.0,True,0.2,0.08,800,64,0.0,0.0,0.0,1.0684888362884521,C:/Users/efasllija/dev/gossip-poc/out_nb_incremental_clean0104/scenario_group_highfanout_connectivity/adoption_0.05/permanent_fork_sth_proof_n12000_pg0p005_a0p05_ff0p05_s47007_drop0_pc0p02_pgc0p02,0.05
permanent_fork,sth_proof,12000,6.0,5.0,0.005,0.05,0.05,3.0,True,35.0,35.0,0.0,0.0,,,,,262257.0,,,,0.33948543823728716,0.33948543823728716,13.0,2.368062487704291e-05,13,13,47008,0.02,0.02,0.0,True,0.2,0.08,800,64,0.0,0.0,0.0,1.0095469951629639,C:/Users/efasllija/dev/gossip-poc/out_nb_incremental_clean0104/scenario_group_highfanout_connectivity/adoption_0.05/permanent_fork_sth_proof_n12000_pg0p005_a0p05_ff0p05_s47008_drop0_pc0p02_pgc0p02,0.05
permanent_fork,sth_proof,12000,6.0,5.0,0.005,0.05,0.05,3.0,True,95.0,95.0,0.0,0.0,,,,,368753.0,,,,0.21344431540909753,0.21344431540909753,2.0,3.5032220885159124e-06,2,2,47009,0.02,0.02,0.0,True,0.2,0.08,800,64,0.0,0.0,0.0,1.0677201747894287,C:/Users/efasllija/dev/gossip-poc/out_nb_incremental_clean0104/scenario_group_highfanout_connectivity/adoption_0.05/permanent_fork_sth_proof_n12000_pg0p005_a0p05_ff0p05_s47009_drop0_pc0p02_pgc0p02,0.05
permanent_fork,sth_proof,12000,6.0,5.0,0.005,0.05,0.05,3.0,True,85.0,85.0,0.0,0.0,,,,,347725.0,,,,0.10736831784914766,0.10736831784914766,3.0,5.446850540236792e-06,3,3,47010,0.02,0.02,0.0,True,0.2,0.08,800,64,0.0,0.0,0.0,1.0505669116973877,C:/Users/efasllija/dev/gossip-poc/out_nb_incremental_clean0104/scenario_group_highfanout_connectivity/adoption_0.05/permanent_fork_sth_proof_n12000_pg0p005_a0p05_ff0p05_s47010_drop0_pc0p02_pgc0p02,0.05
permanent_fork,sth_proof,12000,6.0,5.0,0.005,0.05,0.05,3.0,True,115.0,115.0,0.0,0.0,,,,,401465.0,,,,0.23587322823713538,0.23587322823713538,3.0,5.409274742473445e-06,3,3,47011,0.02,0.02,0.0,True,0.2,0.08,800,64,0.0,0.0,0.0,1.010887622833252,C:/Users/efasllija/dev/gossip-poc/out_nb_incremental_clean0104/scenario_group_highfanout_connectivity/adoption_0.05/permanent_fork_sth_proof_n12000_pg0p005_a0p05_ff0p05_s47011_drop0_pc0p02_pgc0p02,0.05
permanent_fork,sth_proof,12000,6.0,5.0,0.005,0.05,0.05,3.0,True,150.0,150.0,0.0,0.0,,,,,490944.0,,,,0.10517423217083699,0.10517423217083699,2.0,3.5570289559942165e-06,2,2,47012,0.02,0.02,0.0,True,0.2,0.08,800,64,0.0,0.0,0.0,1.042572259902954,C:/Users/efasllija/dev/gossip-poc/out_nb_incremental_clean0104/scenario_group_highfanout_connectivity/adoption_0.05/permanent_fork_sth_proof_n12000_pg0p005_a0p05_ff0p05_s47012_drop0_pc0p02_pgc0p02,0.05
permanent_fork,sth_proof,12000,6.0,5.0,0.005,0.05,0.05,3.0,True,30.0,30.0,0.0,0.0,,,,,260876.0,,,,0.11558181534089877,0.11558181534089877,8.0,1.4534936536833347e-05,8,8,47013,0.02,0.02,0.0,True,0.2,0.08,800,64,0.0,0.0,0.0,1.1147902011871338,C:/Users/efasllija/dev/gossip-poc/out_nb_incremental_clean0104/scenario_group_highfanout_connectivity/adoption_0.05/permanent_fork_sth_proof_n12000_pg0p005_a0p05_ff0p05_s47013_drop0_pc0p02_pgc0p02,0.05
permanent_fork,sth_proof,12000,6.0,5.0,0.005,0.05,0.05,3.0,True,85.0,85.0,0.0,0.0,,,,,357264.0,,,,0.11311603897481576,0.11311603897481576,2.0,3.506821644804556e-06,2,2,47014,0.02,0.02,0.0,True,0.2,0.08,800,64,0.0,0.0,0.0,1.3783795833587646,C:/Users/efasllija/dev/gossip-poc/out_nb_incremental_clean0104/scenario_group_highfanout_connectivity/adoption_0.05/permanent_fork_sth_proof_n12000_pg0p005_a0p05_ff0p05_s47014_drop0_pc0p02_pgc0p02,0.05
permanent_fork,sth_proof,12000,6.0,5.0,0.005,0.05,0.05,3.0,True,155.0,155.0,0.0,0.0,,,,,59578.0,,,,0.13548455385359806,0.13548455385359806,1.0,1.5121043956874783e-05,1,1,47000,0.02,0.02,0.0,True,0.2,0.12,800,8,0.0,0.0,0.0,1.1992168426513672,C:/Users/efasllija/dev/gossip-poc/out_nb_incremental_clean0104/scenario_group_highfanout_connectivity/adoption_0.05/permanent_fork_sth_proof_n12000_pg0p005_a0p05_ff0p05_s47000_drop0_pc0p02_pgc0p02,0.05
permanent_fork,sth_proof,12000,6.0,5.0,0.005,0.05,0.05,3.0,True,105.0,105.0,0.0,0.0,,,,,46838.0,,,,0.28975877934410327,0.28975877934410327,2.0,2.9399226800335153e-05,2,2,47001,0.02,0.02,0.0,True,0.2,0.12,800,8,0.0,0.0,0.0,1.1290273666381836,C:/Users/efasllija/dev/gossip-poc/out_nb_incremental_clean0104/scenario_group_highfanout_connectivity/adoption_0.05/permanent_fork_sth_proof_n12000_pg0p005_a0p05_ff0p05_s47001_drop0_pc0p02_pgc0p02,0.05
permanent_fork,sth_proof,12000,6.0,5.0,0.005,0.05,0.05,3.0,False,,,0.0,0.0,,,,,,,,,0.14210943695479777,0.14210943695479777,0.0,0.0,0,0,47002,0.02,0.02,0.0,True,0.2,0.12,800,8,0.0,0.0,0.0,1.1106703281402588,C:/Users/efasllija/dev/gossip-poc/out_nb_incremental_clean0104/scenario_group_highfanout_connectivity/adoption_0.05/permanent_fork_sth_proof_n12000_pg0p005_a0p05_ff0p05_s47002_drop0_pc0p02_pgc0p02,0.05
permanent_fork,sth_proof,12000,6.0,5.0,0.005,0.05,0.05,3.0,True,45.0,45.0,0.0,0.0,,,,,35216.0,,,,0.466694446097982,0.466694446097982,2.0,2.9763676409310076e-05,2,2,47003,0.02,0.02,0.0,True,0.2,0.12,800,8,0.0,0.0,0.0,1.0837440490722656,C:/Users/efasllija/dev/gossip-poc/out_nb_incremental_clean0104/scenario_group_highfanout_connectivity/adoption_0.05/permanent_fork_sth_proof_n12000_pg0p005_a0p05_ff0p05_s47003_drop0_pc0p02_pgc0p02,0.05
permanent_fork,sth_proof,12000,6.0,5.0,0.005,0.05,0.05,3.0,False,,,0.0,0.0,,,,,,,,,0.180931775566133,0.180931775566133,0.0,0.0,0,0,47004,0.02,0.02,0.0,True,0.2,0.12,800,8,0.0,0.0,0.0,1.0833508968353271,C:/Users/efasllija/dev/gossip-poc/out_nb_incremental_clean0104/scenario_group_highfanout_connectivity/adoption_0.05/permanent_fork_sth_proof_n12000_pg0p005_a0p05_ff0p05_s47004_drop0_pc0p02_pgc0p02,0.05
permanent_fork,sth_proof,12000,6.0,5.0,0.005,0.05,0.05,3.0,False,,,0.0,0.0,,,,,,,,,0.24076483566215987,0.24076483566215987,0.0,0.0,0,0,47005,0.02,0.02,0.0,True,0.2,0.12,800,8,0.0,0.0,0.0,1.0289673805236816,C:/Users/efasllija/dev/gossip-poc/out_nb_incremental_clean0104/scenario_group_highfanout_connectivity/adoption_0.05/permanent_fork_sth_proof_n12000_pg0p005_a0p05_ff0p05_s47005_drop0_pc0p02_pgc0p02,0.05
permanent_fork,sth_proof,12000,6.0,5.0,0.005,0.05,0.05,3.0,False,,,0.0,0.0,,,,,,,,,0.1939004219931059,0.1939004219931059,0.0,0.0,0,0,47006,0.02,0.02,0.0,True,0.2,0.12,800,8,0.0,0.0,0.0,1.014209270477295,C:/Users/efasllija/dev/gossip-poc/out_nb_incremental_clean0104/scenario_group_highfanout_connectivity/adoption_0.05/permanent_fork_sth_proof_n12000_pg0p005_a0p05_ff0p05_s47006_drop0_pc0p02_pgc0p02,0.05
permanent_fork,sth_proof,12000,6.0,5.0,0.005,0.05,0.05,3.0,False,,,0.0,0.0,,,,,,,,,0.2534993150276967,0.2534993150276967,0.0,0.0,0,0,47007,0.02,0.02,0.0,True,0.2,0.12,800,8,0.0,0.0,0.0,1.0499067306518555,C:/Users/efasllija/dev/gossip-poc/out_nb_incremental_clean0104/scenario_group_highfanout_connectivity/adoption_0.05/permanent_fork_sth_proof_n12000_pg0p005_a0p05_ff0p05_s47007_drop0_pc0p02_pgc0p02,0.05
permanent_fork,sth_proof,12000,6.0,5.0,0.005,0.05,0.05,3.0,False,,,0.0,0.0,,,,,,,,,0.12129598989200084,0.12129598989200084,0.0,0.0,0,0,47008,0.02,0.02,0.0,True,0.2,0.12,800,8,0.0,0.0,0.0,1.011129379272461,C:/Users/efasllija/dev/gossip-poc/out_nb_incremental_clean0104/scenario_group_highfanout_connectivity/adoption_0.05/permanent_fork_sth_proof_n12000_pg0p005_a0p05_ff0p05_s47008_drop0_pc0p02_pgc0p02,0.05
permanent_fork,sth_proof,12000,6.0,5.0,0.005,0.05,0.05,3.0,True,90.0,90.0,0.0,0.0,,,,,42733.0,,,,0.6050410299320327,0.6050410299320327,4.0,5.87190440539628e-05,4,4,47009,0.02,0.02,0.0,True,0.2,0.12,800,8,0.0,0.0,0.0,0.9870052337646484,C:/Users/efasllija/dev/gossip-poc/out_nb_incremental_clean0104/scenario_group_highfanout_connectivity/adoption_0.05/permanent_fork_sth_proof_n12000_pg0p005_a0p05_ff0p05_s47009_drop0_pc0p02_pgc0p02,0.05
permanent_fork,sth_proof,12000,6.0,5.0,0.005,0.05,0.05,3.0,False,,,0.0,0.0,,,,,,,,,0.23910690723636419,0.23910690723636419,0.0,0.0,0,0,47010,0.02,0.02,0.0,True,0.2,0.12,800,8,0.0,0.0,0.0,0.9634034633636475,C:/Users/efasllija/dev/gossip-poc/out_nb_incremental_clean0104/scenario_group_highfanout_connectivity/adoption_0.05/permanent_fork_sth_proof_n12000_pg0p005_a0p05_ff0p05_s47010_drop0_pc0p02_pgc0p02,0.05
permanent_fork,sth_proof,12000,6.0,5.0,0.005,0.05,0.05,3.0,True,175.0,175.0,0.0,0.0,,,,,71812.0,,,,0.24954046677435526,0.24954046677435526,1.0,1.3925249261961789e-05,1,1,47011,0.02,0.02,0.0,True,0.2,0.12,800,8,0.0,0.0,0.0,0.9836452007293701,C:/Users/efasllija/dev/gossip-poc/out_nb_incremental_clean0104/scenario_group_highfanout_connectivity/adoption_0.05/permanent_fork_sth_proof_n12000_pg0p005_a0p05_ff0p05_s47011_drop0_pc0p02_pgc0p02,0.05
permanent_fork,sth_proof,12000,6.0,5.0,0.005,0.05,0.05,3.0,True,155.0,155.0,0.0,0.0,,,,,61921.0,,,,0.07817362221899084,0.07817362221899084,1.0,1.4541224371092046e-05,1,1,47012,0.02,0.02,0.0,True,0.2,0.12,800,8,0.0,0.0,0.0,0.949892520904541,C:/Users/efasllija/dev/gossip-poc/out_nb_incremental_clean0104/scenario_group_highfanout_connectivity/adoption_0.05/permanent_fork_sth_proof_n12000_pg0p005_a0p05_ff0p05_s47012_drop0_pc0p02_pgc0p02,0.05
permanent_fork,sth_proof,12000,6.0,5.0,0.005,0.05,0.05,3.0,True,80.0,80.0,0.0,0.0,,,,,39731.0,,,,0.5621509127913205,0.5621509127913205,2.0,3.060490596642642e-05,2,2,47013,0.02,0.02,0.0,True,0.2,0.12,800,8,0.0,0.0,0.0,0.9559190273284912,C:/Users/efasllija/dev/gossip-poc/out_nb_incremental_clean0104/scenario_group_highfanout_connectivity/adoption_0.05/permanent_fork_sth_proof_n12000_pg0p005_a0p05_ff0p05_s47013_drop0_pc0p02_pgc0p02,0.05
permanent_fork,sth_proof,12000,6.0,5.0,0.005,0.05,0.05,3.0,True,140.0,140.0,0.0,0.0,,,,,58277.0,,,,0.1404869148754205,0.1404869148754205,1.0,1.4253948343691203e-05,1,1,47014,0.02,0.02,0.0,True,0.2,0.12,800,8,0.0,0.0,0.0,0.9188230037689209,C:/Users/efasllija/dev/gossip-poc/out_nb_incremental_clean0104/scenario_group_highfanout_connectivity/adoption_0.05/permanent_fork_sth_proof_n12000_pg0p005_a0p05_ff0p05_s47014_drop0_pc0p02_pgc0p02,0.05
permanent_fork,sth_proof,12000,6.0,5.0,0.005,0.05,0.05,3.0,True,50.0,50.0,0.0,0.0,,,,,192037.0,,,,0.46416202755330926,0.46416202755330926,7.0,1.84074408135037e-05,7,7,47000,0.02,0.02,0.0,True,0.2,0.12,800,32,0.0,0.0,0.0,1.017059087753296,C:/Users/efasllija/dev/gossip-poc/out_nb_incremental_clean0104/scenario_group_highfanout_connectivity/adoption_0.05/permanent_fork_sth_proof_n12000_pg0p005_a0p05_ff0p05_s47000_drop0_pc0p02_pgc0p02,0.05
permanent_fork,sth_proof,12000,6.0,5.0,0.005,0.05,0.05,3.0,False,,,0.0,0.0,,,,,,,,,0.10003868813468664,0.10003868813468664,0.0,0.0,0,0,47001,0.02,0.02,0.0,True,0.2,0.12,800,32,0.0,0.0,0.0,1.0456857681274414,C:/Users/efasllija/dev/gossip-poc/out_nb_incremental_clean0104/scenario_group_highfanout_connectivity/adoption_0.05/permanent_fork_sth_proof_n12000_pg0p005_a0p05_ff0p05_s47001_drop0_pc0p02_pgc0p02,0.05
permanent_fork,sth_proof,12000,6.0,5.0,0.005,0.05,0.05,3.0,False,,,0.0,0.0,,,,,,,,,0.08746649045212546,0.08746649045212546,0.0,0.0,0,0,47002,0.02,0.02,0.0,True,0.2,0.12,800,32,0.0,0.0,0.0,1.0427508354187012,C:/Users/efasllija/dev/gossip-poc/out_nb_incremental_clean0104/scenario_group_highfanout_connectivity/adoption_0.05/permanent_fork_sth_proof_n12000_pg0p005_a0p05_ff0p05_s47002_drop0_pc0p02_pgc0p02,0.05
permanent_fork,sth_proof,12000,6.0,5.0,0.005,0.05,0.05,3.0,False,,,0.0,0.0,,,,,,,,,0.24633054847036182,0.24633054847036182,0.0,0.0,0,0,47003,0.02,0.02,0.0,True,0.2,0.12,800,32,0.0,0.0,0.0,1.020348310470581,C:/Users/efasllija/dev/gossip-poc/out_nb_incremental_clean0104/scenario_group_highfanout_connectivity/adoption_0.05/permanent_fork_sth_proof_n12000_pg0p005_a0p05_ff0p05_s47003_drop0_pc0p02_pgc0p02,0.05
permanent_fork,sth_proof,12000,6.0,5.0,0.005,0.05,0.05,3.0,True,80.0,80.0,0.0,0.0,,,,,243022.0,,,,0.2798103100468684,0.2798103100468684,29.0,7.303516517280372e-05,29,29,47004,0.02,0.02,0.0,True,0.2,0.12,800,32,0.0,0.0,0.0,1.0139355659484863,C:/Users/efasllija/dev/gossip-poc/out_nb_incremental_clean0104/scenario_group_highfanout_connectivity/adoption_0.05/permanent_fork_sth_proof_n12000_pg0p005_a0p05_ff0p05_s47004_drop0_pc0p02_pgc0p02,0.05
permanent_fork,sth_proof,12000,6.0,5.0,0.005,0.05,0.05,3.0,True,105.0,105.0,0.0,0.0,,,,,258891.0,,,,0.17846851703816624,0.17846851703816624,4.0,1.0623126014176561e-05,4,4,47005,0.02,0.02,0.0,True,0.2,0.12,800,32,0.0,0.0,0.0,1.0285301208496094,C:/Users/efasllija/dev/gossip-poc/out_nb_incremental_clean0104/scenario_group_highfanout_connectivity/adoption_0.05/permanent_fork_sth_proof_n12000_pg0p005_a0p05_ff0p05_s47005_drop0_pc0p02_pgc0p02,0.05
permanent_fork,sth_proof,12000,6.0,5.0,0.005,0.05,0.05,3.0,False,,,0.0,0.0,,,,,,,,,0.0920783234915139,0.0920783234915139,0.0,0.0,0,0,47006,0.02,0.02,0.0,True,0.2,0.12,800,32,0.0,0.0,0.0,1.0466880798339844,C:/Users/efasllija/dev/gossip-poc/out_nb_incremental_clean0104/scenario_group_highfanout_connectivity/adoption_0.05/permanent_fork_sth_proof_n12000_pg0p005_a0p05_ff0p05_s47006_drop0_pc0p02_pgc0p02,0.05
permanent_fork,sth_proof,12000,6.0,5.0,0.005,0.05,0.05,3.0,True,95.0,95.0,0.0,0.0,,,,,255234.0,,,,0.22995644686491856,0.22995644686491856,40.0,0.00010265912806469578,40,40,47007,0.02,0.02,0.0,True,0.2,0.12,800,32,0.0,0.0,0.0,1.0648577213287354,C:/Users/efasllija/dev/gossip-poc/out_nb_incremental_clean0104/scenario_group_highfanout_connectivity/adoption_0.05/permanent_fork_sth_proof_n12000_pg0p005_a0p05_ff0p05_s47007_drop0_pc0p02_pgc0p02,0.05
permanent_fork,sth_proof,12000,6.0,5.0,0.005,0.05,0.05,3.0,True,90.0,90.0,0.0,0.0,,,,,239012.0,,,,0.3352252374167151,0.3352252374167151,8.0,2.1227535297411037e-05,8,8,47008,0.02,0.02,0.0,True,0.2,0.12,800,32,0.0,0.0,0.0,1.0398943424224854,C:/Users/efasllija/dev/gossip-poc/out_nb_incremental_clean0104/scenario_group_highfanout_connectivity/adoption_0.05/permanent_fork_sth_proof_n12000_pg0p005_a0p05_ff0p05_s47008_drop0_pc0p02_pgc0p02,0.05
permanent_fork,sth_proof,12000,6.0,5.0,0.005,0.05,0.05,3.0,True,90.0,90.0,0.0,0.0,,,,,250426.0,,,,0.31137232420750377,0.31137232420750377,1.0,2.536596749604925e-06,1,1,47009,0.02,0.02,0.0,True,0.2,0.12,800,32,0.0,0.0,0.0,1.0269689559936523,C:/Users/efasllija/dev/gossip-poc/out_nb_incremental_clean0104/scenario_group_highfanout_connectivity/adoption_0.05/permanent_fork_sth_proof_n12000_pg0p005_a0p05_ff0p05_s47009_drop0_pc0p02_pgc0p02,0.05
permanent_fork,sth_proof,12000,6.0,5.0,0.005,0.05,0.05,3.0,True,150.0,150.0,0.0,0.0,,,,,331930.0,,,,0.018980034952073295,0.018980034952073295,2.0,5.295768680824022e-06,2,2,47010,0.02,0.02,0.0,True,0.2,0.12,800,32,0.0,0.0,0.0,1.004215955734253,C:/Users/efasllija/dev/gossip-poc/out_nb_incremental_clean0104/scenario_group_highfanout_connectivity/adoption_0.05/permanent_fork_sth_proof_n12000_pg0p005_a0p05_ff0p05_s47010_drop0_pc0p02_pgc0p02,0.05
permanent_fork,sth_proof,12000,6.0,5.0,0.005,0.05,0.05,3.0,False,,,0.0,0.0,,,,,,,,,0.3191022175533891,0.3191022175533891,0.0,0.0,0,0,47011,0.02,0.02,0.0,True,0.2,0.12,800,32,0.0,0.0,0.0,1.0391147136688232,C:/Users/efasllija/dev/gossip-poc/out_nb_incremental_clean0104/scenario_group_highfanout_connectivity/adoption_0.05/permanent_fork_sth_proof_n12000_pg0p005_a0p05_ff0p05_s47011_drop0_pc0p02_pgc0p02,0.05
permanent_fork,sth_proof,12000,6.0,5.0,0.005,0.05,0.05,3.0,True,125.0,125.0,0.0,0.0,,,,,302678.0,,,,0.21888773037963843,0.21888773037963843,34.0,8.562894459807284e-05,34,34,47012,0.02,0.02,0.0,True,0.2,0.12,800,32,0.0,0.0,0.0,1.0042834281921387,C:/Users/efasllija/dev/gossip-poc/out_nb_incremental_clean0104/scenario_group_highfanout_connectivity/adoption_0.05/permanent_fork_sth_proof_n12000_pg0p005_a0p05_ff0p05_s47012_drop0_pc0p02_pgc0p02,0.05
permanent_fork,sth_proof,12000,6.0,5.0,0.005,0.05,0.05,3.0,False,,,0.0,0.0,,,,,,,,,0.09682498842175681,0.09682498842175681,0.0,0.0,0,0,47013,0.02,0.02,0.0,True,0.2,0.12,800,32,0.0,0.0,0.0,1.0294609069824219,C:/Users/efasllija/dev/gossip-poc/out_nb_incremental_clean0104/scenario_group_highfanout_connectivity/adoption_0.05/permanent_fork_sth_proof_n12000_pg0p005_a0p05_ff0p05_s47013_drop0_pc0p02_pgc0p02,0.05
permanent_fork,sth_proof,12000,6.0,5.0,0.005,0.05,0.05,3.0,True,25.0,25.0,0.0,0.0,,,,,181625.0,,,,0.5608706605019479,0.5608706605019479,40.0,0.0001017840194000341,40,40,47014,0.02,0.02,0.0,True,0.2,0.12,800,32,0.0,0.0,0.0,1.0363197326660156,C:/Users/efasllija/dev/gossip-poc/out_nb_incremental_clean0104/scenario_group_highfanout_connectivity/adoption_0.05/permanent_fork_sth_proof_n12000_pg0p005_a0p05_ff0p05_s47014_drop0_pc0p02_pgc0p02,0.05
permanent_fork,sth_proof,12000,6.0,5.0,0.005,0.05,0.05,3.0,True,10.0,10.0,0.0,0.0,,,,,345917.0,,,,0.35884268039972433,0.35884268039972433,86.0,0.00010343089913923844,86,86,47000,0.02,0.02,0.0,True,0.2,0.12,800,64,0.0,0.0,0.0,1.1196238994598389,C:/Users/efasllija/dev/gossip-poc/out_nb_incremental_clean0104/scenario_group_highfanout_connectivity/adoption_0.05/permanent_fork_sth_proof_n12000_pg0p005_a0p05_ff0p05_s47000_drop0_pc0p02_pgc0p02,0.05
permanent_fork,sth_proof,12000,6.0,5.0,0.005,0.05,0.05,3.0,True,70.0,70.0,0.0,0.0,,,,,483406.0,,,,0.16210361433737147,0.16210361433737147,6.0,7.141547859082977e-06,6,6,47001,0.02,0.02,0.0,True,0.2,0.12,800,64,0.0,0.0,0.0,1.1935510635375977,C:/Users/efasllija/dev/gossip-poc/out_nb_incremental_clean0104/scenario_group_highfanout_connectivity/adoption_0.05/permanent_fork_sth_proof_n12000_pg0p005_a0p05_ff0p05_s47001_drop0_pc0p02_pgc0p02,0.05
permanent_fork,sth_proof,12000,6.0,5.0,0.005,0.05,0.05,3.0,True,70.0,70.0,0.0,0.0,,,,,495198.0,,,,0.07932638676571448,0.07932638676571448,4.0,4.721808736054433e-06,4,4,47002,0.02,0.02,0.0,True,0.2,0.12,800,64,0.0,0.0,0.0,1.156374216079712,C:/Users/efasllija/dev/gossip-poc/out_nb_incremental_clean0104/scenario_group_highfanout_connectivity/adoption_0.05/permanent_fork_sth_proof_n12000_pg0p005_a0p05_ff0p05_s47002_drop0_pc0p02_pgc0p02,0.05
permanent_fork,sth_proof,12000,6.0,5.0,0.005,0.05,0.05,3.0,False,,,0.0,0.0,,,,,,,,,0.146371991173669,0.146371991173669,0.0,0.0,0,0,47003,0.02,0.02,0.0,True,0.2,0.12,800,64,0.0,0.0,0.0,1.1114068031311035,C:/Users/efasllija/dev/gossip-poc/out_nb_incremental_clean0104/scenario_group_highfanout_connectivity/adoption_0.05/permanent_fork_sth_proof_n12000_pg0p005_a0p05_ff0p05_s47003_drop0_pc0p02_pgc0p02,0.05
permanent_fork,sth_proof,12000,6.0,5.0,0.005,0.05,0.05,3.0,True,90.0,90.0,0.0,0.0,,,,,548263.0,,,,0.08315701549208243,0.08315701549208243,5.0,5.873998042783852e-06,5,5,47004,0.02,0.02,0.0,True,0.2,0.12,800,64,0.0,0.0,0.0,1.1233272552490234,C:/Users/efasllija/dev/gossip-poc/out_nb_incremental_clean0104/scenario_group_highfanout_connectivity/adoption_0.05/permanent_fork_sth_proof_n12000_pg0p005_a0p05_ff0p05_s47004_drop0_pc0p02_pgc0p02,0.05
permanent_fork,sth_proof,12000,6.0,5.0,0.005,0.05,0.05,3.0,True,10.0,10.0,0.0,0.0,,,,,354404.0,,,,0.3852671179698865,0.3852671179698865,13.0,1.5745952381817543e-05,13,13,47005,0.02,0.02,0.0,True,0.2,0.12,800,64,0.0,0.0,0.0,1.1351964473724365,C:/Users/efasllija/dev/gossip-poc/out_nb_incremental_clean0104/scenario_group_highfanout_connectivity/adoption_0.05/permanent_fork_sth_proof_n12000_pg0p005_a0p05_ff0p05_s47005_drop0_pc0p02_pgc0p02,0.05
permanent_fork,sth_proof,12000,6.0,5.0,0.005,0.05,0.05,3.0,False,,,0.0,0.0,,,,,,,,,0.2330434096601779,0.2330434096601779,0.0,0.0,0,0,47006,0.02,0.02,0.0,True,0.2,0.12,800,64,0.0,0.0,0.0,1.110361099243164,C:/Users/efasllija/dev/gossip-poc/out_nb_incremental_clean0104/scenario_group_highfanout_connectivity/adoption_0.05/permanent_fork_sth_proof_n12000_pg0p005_a0p05_ff0p05_s47006_drop0_pc0p02_pgc0p02,0.05
permanent_fork,sth_proof,12000,6.0,5.0,0.005,0.05,0.05,3.0,True,25.0,25.0,0.0,0.0,,,,,381838.0,,,,0.35010688359186576,0.35010688359186576,64.0,7.694656782238809e-05,64,64,47007,0.02,0.02,0.0,True,0.2,0.12,800,64,0.0,0.0,0.0,1.1168761253356934,C:/Users/efasllija/dev/gossip-poc/out_nb_incremental_clean0104/scenario_group_highfanout_connectivity/adoption_0.05/permanent_fork_sth_proof_n12000_pg0p005_a0p05_ff0p05_s47007_drop0_pc0p02_pgc0p02,0.05
permanent_fork,sth_proof,12000,6.0,5.0,0.005,0.05,0.05,3.0,False,,,0.0,0.0,,,,,,,,,0.08516788509744806,0.08516788509744806,0.0,0.0,0,0,47008,0.02,0.02,0.0,True,0.2,0.12,800,64,0.0,0.0,0.0,1.1592516899108887,C:/Users/efasllija/dev/gossip-poc/out_nb_incremental_clean0104/scenario_group_highfanout_connectivity/adoption_0.05/permanent_fork_sth_proof_n12000_pg0p005_a0p05_ff0p05_s47008_drop0_pc0p02_pgc0p02,0.05
permanent_fork,sth_proof,12000,6.0,5.0,0.005,0.05,0.05,3.0,True,45.0,45.0,0.0,0.0,,,,,427725.0,,,,0.21951368898144177,0.21951368898144177,8.0,9.422806017403922e-06,8,8,47009,0.02,0.02,0.0,True,0.2,0.12,800,64,0.0,0.0,0.0,1.117309808731079,C:/Users/efasllija/dev/gossip-poc/out_nb_incremental_clean0104/scenario_group_highfanout_connectivity/adoption_0.05/permanent_fork_sth_proof_n12000_pg0p005_a0p05_ff0p05_s47009_drop0_pc0p02_pgc0p02,0.05
permanent_fork,sth_proof,12000,6.0,5.0,0.005,0.05,0.05,3.0,True,45.0,45.0,0.0,0.0,,,,,417586.0,,,,0.08711855478509592,0.08711855478509592,4.0,4.923064804763557e-06,4,4,47010,0.02,0.02,0.0,True,0.2,0.12,800,64,0.0,0.0,0.0,1.1201789379119873,C:/Users/efasllija/dev/gossip-poc/out_nb_incremental_clean0104/scenario_group_highfanout_connectivity/adoption_0.05/permanent_fork_sth_proof_n12000_pg0p005_a0p05_ff0p05_s47010_drop0_pc0p02_pgc0p02,0.05
permanent_fork,sth_proof,12000,6.0,5.0,0.005,0.05,0.05,3.0,True,100.0,100.0,0.0,0.0,,,,,559896.0,,,,0.3573055505658344,0.3573055505658344,13.0,1.556793006406802e-05,13,13,47011,0.02,0.02,0.0,True,0.2,0.12,800,64,0.0,0.0,0.0,1.130688190460205,C:/Users/efasllija/dev/gossip-poc/out_nb_incremental_clean0104/scenario_group_highfanout_connectivity/adoption_0.05/permanent_fork_sth_proof_n12000_pg0p005_a0p05_ff0p05_s47011_drop0_pc0p02_pgc0p02,0.05
permanent_fork,sth_proof,12000,6.0,5.0,0.005,0.05,0.05,3.0,True,65.0,65.0,0.0,0.0,,,,,466943.0,,,,0.293991358055291,0.293991358055291,10.0,1.1802710610518813e-05,10,10,47012,0.02,0.02,0.0,True,0.2,0.12,800,64,0.0,0.0,0.0,1.1419098377227783,C:/Users/efasllija/dev/gossip-poc/out_nb_incremental_clean0104/scenario_group_highfanout_connectivity/adoption_0.05/permanent_fork_sth_proof_n12000_pg0p005_a0p05_ff0p05_s47012_drop0_pc0p02_pgc0p02,0.05
permanent_fork,sth_proof,12000,6.0,5.0,0.005,0.05,0.05,3.0,True,25.0,25.0,0.0,0.0,,,,,373946.0,,,,0.380757178612956,0.380757178612956,6.0,7.390473187363276e-06,6,6,47013,0.02,0.02,0.0,True,0.2,0.12,800,64,0.0,0.0,0.0,1.159977674484253,C:/Users/efasllija/dev/gossip-poc/out_nb_incremental_clean0104/scenario_group_highfanout_connectivity/adoption_0.05/permanent_fork_sth_proof_n12000_pg0p005_a0p05_ff0p05_s47013_drop0_pc0p02_pgc0p02,0.05
permanent_fork,sth_proof,12000,6.0,5.0,0.005,0.05,0.05,3.0,True,165.0,165.0,0.0,0.0,,,,,797158.0,,,,0.41986978721788815,0.41986978721788815,66.0,7.829850236319117e-05,66,66,47014,0.02,0.02,0.0,True,0.2,0.12,800,64,0.0,0.0,0.0,1.1300268173217773,C:/Users/efasllija/dev/gossip-poc/out_nb_incremental_clean0104/scenario_group_highfanout_connectivity/adoption_0.05/permanent_fork_sth_proof_n12000_pg0p005_a0p05_ff0p05_s47014_drop0_pc0p02_pgc0p02,0.05
permanent_fork,sth_proof,12000,6.0,5.0,0.005,0.05,0.05,3.0,False,,,0.0,0.0,,,,,,,,,0.10018635855385762,0.10018635855385762,0.0,0.0,0,0,47000,0.02,0.02,0.0,True,0.2,0.16,800,8,0.0,0.0,0.0,0.8964400291442871,C:/Users/efasllija/dev/gossip-poc/out_nb_incremental_clean0104/scenario_group_highfanout_connectivity/adoption_0.05/permanent_fork_sth_proof_n12000_pg0p005_a0p05_ff0p05_s47000_drop0_pc0p02_pgc0p02,0.05
permanent_fork,sth_proof,12000,6.0,5.0,0.005,0.05,0.05,3.0,False,,,0.0,0.0,,,,,,,,,0.1392934873597857,0.1392934873597857,0.0,0.0,0,0,47001,0.02,0.02,0.0,True,0.2,0.16,800,8,0.0,0.0,0.0,0.9158847332000732,C:/Users/efasllija/dev/gossip-poc/out_nb_incremental_clean0104/scenario_group_highfanout_connectivity/adoption_0.05/permanent_fork_sth_proof_n12000_pg0p005_a0p05_ff0p05_s47001_drop0_pc0p02_pgc0p02,0.05
permanent_fork,sth_proof,12000,6.0,5.0,0.005,0.05,0.05,3.0,False,,,0.0,0.0,,,,,,,,,0.03216465238722029,0.03216465238722029,0.0,0.0,0,0,47002,0.02,0.02,0.0,True,0.2,0.16,800,8,0.0,0.0,0.0,0.904120683670044,C:/Users/efasllija/dev/gossip-poc/out_nb_incremental_clean0104/scenario_group_highfanout_connectivity/adoption_0.05/permanent_fork_sth_proof_n12000_pg0p005_a0p05_ff0p05_s47002_drop0_pc0p02_pgc0p02,0.05
permanent_fork,sth_proof,12000,6.0,5.0,0.005,0.05,0.05,3.0,True,0.0,0.0,0.0,0.0,,,,,34347.0,,,,0.19763979265468182,0.19763979265468182,1.0,1.225445142948176e-05,1,1,47003,0.02,0.02,0.0,True,0.2,0.16,800,8,0.0,0.0,0.0,0.9037520885467529,C:/Users/efasllija/dev/gossip-poc/out_nb_incremental_clean0104/scenario_group_highfanout_connectivity/adoption_0.05/permanent_fork_sth_proof_n12000_pg0p005_a0p05_ff0p05_s47003_drop0_pc0p02_pgc0p02,0.05
permanent_fork,sth_proof,12000,6.0,5.0,0.005,0.05,0.05,3.0,True,145.0,145.0,0.0,0.0,,,,,72478.0,,,,0.221852782002759,0.221852782002759,1.0,1.179064530201738e-05,1,1,47004,0.02,0.02,0.0,True,0.2,0.16,800,8,0.0,0.0,0.0,0.9288513660430908,C:/Users/efasllija/dev/gossip-poc/out_nb_incremental_clean0104/scenario_group_highfanout_connectivity/adoption_0.05/permanent_fork_sth_proof_n12000_pg0p005_a0p05_ff0p05_s47004_drop0_pc0p02_pgc0p02,0.05
permanent_fork,sth_proof,12000,6.0,5.0,0.005,0.05,0.05,3.0,False,,,0.0,0.0,,,,,,,,,0.2050953372856914,0.2050953372856914,0.0,0.0,0,0,47005,0.02,0.02,0.0,True,0.2,0.16,800,8,0.0,0.0,0.0,0.9325926303863525,C:/Users/efasllija/dev/gossip-poc/out_nb_incremental_clean0104/scenario_group_highfanout_connectivity/adoption_0.05/permanent_fork_sth_proof_n12000_pg0p005_a0p05_ff0p05_s47005_drop0_pc0p02_pgc0p02,0.05
permanent_fork,sth_proof,12000,6.0,5.0,0.005,0.05,0.05,3.0,True,115.0,115.0,0.0,0.0,,,,,57723.0,,,,0.3354758190327613,0.3354758190327613,2.0,2.4960998439937598e-05,2,2,47006,0.02,0.02,0.0,True,0.2,0.16,800,8,0.0,0.0,0.0,0.9172489643096924,C:/Users/efasllija/dev/gossip-poc/out_nb_incremental_clean0104/scenario_group_highfanout_connectivity/adoption_0.05/permanent_fork_sth_proof_n12000_pg0p005_a0p05_ff0p05_s47006_drop0_pc0p02_pgc0p02,0.05
permanent_fork,sth_proof,12000,6.0,5.0,0.005,0.05,0.05,3.0,False,,,0.0,0.0,,,,,,,,,0.0648218484355218,0.0648218484355218,0.0,0.0,0,0,47007,0.02,0.02,0.0,True,0.2,0.16,800,8,0.0,0.0,0.0,0.9583594799041748,C:/Users/efasllija/dev/gossip-poc/out_nb_incremental_clean0104/scenario_group_highfanout_connectivity/adoption_0.05/permanent_fork_sth_proof_n12000_pg0p005_a0p05_ff0p05_s47007_drop0_pc0p02_pgc0p02,0.05
permanent_fork,sth_proof,12000,6.0,5.0,0.005,0.05,0.05,3.0,False,,,0.0,0.0,,,,,,,,,0.032934315154930956,0.032934315154930956,0.0,0.0,0,0,47008,0.02,0.02,0.0,True,0.2,0.16,800,8,0.0,0.0,0.0,0.9111711978912354,C:/Users/efasllija/dev/gossip-poc/out_nb_incremental_clean0104/scenario_group_highfanout_connectivity/adoption_0.05/permanent_fork_sth_proof_n12000_pg0p005_a0p05_ff0p05_s47008_drop0_pc0p02_pgc0p02,0.05
permanent_fork,sth_proof,12000,6.0,5.0,0.005,0.05,0.05,3.0,False,,,0.0,0.0,,,,,,,,,0.18502277558457333,0.18502277558457333,0.0,0.0,0,0,47009,0.02,0.02,0.0,True,0.2,0.16,800,8,0.0,0.0,0.0,0.9177701473236084,C:/Users/efasllija/dev/gossip-poc/out_nb_incremental_clean0104/scenario_group_highfanout_connectivity/adoption_0.05/permanent_fork_sth_proof_n12000_pg0p005_a0p05_ff0p05_s47009_drop0_pc0p02_pgc0p02,0.05
permanent_fork,sth_proof,12000,6.0,5.0,0.005,0.05,0.05,3.0,False,,,0.0,0.0,,,,,,,,,0.12990684693174817,0.12990684693174817,0.0,0.0,0,0,47010,0.02,0.02,0.0,True,0.2,0.16,800,8,0.0,0.0,0.0,0.9387614727020264,C:/Users/efasllija/dev/gossip-poc/out_nb_incremental_clean0104/scenario_group_highfanout_connectivity/adoption_0.05/permanent_fork_sth_proof_n12000_pg0p005_a0p05_ff0p05_s47010_drop0_pc0p02_pgc0p02,0.05
permanent_fork,sth_proof,12000,6.0,5.0,0.005,0.05,0.05,3.0,False,,,0.0,0.0,,,,,,,,,0.05056775853895298,0.05056775853895298,0.0,0.0,0,0,47011,0.02,0.02,0.0,True,0.2,0.16,800,8,0.0,0.0,0.0,0.9031698703765869,C:/Users/efasllija/dev/gossip-poc/out_nb_incremental_clean0104/scenario_group_highfanout_connectivity/adoption_0.05/permanent_fork_sth_proof_n12000_pg0p005_a0p05_ff0p05_s47011_drop0_pc0p02_pgc0p02,0.05
permanent_fork,sth_proof,12000,6.0,5.0,0.005,0.05,0.05,3.0,False,,,0.0,0.0,,,,,,,,,0.05377247521424971,0.05377247521424971,0.0,0.0,0,0,47012,0.02,0.02,0.0,True,0.2,0.16,800,8,0.0,0.0,0.0,0.9441366195678711,C:/Users/efasllija/dev/gossip-poc/out_nb_incremental_clean0104/scenario_group_highfanout_connectivity/adoption_0.05/permanent_fork_sth_proof_n12000_pg0p005_a0p05_ff0p05_s47012_drop0_pc0p02_pgc0p02,0.05
permanent_fork,sth_proof,12000,6.0,5.0,0.005,0.05,0.05,3.0,False,,,0.0,0.0,,,,,,,,,0.1436747582395895,0.1436747582395895,0.0,0.0,0,0,47013,0.02,0.02,0.0,True,0.2,0.16,800,8,0.0,0.0,0.0,0.9250774383544922,C:/Users/efasllija/dev/gossip-poc/out_nb_incremental_clean0104/scenario_group_highfanout_connectivity/adoption_0.05/permanent_fork_sth_proof_n12000_pg0p005_a0p05_ff0p05_s47013_drop0_pc0p02_pgc0p02,0.05
permanent_fork,sth_proof,12000,6.0,5.0,0.005,0.05,0.05,3.0,False,,,0.0,0.0,,,,,,,,,0.0,0.0,0.0,0.0,0,0,47014,0.02,0.02,0.0,True,0.2,0.16,800,8,0.0,0.0,0.0,0.9412550926208496,C:/Users/efasllija/dev/gossip-poc/out_nb_incremental_clean0104/scenario_group_highfanout_connectivity/adoption_0.05/permanent_fork_sth_proof_n12000_pg0p005_a0p05_ff0p05_s47014_drop0_pc0p02_pgc0p02,0.05
permanent_fork,sth_proof,12000,6.0,5.0,0.005,0.05,0.05,3.0,True,125.0,125.0,0.0,0.0,,,,,385987.0,,,,0.2952933258419382,0.2952933258419382,6.0,1.1912112434458564e-05,6,6,47000,0.02,0.02,0.0,True,0.2,0.16,800,32,0.0,0.0,0.0,1.116377830505371,C:/Users/efasllija/dev/gossip-poc/out_nb_incremental_clean0104/scenario_group_highfanout_connectivity/adoption_0.05/permanent_fork_sth_proof_n12000_pg0p005_a0p05_ff0p05_s47000_drop0_pc0p02_pgc0p02,0.05
permanent_fork,sth_proof,12000,6.0,5.0,0.005,0.05,0.05,3.0,True,65.0,65.0,0.0,0.0,,,,,285476.0,,,,0.15041425143432707,0.15041425143432707,1.0,1.9749770408918997e-06,1,1,47001,0.02,0.02,0.0,True,0.2,0.16,800,32,0.0,0.0,0.0,1.1116960048675537,C:/Users/efasllija/dev/gossip-poc/out_nb_incremental_clean0104/scenario_group_highfanout_connectivity/adoption_0.05/permanent_fork_sth_proof_n12000_pg0p005_a0p05_ff0p05_s47001_drop0_pc0p02_pgc0p02,0.05
permanent_fork,sth_proof,12000,6.0,5.0,0.005,0.05,0.05,3.0,False,,,0.0,0.0,,,,,,,,,0.012093679741158232,0.012093679741158232,0.0,0.0,0,0,47002,0.02,0.02,0.0,True,0.2,0.16,800,32,0.0,0.0,0.0,1.0821456909179688,C:/Users/efasllija/dev/gossip-poc/out_nb_incremental_clean0104/scenario_group_highfanout_connectivity/adoption_0.05/permanent_fork_sth_proof_n12000_pg0p005_a0p05_ff0p05_s47002_drop0_pc0p02_pgc0p02,0.05
permanent_fork,sth_proof,12000,6.0,5.0,0.005,0.05,0.05,3.0,True,95.0,95.0,0.0,0.0,,,,,336966.0,,,,0.18962665684253432,0.18962665684253432,3.0,5.878802605485315e-06,3,3,47003,0.02,0.02,0.0,True,0.2,0.16,800,32,0.0,0.0,0.0,1.060194730758667,C:/Users/efasllija/dev/gossip-poc/out_nb_incremental_clean0104/scenario_group_highfanout_connectivity/adoption_0.05/permanent_fork_sth_proof_n12000_pg0p005_a0p05_ff0p05_s47003_drop0_pc0p02_pgc0p02,0.05
permanent_fork,sth_proof,12000,6.0,5.0,0.005,0.05,0.05,3.0,True,140.0,140.0,0.0,0.0,,,,,435228.0,,,,0.10503154443797477,0.10503154443797477,19.0,3.651199034546108e-05,19,19,47004,0.02,0.02,0.0,True,0.2,0.16,800,32,0.0,0.0,0.0,1.0694794654846191,C:/Users/efasllija/dev/gossip-poc/out_nb_incremental_clean0104/scenario_group_highfanout_connectivity/adoption_0.05/permanent_fork_sth_proof_n12000_pg0p005_a0p05_ff0p05_s47004_drop0_pc0p02_pgc0p02,0.05
permanent_fork,sth_proof,12000,6.0,5.0,0.005,0.05,0.05,3.0,True,45.0,45.0,0.0,0.0,,,,,252633.0,,,,0.17539979172889236,0.17539979172889236,4.0,8.072523551587461e-06,4,4,47005,0.02,0.02,0.0,True,0.2,0.16,800,32,0.0,0.0,0.0,1.0672252178192139,C:/Users/efasllija/dev/gossip-poc/out_nb_incremental_clean0104/scenario_group_highfanout_connectivity/adoption_0.05/permanent_fork_sth_proof_n12000_pg0p005_a0p05_ff0p05_s47005_drop0_pc0p02_pgc0p02,0.05
permanent_fork,sth_proof,12000,6.0,5.0,0.005,0.05,0.05,3.0,True,155.0,155.0,0.0,0.0,,,,,450946.0,,,,0.05748357010822276,0.05748357010822276,1.0,2.004867819064689e-06,1,1,47006,0.02,0.02,0.0,True,0.2,0.16,800,32,0.0,0.0,0.0,1.070152997970581,C:/Users/efasllija/dev/gossip-poc/out_nb_incremental_clean0104/scenario_group_highfanout_connectivity/adoption_0.05/permanent_fork_sth_proof_n12000_pg0p005_a0p05_ff0p05_s47006_drop0_pc0p02_pgc0p02,0.05
permanent_fork,sth_proof,12000,6.0,5.0,0.005,0.05,0.05,3.0,False,,,0.0,0.0,,,,,,,,,0.15708831884137908,0.15708831884137908,0.0,0.0,0,0,47007,0.02,0.02,0.0,True,0.2,0.16,800,32,0.0,0.0,0.0,1.0638246536254883,C:/Users/efasllija/dev/gossip-poc/out_nb_incremental_clean0104/scenario_group_highfanout_connectivity/adoption_0.05/permanent_fork_sth_proof_n12000_pg0p005_a0p05_ff0p05_s47007_drop0_pc0p02_pgc0p02,0.05
permanent_fork,sth_proof,12000,6.0,5.0,0.005,0.05,0.05,3.0,True,5.0,5.0,0.0,0.0,,,,,204150.0,,,,0.23251125328116734,0.23251125328116734,7.0,1.3973032048147076e-05,7,7,47008,0.02,0.02,0.0,True,0.2,0.16,800,32,0.0,0.0,0.0,1.096348524093628,C:/Users/efasllija/dev/gossip-poc/out_nb_incremental_clean0104/scenario_group_highfanout_connectivity/adoption_0.05/permanent_fork_sth_proof_n12000_pg0p005_a0p05_ff0p05_s47008_drop0_pc0p02_pgc0p02,0.05
permanent_fork,sth_proof,12000,6.0,5.0,0.005,0.05,0.05,3.0,False,,,0.0,0.0,,,,,,,,,0.012051433797815678,0.012051433797815678,0.0,0.0,0,0,47009,0.02,0.02,0.0,True,0.2,0.16,800,32,0.0,0.0,0.0,1.089444637298584,C:/Users/efasllija/dev/gossip-poc/out_nb_incremental_clean0104/scenario_group_highfanout_connectivity/adoption_0.05/permanent_fork_sth_proof_n12000_pg0p005_a0p05_ff0p05_s47009_drop0_pc0p02_pgc0p02,0.05
permanent_fork,sth_proof,12000,6.0,5.0,0.005,0.05,0.05,3.0,True,85.0,85.0,0.0,0.0,,,,,310626.0,,,,0.4057595311223196,0.4057595311223196,15.0,3.0190441303744016e-05,15,15,47010,0.02,0.02,0.0,True,0.2,0.16,800,32,0.0,0.0,0.0,1.1041107177734375,C:/Users/efasllija/dev/gossip-poc/out_nb_incremental_clean0104/scenario_group_highfanout_connectivity/adoption_0.05/permanent_fork_sth_proof_n12000_pg0p005_a0p05_ff0p05_s47010_drop0_pc0p02_pgc0p02,0.05
permanent_fork,sth_proof,12000,6.0,5.0,0.005,0.05,0.05,3.0,True,5.0,5.0,0.0,0.0,,,,,215065.0,,,,0.17113099878387228,0.17113099878387228,1.0,1.9489226355670586e-06,1,1,47011,0.02,0.02,0.0,True,0.2,0.16,800,32,0.0,0.0,0.0,1.0889530181884766,C:/Users/efasllija/dev/gossip-poc/out_nb_incremental_clean0104/scenario_group_highfanout_connectivity/adoption_0.05/permanent_fork_sth_proof_n12000_pg0p005_a0p05_ff0p05_s47011_drop0_pc0p02_pgc0p02,0.05
permanent_fork,sth_proof,12000,6.0,5.0,0.005,0.05,0.05,3.0,True,60.0,60.0,0.0,0.0,,,,,284225.0,,,,0.22589443285737204,0.22589443285737204,30.0,5.729870963305906e-05,30,30,47012,0.02,0.02,0.0,True,0.2,0.16,800,32,0.0,0.0,0.0,1.0763580799102783,C:/Users/efasllija/dev/gossip-poc/out_nb_incremental_clean0104/scenario_group_highfanout_connectivity/adoption_0.05/permanent_fork_sth_proof_n12000_pg0p005_a0p05_ff0p05_s47012_drop0_pc0p02_pgc0p02,0.05
permanent_fork,sth_proof,12000,6.0,5.0,0.005,0.05,0.05,3.0,True,50.0,50.0,0.0,0.0,,,,,266593.0,,,,0.15454483089798998,0.15454483089798998,4.0,7.840139554484069e-06,4,4,47013,0.02,0.02,0.0,True,0.2,0.16,800,32,0.0,0.0,0.0,1.0833046436309814,C:/Users/efasllija/dev/gossip-poc/out_nb_incremental_clean0104/scenario_group_highfanout_connectivity/adoption_0.05/permanent_fork_sth_proof_n12000_pg0p005_a0p05_ff0p05_s47013_drop0_pc0p02_pgc0p02,0.05
permanent_fork,sth_proof,12000,6.0,5.0,0.005,0.05,0.05,3.0,False,,,0.0,0.0,,,,,,,,,0.07387012907332562,0.07387012907332562,0.0,0.0,0,0,47014,0.02,0.02,0.0,True,0.2,0.16,800,32,0.0,0.0,0.0,1.075868844985962,C:/Users/efasllija/dev/gossip-poc/out_nb_incremental_clean0104/scenario_group_highfanout_connectivity/adoption_0.05/permanent_fork_sth_proof_n12000_pg0p005_a0p05_ff0p05_s47014_drop0_pc0p02_pgc0p02,0.05
permanent_fork,sth_proof,12000,6.0,5.0,0.005,0.05,0.05,3.0,True,15.0,15.0,0.0,0.0,,,,,471251.0,,,,0.2862034392769628,0.2862034392769628,10.0,9.048823833878073e-06,10,10,47000,0.02,0.02,0.0,True,0.2,0.16,800,64,0.0,0.0,0.0,1.2270913124084473,C:/Users/efasllija/dev/gossip-poc/out_nb_incremental_clean0104/scenario_group_highfanout_connectivity/adoption_0.05/permanent_fork_sth_proof_n12000_pg0p005_a0p05_ff0p05_s47000_drop0_pc0p02_pgc0p02,0.05
permanent_fork,sth_proof,12000,6.0,5.0,0.005,0.05,0.05,3.0,True,65.0,65.0,0.0,0.0,,,,,620876.0,,,,0.3143814160764539,0.3143814160764539,14.0,1.2660334088130395e-05,14,14,47001,0.02,0.02,0.0,True,0.2,0.16,800,64,0.0,0.0,0.0,1.2298262119293213,C:/Users/efasllija/dev/gossip-poc/out_nb_incremental_clean0104/scenario_group_highfanout_connectivity/adoption_0.05/permanent_fork_sth_proof_n12000_pg0p005_a0p05_ff0p05_s47001_drop0_pc0p02_pgc0p02,0.05
permanent_fork,sth_proof,12000,6.0,5.0,0.005,0.05,0.05,3.0,True,65.0,65.0,0.0,0.0,,,,,637073.0,,,,0.5196694156152716,0.5196694156152716,29.0,2.5757515199154444e-05,29,29,47002,0.02,0.02,0.0,True,0.2,0.16,800,64,0.0,0.0,0.0,1.2521185874938965,C:/Users/efasllija/dev/gossip-poc/out_nb_incremental_clean0104/scenario_group_highfanout_connectivity/adoption_0.05/permanent_fork_sth_proof_n12000_pg0p005_a0p05_ff0p05_s47002_drop0_pc0p02_pgc0p02,0.05
permanent_fork,sth_proof,12000,6.0,5.0,0.005,0.05,0.05,3.0,True,105.0,105.0,0.0,0.0,,,,,754472.0,,,,0.12176070414943893,0.12176070414943893,7.0,6.427402034915484e-06,7,7,47003,0.02,0.02,0.0,True,0.2,0.16,800,64,0.0,0.0,0.0,1.2665023803710938,C:/Users/efasllija/dev/gossip-poc/out_nb_incremental_clean0104/scenario_group_highfanout_connectivity/adoption_0.05/permanent_fork_sth_proof_n12000_pg0p005_a0p05_ff0p05_s47003_drop0_pc0p02_pgc0p02,0.05
permanent_fork,sth_proof,12000,6.0,5.0,0.005,0.05,0.05,3.0,True,130.0,130.0,0.0,0.0,,,,,883000.0,,,,0.18410722120879583,0.18410722120879583,5.0,4.4863932180091e-06,5,5,47004,0.02,0.02,0.0,True,0.2,0.16,800,64,0.0,0.0,0.0,1.237440824508667,C:/Users/efasllija/dev/gossip-poc/out_nb_incremental_clean0104/scenario_group_highfanout_connectivity/adoption_0.05/permanent_fork_sth_proof_n12000_pg0p005_a0p05_ff0p05_s47004_drop0_pc0p02_pgc0p02,0.05
permanent_fork,sth_proof,12000,6.0,5.0,0.005,0.05,0.05,3.0,True,40.0,40.0,0.0,0.0,,,,,544955.0,,,,0.20748865937107563,0.20748865937107563,7.0,6.407134985519875e-06,7,7,47005,0.02,0.02,0.0,True,0.2,0.16,800,64,0.0,0.0,0.0,1.209510326385498,C:/Users/efasllija/dev/gossip-poc/out_nb_incremental_clean0104/scenario_group_highfanout_connectivity/adoption_0.05/permanent_fork_sth_proof_n12000_pg0p005_a0p05_ff0p05_s47005_drop0_pc0p02_pgc0p02,0.05
permanent_fork,sth_proof,12000,6.0,5.0,0.005,0.05,0.05,3.0,True,115.0,115.0,0.0,0.0,,,,,777903.0,,,,0.17627023826728266,0.17627023826728266,3.0,2.7971115161742975e-06,3,3,47006,0.02,0.02,0.0,True,0.2,0.16,800,64,0.0,0.0,0.0,1.2434055805206299,C:/Users/efasllija/dev/gossip-poc/out_nb_incremental_clean0104/scenario_group_highfanout_connectivity/adoption_0.05/permanent_fork_sth_proof_n12000_pg0p005_a0p05_ff0p05_s47006_drop0_pc0p02_pgc0p02,0.05
permanent_fork,sth_proof,12000,6.0,5.0,0.005,0.05,0.05,3.0,True,15.0,15.0,0.0,0.0,,,,,471193.0,,,,0.20792054176072236,0.20792054176072236,12.0,1.0835214446952595e-05,12,12,47007,0.02,0.02,0.0,True,0.2,0.16,800,64,0.0,0.0,0.0,1.3052818775177002,C:/Users/efasllija/dev/gossip-poc/out_nb_incremental_clean0104/scenario_group_highfanout_connectivity/adoption_0.05/permanent_fork_sth_proof_n12000_pg0p005_a0p05_ff0p05_s47007_drop0_pc0p02_pgc0p02,0.05
permanent_fork,sth_proof,12000,6.0,5.0,0.005,0.05,0.05,3.0,True,80.0,80.0,0.0,0.0,,,,,655283.0,,,,0.21505977561155049,0.21505977561155049,11.0,1.0115872723928637e-05,11,11,47008,0.02,0.02,0.0,True,0.2,0.16,800,64,0.0,0.0,0.0,1.337773323059082,C:/Users/efasllija/dev/gossip-poc/out_nb_incremental_clean0104/scenario_group_highfanout_connectivity/adoption_0.05/permanent_fork_sth_proof_n12000_pg0p005_a0p05_ff0p05_s47008_drop0_pc0p02_pgc0p02,0.05
permanent_fork,sth_proof,12000,6.0,5.0,0.005,0.05,0.05,3.0,True,155.0,155.0,0.0,0.0,,,,,1016539.0,,,,0.20347046359441628,0.20347046359441628,7.0,6.185264579110418e-06,7,7,47009,0.02,0.02,0.0,True,0.2,0.16,800,64,0.0,0.0,0.0,1.3360974788665771,C:/Users/efasllija/dev/gossip-poc/out_nb_incremental_clean0104/scenario_group_highfanout_connectivity/adoption_0.05/permanent_fork_sth_proof_n12000_pg0p005_a0p05_ff0p05_s47009_drop0_pc0p02_pgc0p02,0.05
permanent_fork,sth_proof,12000,6.0,5.0,0.005,0.05,0.05,3.0,True,85.0,85.0,0.0,0.0,,,,,676016.0,,,,0.3367550876329089,0.3367550876329089,12.0,1.1191346850615104e-05,12,12,47010,0.02,0.02,0.0,True,0.2,0.16,800,64,0.0,0.0,0.0,1.2214341163635254,C:/Users/efasllija/dev/gossip-poc/out_nb_incremental_clean0104/scenario_group_highfanout_connectivity/adoption_0.05/permanent_fork_sth_proof_n12000_pg0p005_a0p05_ff0p05_s47010_drop0_pc0p02_pgc0p02,0.05
permanent_fork,sth_proof,12000,6.0,5.0,0.005,0.05,0.05,3.0,True,105.0,105.0,0.0,0.0,,,,,776417.0,,,,0.11510243315231794,0.11510243315231794,4.0,3.593357678331604e-06,4,4,47011,0.02,0.02,0.0,True,0.2,0.16,800,64,0.0,0.0,0.0,1.2593281269073486,C:/Users/efasllija/dev/gossip-poc/out_nb_incremental_clean0104/scenario_group_highfanout_connectivity/adoption_0.05/permanent_fork_sth_proof_n12000_pg0p005_a0p05_ff0p05_s47011_drop0_pc0p02_pgc0p02,0.05
permanent_fork,sth_proof,12000,6.0,5.0,0.005,0.05,0.05,3.0,True,50.0,50.0,0.0,0.0,,,,,565459.0,,,,0.25499696611173656,0.25499696611173656,13.0,1.1634379771214397e-05,13,13,47012,0.02,0.02,0.0,True,0.2,0.16,800,64,0.0,0.0,0.0,1.251429557800293,C:/Users/efasllija/dev/gossip-poc/out_nb_incremental_clean0104/scenario_group_highfanout_connectivity/adoption_0.05/permanent_fork_sth_proof_n12000_pg0p005_a0p05_ff0p05_s47012_drop0_pc0p02_pgc0p02,0.05
permanent_fork,sth_proof,12000,6.0,5.0,0.005,0.05,0.05,3.0,True,135.0,135.0,0.0,0.0,,,,,876209.0,,,,0.5422906895125115,0.5422906895125115,7.0,6.507904780056061e-06,7,7,47013,0.02,0.02,0.0,True,0.2,0.16,800,64,0.0,0.0,0.0,1.256561517715454,C:/Users/efasllija/dev/gossip-poc/out_nb_incremental_clean0104/scenario_group_highfanout_connectivity/adoption_0.05/permanent_fork_sth_proof_n12000_pg0p005_a0p05_ff0p05_s47013_drop0_pc0p02_pgc0p02,0.05
permanent_fork,sth_proof,12000,6.0,5.0,0.005,0.05,0.05,3.0,True,140.0,140.0,0.0,0.0,,,,,927249.0,,,,0.1737270378964618,0.1737270378964618,6.0,5.3610631345600045e-06,6,6,47014,0.02,0.02,0.0,True,0.2,0.16,800,64,0.0,0.0,0.0,1.230384111404419,C:/Users/efasllija/dev/gossip-poc/out_nb_incremental_clean0104/scenario_group_highfanout_connectivity/adoption_0.05/permanent_fork_sth_proof_n12000_pg0p005_a0p05_ff0p05_s47014_drop0_pc0p02_pgc0p02,0.05
permanent_fork,sth_proof,12000,6.0,5.0,0.005,0.1,0.05,3.0,False,,,0.0,0.0,,,,,,,,,0.5022186930730067,0.5022186930730067,0.0,0.0,0,0,47000,0.02,0.02,0.0,True,0.2,0.0,800,8,0.0,0.0,0.0,0.9032001495361328,C:/Users/efasllija/dev/gossip-poc/out_nb_incremental_clean0104/scenario_group_highfanout_connectivity/adoption_0.1/permanent_fork_sth_proof_n12000_pg0p005_a0p1_ff0p05_s47000_drop0_pc0p02_pgc0p02,0.1
permanent_fork,sth_proof,12000,6.0,5.0,0.005,0.1,0.05,3.0,False,,,0.0,0.0,,,,,,,,,0.6361226808027263,0.6361226808027263,0.0,0.0,0,0,47001,0.02,0.02,0.0,True,0.2,0.0,800,8,0.0,0.0,0.0,0.8640050888061523,C:/Users/efasllija/dev/gossip-poc/out_nb_incremental_clean0104/scenario_group_highfanout_connectivity/adoption_0.1/permanent_fork_sth_proof_n12000_pg0p005_a0p1_ff0p05_s47001_drop0_pc0p02_pgc0p02,0.1
permanent_fork,sth_proof,12000,6.0,5.0,0.005,0.1,0.05,3.0,False,,,0.0,0.0,,,,,,,,,0.5459829380331864,0.5459829380331864,0.0,0.0,0,0,47002,0.02,0.02,0.0,True,0.2,0.0,800,8,0.0,0.0,0.0,0.842003345489502,C:/Users/efasllija/dev/gossip-poc/out_nb_incremental_clean0104/scenario_group_highfanout_connectivity/adoption_0.1/permanent_fork_sth_proof_n12000_pg0p005_a0p1_ff0p05_s47002_drop0_pc0p02_pgc0p02,0.1
permanent_fork,sth_proof,12000,6.0,5.0,0.005,0.1,0.05,3.0,True,165.0,165.0,0.0,0.0,,,,,19861.0,,,,0.6858345692005933,0.6858345692005933,1.0,4.784002296321102e-05,1,1,47003,0.02,0.02,0.0,True,0.2,0.0,800,8,0.0,0.0,0.0,0.8677034378051758,C:/Users/efasllija/dev/gossip-poc/out_nb_incremental_clean0104/scenario_group_highfanout_connectivity/adoption_0.1/permanent_fork_sth_proof_n12000_pg0p005_a0p1_ff0p05_s47003_drop0_pc0p02_pgc0p02,0.1
permanent_fork,sth_proof,12000,6.0,5.0,0.005,0.1,0.05,3.0,False,,,0.0,0.0,,,,,,,,,0.37423426768145535,0.37423426768145535,0.0,0.0,0,0,47004,0.02,0.02,0.0,True,0.2,0.0,800,8,0.0,0.0,0.0,0.9063999652862549,C:/Users/efasllija/dev/gossip-poc/out_nb_incremental_clean0104/scenario_group_highfanout_connectivity/adoption_0.1/permanent_fork_sth_proof_n12000_pg0p005_a0p1_ff0p05_s47004_drop0_pc0p02_pgc0p02,0.1
permanent_fork,sth_proof,12000,6.0,5.0,0.005,0.1,0.05,3.0,False,,,0.0,0.0,,,,,,,,,0.388009430784776,0.388009430784776,0.0,0.0,0,0,47005,0.02,0.02,0.0,True,0.2,0.0,800,8,0.0,0.0,0.0,0.8992793560028076,C:/Users/efasllija/dev/gossip-poc/out_nb_incremental_clean0104/scenario_group_highfanout_connectivity/adoption_0.1/permanent_fork_sth_proof_n12000_pg0p005_a0p1_ff0p05_s47005_drop0_pc0p02_pgc0p02,0.1
permanent_fork,sth_proof,12000,6.0,5.0,0.005,0.1,0.05,3.0,True,20.0,20.0,0.0,0.0,,,,,9201.0,,,,0.737270087124879,0.737270087124879,1.0,4.84027105517909e-05,1,1,47006,0.02,0.02,0.0,True,0.2,0.0,800,8,0.0,0.0,0.0,0.8654344081878662,C:/Users/efasllija/dev/gossip-poc/out_nb_incremental_clean0104/scenario_group_highfanout_connectivity/adoption_0.1/permanent_fork_sth_proof_n12000_pg0p005_a0p1_ff0p05_s47006_drop0_pc0p02_pgc0p02,0.1
permanent_fork,sth_proof,12000,6.0,5.0,0.005,0.1,0.05,3.0,False,,,0.0,0.0,,,,,,,,,0.6724518035555138,0.6724518035555138,0.0,0.0,0,0,47007,0.02,0.02,0.0,True,0.2,0.0,800,8,0.0,0.0,0.0,0.8814375400543213,C:/Users/efasllija/dev/gossip-poc/out_nb_incremental_clean0104/scenario_group_highfanout_connectivity/adoption_0.1/permanent_fork_sth_proof_n12000_pg0p005_a0p1_ff0p05_s47007_drop0_pc0p02_pgc0p02,0.1
permanent_fork,sth_proof,12000,6.0,5.0,0.005,0.1,0.05,3.0,False,,,0.0,0.0,,,,,,,,,0.47268716128722843,0.47268716128722843,0.0,0.0,0,0,47008,0.02,0.02,0.0,True,0.2,0.0,800,8,0.0,0.0,0.0,0.8987500667572021,C:/Users/efasllija/dev/gossip-poc/out_nb_incremental_clean0104/scenario_group_highfanout_connectivity/adoption_0.1/permanent_fork_sth_proof_n12000_pg0p005_a0p1_ff0p05_s47008_drop0_pc0p02_pgc0p02,0.1
permanent_fork,sth_proof,12000,6.0,5.0,0.005,0.1,0.05,3.0,True,70.0,70.0,0.0,0.0,,,,,12545.0,,,,0.4970414201183432,0.4970414201183432,1.0,4.622781065088757e-05,1,1,47009,0.02,0.02,0.0,True,0.2,0.0,800,8,0.0,0.0,0.0,0.9312942028045654,C:/Users/efasllija/dev/gossip-poc/out_nb_incremental_clean0104/scenario_group_highfanout_connectivity/adoption_0.1/permanent_fork_sth_proof_n12000_pg0p005_a0p1_ff0p05_s47009_drop0_pc0p02_pgc0p02,0.1
permanent_fork,sth_proof,12000,6.0,5.0,0.005,0.1,0.05,3.0,False,,,0.0,0.0,,,,,,,,,0.5689166748070724,0.5689166748070724,0.0,0.0,0,0,47010,0.02,0.02,0.0,True,0.2,0.0,800,8,0.0,0.0,0.0,0.8517951965332031,C:/Users/efasllija/dev/gossip-poc/out_nb_incremental_clean0104/scenario_group_highfanout_connectivity/adoption_0.1/permanent_fork_sth_proof_n12000_pg0p005_a0p1_ff0p05_s47010_drop0_pc0p02_pgc0p02,0.1
permanent_fork,sth_proof,12000,6.0,5.0,0.005,0.1,0.05,3.0,False,,,0.0,0.0,,,,,,,,,0.25140291806958476,0.25140291806958476,0.0,0.0,0,0,47011,0.02,0.02,0.0,True,0.2,0.0,800,8,0.0,0.0,0.0,0.884671688079834,C:/Users/efasllija/dev/gossip-poc/out_nb_incremental_clean0104/scenario_group_highfanout_connectivity/adoption_0.1/permanent_fork_sth_proof_n12000_pg0p005_a0p1_ff0p05_s47011_drop0_pc0p02_pgc0p02,0.1
permanent_fork,sth_proof,12000,6.0,5.0,0.005,0.1,0.05,3.0,False,,,0.0,0.0,,,,,,,,,0.5077685950413223,0.5077685950413223,0.0,0.0,0,0,47012,0.02,0.02,0.0,True,0.2,0.0,800,8,0.0,0.0,0.0,0.8820614814758301,C:/Users/efasllija/dev/gossip-poc/out_nb_incremental_clean0104/scenario_group_highfanout_connectivity/adoption_0.1/permanent_fork_sth_proof_n12000_pg0p005_a0p1_ff0p05_s47012_drop0_pc0p02_pgc0p02,0.1
permanent_fork,sth_proof,12000,6.0,5.0,0.005,0.1,0.05,3.0,True,50.0,50.0,0.0,0.0,,,,,10833.0,,,,0.4329966655390712,0.4329966655390712,2.0,9.665104141497125e-05,2,2,47013,0.02,0.02,0.0,True,0.2,0.0,800,8,0.0,0.0,0.0,0.8453037738800049,C:/Users/efasllija/dev/gossip-poc/out_nb_incremental_clean0104/scenario_group_highfanout_connectivity/adoption_0.1/permanent_fork_sth_proof_n12000_pg0p005_a0p1_ff0p05_s47013_drop0_pc0p02_pgc0p02,0.1
permanent_fork,sth_proof,12000,6.0,5.0,0.005,0.1,0.05,3.0,False,,,0.0,0.0,,,,,,,,,0.7531873161163779,0.7531873161163779,0.0,0.0,0,0,47014,0.02,0.02,0.0,True,0.2,0.0,800,8,0.0,0.0,0.0,0.8909158706665039,C:/Users/efasllija/dev/gossip-poc/out_nb_incremental_clean0104/scenario_group_highfanout_connectivity/adoption_0.1/permanent_fork_sth_proof_n12000_pg0p005_a0p1_ff0p05_s47014_drop0_pc0p02_pgc0p02,0.1
permanent_fork,sth_proof,12000,6.0,5.0,0.005,0.1,0.05,3.0,True,170.0,170.0,0.0,0.0,,,,,20907.0,,,,0.33327134089641064,0.33327134089641064,1.0,4.6494327692021575e-05,1,1,47000,0.02,0.02,0.0,True,0.2,0.0,800,32,0.0,0.0,0.0,0.8582103252410889,C:/Users/efasllija/dev/gossip-poc/out_nb_incremental_clean0104/scenario_group_highfanout_connectivity/adoption_0.1/permanent_fork_sth_proof_n12000_pg0p005_a0p1_ff0p05_s47000_drop0_pc0p02_pgc0p02,0.1
permanent_fork,sth_proof,12000,6.0,5.0,0.005,0.1,0.05,3.0,True,140.0,140.0,0.0,0.0,,,,,17561.0,,,,0.4666003882024334,0.4666003882024334,1.0,4.7341760166643e-05,1,1,47001,0.02,0.02,0.0,True,0.2,0.0,800,32,0.0,0.0,0.0,0.8725173473358154,C:/Users/efasllija/dev/gossip-poc/out_nb_incremental_clean0104/scenario_group_highfanout_connectivity/adoption_0.1/permanent_fork_sth_proof_n12000_pg0p005_a0p1_ff0p05_s47001_drop0_pc0p02_pgc0p02,0.1
permanent_fork,sth_proof,12000,6.0,5.0,0.005,0.1,0.05,3.0,False,,,0.0,0.0,,,,,,,,,0.2925100270497155,0.2925100270497155,0.0,0.0,0,0,47002,0.02,0.02,0.0,True,0.2,0.0,800,32,0.0,0.0,0.0,0.8594927787780762,C:/Users/efasllija/dev/gossip-poc/out_nb_incremental_clean0104/scenario_group_highfanout_connectivity/adoption_0.1/permanent_fork_sth_proof_n12000_pg0p005_a0p1_ff0p05_s47002_drop0_pc0p02_pgc0p02,0.1
permanent_fork,sth_proof,12000,6.0,5.0,0.005,0.1,0.05,3.0,True,175.0,175.0,0.0,0.0,,,,,20801.0,,,,0.6030479303879621,0.6030479303879621,1.0,4.8074611797509735e-05,1,1,47003,0.02,0.02,0.0,True,0.2,0.0,800,32,0.0,0.0,0.0,0.8599395751953125,C:/Users/efasllija/dev/gossip-poc/out_nb_incremental_clean0104/scenario_group_highfanout_connectivity/adoption_0.1/permanent_fork_sth_proof_n12000_pg0p005_a0p1_ff0p05_s47003_drop0_pc0p02_pgc0p02,0.1
permanent_fork,sth_proof,12000,6.0,5.0,0.005,0.1,0.05,3.0,True,135.0,135.0,0.0,0.0,,,,,17527.0,,,,0.3330081300813008,0.3330081300813008,1.0,4.645760743321719e-05,1,1,47004,0.02,0.02,0.0,True,0.2,0.0,800,32,0.0,0.0,0.0,0.8707444667816162,C:/Users/efasllija/dev/gossip-poc/out_nb_incremental_clean0104/scenario_group_highfanout_connectivity/adoption_0.1/permanent_fork_sth_proof_n12000_pg0p005_a0p1_ff0p05_s47004_drop0_pc0p02_pgc0p02,0.1
permanent_fork,sth_proof,12000,6.0,5.0,0.005,0.1,0.05,3.0,True,50.0,50.0,0.0,0.0,,,,,10883.0,,,,0.43037609875594407,0.43037609875594407,1.0,4.8033046736154476e-05,1,1,47005,0.02,0.02,0.0,True,0.2,0.0,800,32,0.0,0.0,0.0,0.8504681587219238,C:/Users/efasllija/dev/gossip-poc/out_nb_incremental_clean0104/scenario_group_highfanout_connectivity/adoption_0.1/permanent_fork_sth_proof_n12000_pg0p005_a0p1_ff0p05_s47005_drop0_pc0p02_pgc0p02,0.1
permanent_fork,sth_proof,12000,6.0,5.0,0.005,0.1,0.05,3.0,True,0.0,0.0,0.0,0.0,,,,,8230.0,,,,0.4796573875802998,0.4796573875802998,1.0,4.8666536889234965e-05,1,1,47006,0.02,0.02,0.0,True,0.2,0.0,800,32,0.0,0.0,0.0,0.850801944732666,C:/Users/efasllija/dev/gossip-poc/out_nb_incremental_clean0104/scenario_group_highfanout_connectivity/adoption_0.1/permanent_fork_sth_proof_n12000_pg0p005_a0p1_ff0p05_s47006_drop0_pc0p02_pgc0p02,0.1
permanent_fork,sth_proof,12000,6.0,5.0,0.005,0.1,0.05,3.0,False,,,0.0,0.0,,,,,,,,,0.2969275197651849,0.2969275197651849,0.0,0.0,0,0,47007,0.02,0.02,0.0,True,0.2,0.0,800,32,0.0,0.0,0.0,0.8828902244567871,C:/Users/efasllija/dev/gossip-poc/out_nb_incremental_clean0104/scenario_group_highfanout_connectivity/adoption_0.1/permanent_fork_sth_proof_n12000_pg0p005_a0p1_ff0p05_s47007_drop0_pc0p02_pgc0p02,0.1
permanent_fork,sth_proof,12000,6.0,5.0,0.005,0.1,0.05,3.0,True,115.0,115.0,0.0,0.0,,,,,15199.0,,,,0.6423553027768485,0.6423553027768485,2.0,9.55885867227453e-05,2,2,47008,0.02,0.02,0.0,True,0.2,0.0,800,32,0.0,0.0,0.0,0.8946466445922852,C:/Users/efasllija/dev/gossip-poc/out_nb_incremental_clean0104/scenario_group_highfanout_connectivity/adoption_0.1/permanent_fork_sth_proof_n12000_pg0p005_a0p1_ff0p05_s47008_drop0_pc0p02_pgc0p02,0.1
permanent_fork,sth_proof,12000,6.0,5.0,0.005,0.1,0.05,3.0,True,80.0,80.0,0.0,0.0,,,,,13043.0,,,,0.3749476914492956,0.3749476914492956,1.0,4.649648951504162e-05,1,1,47009,0.02,0.02,0.0,True,0.2,0.0,800,32,0.0,0.0,0.0,0.8716368675231934,C:/Users/efasllija/dev/gossip-poc/out_nb_incremental_clean0104/scenario_group_highfanout_connectivity/adoption_0.1/permanent_fork_sth_proof_n12000_pg0p005_a0p1_ff0p05_s47009_drop0_pc0p02_pgc0p02,0.1
permanent_fork,sth_proof,12000,6.0,5.0,0.005,0.1,0.05,3.0,False,,,0.0,0.0,,,,,,,,,0.26273091584400354,0.26273091584400354,0.0,0.0,0,0,47010,0.02,0.02,0.0,True,0.2,0.0,800,32,0.0,0.0,0.0,0.8820383548736572,C:/Users/efasllija/dev/gossip-poc/out_nb_incremental_clean0104/scenario_group_highfanout_connectivity/adoption_0.1/permanent_fork_sth_proof_n12000_pg0p005_a0p1_ff0p05_s47010_drop0_pc0p02_pgc0p02,0.1
permanent_fork,sth_proof,12000,6.0,5.0,0.005,0.1,0.05,3.0,True,115.0,115.0,0.0,0.0,,,,,15565.0,,,,0.6312526419613922,0.6312526419613922,1.0,4.69682025268893e-05,1,1,47011,0.02,0.02,0.0,True,0.2,0.0,800,32,0.0,0.0,0.0,0.8573048114776611,C:/Users/efasllija/dev/gossip-poc/out_nb_incremental_clean0104/scenario_group_highfanout_connectivity/adoption_0.1/permanent_fork_sth_proof_n12000_pg0p005_a0p1_ff0p05_s47011_drop0_pc0p02_pgc0p02,0.1
permanent_fork,sth_proof,12000,6.0,5.0,0.005,0.1,0.05,3.0,True,5.0,5.0,0.0,0.0,,,,,8469.0,,,,0.38021594606063464,0.38021594606063464,1.0,4.714979489839219e-05,1,1,47012,0.02,0.02,0.0,True,0.2,0.0,800,32,0.0,0.0,0.0,0.8881950378417969,C:/Users/efasllija/dev/gossip-poc/out_nb_incremental_clean0104/scenario_group_highfanout_connectivity/adoption_0.1/permanent_fork_sth_proof_n12000_pg0p005_a0p1_ff0p05_s47012_drop0_pc0p02_pgc0p02,0.1
permanent_fork,sth_proof,12000,6.0,5.0,0.005,0.1,0.05,3.0,False,,,0.0,0.0,,,,,,,,,0.30344961052784364,0.30344961052784364,0.0,0.0,0,0,47013,0.02,0.02,0.0,True,0.2,0.0,800,32,0.0,0.0,0.0,0.8759677410125732,C:/Users/efasllija/dev/gossip-poc/out_nb_incremental_clean0104/scenario_group_highfanout_connectivity/adoption_0.1/permanent_fork_sth_proof_n12000_pg0p005_a0p1_ff0p05_s47013_drop0_pc0p02_pgc0p02,0.1
permanent_fork,sth_proof,12000,6.0,5.0,0.005,0.1,0.05,3.0,True,160.0,160.0,0.0,0.0,,,,,19817.0,,,,0.45888816463357857,0.45888816463357857,1.0,4.6559269950647176e-05,1,1,47014,0.02,0.02,0.0,True,0.2,0.0,800,32,0.0,0.0,0.0,0.8979053497314453,C:/Users/efasllija/dev/gossip-poc/out_nb_incremental_clean0104/scenario_group_highfanout_connectivity/adoption_0.1/permanent_fork_sth_proof_n12000_pg0p005_a0p1_ff0p05_s47014_drop0_pc0p02_pgc0p02,0.1
permanent_fork,sth_proof,12000,6.0,5.0,0.005,0.1,0.05,3.0,False,,,0.0,0.0,,,,,,,,,0.5854295981705325,0.5854295981705325,0.0,0.0,0,0,47000,0.02,0.02,0.0,True,0.2,0.0,800,64,0.0,0.0,0.0,0.864485502243042,C:/Users/efasllija/dev/gossip-poc/out_nb_incremental_clean0104/scenario_group_highfanout_connectivity/adoption_0.1/permanent_fork_sth_proof_n12000_pg0p005_a0p1_ff0p05_s47000_drop0_pc0p02_pgc0p02,0.1
permanent_fork,sth_proof,12000,6.0,5.0,0.005,0.1,0.05,3.0,True,25.0,25.0,0.0,0.0,,,,,9735.0,,,,0.507217662043589,0.507217662043589,1.0,4.717426172280404e-05,1,1,47001,0.02,0.02,0.0,True,0.2,0.0,800,64,0.0,0.0,0.0,0.8695428371429443,C:/Users/efasllija/dev/gossip-poc/out_nb_incremental_clean0104/scenario_group_highfanout_connectivity/adoption_0.1/permanent_fork_sth_proof_n12000_pg0p005_a0p1_ff0p05_s47001_drop0_pc0p02_pgc0p02,0.1
permanent_fork,sth_proof,12000,6.0,5.0,0.005,0.1,0.05,3.0,False,,,0.0,0.0,,,,,,,,,0.42079556661813744,0.42079556661813744,0.0,0.0,0,0,47002,0.02,0.02,0.0,True,0.2,0.0,800,64,0.0,0.0,0.0,0.8528428077697754,C:/Users/efasllija/dev/gossip-poc/out_nb_incremental_clean0104/scenario_group_highfanout_connectivity/adoption_0.1/permanent_fork_sth_proof_n12000_pg0p005_a0p1_ff0p05_s47002_drop0_pc0p02_pgc0p02,0.1
permanent_fork,sth_proof,12000,6.0,5.0,0.005,0.1,0.05,3.0,True,35.0,35.0,0.0,0.0,,,,,10130.0,,,,0.7301313392771547,0.7301313392771547,2.0,9.586808551433228e-05,2,2,47003,0.02,0.02,0.0,True,0.2,0.0,800,64,0.0,0.0,0.0,0.8856925964355469,C:/Users/efasllija/dev/gossip-poc/out_nb_incremental_clean0104/scenario_group_highfanout_connectivity/adoption_0.1/permanent_fork_sth_proof_n12000_pg0p005_a0p1_ff0p05_s47003_drop0_pc0p02_pgc0p02,0.1
permanent_fork,sth_proof,12000,6.0,5.0,0.005,0.1,0.05,3.0,True,110.0,110.0,0.0,0.0,,,,,15426.0,,,,0.4171710587577987,0.4171710587577987,2.0,9.311853990129435e-05,2,2,47004,0.02,0.02,0.0,True,0.2,0.0,800,64,0.0,0.0,0.0,0.8736648559570312,C:/Users/efasllija/dev/gossip-poc/out_nb_incremental_clean0104/scenario_group_highfanout_connectivity/adoption_0.1/permanent_fork_sth_proof_n12000_pg0p005_a0p1_ff0p05_s47004_drop0_pc0p02_pgc0p02,0.1
permanent_fork,sth_proof,12000,6.0,5.0,0.005,0.1,0.05,3.0,False,,,0.0,0.0,,,,,,,,,0.299322325093061,0.299322325093061,0.0,0.0,0,0,47005,0.02,0.02,0.0,True,0.2,0.0,800,64,0.0,0.0,0.0,0.8626186847686768,C:/Users/efasllija/dev/gossip-poc/out_nb_incremental_clean0104/scenario_group_highfanout_connectivity/adoption_0.1/permanent_fork_sth_proof_n12000_pg0p005_a0p1_ff0p05_s47005_drop0_pc0p02_pgc0p02,0.1
permanent_fork,sth_proof,12000,6.0,5.0,0.005,0.1,0.05,3.0,False,,,0.0,0.0,,,,,,,,,0.26092020966802565,0.26092020966802565,0.0,0.0,0,0,47006,0.02,0.02,0.0,True,0.2,0.0,800,64,0.0,0.0,0.0,0.8472533226013184,C:/Users/efasllija/dev/gossip-poc/out_nb_incremental_clean0104/scenario_group_highfanout_connectivity/adoption_0.1/permanent_fork_sth_proof_n12000_pg0p005_a0p1_ff0p05_s47006_drop0_pc0p02_pgc0p02,0.1
permanent_fork,sth_proof,12000,6.0,5.0,0.005,0.1,0.05,3.0,False,,,0.0,0.0,,,,,,,,,0.3837076513132851,0.3837076513132851,0.0,0.0,0,0,47007,0.02,0.02,0.0,True,0.2,0.0,800,64,0.0,0.0,0.0,0.8713688850402832,C:/Users/efasllija/dev/gossip-poc/out_nb_incremental_clean0104/scenario_group_highfanout_connectivity/adoption_0.1/permanent_fork_sth_proof_n12000_pg0p005_a0p1_ff0p05_s47007_drop0_pc0p02_pgc0p02,0.1
permanent_fork,sth_proof,12000,6.0,5.0,0.005,0.1,0.05,3.0,True,110.0,110.0,0.0,0.0,,,,,14811.0,,,,0.471624078859221,0.471624078859221,2.0,9.570293808019906e-05,2,2,47008,0.02,0.02,0.0,True,0.2,0.0,800,64,0.0,0.0,0.0,0.8990006446838379,C:/Users/efasllija/dev/gossip-poc/out_nb_incremental_clean0104/scenario_group_highfanout_connectivity/adoption_0.1/permanent_fork_sth_proof_n12000_pg0p005_a0p1_ff0p05_s47008_drop0_pc0p02_pgc0p02,0.1
permanent_fork,sth_proof,12000,6.0,5.0,0.005,0.1,0.05,3.0,False,,,0.0,0.0,,,,,,,,,0.6247675715879509,0.6247675715879509,0.0,0.0,0,0,47009,0.02,0.02,0.0,True,0.2,0.0,800,64,0.0,0.0,0.0,0.8571949005126953,C:/Users/efasllija/dev/gossip-poc/out_nb_incremental_clean0104/scenario_group_highfanout_connectivity/adoption_0.1/permanent_fork_sth_proof_n12000_pg0p005_a0p1_ff0p05_s47009_drop0_pc0p02_pgc0p02,0.1
permanent_fork,sth_proof,12000,6.0,5.0,0.005,0.1,0.05,3.0,False,,,0.0,0.0,,,,,,,,,0.3928867235079172,0.3928867235079172,0.0,0.0,0,0,47010,0.02,0.02,0.0,True,0.2,0.0,800,64,0.0,0.0,0.0,0.8518190383911133,C:/Users/efasllija/dev/gossip-poc/out_nb_incremental_clean0104/scenario_group_highfanout_connectivity/adoption_0.1/permanent_fork_sth_proof_n12000_pg0p005_a0p1_ff0p05_s47010_drop0_pc0p02_pgc0p02,0.1
permanent_fork,sth_proof,12000,6.0,5.0,0.005,0.1,0.05,3.0,True,0.0,0.0,0.0,0.0,,,,,8669.0,,,,0.2938530734632684,0.2938530734632684,4.0,0.0001874062968515742,4,4,47011,0.02,0.02,0.0,True,0.2,0.0,800,64,0.0,0.0,0.0,0.8757197856903076,C:/Users/efasllija/dev/gossip-poc/out_nb_incremental_clean0104/scenario_group_highfanout_connectivity/adoption_0.1/permanent_fork_sth_proof_n12000_pg0p005_a0p1_ff0p05_s47011_drop0_pc0p02_pgc0p02,0.1
permanent_fork,sth_proof,12000,6.0,5.0,0.005,0.1,0.05,3.0,False,,,0.0,0.0,,,,,,,,,0.2524180674241713,0.2524180674241713,0.0,0.0,0,0,47012,0.02,0.02,0.0,True,0.2,0.0,800,64,0.0,0.0,0.0,0.8716928958892822,C:/Users/efasllija/dev/gossip-poc/out_nb_incremental_clean0104/scenario_group_highfanout_connectivity/adoption_0.1/permanent_fork_sth_proof_n12000_pg0p005_a0p1_ff0p05_s47012_drop0_pc0p02_pgc0p02,0.1
permanent_fork,sth_proof,12000,6.0,5.0,0.005,0.1,0.05,3.0,True,65.0,65.0,0.0,0.0,,,,,11671.0,,,,0.39033835132387823,0.39033835132387823,2.0,9.68101069751682e-05,2,2,47013,0.02,0.02,0.0,True,0.2,0.0,800,64,0.0,0.0,0.0,0.8339166641235352,C:/Users/efasllija/dev/gossip-poc/out_nb_incremental_clean0104/scenario_group_highfanout_connectivity/adoption_0.1/permanent_fork_sth_proof_n12000_pg0p005_a0p1_ff0p05_s47013_drop0_pc0p02_pgc0p02,0.1
permanent_fork,sth_proof,12000,6.0,5.0,0.005,0.1,0.05,3.0,True,170.0,170.0,0.0,0.0,,,,,20998.0,,,,0.5405355236901944,0.5405355236901944,1.0,4.640586570142466e-05,1,1,47014,0.02,0.02,0.0,True,0.2,0.0,800,64,0.0,0.0,0.0,0.8677225112915039,C:/Users/efasllija/dev/gossip-poc/out_nb_incremental_clean0104/scenario_group_highfanout_connectivity/adoption_0.1/permanent_fork_sth_proof_n12000_pg0p005_a0p1_ff0p05_s47014_drop0_pc0p02_pgc0p02,0.1
permanent_fork,sth_proof,12000,6.0,5.0,0.005,0.1,0.05,3.0,False,,,0.0,0.0,,,,,,,,,0.18644655614899078,0.18644655614899078,0.0,0.0,0,0,47000,0.02,0.02,0.0,True,0.2,0.02,800,8,0.0,0.0,0.0,0.8884162902832031,C:/Users/efasllija/dev/gossip-poc/out_nb_incremental_clean0104/scenario_group_highfanout_connectivity/adoption_0.1/permanent_fork_sth_proof_n12000_pg0p005_a0p1_ff0p05_s47000_drop0_pc0p02_pgc0p02,0.1
permanent_fork,sth_proof,12000,6.0,5.0,0.005,0.1,0.05,3.0,True,135.0,135.0,0.0,0.0,,,,,23770.0,,,,0.6730401529636711,0.6730401529636711,1.0,3.4143676591095326e-05,1,1,47001,0.02,0.02,0.0,True,0.2,0.02,800,8,0.0,0.0,0.0,0.8743195533752441,C:/Users/efasllija/dev/gossip-poc/out_nb_incremental_clean0104/scenario_group_highfanout_connectivity/adoption_0.1/permanent_fork_sth_proof_n12000_pg0p005_a0p1_ff0p05_s47001_drop0_pc0p02_pgc0p02,0.1
permanent_fork,sth_proof,12000,6.0,5.0,0.005,0.1,0.05,3.0,True,50.0,50.0,0.0,0.0,,,,,14918.0,,,,0.4033240997229917,0.4033240997229917,1.0,3.462603878116344e-05,1,1,47002,0.02,0.02,0.0,True,0.2,0.02,800,8,0.0,0.0,0.0,0.8659989833831787,C:/Users/efasllija/dev/gossip-poc/out_nb_incremental_clean0104/scenario_group_highfanout_connectivity/adoption_0.1/permanent_fork_sth_proof_n12000_pg0p005_a0p1_ff0p05_s47002_drop0_pc0p02_pgc0p02,0.1
permanent_fork,sth_proof,12000,6.0,5.0,0.005,0.1,0.05,3.0,False,,,0.0,0.0,,,,,,,,,0.47674789826540387,0.47674789826540387,0.0,0.0,0,0,47003,0.02,0.02,0.0,True,0.2,0.02,800,8,0.0,0.0,0.0,0.8736042976379395,C:/Users/efasllija/dev/gossip-poc/out_nb_incremental_clean0104/scenario_group_highfanout_connectivity/adoption_0.1/permanent_fork_sth_proof_n12000_pg0p005_a0p1_ff0p05_s47003_drop0_pc0p02_pgc0p02,0.1
permanent_fork,sth_proof,12000,6.0,5.0,0.005,0.1,0.05,3.0,False,,,0.0,0.0,,,,,,,,,0.3333333333333333,0.3333333333333333,0.0,0.0,0,0,47004,0.02,0.02,0.0,True,0.2,0.02,800,8,0.0,0.0,0.0,0.8867366313934326,C:/Users/efasllija/dev/gossip-poc/out_nb_incremental_clean0104/scenario_group_highfanout_connectivity/adoption_0.1/permanent_fork_sth_proof_n12000_pg0p005_a0p1_ff0p05_s47004_drop0_pc0p02_pgc0p02,0.1
permanent_fork,sth_proof,12000,6.0,5.0,0.005,0.1,0.05,3.0,True,130.0,130.0,0.0,0.0,,,,,23078.0,,,,0.5883735397801894,0.5883735397801894,1.0,3.456141563558443e-05,1,1,47005,0.02,0.02,0.0,True,0.2,0.02,800,8,0.0,0.0,0.0,0.8629958629608154,C:/Users/efasllija/dev/gossip-poc/out_nb_incremental_clean0104/scenario_group_highfanout_connectivity/adoption_0.1/permanent_fork_sth_proof_n12000_pg0p005_a0p1_ff0p05_s47005_drop0_pc0p02_pgc0p02,0.1
permanent_fork,sth_proof,12000,6.0,5.0,0.005,0.1,0.05,3.0,False,,,0.0,0.0,,,,,,,,,0.48208328849671794,0.48208328849671794,0.0,0.0,0,0,47006,0.02,0.02,0.0,True,0.2,0.02,800,8,0.0,0.0,0.0,0.8478269577026367,C:/Users/efasllija/dev/gossip-poc/out_nb_incremental_clean0104/scenario_group_highfanout_connectivity/adoption_0.1/permanent_fork_sth_proof_n12000_pg0p005_a0p1_ff0p05_s47006_drop0_pc0p02_pgc0p02,0.1
permanent_fork,sth_proof,12000,6.0,5.0,0.005,0.1,0.05,3.0,False,,,0.0,0.0,,,,,,,,,0.2158070398788838,0.2158070398788838,0.0,0.0,0,0,47007,0.02,0.02,0.0,True,0.2,0.02,800,8,0.0,0.0,0.0,0.8682758808135986,C:/Users/efasllija/dev/gossip-poc/out_nb_incremental_clean0104/scenario_group_highfanout_connectivity/adoption_0.1/permanent_fork_sth_proof_n12000_pg0p005_a0p1_ff0p05_s47007_drop0_pc0p02_pgc0p02,0.1
permanent_fork,sth_proof,12000,6.0,5.0,0.005,0.1,0.05,3.0,False,,,0.0,0.0,,,,,,,,,0.7237479806138933,0.7237479806138933,0.0,0.0,0,0,47008,0.02,0.02,0.0,True,0.2,0.02,800,8,0.0,0.0,0.0,0.8780410289764404,C:/Users/efasllija/dev/gossip-poc/out_nb_incremental_clean0104/scenario_group_highfanout_connectivity/adoption_0.1/permanent_fork_sth_proof_n12000_pg0p005_a0p1_ff0p05_s47008_drop0_pc0p02_pgc0p02,0.1
permanent_fork,sth_proof,12000,6.0,5.0,0.005,0.1,0.05,3.0,False,,,0.0,0.0,,,,,,,,,0.4613325095252806,0.4613325095252806,0.0,0.0,0,0,47009,0.02,0.02,0.0,True,0.2,0.02,800,8,0.0,0.0,0.0,0.9348897933959961,C:/Users/efasllija/dev/gossip-poc/out_nb_incremental_clean0104/scenario_group_highfanout_connectivity/adoption_0.1/permanent_fork_sth_proof_n12000_pg0p005_a0p1_ff0p05_s47009_drop0_pc0p02_pgc0p02,0.1
permanent_fork,sth_proof,12000,6.0,5.0,0.005,0.1,0.05,3.0,True,30.0,30.0,0.0,0.0,,,,,13609.0,,,,0.6305862481525794,0.6305862481525794,1.0,3.518896474065733e-05,1,1,47010,0.02,0.02,0.0,True,0.2,0.02,800,8,0.0,0.0,0.0,0.9032101631164551,C:/Users/efasllija/dev/gossip-poc/out_nb_incremental_clean0104/scenario_group_highfanout_connectivity/adoption_0.1/permanent_fork_sth_proof_n12000_pg0p005_a0p1_ff0p05_s47010_drop0_pc0p02_pgc0p02,0.1
permanent_fork,sth_proof,12000,6.0,5.0,0.005,0.1,0.05,3.0,False,,,0.0,0.0,,,,,,,,,0.6570009665700096,0.6570009665700096,0.0,0.0,0,0,47011,0.02,0.02,0.0,True,0.2,0.02,800,8,0.0,0.0,0.0,0.9995748996734619,C:/Users/efasllija/dev/gossip-poc/out_nb_incremental_clean0104/scenario_group_highfanout_connectivity/adoption_0.1/permanent_fork_sth_proof_n12000_pg0p005_a0p1_ff0p05_s47011_drop0_pc0p02_pgc0p02,0.1
permanent_fork,sth_proof,12000,6.0,5.0,0.005,0.1,0.05,3.0,True,170.0,170.0,0.0,0.0,,,,,28605.0,,,,0.6419432977380506,0.6419432977380506,1.0,3.411688444611238e-05,1,1,47012,0.02,0.02,0.0,True,0.2,0.02,800,8,0.0,0.0,0.0,0.8991844654083252,C:/Users/efasllija/dev/gossip-poc/out_nb_incremental_clean0104/scenario_group_highfanout_connectivity/adoption_0.1/permanent_fork_sth_proof_n12000_pg0p005_a0p1_ff0p05_s47012_drop0_pc0p02_pgc0p02,0.1
permanent_fork,sth_proof,12000,6.0,5.0,0.005,0.1,0.05,3.0,False,,,0.0,0.0,,,,,,,,,0.510504949789901,0.510504949789901,0.0,0.0,0,0,47013,0.02,0.02,0.0,True,0.2,0.02,800,8,0.0,0.0,0.0,0.9028439521789551,C:/Users/efasllija/dev/gossip-poc/out_nb_incremental_clean0104/scenario_group_highfanout_connectivity/adoption_0.1/permanent_fork_sth_proof_n12000_pg0p005_a0p1_ff0p05_s47013_drop0_pc0p02_pgc0p02,0.1
permanent_fork,sth_proof,12000,6.0,5.0,0.005,0.1,0.05,3.0,False,,,0.0,0.0,,,,,,,,,0.21018766756032173,0.21018766756032173,0.0,0.0,0,0,47014,0.02,0.02,0.0,True,0.2,0.02,800,8,0.0,0.0,0.0,0.9598817825317383,C:/Users/efasllija/dev/gossip-poc/out_nb_incremental_clean0104/scenario_group_highfanout_connectivity/adoption_0.1/permanent_fork_sth_proof_n12000_pg0p005_a0p1_ff0p05_s47014_drop0_pc0p02_pgc0p02,0.1
permanent_fork,sth_proof,12000,6.0,5.0,0.005,0.1,0.05,3.0,True,60.0,60.0,0.0,0.0,,,,,44349.0,,,,1.4745223315303542,1.4745223315303542,2.0,2.4201062426640528e-05,2,2,47000,0.02,0.02,0.0,True,0.2,0.02,800,32,0.0,0.0,0.0,0.9713349342346191,C:/Users/efasllija/dev/gossip-poc/out_nb_incremental_clean0104/scenario_group_highfanout_connectivity/adoption_0.1/permanent_fork_sth_proof_n12000_pg0p005_a0p1_ff0p05_s47000_drop0_pc0p02_pgc0p02,0.1
permanent_fork,sth_proof,12000,6.0,5.0,0.005,0.1,0.05,3.0,False,,,0.0,0.0,,,,,,,,,0.1767803193785067,0.1767803193785067,0.0,0.0,0,0,47001,0.02,0.02,0.0,True,0.2,0.02,800,32,0.0,0.0,0.0,0.9335672855377197,C:/Users/efasllija/dev/gossip-poc/out_nb_incremental_clean0104/scenario_group_highfanout_connectivity/adoption_0.1/permanent_fork_sth_proof_n12000_pg0p005_a0p1_ff0p05_s47001_drop0_pc0p02_pgc0p02,0.1
permanent_fork,sth_proof,12000,6.0,5.0,0.005,0.1,0.05,3.0,False,,,0.0,0.0,,,,,,,,,0.08671981804323893,0.08671981804323893,0.0,0.0,0,0,47002,0.02,0.02,0.0,True,0.2,0.02,800,32,0.0,0.0,0.0,0.910470724105835,C:/Users/efasllija/dev/gossip-poc/out_nb_incremental_clean0104/scenario_group_highfanout_connectivity/adoption_0.1/permanent_fork_sth_proof_n12000_pg0p005_a0p1_ff0p05_s47002_drop0_pc0p02_pgc0p02,0.1
permanent_fork,sth_proof,12000,6.0,5.0,0.005,0.1,0.05,3.0,True,5.0,5.0,0.0,0.0,,,,,33665.0,,,,0.16039717395455413,0.16039717395455413,2.0,2.3868627076570556e-05,2,2,47003,0.02,0.02,0.0,True,0.2,0.02,800,32,0.0,0.0,0.0,0.9146826267242432,C:/Users/efasllija/dev/gossip-poc/out_nb_incremental_clean0104/scenario_group_highfanout_connectivity/adoption_0.1/permanent_fork_sth_proof_n12000_pg0p005_a0p1_ff0p05_s47003_drop0_pc0p02_pgc0p02,0.1
permanent_fork,sth_proof,12000,6.0,5.0,0.005,0.1,0.05,3.0,True,135.0,135.0,0.0,0.0,,,,,69158.0,,,,0.5227288962971782,0.5227288962971782,1.0,1.1906179307060364e-05,1,1,47004,0.02,0.02,0.0,True,0.2,0.02,800,32,0.0,0.0,0.0,0.9418768882751465,C:/Users/efasllija/dev/gossip-poc/out_nb_incremental_clean0104/scenario_group_highfanout_connectivity/adoption_0.1/permanent_fork_sth_proof_n12000_pg0p005_a0p1_ff0p05_s47004_drop0_pc0p02_pgc0p02,0.1
permanent_fork,sth_proof,12000,6.0,5.0,0.005,0.1,0.05,3.0,True,150.0,150.0,0.0,0.0,,,,,70270.0,,,,0.0897469606480612,0.0897469606480612,1.0,1.252050232255318e-05,1,1,47005,0.02,0.02,0.0,True,0.2,0.02,800,32,0.0,0.0,0.0,0.956897497177124,C:/Users/efasllija/dev/gossip-poc/out_nb_incremental_clean0104/scenario_group_highfanout_connectivity/adoption_0.1/permanent_fork_sth_proof_n12000_pg0p005_a0p1_ff0p05_s47005_drop0_pc0p02_pgc0p02,0.1
permanent_fork,sth_proof,12000,6.0,5.0,0.005,0.1,0.05,3.0,True,130.0,130.0,0.0,0.0,,,,,62720.0,,,,0.48663668973879654,0.48663668973879654,1.0,1.2630728035163947e-05,1,1,47006,0.02,0.02,0.0,True,0.2,0.02,800,32,0.0,0.0,0.0,0.910130500793457,C:/Users/efasllija/dev/gossip-poc/out_nb_incremental_clean0104/scenario_group_highfanout_connectivity/adoption_0.1/permanent_fork_sth_proof_n12000_pg0p005_a0p1_ff0p05_s47006_drop0_pc0p02_pgc0p02,0.1
permanent_fork,sth_proof,12000,6.0,5.0,0.005,0.1,0.05,3.0,True,120.0,120.0,0.0,0.0,,,,,62660.0,,,,0.3672441020819018,0.3672441020819018,1.0,1.2055019107205285e-05,1,1,47007,0.02,0.02,0.0,True,0.2,0.02,800,32,0.0,0.0,0.0,0.9178588390350342,C:/Users/efasllija/dev/gossip-poc/out_nb_incremental_clean0104/scenario_group_highfanout_connectivity/adoption_0.1/permanent_fork_sth_proof_n12000_pg0p005_a0p1_ff0p05_s47007_drop0_pc0p02_pgc0p02,0.1
permanent_fork,sth_proof,12000,6.0,5.0,0.005,0.1,0.05,3.0,False,,,0.0,0.0,,,,,,,,,0.7955899219356987,0.7955899219356987,0.0,0.0,0,0,47008,0.02,0.02,0.0,True,0.2,0.02,800,32,0.0,0.0,0.0,0.936429500579834,C:/Users/efasllija/dev/gossip-poc/out_nb_incremental_clean0104/scenario_group_highfanout_connectivity/adoption_0.1/permanent_fork_sth_proof_n12000_pg0p005_a0p1_ff0p05_s47008_drop0_pc0p02_pgc0p02,0.1
permanent_fork,sth_proof,12000,6.0,5.0,0.005,0.1,0.05,3.0,True,135.0,135.0,0.0,0.0,,,,,68838.0,,,,0.5173514959405159,0.5173514959405159,1.0,1.178369843158974e-05,1,1,47009,0.02,0.02,0.0,True,0.2,0.02,800,32,0.0,0.0,0.0,0.9380626678466797,C:/Users/efasllija/dev/gossip-poc/out_nb_incremental_clean0104/scenario_group_highfanout_connectivity/adoption_0.1/permanent_fork_sth_proof_n12000_pg0p005_a0p1_ff0p05_s47009_drop0_pc0p02_pgc0p02,0.1
permanent_fork,sth_proof,12000,6.0,5.0,0.005,0.1,0.05,3.0,True,95.0,95.0,0.0,0.0,,,,,52770.0,,,,0.114134311627433,0.114134311627433,1.0,1.2738204422704576e-05,1,1,47010,0.02,0.02,0.0,True,0.2,0.02,800,32,0.0,0.0,0.0,0.9146068096160889,C:/Users/efasllija/dev/gossip-poc/out_nb_incremental_clean0104/scenario_group_highfanout_connectivity/adoption_0.1/permanent_fork_sth_proof_n12000_pg0p005_a0p1_ff0p05_s47010_drop0_pc0p02_pgc0p02,0.1
permanent_fork,sth_proof,12000,6.0,5.0,0.005,0.1,0.05,3.0,True,0.0,0.0,0.0,0.0,,,,,34531.0,,,,1.5025395408317146,1.5025395408317146,4.0,4.8257307966075116e-05,4,4,47011,0.02,0.02,0.0,True,0.2,0.02,800,32,0.0,0.0,0.0,0.9671525955200195,C:/Users/efasllija/dev/gossip-poc/out_nb_incremental_clean0104/scenario_group_highfanout_connectivity/adoption_0.1/permanent_fork_sth_proof_n12000_pg0p005_a0p1_ff0p05_s47011_drop0_pc0p02_pgc0p02,0.1
permanent_fork,sth_proof,12000,6.0,5.0,0.005,0.1,0.05,3.0,False,,,0.0,0.0,,,,,,,,,0.09318342019205214,0.09318342019205214,0.0,0.0,0,0,47012,0.02,0.02,0.0,True,0.2,0.02,800,32,0.0,0.0,0.0,0.9070115089416504,C:/Users/efasllija/dev/gossip-poc/out_nb_incremental_clean0104/scenario_group_highfanout_connectivity/adoption_0.1/permanent_fork_sth_proof_n12000_pg0p005_a0p1_ff0p05_s47012_drop0_pc0p02_pgc0p02,0.1
permanent_fork,sth_proof,12000,6.0,5.0,0.005,0.1,0.05,3.0,True,175.0,175.0,0.0,0.0,,,,,82500.0,,,,0.07602424242424242,0.07602424242424242,1.0,1.2121212121212122e-05,1,1,47013,0.02,0.02,0.0,True,0.2,0.02,800,32,0.0,0.0,0.0,0.9301471710205078,C:/Users/efasllija/dev/gossip-poc/out_nb_incremental_clean0104/scenario_group_highfanout_connectivity/adoption_0.1/permanent_fork_sth_proof_n12000_pg0p005_a0p1_ff0p05_s47013_drop0_pc0p02_pgc0p02,0.1
permanent_fork,sth_proof,12000,6.0,5.0,0.005,0.1,0.05,3.0,False,,,0.0,0.0,,,,,,,,,0.13862705893554222,0.13862705893554222,0.0,0.0,0,0,47014,0.02,0.02,0.0,True,0.2,0.02,800,32,0.0,0.0,0.0,0.9450845718383789,C:/Users/efasllija/dev/gossip-poc/out_nb_incremental_clean0104/scenario_group_highfanout_connectivity/adoption_0.1/permanent_fork_sth_proof_n12000_pg0p005_a0p1_ff0p05_s47014_drop0_pc0p02_pgc0p02,0.1
permanent_fork,sth_proof,12000,6.0,5.0,0.005,0.1,0.05,3.0,False,,,0.0,0.0,,,,,,,,,0.06680833612944115,0.06680833612944115,0.0,0.0,0,0,47000,0.02,0.02,0.0,True,0.2,0.02,800,64,0.0,0.0,0.0,0.9202196598052979,C:/Users/efasllija/dev/gossip-poc/out_nb_incremental_clean0104/scenario_group_highfanout_connectivity/adoption_0.1/permanent_fork_sth_proof_n12000_pg0p005_a0p1_ff0p05_s47000_drop0_pc0p02_pgc0p02,0.1
permanent_fork,sth_proof,12000,6.0,5.0,0.005,0.1,0.05,3.0,False,,,0.0,0.0,,,,,,,,,0.11501999370984409,0.11501999370984409,0.0,0.0,0,0,47001,0.02,0.02,0.0,True,0.2,0.02,800,64,0.0,0.0,0.0,0.9496407508850098,C:/Users/efasllija/dev/gossip-poc/out_nb_incremental_clean0104/scenario_group_highfanout_connectivity/adoption_0.1/permanent_fork_sth_proof_n12000_pg0p005_a0p1_ff0p05_s47001_drop0_pc0p02_pgc0p02,0.1
permanent_fork,sth_proof,12000,6.0,5.0,0.005,0.1,0.05,3.0,True,35.0,35.0,0.0,0.0,,,,,74353.0,,,,0.4385121907812778,0.4385121907812778,5.0,3.17799303383927e-05,5,5,47002,0.02,0.02,0.0,True,0.2,0.02,800,64,0.0,0.0,0.0,0.9625964164733887,C:/Users/efasllija/dev/gossip-poc/out_nb_incremental_clean0104/scenario_group_highfanout_connectivity/adoption_0.1/permanent_fork_sth_proof_n12000_pg0p005_a0p1_ff0p05_s47002_drop0_pc0p02_pgc0p02,0.1
permanent_fork,sth_proof,12000,6.0,5.0,0.005,0.1,0.05,3.0,True,20.0,20.0,0.0,0.0,,,,,68489.0,,,,1.1393226837060704,1.1393226837060704,13.0,8.30670926517572e-05,13,13,47003,0.02,0.02,0.0,True,0.2,0.02,800,64,0.0,0.0,0.0,0.9532270431518555,C:/Users/efasllija/dev/gossip-poc/out_nb_incremental_clean0104/scenario_group_highfanout_connectivity/adoption_0.1/permanent_fork_sth_proof_n12000_pg0p005_a0p1_ff0p05_s47003_drop0_pc0p02_pgc0p02,0.1
permanent_fork,sth_proof,12000,6.0,5.0,0.005,0.1,0.05,3.0,False,,,0.0,0.0,,,,,,,,,0.08401942949307027,0.08401942949307027,0.0,0.0,0,0,47004,0.02,0.02,0.0,True,0.2,0.02,800,64,0.0,0.0,0.0,0.9878582954406738,C:/Users/efasllija/dev/gossip-poc/out_nb_incremental_clean0104/scenario_group_highfanout_connectivity/adoption_0.1/permanent_fork_sth_proof_n12000_pg0p005_a0p1_ff0p05_s47004_drop0_pc0p02_pgc0p02,0.1
permanent_fork,sth_proof,12000,6.0,5.0,0.005,0.1,0.05,3.0,True,55.0,55.0,0.0,0.0,,,,,88632.0,,,,1.2506835193402357,1.2506835193402357,8.0,5.1223931820946746e-05,8,8,47005,0.02,0.02,0.0,True,0.2,0.02,800,64,0.0,0.0,0.0,0.9524281024932861,C:/Users/efasllija/dev/gossip-poc/out_nb_incremental_clean0104/scenario_group_highfanout_connectivity/adoption_0.1/permanent_fork_sth_proof_n12000_pg0p005_a0p1_ff0p05_s47005_drop0_pc0p02_pgc0p02,0.1
permanent_fork,sth_proof,12000,6.0,5.0,0.005,0.1,0.05,3.0,True,85.0,85.0,0.0,0.0,,,,,95012.0,,,,0.4970808126172298,0.4970808126172298,4.0,2.6417985364436108e-05,4,4,47006,0.02,0.02,0.0,True,0.2,0.02,800,64,0.0,0.0,0.0,0.9242846965789795,C:/Users/efasllija/dev/gossip-poc/out_nb_incremental_clean0104/scenario_group_highfanout_connectivity/adoption_0.1/permanent_fork_sth_proof_n12000_pg0p005_a0p1_ff0p05_s47006_drop0_pc0p02_pgc0p02,0.1
permanent_fork,sth_proof,12000,6.0,5.0,0.005,0.1,0.05,3.0,True,50.0,50.0,0.0,0.0,,,,,82815.0,,,,0.42391493812096914,0.42391493812096914,3.0,1.8675763838741003e-05,3,3,47007,0.02,0.02,0.0,True,0.2,0.02,800,64,0.0,0.0,0.0,0.9744715690612793,C:/Users/efasllija/dev/gossip-poc/out_nb_incremental_clean0104/scenario_group_highfanout_connectivity/adoption_0.1/permanent_fork_sth_proof_n12000_pg0p005_a0p1_ff0p05_s47007_drop0_pc0p02_pgc0p02,0.1
permanent_fork,sth_proof,12000,6.0,5.0,0.005,0.1,0.05,3.0,True,100.0,100.0,0.0,0.0,,,,,104296.0,,,,0.08097134631646215,0.08097134631646215,1.0,6.454986154054699e-06,1,1,47008,0.02,0.02,0.0,True,0.2,0.02,800,64,0.0,0.0,0.0,0.9590978622436523,C:/Users/efasllija/dev/gossip-poc/out_nb_incremental_clean0104/scenario_group_highfanout_connectivity/adoption_0.1/permanent_fork_sth_proof_n12000_pg0p005_a0p1_ff0p05_s47008_drop0_pc0p02_pgc0p02,0.1
permanent_fork,sth_proof,12000,6.0,5.0,0.005,0.1,0.05,3.0,True,20.0,20.0,0.0,0.0,,,,,69931.0,,,,0.7369017875500782,0.7369017875500782,8.0,4.984454731805183e-05,8,8,47009,0.02,0.02,0.0,True,0.2,0.02,800,64,0.0,0.0,0.0,0.9400384426116943,C:/Users/efasllija/dev/gossip-poc/out_nb_incremental_clean0104/scenario_group_highfanout_connectivity/adoption_0.1/permanent_fork_sth_proof_n12000_pg0p005_a0p1_ff0p05_s47009_drop0_pc0p02_pgc0p02,0.1
permanent_fork,sth_proof,12000,6.0,5.0,0.005,0.1,0.05,3.0,True,105.0,105.0,0.0,0.0,,,,,107268.0,,,,0.3583764999016458,0.3583764999016458,1.0,6.55694708543702e-06,1,1,47010,0.02,0.02,0.0,True,0.2,0.02,800,64,0.0,0.0,0.0,0.9627976417541504,C:/Users/efasllija/dev/gossip-poc/out_nb_incremental_clean0104/scenario_group_highfanout_connectivity/adoption_0.1/permanent_fork_sth_proof_n12000_pg0p005_a0p1_ff0p05_s47010_drop0_pc0p02_pgc0p02,0.1
permanent_fork,sth_proof,12000,6.0,5.0,0.005,0.1,0.05,3.0,True,65.0,65.0,0.0,0.0,,,,,85912.0,,,,0.38776276515175623,0.38776276515175623,3.0,1.9092835731605643e-05,3,3,47011,0.02,0.02,0.0,True,0.2,0.02,800,64,0.0,0.0,0.0,0.9663286209106445,C:/Users/efasllija/dev/gossip-poc/out_nb_incremental_clean0104/scenario_group_highfanout_connectivity/adoption_0.1/permanent_fork_sth_proof_n12000_pg0p005_a0p1_ff0p05_s47011_drop0_pc0p02_pgc0p02,0.1
permanent_fork,sth_proof,12000,6.0,5.0,0.005,0.1,0.05,3.0,False,,,0.0,0.0,,,,,,,,,0.028585466077091427,0.028585466077091427,0.0,0.0,0,0,47012,0.02,0.02,0.0,True,0.2,0.02,800,64,0.0,0.0,0.0,0.9766526222229004,C:/Users/efasllija/dev/gossip-poc/out_nb_incremental_clean0104/scenario_group_highfanout_connectivity/adoption_0.1/permanent_fork_sth_proof_n12000_pg0p005_a0p1_ff0p05_s47012_drop0_pc0p02_pgc0p02,0.1
permanent_fork,sth_proof,12000,6.0,5.0,0.005,0.1,0.05,3.0,False,,,0.0,0.0,,,,,,,,,0.034908637550161686,0.034908637550161686,0.0,0.0,0,0,47013,0.02,0.02,0.0,True,0.2,0.02,800,64,0.0,0.0,0.0,0.9464828968048096,C:/Users/efasllija/dev/gossip-poc/out_nb_incremental_clean0104/scenario_group_highfanout_connectivity/adoption_0.1/permanent_fork_sth_proof_n12000_pg0p005_a0p1_ff0p05_s47013_drop0_pc0p02_pgc0p02,0.1
permanent_fork,sth_proof,12000,6.0,5.0,0.005,0.1,0.05,3.0,True,165.0,165.0,0.0,0.0,,,,,154031.0,,,,0.4633255972864328,0.4633255972864328,71.0,0.0004370763898721398,71,71,47014,0.02,0.02,0.0,True,0.2,0.02,800,64,0.0,0.0,0.0,0.9548859596252441,C:/Users/efasllija/dev/gossip-poc/out_nb_incremental_clean0104/scenario_group_highfanout_connectivity/adoption_0.1/permanent_fork_sth_proof_n12000_pg0p005_a0p1_ff0p05_s47014_drop0_pc0p02_pgc0p02,0.1
permanent_fork,sth_proof,12000,6.0,5.0,0.005,0.1,0.05,3.0,False,,,0.0,0.0,,,,,,,,,1.2706100520875945,1.2706100520875945,0.0,0.0,0,0,47000,0.02,0.02,0.0,True,0.2,0.04,800,8,0.0,0.0,0.0,0.9421079158782959,C:/Users/efasllija/dev/gossip-poc/out_nb_incremental_clean0104/scenario_group_highfanout_connectivity/adoption_0.1/permanent_fork_sth_proof_n12000_pg0p005_a0p1_ff0p05_s47000_drop0_pc0p02_pgc0p02,0.1
permanent_fork,sth_proof,12000,6.0,5.0,0.005,0.1,0.05,3.0,False,,,0.0,0.0,,,,,,,,,0.5073202297177061,0.5073202297177061,0.0,0.0,0,0,47001,0.02,0.02,0.0,True,0.2,0.04,800,8,0.0,0.0,0.0,0.9637255668640137,C:/Users/efasllija/dev/gossip-poc/out_nb_incremental_clean0104/scenario_group_highfanout_connectivity/adoption_0.1/permanent_fork_sth_proof_n12000_pg0p005_a0p1_ff0p05_s47001_drop0_pc0p02_pgc0p02,0.1
permanent_fork,sth_proof,12000,6.0,5.0,0.005,0.1,0.05,3.0,True,125.0,125.0,0.0,0.0,,,,,28592.0,,,,0.6007939062332368,0.6007939062332368,1.0,2.68211565282695e-05,1,1,47002,0.02,0.02,0.0,True,0.2,0.04,800,8,0.0,0.0,0.0,0.9315497875213623,C:/Users/efasllija/dev/gossip-poc/out_nb_incremental_clean0104/scenario_group_highfanout_connectivity/adoption_0.1/permanent_fork_sth_proof_n12000_pg0p005_a0p1_ff0p05_s47002_drop0_pc0p02_pgc0p02,0.1
permanent_fork,sth_proof,12000,6.0,5.0,0.005,0.1,0.05,3.0,False,,,0.0,0.0,,,,,,,,,0.6252442360296991,0.6252442360296991,0.0,0.0,0,0,47003,0.02,0.02,0.0,True,0.2,0.04,800,8,0.0,0.0,0.0,0.8827333450317383,C:/Users/efasllija/dev/gossip-poc/out_nb_incremental_clean0104/scenario_group_highfanout_connectivity/adoption_0.1/permanent_fork_sth_proof_n12000_pg0p005_a0p1_ff0p05_s47003_drop0_pc0p02_pgc0p02,0.1
permanent_fork,sth_proof,12000,6.0,5.0,0.005,0.1,0.05,3.0,True,100.0,100.0,0.0,0.0,,,,,25584.0,,,,1.022885360802846,1.022885360802846,4.0,0.00010619656985079382,4,4,47004,0.02,0.02,0.0,True,0.2,0.04,800,8,0.0,0.0,0.0,0.9288921356201172,C:/Users/efasllija/dev/gossip-poc/out_nb_incremental_clean0104/scenario_group_highfanout_connectivity/adoption_0.1/permanent_fork_sth_proof_n12000_pg0p005_a0p1_ff0p05_s47004_drop0_pc0p02_pgc0p02,0.1
permanent_fork,sth_proof,12000,6.0,5.0,0.005,0.1,0.05,3.0,False,,,0.0,0.0,,,,,,,,,0.46648444617987767,0.46648444617987767,0.0,0.0,0,0,47005,0.02,0.02,0.0,True,0.2,0.04,800,8,0.0,0.0,0.0,0.9597680568695068,C:/Users/efasllija/dev/gossip-poc/out_nb_incremental_clean0104/scenario_group_highfanout_connectivity/adoption_0.1/permanent_fork_sth_proof_n12000_pg0p005_a0p1_ff0p05_s47005_drop0_pc0p02_pgc0p02,0.1
permanent_fork,sth_proof,12000,6.0,5.0,0.005,0.1,0.05,3.0,False,,,0.0,0.0,,,,,,,,,0.4310740059431159,0.4310740059431159,0.0,0.0,0,0,47006,0.02,0.02,0.0,True,0.2,0.04,800,8,0.0,0.0,0.0,0.9574780464172363,C:/Users/efasllija/dev/gossip-poc/out_nb_incremental_clean0104/scenario_group_highfanout_connectivity/adoption_0.1/permanent_fork_sth_proof_n12000_pg0p005_a0p1_ff0p05_s47006_drop0_pc0p02_pgc0p02,0.1
permanent_fork,sth_proof,12000,6.0,5.0,0.005,0.1,0.05,3.0,True,55.0,55.0,0.0,0.0,,,,,19834.0,,,,0.6221059096856891,0.6221059096856891,2.0,5.340881779581809e-05,2,2,47007,0.02,0.02,0.0,True,0.2,0.04,800,8,0.0,0.0,0.0,0.9892935752868652,C:/Users/efasllija/dev/gossip-poc/out_nb_incremental_clean0104/scenario_group_highfanout_connectivity/adoption_0.1/permanent_fork_sth_proof_n12000_pg0p005_a0p1_ff0p05_s47007_drop0_pc0p02_pgc0p02,0.1
permanent_fork,sth_proof,12000,6.0,5.0,0.005,0.1,0.05,3.0,True,55.0,55.0,0.0,0.0,,,,,18845.0,,,,0.3002680965147453,0.3002680965147453,1.0,2.7926720285969615e-05,1,1,47008,0.02,0.02,0.0,True,0.2,0.04,800,8,0.0,0.0,0.0,0.9515025615692139,C:/Users/efasllija/dev/gossip-poc/out_nb_incremental_clean0104/scenario_group_highfanout_connectivity/adoption_0.1/permanent_fork_sth_proof_n12000_pg0p005_a0p1_ff0p05_s47008_drop0_pc0p02_pgc0p02,0.1
permanent_fork,sth_proof,12000,6.0,5.0,0.005,0.1,0.05,3.0,True,55.0,55.0,0.0,0.0,,,,,19850.0,,,,0.14451612903225808,0.14451612903225808,2.0,5.3763440860215054e-05,2,2,47009,0.02,0.02,0.0,True,0.2,0.04,800,8,0.0,0.0,0.0,0.9610393047332764,C:/Users/efasllija/dev/gossip-poc/out_nb_incremental_clean0104/scenario_group_highfanout_connectivity/adoption_0.1/permanent_fork_sth_proof_n12000_pg0p005_a0p1_ff0p05_s47009_drop0_pc0p02_pgc0p02,0.1
permanent_fork,sth_proof,12000,6.0,5.0,0.005,0.1,0.05,3.0,False,,,0.0,0.0,,,,,,,,,0.5180188861052226,0.5180188861052226,0.0,0.0,0,0,47010,0.02,0.02,0.0,True,0.2,0.04,800,8,0.0,0.0,0.0,0.9251282215118408,C:/Users/efasllija/dev/gossip-poc/out_nb_incremental_clean0104/scenario_group_highfanout_connectivity/adoption_0.1/permanent_fork_sth_proof_n12000_pg0p005_a0p1_ff0p05_s47010_drop0_pc0p02_pgc0p02,0.1
permanent_fork,sth_proof,12000,6.0,5.0,0.005,0.1,0.05,3.0,True,150.0,150.0,0.0,0.0,,,,,33305.0,,,,0.4714424771776591,0.4714424771776591,1.0,2.6308173949646153e-05,1,1,47011,0.02,0.02,0.0,True,0.2,0.04,800,8,0.0,0.0,0.0,0.94423508644104,C:/Users/efasllija/dev/gossip-poc/out_nb_incremental_clean0104/scenario_group_highfanout_connectivity/adoption_0.1/permanent_fork_sth_proof_n12000_pg0p005_a0p1_ff0p05_s47011_drop0_pc0p02_pgc0p02,0.1
permanent_fork,sth_proof,12000,6.0,5.0,0.005,0.1,0.05,3.0,False,,,0.0,0.0,,,,,,,,,0.2202015237159007,0.2202015237159007,0.0,0.0,0,0,47012,0.02,0.02,0.0,True,0.2,0.04,800,8,0.0,0.0,0.0,0.9543960094451904,C:/Users/efasllija/dev/gossip-poc/out_nb_incremental_clean0104/scenario_group_highfanout_connectivity/adoption_0.1/permanent_fork_sth_proof_n12000_pg0p005_a0p1_ff0p05_s47012_drop0_pc0p02_pgc0p02,0.1
permanent_fork,sth_proof,12000,6.0,5.0,0.005,0.1,0.05,3.0,True,105.0,105.0,0.0,0.0,,,,,24518.0,,,,0.20026821636119804,0.20026821636119804,3.0,8.381761287438534e-05,3,3,47013,0.02,0.02,0.0,True,0.2,0.04,800,8,0.0,0.0,0.0,0.9551029205322266,C:/Users/efasllija/dev/gossip-poc/out_nb_incremental_clean0104/scenario_group_highfanout_connectivity/adoption_0.1/permanent_fork_sth_proof_n12000_pg0p005_a0p1_ff0p05_s47013_drop0_pc0p02_pgc0p02,0.1
permanent_fork,sth_proof,12000,6.0,5.0,0.005,0.1,0.05,3.0,True,145.0,145.0,0.0,0.0,,,,,31768.0,,,,0.3619032232005816,0.3619032232005816,1.0,2.692732315480518e-05,1,1,47014,0.02,0.02,0.0,True,0.2,0.04,800,8,0.0,0.0,0.0,0.9389100074768066,C:/Users/efasllija/dev/gossip-poc/out_nb_incremental_clean0104/scenario_group_highfanout_connectivity/adoption_0.1/permanent_fork_sth_proof_n12000_pg0p005_a0p1_ff0p05_s47014_drop0_pc0p02_pgc0p02,0.1
permanent_fork,sth_proof,12000,6.0,5.0,0.005,0.1,0.05,3.0,True,50.0,50.0,0.0,0.0,,,,,71271.0,,,,0.29807685501737696,0.29807685501737696,2.0,1.4156385591630744e-05,2,2,47000,0.02,0.02,0.0,True,0.2,0.04,800,32,0.0,0.0,0.0,0.9630718231201172,C:/Users/efasllija/dev/gossip-poc/out_nb_incremental_clean0104/scenario_group_highfanout_connectivity/adoption_0.1/permanent_fork_sth_proof_n12000_pg0p005_a0p1_ff0p05_s47000_drop0_pc0p02_pgc0p02,0.1
permanent_fork,sth_proof,12000,6.0,5.0,0.005,0.1,0.05,3.0,True,155.0,155.0,0.0,0.0,,,,,128316.0,,,,0.3122364633644873,0.3122364633644873,2.0,1.3939127828771754e-05,2,2,47001,0.02,0.02,0.0,True,0.2,0.04,800,32,0.0,0.0,0.0,0.9337172508239746,C:/Users/efasllija/dev/gossip-poc/out_nb_incremental_clean0104/scenario_group_highfanout_connectivity/adoption_0.1/permanent_fork_sth_proof_n12000_pg0p005_a0p1_ff0p05_s47001_drop0_pc0p02_pgc0p02,0.1
permanent_fork,sth_proof,12000,6.0,5.0,0.005,0.1,0.05,3.0,False,,,0.0,0.0,,,,,,,,,0.2669826973216402,0.2669826973216402,0.0,0.0,0,0,47002,0.02,0.02,0.0,True,0.2,0.04,800,32,0.0,0.0,0.0,1.0054442882537842,C:/Users/efasllija/dev/gossip-poc/out_nb_incremental_clean0104/scenario_group_highfanout_connectivity/adoption_0.1/permanent_fork_sth_proof_n12000_pg0p005_a0p1_ff0p05_s47002_drop0_pc0p02_pgc0p02,0.1
permanent_fork,sth_proof,12000,6.0,5.0,0.005,0.1,0.05,3.0,True,15.0,15.0,0.0,0.0,,,,,61057.0,,,,1.3669146308180018,1.3669146308180018,3.0,2.0994142634205058e-05,3,3,47003,0.02,0.02,0.0,True,0.2,0.04,800,32,0.0,0.0,0.0,0.9842617511749268,C:/Users/efasllija/dev/gossip-poc/out_nb_incremental_clean0104/scenario_group_highfanout_connectivity/adoption_0.1/permanent_fork_sth_proof_n12000_pg0p005_a0p1_ff0p05_s47003_drop0_pc0p02_pgc0p02,0.1
permanent_fork,sth_proof,12000,6.0,5.0,0.005,0.1,0.05,3.0,True,90.0,90.0,0.0,0.0,,,,,94022.0,,,,0.8496275733172086,0.8496275733172086,4.0,2.748536404364676e-05,4,4,47004,0.02,0.02,0.0,True,0.2,0.04,800,32,0.0,0.0,0.0,0.944572925567627,C:/Users/efasllija/dev/gossip-poc/out_nb_incremental_clean0104/scenario_group_highfanout_connectivity/adoption_0.1/permanent_fork_sth_proof_n12000_pg0p005_a0p1_ff0p05_s47004_drop0_pc0p02_pgc0p02,0.1
permanent_fork,sth_proof,12000,6.0,5.0,0.005,0.1,0.05,3.0,True,75.0,75.0,0.0,0.0,,,,,83036.0,,,,0.42166209134015475,0.42166209134015475,3.0,2.1391136938928305e-05,3,3,47005,0.02,0.02,0.0,True,0.2,0.04,800,32,0.0,0.0,0.0,0.958441972732544,C:/Users/efasllija/dev/gossip-poc/out_nb_incremental_clean0104/scenario_group_highfanout_connectivity/adoption_0.1/permanent_fork_sth_proof_n12000_pg0p005_a0p1_ff0p05_s47005_drop0_pc0p02_pgc0p02,0.1
permanent_fork,sth_proof,12000,6.0,5.0,0.005,0.1,0.05,3.0,True,100.0,100.0,0.0,0.0,,,,,93541.0,,,,0.7207896682175936,0.7207896682175936,4.0,2.89892884579148e-05,4,4,47006,0.02,0.02,0.0,True,0.2,0.04,800,32,0.0,0.0,0.0,1.0464427471160889,C:/Users/efasllija/dev/gossip-poc/out_nb_incremental_clean0104/scenario_group_highfanout_connectivity/adoption_0.1/permanent_fork_sth_proof_n12000_pg0p005_a0p1_ff0p05_s47006_drop0_pc0p02_pgc0p02,0.1
permanent_fork,sth_proof,12000,6.0,5.0,0.005,0.1,0.05,3.0,False,,,0.0,0.0,,,,,,,,,0.27749649897662393,0.27749649897662393,0.0,0.0,0,0,47007,0.02,0.02,0.0,True,0.2,0.04,800,32,0.0,0.0,0.0,0.9791641235351562,C:/Users/efasllija/dev/gossip-poc/out_nb_incremental_clean0104/scenario_group_highfanout_connectivity/adoption_0.1/permanent_fork_sth_proof_n12000_pg0p005_a0p1_ff0p05_s47007_drop0_pc0p02_pgc0p02,0.1
permanent_fork,sth_proof,12000,6.0,5.0,0.005,0.1,0.05,3.0,True,140.0,140.0,0.0,0.0,,,,,113895.0,,,,0.4939073923639318,0.4939073923639318,2.0,1.4506208657305326e-05,2,2,47008,0.02,0.02,0.0,True,0.2,0.04,800,32,0.0,0.0,0.0,0.9663181304931641,C:/Users/efasllija/dev/gossip-poc/out_nb_incremental_clean0104/scenario_group_highfanout_connectivity/adoption_0.1/permanent_fork_sth_proof_n12000_pg0p005_a0p1_ff0p05_s47008_drop0_pc0p02_pgc0p02,0.1
permanent_fork,sth_proof,12000,6.0,5.0,0.005,0.1,0.05,3.0,True,70.0,70.0,0.0,0.0,,,,,84816.0,,,,0.6204944021617365,0.6204944021617365,4.0,2.7157493091812696e-05,4,4,47009,0.02,0.02,0.0,True,0.2,0.04,800,32,0.0,0.0,0.0,1.0045506954193115,C:/Users/efasllija/dev/gossip-poc/out_nb_incremental_clean0104/scenario_group_highfanout_connectivity/adoption_0.1/permanent_fork_sth_proof_n12000_pg0p005_a0p1_ff0p05_s47009_drop0_pc0p02_pgc0p02,0.1
permanent_fork,sth_proof,12000,6.0,5.0,0.005,0.1,0.05,3.0,True,45.0,45.0,0.0,0.0,,,,,72755.0,,,,0.44568878529909184,0.44568878529909184,4.0,2.842402967468698e-05,4,4,47010,0.02,0.02,0.0,True,0.2,0.04,800,32,0.0,0.0,0.0,0.9996891021728516,C:/Users/efasllija/dev/gossip-poc/out_nb_incremental_clean0104/scenario_group_highfanout_connectivity/adoption_0.1/permanent_fork_sth_proof_n12000_pg0p005_a0p1_ff0p05_s47010_drop0_pc0p02_pgc0p02,0.1
permanent_fork,sth_proof,12000,6.0,5.0,0.005,0.1,0.05,3.0,True,5.0,5.0,0.0,0.0,,,,,60378.0,,,,0.7067390646017762,0.7067390646017762,4.0,2.8170402766333553e-05,4,4,47011,0.02,0.02,0.0,True,0.2,0.04,800,32,0.0,0.0,0.0,1.024993658065796,C:/Users/efasllija/dev/gossip-poc/out_nb_incremental_clean0104/scenario_group_highfanout_connectivity/adoption_0.1/permanent_fork_sth_proof_n12000_pg0p005_a0p1_ff0p05_s47011_drop0_pc0p02_pgc0p02,0.1
permanent_fork,sth_proof,12000,6.0,5.0,0.005,0.1,0.05,3.0,True,25.0,25.0,0.0,0.0,,,,,65652.0,,,,0.2814800650157759,0.2814800650157759,3.0,2.0488164670208842e-05,3,3,47012,0.02,0.02,0.0,True,0.2,0.04,800,32,0.0,0.0,0.0,0.9352526664733887,C:/Users/efasllija/dev/gossip-poc/out_nb_incremental_clean0104/scenario_group_highfanout_connectivity/adoption_0.1/permanent_fork_sth_proof_n12000_pg0p005_a0p1_ff0p05_s47012_drop0_pc0p02_pgc0p02,0.1
permanent_fork,sth_proof,12000,6.0,5.0,0.005,0.1,0.05,3.0,True,10.0,10.0,0.0,0.0,,,,,62444.0,,,,0.29506239751919267,0.29506239751919267,1.0,6.860639823269918e-06,1,1,47013,0.02,0.02,0.0,True,0.2,0.04,800,32,0.0,0.0,0.0,0.9567992687225342,C:/Users/efasllija/dev/gossip-poc/out_nb_incremental_clean0104/scenario_group_highfanout_connectivity/adoption_0.1/permanent_fork_sth_proof_n12000_pg0p005_a0p1_ff0p05_s47013_drop0_pc0p02_pgc0p02,0.1
permanent_fork,sth_proof,12000,6.0,5.0,0.005,0.1,0.05,3.0,True,70.0,70.0,0.0,0.0,,,,,85238.0,,,,0.8804792756648323,0.8804792756648323,10.0,6.777088020819215e-05,10,10,47014,0.02,0.02,0.0,True,0.2,0.04,800,32,0.0,0.0,0.0,1.0214767456054688,C:/Users/efasllija/dev/gossip-poc/out_nb_incremental_clean0104/scenario_group_highfanout_connectivity/adoption_0.1/permanent_fork_sth_proof_n12000_pg0p005_a0p1_ff0p05_s47014_drop0_pc0p02_pgc0p02,0.1
permanent_fork,sth_proof,12000,6.0,5.0,0.005,0.1,0.05,3.0,True,20.0,20.0,0.0,0.0,,,,,126427.0,,,,1.4217836738512069,1.4217836738512069,75.0,0.00025984914890742094,75,75,47000,0.02,0.02,0.0,True,0.2,0.04,800,64,0.0,0.0,0.0,1.002429485321045,C:/Users/efasllija/dev/gossip-poc/out_nb_incremental_clean0104/scenario_group_highfanout_connectivity/adoption_0.1/permanent_fork_sth_proof_n12000_pg0p005_a0p1_ff0p05_s47000_drop0_pc0p02_pgc0p02,0.1
permanent_fork,sth_proof,12000,6.0,5.0,0.005,0.1,0.05,3.0,True,125.0,125.0,0.0,0.0,,,,,226960.0,,,,0.665514261019879,0.665514261019879,5.0,1.688094209161625e-05,5,5,47001,0.02,0.02,0.0,True,0.2,0.04,800,64,0.0,0.0,0.0,1.0499813556671143,C:/Users/efasllija/dev/gossip-poc/out_nb_incremental_clean0104/scenario_group_highfanout_connectivity/adoption_0.1/permanent_fork_sth_proof_n12000_pg0p005_a0p1_ff0p05_s47001_drop0_pc0p02_pgc0p02,0.1
permanent_fork,sth_proof,12000,6.0,5.0,0.005,0.1,0.05,3.0,True,70.0,70.0,0.0,0.0,,,,,168923.0,,,,0.4016395391088487,0.4016395391088487,4.0,1.3583588308605543e-05,4,4,47002,0.02,0.02,0.0,True,0.2,0.04,800,64,0.0,0.0,0.0,1.0406298637390137,C:/Users/efasllija/dev/gossip-poc/out_nb_incremental_clean0104/scenario_group_highfanout_connectivity/adoption_0.1/permanent_fork_sth_proof_n12000_pg0p005_a0p1_ff0p05_s47002_drop0_pc0p02_pgc0p02,0.1
permanent_fork,sth_proof,12000,6.0,5.0,0.005,0.1,0.05,3.0,True,165.0,165.0,0.0,0.0,,,,,271613.0,,,,0.62719843200392,0.62719843200392,6.0,2.0999947500131248e-05,6,6,47003,0.02,0.02,0.0,True,0.2,0.04,800,64,0.0,0.0,0.0,0.998100757598877,C:/Users/efasllija/dev/gossip-poc/out_nb_incremental_clean0104/scenario_group_highfanout_connectivity/adoption_0.1/permanent_fork_sth_proof_n12000_pg0p005_a0p1_ff0p05_s47003_drop0_pc0p02_pgc0p02,0.1
permanent_fork,sth_proof,12000,6.0,5.0,0.005,0.1,0.05,3.0,True,60.0,60.0,0.0,0.0,,,,,168301.0,,,,0.06815130330107876,0.06815130330107876,4.0,1.3228125640737336e-05,4,4,47004,0.02,0.02,0.0,True,0.2,0.04,800,64,0.0,0.0,0.0,1.0273592472076416,C:/Users/efasllija/dev/gossip-poc/out_nb_incremental_clean0104/scenario_group_highfanout_connectivity/adoption_0.1/permanent_fork_sth_proof_n12000_pg0p005_a0p1_ff0p05_s47004_drop0_pc0p02_pgc0p02,0.1
permanent_fork,sth_proof,12000,6.0,5.0,0.005,0.1,0.05,3.0,True,120.0,120.0,0.0,0.0,,,,,211034.0,,,,0.038070418944565615,0.038070418944565615,1.0,3.5407755714811774e-06,1,1,47005,0.02,0.02,0.0,True,0.2,0.04,800,64,0.0,0.0,0.0,1.1173977851867676,C:/Users/efasllija/dev/gossip-poc/out_nb_incremental_clean0104/scenario_group_highfanout_connectivity/adoption_0.1/permanent_fork_sth_proof_n12000_pg0p005_a0p1_ff0p05_s47005_drop0_pc0p02_pgc0p02,0.1
permanent_fork,sth_proof,12000,6.0,5.0,0.005,0.1,0.05,3.0,True,85.0,85.0,0.0,0.0,,,,,173497.0,,,,0.226505114666078,0.226505114666078,4.0,1.4242021797414361e-05,4,4,47006,0.02,0.02,0.0,True,0.2,0.04,800,64,0.0,0.0,0.0,1.013808250427246,C:/Users/efasllija/dev/gossip-poc/out_nb_incremental_clean0104/scenario_group_highfanout_connectivity/adoption_0.1/permanent_fork_sth_proof_n12000_pg0p005_a0p1_ff0p05_s47006_drop0_pc0p02_pgc0p02,0.1
permanent_fork,sth_proof,12000,6.0,5.0,0.005,0.1,0.05,3.0,True,115.0,115.0,0.0,0.0,,,,,211060.0,,,,0.2317025656232006,0.2317025656232006,6.0,2.0687729073500052e-05,6,6,47007,0.02,0.02,0.0,True,0.2,0.04,800,64,0.0,0.0,0.0,1.0845527648925781,C:/Users/efasllija/dev/gossip-poc/out_nb_incremental_clean0104/scenario_group_highfanout_connectivity/adoption_0.1/permanent_fork_sth_proof_n12000_pg0p005_a0p1_ff0p05_s47007_drop0_pc0p02_pgc0p02,0.1
permanent_fork,sth_proof,12000,6.0,5.0,0.005,0.1,0.05,3.0,True,80.0,80.0,0.0,0.0,,,,,171401.0,,,,0.6885946596575696,0.6885946596575696,12.0,4.2110730164968786e-05,12,12,47008,0.02,0.02,0.0,True,0.2,0.04,800,64,0.0,0.0,0.0,1.011535882949829,C:/Users/efasllija/dev/gossip-poc/out_nb_incremental_clean0104/scenario_group_highfanout_connectivity/adoption_0.1/permanent_fork_sth_proof_n12000_pg0p005_a0p1_ff0p05_s47008_drop0_pc0p02_pgc0p02,0.1
permanent_fork,sth_proof,12000,6.0,5.0,0.005,0.1,0.05,3.0,True,25.0,25.0,0.0,0.0,,,,,135588.0,,,,0.7539216668336172,0.7539216668336172,10.0,3.339009649737888e-05,10,10,47009,0.02,0.02,0.0,True,0.2,0.04,800,64,0.0,0.0,0.0,1.0905754566192627,C:/Users/efasllija/dev/gossip-poc/out_nb_incremental_clean0104/scenario_group_highfanout_connectivity/adoption_0.1/permanent_fork_sth_proof_n12000_pg0p005_a0p1_ff0p05_s47009_drop0_pc0p02_pgc0p02,0.1
permanent_fork,sth_proof,12000,6.0,5.0,0.005,0.1,0.05,3.0,True,35.0,35.0,0.0,0.0,,,,,142991.0,,,,0.4632435095803521,0.4632435095803521,6.0,2.0819309215320234e-05,6,6,47010,0.02,0.02,0.0,True,0.2,0.04,800,64,0.0,0.0,0.0,1.033421277999878,C:/Users/efasllija/dev/gossip-poc/out_nb_incremental_clean0104/scenario_group_highfanout_connectivity/adoption_0.1/permanent_fork_sth_proof_n12000_pg0p005_a0p1_ff0p05_s47010_drop0_pc0p02_pgc0p02,0.1
permanent_fork,sth_proof,12000,6.0,5.0,0.005,0.1,0.05,3.0,True,25.0,25.0,0.0,0.0,,,,,130608.0,,,,1.0282851184727995,1.0282851184727995,52.0,0.00018194286993883921,52,52,47011,0.02,0.02,0.0,True,0.2,0.04,800,64,0.0,0.0,0.0,1.0716841220855713,C:/Users/efasllija/dev/gossip-poc/out_nb_incremental_clean0104/scenario_group_highfanout_connectivity/adoption_0.1/permanent_fork_sth_proof_n12000_pg0p005_a0p1_ff0p05_s47011_drop0_pc0p02_pgc0p02,0.1
permanent_fork,sth_proof,12000,6.0,5.0,0.005,0.1,0.05,3.0,True,135.0,135.0,0.0,0.0,,,,,240570.0,,,,0.4151992585727525,0.4151992585727525,5.0,1.691211787069671e-05,5,5,47012,0.02,0.02,0.0,True,0.2,0.04,800,64,0.0,0.0,0.0,1.0973331928253174,C:/Users/efasllija/dev/gossip-poc/out_nb_incremental_clean0104/scenario_group_highfanout_connectivity/adoption_0.1/permanent_fork_sth_proof_n12000_pg0p005_a0p1_ff0p05_s47012_drop0_pc0p02_pgc0p02,0.1
permanent_fork,sth_proof,12000,6.0,5.0,0.005,0.1,0.05,3.0,False,,,0.0,0.0,,,,,,,,,0.29957590581941684,0.29957590581941684,0.0,0.0,0,0,47013,0.02,0.02,0.0,True,0.2,0.04,800,64,0.0,0.0,0.0,1.0811944007873535,C:/Users/efasllija/dev/gossip-poc/out_nb_incremental_clean0104/scenario_group_highfanout_connectivity/adoption_0.1/permanent_fork_sth_proof_n12000_pg0p005_a0p1_ff0p05_s47013_drop0_pc0p02_pgc0p02,0.1
permanent_fork,sth_proof,12000,6.0,5.0,0.005,0.1,0.05,3.0,True,150.0,150.0,0.0,0.0,,,,,261042.0,,,,0.2477793548301115,0.2477793548301115,1.0,3.3318007050090293e-06,1,1,47014,0.02,0.02,0.0,True,0.2,0.04,800,64,0.0,0.0,0.0,1.0913023948669434,C:/Users/efasllija/dev/gossip-poc/out_nb_incremental_clean0104/scenario_group_highfanout_connectivity/adoption_0.1/permanent_fork_sth_proof_n12000_pg0p005_a0p1_ff0p05_s47014_drop0_pc0p02_pgc0p02,0.1
permanent_fork,sth_proof,12000,6.0,5.0,0.005,0.1,0.05,3.0,False,,,0.0,0.0,,,,,,,,,0.5432958435207824,0.5432958435207824,0.0,0.0,0,0,47000,0.02,0.02,0.0,True,0.2,0.08,800,8,0.0,0.0,0.0,0.9914088249206543,C:/Users/efasllija/dev/gossip-poc/out_nb_incremental_clean0104/scenario_group_highfanout_connectivity/adoption_0.1/permanent_fork_sth_proof_n12000_pg0p005_a0p1_ff0p05_s47000_drop0_pc0p02_pgc0p02,0.1
permanent_fork,sth_proof,12000,6.0,5.0,0.005,0.1,0.05,3.0,False,,,0.0,0.0,,,,,,,,,0.37698177436937025,0.37698177436937025,0.0,0.0,0,0,47001,0.02,0.02,0.0,True,0.2,0.08,800,8,0.0,0.0,0.0,0.9671199321746826,C:/Users/efasllija/dev/gossip-poc/out_nb_incremental_clean0104/scenario_group_highfanout_connectivity/adoption_0.1/permanent_fork_sth_proof_n12000_pg0p005_a0p1_ff0p05_s47001_drop0_pc0p02_pgc0p02,0.1
permanent_fork,sth_proof,12000,6.0,5.0,0.005,0.1,0.05,3.0,True,85.0,85.0,0.0,0.0,,,,,33022.0,,,,0.7931742414254234,0.7931742414254234,3.0,5.6504623961727535e-05,3,3,47002,0.02,0.02,0.0,True,0.2,0.08,800,8,0.0,0.0,0.0,0.9666898250579834,C:/Users/efasllija/dev/gossip-poc/out_nb_incremental_clean0104/scenario_group_highfanout_connectivity/adoption_0.1/permanent_fork_sth_proof_n12000_pg0p005_a0p1_ff0p05_s47002_drop0_pc0p02_pgc0p02,0.1
permanent_fork,sth_proof,12000,6.0,5.0,0.005,0.1,0.05,3.0,True,10.0,10.0,0.0,0.0,,,,,22240.0,,,,0.335085129416396,0.335085129416396,3.0,5.9049306170652494e-05,3,3,47003,0.02,0.02,0.0,True,0.2,0.08,800,8,0.0,0.0,0.0,0.9135406017303467,C:/Users/efasllija/dev/gossip-poc/out_nb_incremental_clean0104/scenario_group_highfanout_connectivity/adoption_0.1/permanent_fork_sth_proof_n12000_pg0p005_a0p1_ff0p05_s47003_drop0_pc0p02_pgc0p02,0.1
permanent_fork,sth_proof,12000,6.0,5.0,0.005,0.1,0.05,3.0,True,105.0,105.0,0.0,0.0,,,,,37184.0,,,,0.13379624444693322,0.13379624444693322,1.0,1.8665770709672604e-05,1,1,47004,0.02,0.02,0.0,True,0.2,0.08,800,8,0.0,0.0,0.0,0.9221439361572266,C:/Users/efasllija/dev/gossip-poc/out_nb_incremental_clean0104/scenario_group_highfanout_connectivity/adoption_0.1/permanent_fork_sth_proof_n12000_pg0p005_a0p1_ff0p05_s47004_drop0_pc0p02_pgc0p02,0.1
permanent_fork,sth_proof,12000,6.0,5.0,0.005,0.1,0.05,3.0,True,125.0,125.0,0.0,0.0,,,,,41400.0,,,,0.6002456362350664,0.6002456362350664,10.0,0.00018608805686851017,10,10,47005,0.02,0.02,0.0,True,0.2,0.08,800,8,0.0,0.0,0.0,0.93853759765625,C:/Users/efasllija/dev/gossip-poc/out_nb_incremental_clean0104/scenario_group_highfanout_connectivity/adoption_0.1/permanent_fork_sth_proof_n12000_pg0p005_a0p1_ff0p05_s47005_drop0_pc0p02_pgc0p02,0.1
permanent_fork,sth_proof,12000,6.0,5.0,0.005,0.1,0.05,3.0,True,35.0,35.0,0.0,0.0,,,,,24224.0,,,,0.3956961618757026,0.3956961618757026,2.0,4.014774369680424e-05,2,2,47006,0.02,0.02,0.0,True,0.2,0.08,800,8,0.0,0.0,0.0,0.9252591133117676,C:/Users/efasllija/dev/gossip-poc/out_nb_incremental_clean0104/scenario_group_highfanout_connectivity/adoption_0.1/permanent_fork_sth_proof_n12000_pg0p005_a0p1_ff0p05_s47006_drop0_pc0p02_pgc0p02,0.1
permanent_fork,sth_proof,12000,6.0,5.0,0.005,0.1,0.05,3.0,False,,,0.0,0.0,,,,,,,,,0.28054245513786424,0.28054245513786424,0.0,0.0,0,0,47007,0.02,0.02,0.0,True,0.2,0.08,800,8,0.0,0.0,0.0,0.9665932655334473,C:/Users/efasllija/dev/gossip-poc/out_nb_incremental_clean0104/scenario_group_highfanout_connectivity/adoption_0.1/permanent_fork_sth_proof_n12000_pg0p005_a0p1_ff0p05_s47007_drop0_pc0p02_pgc0p02,0.1
permanent_fork,sth_proof,12000,6.0,5.0,0.005,0.1,0.05,3.0,True,100.0,100.0,0.0,0.0,,,,,34563.0,,,,0.45690077862984685,0.45690077862984685,1.0,1.961284248926197e-05,1,1,47008,0.02,0.02,0.0,True,0.2,0.08,800,8,0.0,0.0,0.0,0.9545671939849854,C:/Users/efasllija/dev/gossip-poc/out_nb_incremental_clean0104/scenario_group_highfanout_connectivity/adoption_0.1/permanent_fork_sth_proof_n12000_pg0p005_a0p1_ff0p05_s47008_drop0_pc0p02_pgc0p02,0.1
permanent_fork,sth_proof,12000,6.0,5.0,0.005,0.1,0.05,3.0,True,20.0,20.0,0.0,0.0,,,,,23446.0,,,,0.3433410610618282,0.3433410610618282,2.0,3.831931485065047e-05,2,2,47009,0.02,0.02,0.0,True,0.2,0.08,800,8,0.0,0.0,0.0,0.9967951774597168,C:/Users/efasllija/dev/gossip-poc/out_nb_incremental_clean0104/scenario_group_highfanout_connectivity/adoption_0.1/permanent_fork_sth_proof_n12000_pg0p005_a0p1_ff0p05_s47009_drop0_pc0p02_pgc0p02,0.1
permanent_fork,sth_proof,12000,6.0,5.0,0.005,0.1,0.05,3.0,True,155.0,155.0,0.0,0.0,,,,,46630.0,,,,0.5898731726207764,0.5898731726207764,1.0,1.936295866008326e-05,1,1,47010,0.02,0.02,0.0,True,0.2,0.08,800,8,0.0,0.0,0.0,0.9873549938201904,C:/Users/efasllija/dev/gossip-poc/out_nb_incremental_clean0104/scenario_group_highfanout_connectivity/adoption_0.1/permanent_fork_sth_proof_n12000_pg0p005_a0p1_ff0p05_s47010_drop0_pc0p02_pgc0p02,0.1
permanent_fork,sth_proof,12000,6.0,5.0,0.005,0.1,0.05,3.0,True,45.0,45.0,0.0,0.0,,,,,28017.0,,,,0.7887323943661971,0.7887323943661971,1.0,1.8339201877934273e-05,1,1,47011,0.02,0.02,0.0,True,0.2,0.08,800,8,0.0,0.0,0.0,1.0011663436889648,C:/Users/efasllija/dev/gossip-poc/out_nb_incremental_clean0104/scenario_group_highfanout_connectivity/adoption_0.1/permanent_fork_sth_proof_n12000_pg0p005_a0p1_ff0p05_s47011_drop0_pc0p02_pgc0p02,0.1
permanent_fork,sth_proof,12000,6.0,5.0,0.005,0.1,0.05,3.0,False,,,0.0,0.0,,,,,,,,,0.06789421838296583,0.06789421838296583,0.0,0.0,0,0,47012,0.02,0.02,0.0,True,0.2,0.08,800,8,0.0,0.0,0.0,0.9527614116668701,C:/Users/efasllija/dev/gossip-poc/out_nb_incremental_clean0104/scenario_group_highfanout_connectivity/adoption_0.1/permanent_fork_sth_proof_n12000_pg0p005_a0p1_ff0p05_s47012_drop0_pc0p02_pgc0p02,0.1
permanent_fork,sth_proof,12000,6.0,5.0,0.005,0.1,0.05,3.0,False,,,0.0,0.0,,,,,,,,,0.20984835177703612,0.20984835177703612,0.0,0.0,0,0,47013,0.02,0.02,0.0,True,0.2,0.08,800,8,0.0,0.0,0.0,0.9511153697967529,C:/Users/efasllija/dev/gossip-poc/out_nb_incremental_clean0104/scenario_group_highfanout_connectivity/adoption_0.1/permanent_fork_sth_proof_n12000_pg0p005_a0p1_ff0p05_s47013_drop0_pc0p02_pgc0p02,0.1
permanent_fork,sth_proof,12000,6.0,5.0,0.005,0.1,0.05,3.0,True,45.0,45.0,0.0,0.0,,,,,27220.0,,,,0.40093222709051923,0.40093222709051923,1.0,1.864454181038501e-05,1,1,47014,0.02,0.02,0.0,True,0.2,0.08,800,8,0.0,0.0,0.0,0.9575622081756592,C:/Users/efasllija/dev/gossip-poc/out_nb_incremental_clean0104/scenario_group_highfanout_connectivity/adoption_0.1/permanent_fork_sth_proof_n12000_pg0p005_a0p1_ff0p05_s47014_drop0_pc0p02_pgc0p02,0.1
permanent_fork,sth_proof,12000,6.0,5.0,0.005,0.1,0.05,3.0,True,65.0,65.0,0.0,0.0,,,,,143299.0,,,,0.3311097311485902,0.3311097311485902,2.0,7.619424961998118e-06,2,2,47000,0.02,0.02,0.0,True,0.2,0.08,800,32,0.0,0.0,0.0,0.9881253242492676,C:/Users/efasllija/dev/gossip-poc/out_nb_incremental_clean0104/scenario_group_highfanout_connectivity/adoption_0.1/permanent_fork_sth_proof_n12000_pg0p005_a0p1_ff0p05_s47000_drop0_pc0p02_pgc0p02,0.1
permanent_fork,sth_proof,12000,6.0,5.0,0.005,0.1,0.05,3.0,True,30.0,30.0,0.0,0.0,,,,,123558.0,,,,0.5104501760369469,0.5104501760369469,63.0,0.00023927352001731884,63,63,47001,0.02,0.02,0.0,True,0.2,0.08,800,32,0.0,0.0,0.0,1.0074565410614014,C:/Users/efasllija/dev/gossip-poc/out_nb_incremental_clean0104/scenario_group_highfanout_connectivity/adoption_0.1/permanent_fork_sth_proof_n12000_pg0p005_a0p1_ff0p05_s47001_drop0_pc0p02_pgc0p02,0.1
permanent_fork,sth_proof,12000,6.0,5.0,0.005,0.1,0.05,3.0,True,15.0,15.0,0.0,0.0,,,,,117547.0,,,,0.2595092406905679,0.2595092406905679,3.0,1.0998639834873754e-05,3,3,47002,0.02,0.02,0.0,True,0.2,0.08,800,32,0.0,0.0,0.0,1.0753233432769775,C:/Users/efasllija/dev/gossip-poc/out_nb_incremental_clean0104/scenario_group_highfanout_connectivity/adoption_0.1/permanent_fork_sth_proof_n12000_pg0p005_a0p1_ff0p05_s47002_drop0_pc0p02_pgc0p02,0.1
permanent_fork,sth_proof,12000,6.0,5.0,0.005,0.1,0.05,3.0,True,0.0,0.0,0.0,0.0,,,,,108059.0,,,,0.3747936780699573,0.3747936780699573,3.0,1.1305311235218305e-05,3,3,47003,0.02,0.02,0.0,True,0.2,0.08,800,32,0.0,0.0,0.0,1.0104806423187256,C:/Users/efasllija/dev/gossip-poc/out_nb_incremental_clean0104/scenario_group_highfanout_connectivity/adoption_0.1/permanent_fork_sth_proof_n12000_pg0p005_a0p1_ff0p05_s47003_drop0_pc0p02_pgc0p02,0.1
permanent_fork,sth_proof,12000,6.0,5.0,0.005,0.1,0.05,3.0,True,90.0,90.0,0.0,0.0,,,,,176220.0,,,,0.6417470299978439,0.6417470299978439,45.0,0.00016444182961633893,45,45,47004,0.02,0.02,0.0,True,0.2,0.08,800,32,0.0,0.0,0.0,1.0489442348480225,C:/Users/efasllija/dev/gossip-poc/out_nb_incremental_clean0104/scenario_group_highfanout_connectivity/adoption_0.1/permanent_fork_sth_proof_n12000_pg0p005_a0p1_ff0p05_s47004_drop0_pc0p02_pgc0p02,0.1
permanent_fork,sth_proof,12000,6.0,5.0,0.005,0.1,0.05,3.0,True,80.0,80.0,0.0,0.0,,,,,158722.0,,,,0.23744671045051274,0.23744671045051274,3.0,1.1522064754003918e-05,3,3,47005,0.02,0.02,0.0,True,0.2,0.08,800,32,0.0,0.0,0.0,1.059903860092163,C:/Users/efasllija/dev/gossip-poc/out_nb_incremental_clean0104/scenario_group_highfanout_connectivity/adoption_0.1/permanent_fork_sth_proof_n12000_pg0p005_a0p1_ff0p05_s47005_drop0_pc0p02_pgc0p02,0.1
permanent_fork,sth_proof,12000,6.0,5.0,0.005,0.1,0.05,3.0,True,95.0,95.0,0.0,0.0,,,,,167256.0,,,,0.5435914296673791,0.5435914296673791,3.0,1.1742326389704328e-05,3,3,47006,0.02,0.02,0.0,True,0.2,0.08,800,32,0.0,0.0,0.0,1.0339524745941162,C:/Users/efasllija/dev/gossip-poc/out_nb_incremental_clean0104/scenario_group_highfanout_connectivity/adoption_0.1/permanent_fork_sth_proof_n12000_pg0p005_a0p1_ff0p05_s47006_drop0_pc0p02_pgc0p02,0.1
permanent_fork,sth_proof,12000,6.0,5.0,0.005,0.1,0.05,3.0,True,20.0,20.0,0.0,0.0,,,,,120375.0,,,,0.47575045814727823,0.47575045814727823,38.0,0.00014011747744292977,38,38,47007,0.02,0.02,0.0,True,0.2,0.08,800,32,0.0,0.0,0.0,1.1011829376220703,C:/Users/efasllija/dev/gossip-poc/out_nb_incremental_clean0104/scenario_group_highfanout_connectivity/adoption_0.1/permanent_fork_sth_proof_n12000_pg0p005_a0p1_ff0p05_s47007_drop0_pc0p02_pgc0p02,0.1
permanent_fork,sth_proof,12000,6.0,5.0,0.005,0.1,0.05,3.0,True,105.0,105.0,0.0,0.0,,,,,177229.0,,,,0.45404995570753826,0.45404995570753826,2.0,7.736674545180245e-06,2,2,47008,0.02,0.02,0.0,True,0.2,0.08,800,32,0.0,0.0,0.0,1.0447685718536377,C:/Users/efasllija/dev/gossip-poc/out_nb_incremental_clean0104/scenario_group_highfanout_connectivity/adoption_0.1/permanent_fork_sth_proof_n12000_pg0p005_a0p1_ff0p05_s47008_drop0_pc0p02_pgc0p02,0.1
permanent_fork,sth_proof,12000,6.0,5.0,0.005,0.1,0.05,3.0,True,70.0,70.0,0.0,0.0,,,,,151556.0,,,,0.2772591077533831,0.2772591077533831,32.0,0.00012075745111210065,32,32,47009,0.02,0.02,0.0,True,0.2,0.08,800,32,0.0,0.0,0.0,0.9898097515106201,C:/Users/efasllija/dev/gossip-poc/out_nb_incremental_clean0104/scenario_group_highfanout_connectivity/adoption_0.1/permanent_fork_sth_proof_n12000_pg0p005_a0p1_ff0p05_s47009_drop0_pc0p02_pgc0p02,0.1
permanent_fork,sth_proof,12000,6.0,5.0,0.005,0.1,0.05,3.0,True,70.0,70.0,0.0,0.0,,,,,152352.0,,,,0.47592067988668557,0.47592067988668557,13.0,5.003695036334524e-05,13,13,47010,0.02,0.02,0.0,True,0.2,0.08,800,32,0.0,0.0,0.0,1.0027475357055664,C:/Users/efasllija/dev/gossip-poc/out_nb_incremental_clean0104/scenario_group_highfanout_connectivity/adoption_0.1/permanent_fork_sth_proof_n12000_pg0p005_a0p1_ff0p05_s47010_drop0_pc0p02_pgc0p02,0.1
permanent_fork,sth_proof,12000,6.0,5.0,0.005,0.1,0.05,3.0,True,45.0,45.0,0.0,0.0,,,,,136436.0,,,,0.5818487571601241,0.5818487571601241,5.0,1.876834605827196e-05,5,5,47011,0.02,0.02,0.0,True,0.2,0.08,800,32,0.0,0.0,0.0,1.0337183475494385,C:/Users/efasllija/dev/gossip-poc/out_nb_incremental_clean0104/scenario_group_highfanout_connectivity/adoption_0.1/permanent_fork_sth_proof_n12000_pg0p005_a0p1_ff0p05_s47011_drop0_pc0p02_pgc0p02,0.1
permanent_fork,sth_proof,12000,6.0,5.0,0.005,0.1,0.05,3.0,True,85.0,85.0,0.0,0.0,,,,,165873.0,,,,0.4749341157323419,0.4749341157323419,3.0,1.1198459092028936e-05,3,3,47012,0.02,0.02,0.0,True,0.2,0.08,800,32,0.0,0.0,0.0,1.0566935539245605,C:/Users/efasllija/dev/gossip-poc/out_nb_incremental_clean0104/scenario_group_highfanout_connectivity/adoption_0.1/permanent_fork_sth_proof_n12000_pg0p005_a0p1_ff0p05_s47012_drop0_pc0p02_pgc0p02,0.1
permanent_fork,sth_proof,12000,6.0,5.0,0.005,0.1,0.05,3.0,True,140.0,140.0,0.0,0.0,,,,,223485.0,,,,0.6464598130841122,0.6464598130841122,30.0,0.00011214953271028037,30,30,47013,0.02,0.02,0.0,True,0.2,0.08,800,32,0.0,0.0,0.0,1.0463857650756836,C:/Users/efasllija/dev/gossip-poc/out_nb_incremental_clean0104/scenario_group_highfanout_connectivity/adoption_0.1/permanent_fork_sth_proof_n12000_pg0p005_a0p1_ff0p05_s47013_drop0_pc0p02_pgc0p02,0.1
permanent_fork,sth_proof,12000,6.0,5.0,0.005,0.1,0.05,3.0,True,160.0,160.0,0.0,0.0,,,,,251591.0,,,,0.3628705653653005,0.3628705653653005,1.0,3.6817224570342988e-06,1,1,47014,0.02,0.02,0.0,True,0.2,0.08,800,32,0.0,0.0,0.0,1.0324406623840332,C:/Users/efasllija/dev/gossip-poc/out_nb_incremental_clean0104/scenario_group_highfanout_connectivity/adoption_0.1/permanent_fork_sth_proof_n12000_pg0p005_a0p1_ff0p05_s47014_drop0_pc0p02_pgc0p02,0.1
permanent_fork,sth_proof,12000,6.0,5.0,0.005,0.1,0.05,3.0,True,20.0,20.0,0.0,0.0,,,,,245556.0,,,,0.5757001893750623,0.5757001893750623,16.0,2.847745297660577e-05,16,16,47000,0.02,0.02,0.0,True,0.2,0.08,800,64,0.0,0.0,0.0,1.1242671012878418,C:/Users/efasllija/dev/gossip-poc/out_nb_incremental_clean0104/scenario_group_highfanout_connectivity/adoption_0.1/permanent_fork_sth_proof_n12000_pg0p005_a0p1_ff0p05_s47000_drop0_pc0p02_pgc0p02,0.1
permanent_fork,sth_proof,12000,6.0,5.0,0.005,0.1,0.05,3.0,True,30.0,30.0,0.0,0.0,,,,,267802.0,,,,0.37681638858486216,0.37681638858486216,12.0,2.1115682265290393e-05,12,12,47001,0.02,0.02,0.0,True,0.2,0.08,800,64,0.0,0.0,0.0,1.1373488903045654,C:/Users/efasllija/dev/gossip-poc/out_nb_incremental_clean0104/scenario_group_highfanout_connectivity/adoption_0.1/permanent_fork_sth_proof_n12000_pg0p005_a0p1_ff0p05_s47001_drop0_pc0p02_pgc0p02,0.1
permanent_fork,sth_proof,12000,6.0,5.0,0.005,0.1,0.05,3.0,True,0.0,0.0,0.0,0.0,,,,,229017.0,,,,0.6197453708959877,0.6197453708959877,9.0,1.5720002305600337e-05,9,9,47002,0.02,0.02,0.0,True,0.2,0.08,800,64,0.0,0.0,0.0,1.1605651378631592,C:/Users/efasllija/dev/gossip-poc/out_nb_incremental_clean0104/scenario_group_highfanout_connectivity/adoption_0.1/permanent_fork_sth_proof_n12000_pg0p005_a0p1_ff0p05_s47002_drop0_pc0p02_pgc0p02,0.1
permanent_fork,sth_proof,12000,6.0,5.0,0.005,0.1,0.05,3.0,True,50.0,50.0,0.0,0.0,,,,,294673.0,,,,0.41032124590540775,0.41032124590540775,2.0,3.5917476007126026e-06,2,2,47003,0.02,0.02,0.0,True,0.2,0.08,800,64,0.0,0.0,0.0,1.2030837535858154,C:/Users/efasllija/dev/gossip-poc/out_nb_incremental_clean0104/scenario_group_highfanout_connectivity/adoption_0.1/permanent_fork_sth_proof_n12000_pg0p005_a0p1_ff0p05_s47003_drop0_pc0p02_pgc0p02,0.1
permanent_fork,sth_proof,12000,6.0,5.0,0.005,0.1,0.05,3.0,False,,,0.0,0.0,,,,,,,,,0.10797612872464725,0.10797612872464725,0.0,0.0,0,0,47004,0.02,0.02,0.0,True,0.2,0.08,800,64,0.0,0.0,0.0,1.296949863433838,C:/Users/efasllija/dev/gossip-poc/out_nb_incremental_clean0104/scenario_group_highfanout_connectivity/adoption_0.1/permanent_fork_sth_proof_n12000_pg0p005_a0p1_ff0p05_s47004_drop0_pc0p02_pgc0p02,0.1
permanent_fork,sth_proof,12000,6.0,5.0,0.005,0.1,0.05,3.0,True,100.0,100.0,0.0,0.0,,,,,371258.0,,,,0.31267097838055785,0.31267097838055785,9.0,1.627289279599036e-05,9,9,47005,0.02,0.02,0.0,True,0.2,0.08,800,64,0.0,0.0,0.0,1.2689292430877686,C:/Users/efasllija/dev/gossip-poc/out_nb_incremental_clean0104/scenario_group_highfanout_connectivity/adoption_0.1/permanent_fork_sth_proof_n12000_pg0p005_a0p1_ff0p05_s47005_drop0_pc0p02_pgc0p02,0.1
permanent_fork,sth_proof,12000,6.0,5.0,0.005,0.1,0.05,3.0,True,35.0,35.0,0.0,0.0,,,,,261274.0,,,,0.6073973644615664,0.6073973644615664,16.0,2.939398782721479e-05,16,16,47006,0.02,0.02,0.0,True,0.2,0.08,800,64,0.0,0.0,0.0,1.2042841911315918,C:/Users/efasllija/dev/gossip-poc/out_nb_incremental_clean0104/scenario_group_highfanout_connectivity/adoption_0.1/permanent_fork_sth_proof_n12000_pg0p005_a0p1_ff0p05_s47006_drop0_pc0p02_pgc0p02,0.1
permanent_fork,sth_proof,12000,6.0,5.0,0.005,0.1,0.05,3.0,True,5.0,5.0,0.0,0.0,,,,,228188.0,,,,0.5790573320585006,0.5790573320585006,12.0,2.1247211303516414e-05,12,12,47007,0.02,0.02,0.0,True,0.2,0.08,800,64,0.0,0.0,0.0,1.2042357921600342,C:/Users/efasllija/dev/gossip-poc/out_nb_incremental_clean0104/scenario_group_highfanout_connectivity/adoption_0.1/permanent_fork_sth_proof_n12000_pg0p005_a0p1_ff0p05_s47007_drop0_pc0p02_pgc0p02,0.1
permanent_fork,sth_proof,12000,6.0,5.0,0.005,0.1,0.05,3.0,False,,,0.0,0.0,,,,,,,,,0.33420183112327334,0.33420183112327334,0.0,0.0,0,0,47008,0.02,0.02,0.0,True,0.2,0.08,800,64,0.0,0.0,0.0,1.1449284553527832,C:/Users/efasllija/dev/gossip-poc/out_nb_incremental_clean0104/scenario_group_highfanout_connectivity/adoption_0.1/permanent_fork_sth_proof_n12000_pg0p005_a0p1_ff0p05_s47008_drop0_pc0p02_pgc0p02,0.1
permanent_fork,sth_proof,12000,6.0,5.0,0.005,0.1,0.05,3.0,True,5.0,5.0,0.0,0.0,,,,,231115.0,,,,0.6152513455982168,0.6152513455982168,6.0,1.0564068434035315e-05,6,6,47009,0.02,0.02,0.0,True,0.2,0.08,800,64,0.0,0.0,0.0,1.1358115673065186,C:/Users/efasllija/dev/gossip-poc/out_nb_incremental_clean0104/scenario_group_highfanout_connectivity/adoption_0.1/permanent_fork_sth_proof_n12000_pg0p005_a0p1_ff0p05_s47009_drop0_pc0p02_pgc0p02,0.1
permanent_fork,sth_proof,12000,6.0,5.0,0.005,0.1,0.05,3.0,True,0.0,0.0,0.0,0.0,,,,,219635.0,,,,0.6043532986990968,0.6043532986990968,9.0,1.658610121576122e-05,9,9,47010,0.02,0.02,0.0,True,0.2,0.08,800,64,0.0,0.0,0.0,1.0843310356140137,C:/Users/efasllija/dev/gossip-poc/out_nb_incremental_clean0104/scenario_group_highfanout_connectivity/adoption_0.1/permanent_fork_sth_proof_n12000_pg0p005_a0p1_ff0p05_s47010_drop0_pc0p02_pgc0p02,0.1
permanent_fork,sth_proof,12000,6.0,5.0,0.005,0.1,0.05,3.0,True,15.0,15.0,0.0,0.0,,,,,241806.0,,,,0.33740686612930704,0.33740686612930704,6.0,1.0759147516878412e-05,6,6,47011,0.02,0.02,0.0,True,0.2,0.08,800,64,0.0,0.0,0.0,1.0801126956939697,C:/Users/efasllija/dev/gossip-poc/out_nb_incremental_clean0104/scenario_group_highfanout_connectivity/adoption_0.1/permanent_fork_sth_proof_n12000_pg0p005_a0p1_ff0p05_s47011_drop0_pc0p02_pgc0p02,0.1
permanent_fork,sth_proof,12000,6.0,5.0,0.005,0.1,0.05,3.0,True,40.0,40.0,0.0,0.0,,,,,273192.0,,,,0.6673023342207913,0.6673023342207913,7.0,1.2383134171258745e-05,7,7,47012,0.02,0.02,0.0,True,0.2,0.08,800,64,0.0,0.0,0.0,1.0995335578918457,C:/Users/efasllija/dev/gossip-poc/out_nb_incremental_clean0104/scenario_group_highfanout_connectivity/adoption_0.1/permanent_fork_sth_proof_n12000_pg0p005_a0p1_ff0p05_s47012_drop0_pc0p02_pgc0p02,0.1
permanent_fork,sth_proof,12000,6.0,5.0,0.005,0.1,0.05,3.0,True,85.0,85.0,0.0,0.0,,,,,340727.0,,,,0.33872376659888864,0.33872376659888864,9.0,1.6516307100543938e-05,9,9,47013,0.02,0.02,0.0,True,0.2,0.08,800,64,0.0,0.0,0.0,1.0824406147003174,C:/Users/efasllija/dev/gossip-poc/out_nb_incremental_clean0104/scenario_group_highfanout_connectivity/adoption_0.1/permanent_fork_sth_proof_n12000_pg0p005_a0p1_ff0p05_s47013_drop0_pc0p02_pgc0p02,0.1
permanent_fork,sth_proof,12000,6.0,5.0,0.005,0.1,0.05,3.0,True,5.0,5.0,0.0,0.0,,,,,236838.0,,,,0.6573984668362491,0.6573984668362491,7.0,1.2113031891882538e-05,7,7,47014,0.02,0.02,0.0,True,0.2,0.08,800,64,0.0,0.0,0.0,1.0682060718536377,C:/Users/efasllija/dev/gossip-poc/out_nb_incremental_clean0104/scenario_group_highfanout_connectivity/adoption_0.1/permanent_fork_sth_proof_n12000_pg0p005_a0p1_ff0p05_s47014_drop0_pc0p02_pgc0p02,0.1
permanent_fork,sth_proof,12000,6.0,5.0,0.005,0.1,0.05,3.0,True,35.0,35.0,0.0,0.0,,,,,30552.0,,,,0.38560735309939903,0.38560735309939903,1.0,1.537019105147477e-05,1,1,47000,0.02,0.02,0.0,True,0.2,0.12,800,8,0.0,0.0,0.0,0.952953577041626,C:/Users/efasllija/dev/gossip-poc/out_nb_incremental_clean0104/scenario_group_highfanout_connectivity/adoption_0.1/permanent_fork_sth_proof_n12000_pg0p005_a0p1_ff0p05_s47000_drop0_pc0p02_pgc0p02,0.1
permanent_fork,sth_proof,12000,6.0,5.0,0.005,0.1,0.05,3.0,False,,,0.0,0.0,,,,,,,,,0.5989215846466928,0.5989215846466928,0.0,0.0,0,0,47001,0.02,0.02,0.0,True,0.2,0.12,800,8,0.0,0.0,0.0,0.9449784755706787,C:/Users/efasllija/dev/gossip-poc/out_nb_incremental_clean0104/scenario_group_highfanout_connectivity/adoption_0.1/permanent_fork_sth_proof_n12000_pg0p005_a0p1_ff0p05_s47001_drop0_pc0p02_pgc0p02,0.1
permanent_fork,sth_proof,12000,6.0,5.0,0.005,0.1,0.05,3.0,True,60.0,60.0,0.0,0.0,,,,,37272.0,,,,0.6202122750346101,0.6202122750346101,4.0,5.7683433317951084e-05,4,4,47002,0.02,0.02,0.0,True,0.2,0.12,800,8,0.0,0.0,0.0,0.9969484806060791,C:/Users/efasllija/dev/gossip-poc/out_nb_incremental_clean0104/scenario_group_highfanout_connectivity/adoption_0.1/permanent_fork_sth_proof_n12000_pg0p005_a0p1_ff0p05_s47002_drop0_pc0p02_pgc0p02,0.1
permanent_fork,sth_proof,12000,6.0,5.0,0.005,0.1,0.05,3.0,True,145.0,145.0,0.0,0.0,,,,,57330.0,,,,0.4727305616690283,0.4727305616690283,2.0,3.0148632759504356e-05,2,2,47003,0.02,0.02,0.0,True,0.2,0.12,800,8,0.0,0.0,0.0,0.9642386436462402,C:/Users/efasllija/dev/gossip-poc/out_nb_incremental_clean0104/scenario_group_highfanout_connectivity/adoption_0.1/permanent_fork_sth_proof_n12000_pg0p005_a0p1_ff0p05_s47003_drop0_pc0p02_pgc0p02,0.1
permanent_fork,sth_proof,12000,6.0,5.0,0.005,0.1,0.05,3.0,True,80.0,80.0,0.0,0.0,,,,,42290.0,,,,0.44072798819478604,0.44072798819478604,10.0,0.00014467173982234312,10,10,47004,0.02,0.02,0.0,True,0.2,0.12,800,8,0.0,0.0,0.0,1.0057175159454346,C:/Users/efasllija/dev/gossip-poc/out_nb_incremental_clean0104/scenario_group_highfanout_connectivity/adoption_0.1/permanent_fork_sth_proof_n12000_pg0p005_a0p1_ff0p05_s47004_drop0_pc0p02_pgc0p02,0.1
permanent_fork,sth_proof,12000,6.0,5.0,0.005,0.1,0.05,3.0,True,140.0,140.0,0.0,0.0,,,,,59068.0,,,,0.5824265890399344,0.5824265890399344,1.0,1.4131079897125739e-05,1,1,47005,0.02,0.02,0.0,True,0.2,0.12,800,8,0.0,0.0,0.0,0.9898185729980469,C:/Users/efasllija/dev/gossip-poc/out_nb_incremental_clean0104/scenario_group_highfanout_connectivity/adoption_0.1/permanent_fork_sth_proof_n12000_pg0p005_a0p1_ff0p05_s47005_drop0_pc0p02_pgc0p02,0.1
permanent_fork,sth_proof,12000,6.0,5.0,0.005,0.1,0.05,3.0,True,145.0,145.0,0.0,0.0,,,,,55478.0,,,,0.315531602155806,0.315531602155806,3.0,4.5933365997060264e-05,3,3,47006,0.02,0.02,0.0,True,0.2,0.12,800,8,0.0,0.0,0.0,1.1229455471038818,C:/Users/efasllija/dev/gossip-poc/out_nb_incremental_clean0104/scenario_group_highfanout_connectivity/adoption_0.1/permanent_fork_sth_proof_n12000_pg0p005_a0p1_ff0p05_s47006_drop0_pc0p02_pgc0p02,0.1
permanent_fork,sth_proof,12000,6.0,5.0,0.005,0.1,0.05,3.0,True,45.0,45.0,0.0,0.0,,,,,33781.0,,,,0.7640218174333642,0.7640218174333642,3.0,4.410532351254797e-05,3,3,47007,0.02,0.02,0.0,True,0.2,0.12,800,8,0.0,0.0,0.0,1.1122255325317383,C:/Users/efasllija/dev/gossip-poc/out_nb_incremental_clean0104/scenario_group_highfanout_connectivity/adoption_0.1/permanent_fork_sth_proof_n12000_pg0p005_a0p1_ff0p05_s47007_drop0_pc0p02_pgc0p02,0.1
permanent_fork,sth_proof,12000,6.0,5.0,0.005,0.1,0.05,3.0,True,145.0,145.0,0.0,0.0,,,,,55943.0,,,,0.5982669924275764,0.5982669924275764,1.0,1.5175197656949482e-05,1,1,47008,0.02,0.02,0.0,True,0.2,0.12,800,8,0.0,0.0,0.0,0.9913029670715332,C:/Users/efasllija/dev/gossip-poc/out_nb_incremental_clean0104/scenario_group_highfanout_connectivity/adoption_0.1/permanent_fork_sth_proof_n12000_pg0p005_a0p1_ff0p05_s47008_drop0_pc0p02_pgc0p02,0.1
permanent_fork,sth_proof,12000,6.0,5.0,0.005,0.1,0.05,3.0,True,100.0,100.0,0.0,0.0,,,,,45079.0,,,,0.2774852895633323,0.2774852895633323,3.0,4.4241914790072115e-05,3,3,47009,0.02,0.02,0.0,True,0.2,0.12,800,8,0.0,0.0,0.0,0.9972527027130127,C:/Users/efasllija/dev/gossip-poc/out_nb_incremental_clean0104/scenario_group_highfanout_connectivity/adoption_0.1/permanent_fork_sth_proof_n12000_pg0p005_a0p1_ff0p05_s47009_drop0_pc0p02_pgc0p02,0.1
permanent_fork,sth_proof,12000,6.0,5.0,0.005,0.1,0.05,3.0,False,,,0.0,0.0,,,,,,,,,0.3059700384541149,0.3059700384541149,0.0,0.0,0,0,47010,0.02,0.02,0.0,True,0.2,0.12,800,8,0.0,0.0,0.0,0.9594607353210449,C:/Users/efasllija/dev/gossip-poc/out_nb_incremental_clean0104/scenario_group_highfanout_connectivity/adoption_0.1/permanent_fork_sth_proof_n12000_pg0p005_a0p1_ff0p05_s47010_drop0_pc0p02_pgc0p02,0.1
permanent_fork,sth_proof,12000,6.0,5.0,0.005,0.1,0.05,3.0,False,,,0.0,0.0,,,,,,,,,0.2542565266742338,0.2542565266742338,0.0,0.0,0,0,47011,0.02,0.02,0.0,True,0.2,0.12,800,8,0.0,0.0,0.0,0.9478514194488525,C:/Users/efasllija/dev/gossip-poc/out_nb_incremental_clean0104/scenario_group_highfanout_connectivity/adoption_0.1/permanent_fork_sth_proof_n12000_pg0p005_a0p1_ff0p05_s47011_drop0_pc0p02_pgc0p02,0.1
permanent_fork,sth_proof,12000,6.0,5.0,0.005,0.1,0.05,3.0,False,,,0.0,0.0,,,,,,,,,0.39003438919279715,0.39003438919279715,0.0,0.0,0,0,47012,0.02,0.02,0.0,True,0.2,0.12,800,8,0.0,0.0,0.0,0.9730286598205566,C:/Users/efasllija/dev/gossip-poc/out_nb_incremental_clean0104/scenario_group_highfanout_connectivity/adoption_0.1/permanent_fork_sth_proof_n12000_pg0p005_a0p1_ff0p05_s47012_drop0_pc0p02_pgc0p02,0.1
permanent_fork,sth_proof,12000,6.0,5.0,0.005,0.1,0.05,3.0,False,,,0.0,0.0,,,,,,,,,0.24262117519631735,0.24262117519631735,0.0,0.0,0,0,47013,0.02,0.02,0.0,True,0.2,0.12,800,8,0.0,0.0,0.0,1.03287935256958,C:/Users/efasllija/dev/gossip-poc/out_nb_incremental_clean0104/scenario_group_highfanout_connectivity/adoption_0.1/permanent_fork_sth_proof_n12000_pg0p005_a0p1_ff0p05_s47013_drop0_pc0p02_pgc0p02,0.1
permanent_fork,sth_proof,12000,6.0,5.0,0.005,0.1,0.05,3.0,True,20.0,20.0,0.0,0.0,,,,,30641.0,,,,0.5438700446576966,0.5438700446576966,1.0,1.4452328992817193e-05,1,1,47014,0.02,0.02,0.0,True,0.2,0.12,800,8,0.0,0.0,0.0,1.1752886772155762,C:/Users/efasllija/dev/gossip-poc/out_nb_incremental_clean0104/scenario_group_highfanout_connectivity/adoption_0.1/permanent_fork_sth_proof_n12000_pg0p005_a0p1_ff0p05_s47014_drop0_pc0p02_pgc0p02,0.1
permanent_fork,sth_proof,12000,6.0,5.0,0.005,0.1,0.05,3.0,True,95.0,95.0,0.0,0.0,,,,,246494.0,,,,0.5386702527389946,0.5386702527389946,9.0,2.373136099355298e-05,9,9,47000,0.02,0.02,0.0,True,0.2,0.12,800,32,0.0,0.0,0.0,1.2117936611175537,C:/Users/efasllija/dev/gossip-poc/out_nb_incremental_clean0104/scenario_group_highfanout_connectivity/adoption_0.1/permanent_fork_sth_proof_n12000_pg0p005_a0p1_ff0p05_s47000_drop0_pc0p02_pgc0p02,0.1
permanent_fork,sth_proof,12000,6.0,5.0,0.005,0.1,0.05,3.0,True,15.0,15.0,0.0,0.0,,,,,168906.0,,,,0.5350079785865033,0.5350079785865033,5.0,1.2868687908580842e-05,5,5,47001,0.02,0.02,0.0,True,0.2,0.12,800,32,0.0,0.0,0.0,1.1936118602752686,C:/Users/efasllija/dev/gossip-poc/out_nb_incremental_clean0104/scenario_group_highfanout_connectivity/adoption_0.1/permanent_fork_sth_proof_n12000_pg0p005_a0p1_ff0p05_s47001_drop0_pc0p02_pgc0p02,0.1
permanent_fork,sth_proof,12000,6.0,5.0,0.005,0.1,0.05,3.0,True,170.0,170.0,0.0,0.0,,,,,389865.0,,,,0.12084640437988291,0.12084640437988291,2.0,4.99530441385098e-06,2,2,47002,0.02,0.02,0.0,True,0.2,0.12,800,32,0.0,0.0,0.0,1.2436437606811523,C:/Users/efasllija/dev/gossip-poc/out_nb_incremental_clean0104/scenario_group_highfanout_connectivity/adoption_0.1/permanent_fork_sth_proof_n12000_pg0p005_a0p1_ff0p05_s47002_drop0_pc0p02_pgc0p02,0.1
permanent_fork,sth_proof,12000,6.0,5.0,0.005,0.1,0.05,3.0,True,115.0,115.0,0.0,0.0,,,,,284335.0,,,,0.4395599831801027,0.4395599831801027,2.0,5.191326331964553e-06,2,2,47003,0.02,0.02,0.0,True,0.2,0.12,800,32,0.0,0.0,0.0,1.2006328105926514,C:/Users/efasllija/dev/gossip-poc/out_nb_incremental_clean0104/scenario_group_highfanout_connectivity/adoption_0.1/permanent_fork_sth_proof_n12000_pg0p005_a0p1_ff0p05_s47003_drop0_pc0p02_pgc0p02,0.1
permanent_fork,sth_proof,12000,6.0,5.0,0.005,0.1,0.05,3.0,True,80.0,80.0,0.0,0.0,,,,,240557.0,,,,0.48982663839179014,0.48982663839179014,7.0,1.7798933081097025e-05,7,7,47004,0.02,0.02,0.0,True,0.2,0.12,800,32,0.0,0.0,0.0,1.1524887084960938,C:/Users/efasllija/dev/gossip-poc/out_nb_incremental_clean0104/scenario_group_highfanout_connectivity/adoption_0.1/permanent_fork_sth_proof_n12000_pg0p005_a0p1_ff0p05_s47004_drop0_pc0p02_pgc0p02,0.1
permanent_fork,sth_proof,12000,6.0,5.0,0.005,0.1,0.05,3.0,True,140.0,140.0,0.0,0.0,,,,,311629.0,,,,0.32526071625903197,0.32526071625903197,1.0,2.669222001863117e-06,1,1,47005,0.02,0.02,0.0,True,0.2,0.12,800,32,0.0,0.0,0.0,1.133507490158081,C:/Users/efasllija/dev/gossip-poc/out_nb_incremental_clean0104/scenario_group_highfanout_connectivity/adoption_0.1/permanent_fork_sth_proof_n12000_pg0p005_a0p1_ff0p05_s47005_drop0_pc0p02_pgc0p02,0.1
permanent_fork,sth_proof,12000,6.0,5.0,0.005,0.1,0.05,3.0,True,75.0,75.0,0.0,0.0,,,,,222137.0,,,,0.36516745398488876,0.36516745398488876,2.0,5.2928956108663145e-06,2,2,47006,0.02,0.02,0.0,True,0.2,0.12,800,32,0.0,0.0,0.0,1.120227336883545,C:/Users/efasllija/dev/gossip-poc/out_nb_incremental_clean0104/scenario_group_highfanout_connectivity/adoption_0.1/permanent_fork_sth_proof_n12000_pg0p005_a0p1_ff0p05_s47006_drop0_pc0p02_pgc0p02,0.1
permanent_fork,sth_proof,12000,6.0,5.0,0.005,0.1,0.05,3.0,True,85.0,85.0,0.0,0.0,,,,,241330.0,,,,0.25197045415259506,0.25197045415259506,2.0,5.159945407777586e-06,2,2,47007,0.02,0.02,0.0,True,0.2,0.12,800,32,0.0,0.0,0.0,1.3542628288269043,C:/Users/efasllija/dev/gossip-poc/out_nb_incremental_clean0104/scenario_group_highfanout_connectivity/adoption_0.1/permanent_fork_sth_proof_n12000_pg0p005_a0p1_ff0p05_s47007_drop0_pc0p02_pgc0p02,0.1
permanent_fork,sth_proof,12000,6.0,5.0,0.005,0.1,0.05,3.0,True,15.0,15.0,0.0,0.0,,,,,165624.0,,,,0.5845174201764759,0.5845174201764759,17.0,4.418396122207639e-05,17,17,47008,0.02,0.02,0.0,True,0.2,0.12,800,32,0.0,0.0,0.0,1.5837526321411133,C:/Users/efasllija/dev/gossip-poc/out_nb_incremental_clean0104/scenario_group_highfanout_connectivity/adoption_0.1/permanent_fork_sth_proof_n12000_pg0p005_a0p1_ff0p05_s47008_drop0_pc0p02_pgc0p02,0.1
permanent_fork,sth_proof,12000,6.0,5.0,0.005,0.1,0.05,3.0,True,55.0,55.0,0.0,0.0,,,,,206438.0,,,,0.43489398036146293,0.43489398036146293,11.0,2.7953404216389843e-05,11,11,47009,0.02,0.02,0.0,True,0.2,0.12,800,32,0.0,0.0,0.0,1.4997775554656982,C:/Users/efasllija/dev/gossip-poc/out_nb_incremental_clean0104/scenario_group_highfanout_connectivity/adoption_0.1/permanent_fork_sth_proof_n12000_pg0p005_a0p1_ff0p05_s47009_drop0_pc0p02_pgc0p02,0.1
permanent_fork,sth_proof,12000,6.0,5.0,0.005,0.1,0.05,3.0,True,35.0,35.0,0.0,0.0,,,,,184371.0,,,,0.7707904307638554,0.7707904307638554,81.0,0.0002144025580078032,81,81,47010,0.02,0.02,0.0,True,0.2,0.12,800,32,0.0,0.0,0.0,1.401106595993042,C:/Users/efasllija/dev/gossip-poc/out_nb_incremental_clean0104/scenario_group_highfanout_connectivity/adoption_0.1/permanent_fork_sth_proof_n12000_pg0p005_a0p1_ff0p05_s47010_drop0_pc0p02_pgc0p02,0.1
permanent_fork,sth_proof,12000,6.0,5.0,0.005,0.1,0.05,3.0,True,40.0,40.0,0.0,0.0,,,,,194311.0,,,,0.428343412898931,0.428343412898931,3.0,7.710674915375343e-06,3,3,47011,0.02,0.02,0.0,True,0.2,0.12,800,32,0.0,0.0,0.0,1.3258378505706787,C:/Users/efasllija/dev/gossip-poc/out_nb_incremental_clean0104/scenario_group_highfanout_connectivity/adoption_0.1/permanent_fork_sth_proof_n12000_pg0p005_a0p1_ff0p05_s47011_drop0_pc0p02_pgc0p02,0.1
permanent_fork,sth_proof,12000,6.0,5.0,0.005,0.1,0.05,3.0,True,65.0,65.0,0.0,0.0,,,,,222915.0,,,,0.2775901283824118,0.2775901283824118,31.0,7.808229874287499e-05,31,31,47012,0.02,0.02,0.0,True,0.2,0.12,800,32,0.0,0.0,0.0,1.3415064811706543,C:/Users/efasllija/dev/gossip-poc/out_nb_incremental_clean0104/scenario_group_highfanout_connectivity/adoption_0.1/permanent_fork_sth_proof_n12000_pg0p005_a0p1_ff0p05_s47012_drop0_pc0p02_pgc0p02,0.1
permanent_fork,sth_proof,12000,6.0,5.0,0.005,0.1,0.05,3.0,True,70.0,70.0,0.0,0.0,,,,,225860.0,,,,0.4241251906209381,0.4241251906209381,37.0,9.467080147788798e-05,37,37,47013,0.02,0.02,0.0,True,0.2,0.12,800,32,0.0,0.0,0.0,1.2839834690093994,C:/Users/efasllija/dev/gossip-poc/out_nb_incremental_clean0104/scenario_group_highfanout_connectivity/adoption_0.1/permanent_fork_sth_proof_n12000_pg0p005_a0p1_ff0p05_s47013_drop0_pc0p02_pgc0p02,0.1
permanent_fork,sth_proof,12000,6.0,5.0,0.005,0.1,0.05,3.0,True,95.0,95.0,0.0,0.0,,,,,258414.0,,,,0.3700471781774325,0.3700471781774325,7.0,1.7736156929516512e-05,7,7,47014,0.02,0.02,0.0,True,0.2,0.12,800,32,0.0,0.0,0.0,1.3504068851470947,C:/Users/efasllija/dev/gossip-poc/out_nb_incremental_clean0104/scenario_group_highfanout_connectivity/adoption_0.1/permanent_fork_sth_proof_n12000_pg0p005_a0p1_ff0p05_s47014_drop0_pc0p02_pgc0p02,0.1
permanent_fork,sth_proof,12000,6.0,5.0,0.005,0.1,0.05,3.0,True,5.0,5.0,0.0,0.0,,,,,325926.0,,,,0.5522382107365956,0.5522382107365956,10.0,1.2085044877814154e-05,10,10,47000,0.02,0.02,0.0,True,0.2,0.12,800,64,0.0,0.0,0.0,1.229283332824707,C:/Users/efasllija/dev/gossip-poc/out_nb_incremental_clean0104/scenario_group_highfanout_connectivity/adoption_0.1/permanent_fork_sth_proof_n12000_pg0p005_a0p1_ff0p05_s47000_drop0_pc0p02_pgc0p02,0.1
permanent_fork,sth_proof,12000,6.0,5.0,0.005,0.1,0.05,3.0,True,25.0,25.0,0.0,0.0,,,,,384609.0,,,,0.3056185993037426,0.3056185993037426,9.0,1.0733670211560639e-05,9,9,47001,0.02,0.02,0.0,True,0.2,0.12,800,64,0.0,0.0,0.0,1.3764374256134033,C:/Users/efasllija/dev/gossip-poc/out_nb_incremental_clean0104/scenario_group_highfanout_connectivity/adoption_0.1/permanent_fork_sth_proof_n12000_pg0p005_a0p1_ff0p05_s47001_drop0_pc0p02_pgc0p02,0.1
permanent_fork,sth_proof,12000,6.0,5.0,0.005,0.1,0.05,3.0,True,35.0,35.0,0.0,0.0,,,,,409096.0,,,,0.49114845991782413,0.49114845991782413,7.0,8.341515963278264e-06,7,7,47002,0.02,0.02,0.0,True,0.2,0.12,800,64,0.0,0.0,0.0,1.3452796936035156,C:/Users/efasllija/dev/gossip-poc/out_nb_incremental_clean0104/scenario_group_highfanout_connectivity/adoption_0.1/permanent_fork_sth_proof_n12000_pg0p005_a0p1_ff0p05_s47002_drop0_pc0p02_pgc0p02,0.1
permanent_fork,sth_proof,12000,6.0,5.0,0.005,0.1,0.05,3.0,True,40.0,40.0,0.0,0.0,,,,,415567.0,,,,0.4356994085522876,0.4356994085522876,12.0,1.4624711618967763e-05,12,12,47003,0.02,0.02,0.0,True,0.2,0.12,800,64,0.0,0.0,0.0,1.3548333644866943,C:/Users/efasllija/dev/gossip-poc/out_nb_incremental_clean0104/scenario_group_highfanout_connectivity/adoption_0.1/permanent_fork_sth_proof_n12000_pg0p005_a0p1_ff0p05_s47003_drop0_pc0p02_pgc0p02,0.1
permanent_fork,sth_proof,12000,6.0,5.0,0.005,0.1,0.05,3.0,True,165.0,165.0,0.0,0.0,,,,,809509.0,,,,0.09050398750308312,0.09050398750308312,4.0,4.698089052277986e-06,4,4,47004,0.02,0.02,0.0,True,0.2,0.12,800,64,0.0,0.0,0.0,1.2912299633026123,C:/Users/efasllija/dev/gossip-poc/out_nb_incremental_clean0104/scenario_group_highfanout_connectivity/adoption_0.1/permanent_fork_sth_proof_n12000_pg0p005_a0p1_ff0p05_s47004_drop0_pc0p02_pgc0p02,0.1
permanent_fork,sth_proof,12000,6.0,5.0,0.005,0.1,0.05,3.0,True,120.0,120.0,0.0,0.0,,,,,616801.0,,,,0.41275395402318305,0.41275395402318305,64.0,7.738169366763837e-05,64,64,47005,0.02,0.02,0.0,True,0.2,0.12,800,64,0.0,0.0,0.0,1.3844187259674072,C:/Users/efasllija/dev/gossip-poc/out_nb_incremental_clean0104/scenario_group_highfanout_connectivity/adoption_0.1/permanent_fork_sth_proof_n12000_pg0p005_a0p1_ff0p05_s47005_drop0_pc0p02_pgc0p02,0.1
permanent_fork,sth_proof,12000,6.0,5.0,0.005,0.1,0.05,3.0,True,165.0,165.0,0.0,0.0,,,,,776861.0,,,,0.08634690758182548,0.08634690758182548,4.0,4.879459063168257e-06,4,4,47006,0.02,0.02,0.0,True,0.2,0.12,800,64,0.0,0.0,0.0,1.3467347621917725,C:/Users/efasllija/dev/gossip-poc/out_nb_incremental_clean0104/scenario_group_highfanout_connectivity/adoption_0.1/permanent_fork_sth_proof_n12000_pg0p005_a0p1_ff0p05_s47006_drop0_pc0p02_pgc0p02,0.1
permanent_fork,sth_proof,12000,6.0,5.0,0.005,0.1,0.05,3.0,True,20.0,20.0,0.0,0.0,,,,,371977.0,,,,0.3808291238002682,0.3808291238002682,19.0,2.2684319046590008e-05,19,19,47007,0.02,0.02,0.0,True,0.2,0.12,800,64,0.0,0.0,0.0,1.4351263046264648,C:/Users/efasllija/dev/gossip-poc/out_nb_incremental_clean0104/scenario_group_highfanout_connectivity/adoption_0.1/permanent_fork_sth_proof_n12000_pg0p005_a0p1_ff0p05_s47007_drop0_pc0p02_pgc0p02,0.1
permanent_fork,sth_proof,12000,6.0,5.0,0.005,0.1,0.05,3.0,True,10.0,10.0,0.0,0.0,,,,,342498.0,,,,0.7499552699367407,0.7499552699367407,18.0,2.205866133337255e-05,18,18,47008,0.02,0.02,0.0,True,0.2,0.12,800,64,0.0,0.0,0.0,1.4133031368255615,C:/Users/efasllija/dev/gossip-poc/out_nb_incremental_clean0104/scenario_group_highfanout_connectivity/adoption_0.1/permanent_fork_sth_proof_n12000_pg0p005_a0p1_ff0p05_s47008_drop0_pc0p02_pgc0p02,0.1
permanent_fork,sth_proof,12000,6.0,5.0,0.005,0.1,0.05,3.0,True,35.0,35.0,0.0,0.0,,,,,399457.0,,,,0.41076325747112113,0.41076325747112113,17.0,1.9983331550506696e-05,17,17,47009,0.02,0.02,0.0,True,0.2,0.12,800,64,0.0,0.0,0.0,1.352848768234253,C:/Users/efasllija/dev/gossip-poc/out_nb_incremental_clean0104/scenario_group_highfanout_connectivity/adoption_0.1/permanent_fork_sth_proof_n12000_pg0p005_a0p1_ff0p05_s47009_drop0_pc0p02_pgc0p02,0.1
permanent_fork,sth_proof,12000,6.0,5.0,0.005,0.1,0.05,3.0,True,15.0,15.0,0.0,0.0,,,,,357805.0,,,,0.2953273658520326,0.2953273658520326,86.0,0.00010616536860986325,86,86,47010,0.02,0.02,0.0,True,0.2,0.12,800,64,0.0,0.0,0.0,1.320603370666504,C:/Users/efasllija/dev/gossip-poc/out_nb_incremental_clean0104/scenario_group_highfanout_connectivity/adoption_0.1/permanent_fork_sth_proof_n12000_pg0p005_a0p1_ff0p05_s47010_drop0_pc0p02_pgc0p02,0.1
permanent_fork,sth_proof,12000,6.0,5.0,0.005,0.1,0.05,3.0,True,15.0,15.0,0.0,0.0,,,,,368353.0,,,,0.4857835837382684,0.4857835837382684,122.0,0.0001456930390970853,122,122,47011,0.02,0.02,0.0,True,0.2,0.12,800,64,0.0,0.0,0.0,1.2603387832641602,C:/Users/efasllija/dev/gossip-poc/out_nb_incremental_clean0104/scenario_group_highfanout_connectivity/adoption_0.1/permanent_fork_sth_proof_n12000_pg0p005_a0p1_ff0p05_s47011_drop0_pc0p02_pgc0p02,0.1
permanent_fork,sth_proof,12000,6.0,5.0,0.005,0.1,0.05,3.0,True,45.0,45.0,0.0,0.0,,,,,413567.0,,,,0.3496213835737981,0.3496213835737981,8.0,9.604983065214233e-06,8,8,47012,0.02,0.02,0.0,True,0.2,0.12,800,64,0.0,0.0,0.0,1.341111421585083,C:/Users/efasllija/dev/gossip-poc/out_nb_incremental_clean0104/scenario_group_highfanout_connectivity/adoption_0.1/permanent_fork_sth_proof_n12000_pg0p005_a0p1_ff0p05_s47012_drop0_pc0p02_pgc0p02,0.1
permanent_fork,sth_proof,12000,6.0,5.0,0.005,0.1,0.05,3.0,True,45.0,45.0,0.0,0.0,,,,,419987.0,,,,0.5186067143495207,0.5186067143495207,11.0,1.3460514803507076e-05,11,11,47013,0.02,0.02,0.0,True,0.2,0.12,800,64,0.0,0.0,0.0,1.2551000118255615,C:/Users/efasllija/dev/gossip-poc/out_nb_incremental_clean0104/scenario_group_highfanout_connectivity/adoption_0.1/permanent_fork_sth_proof_n12000_pg0p005_a0p1_ff0p05_s47013_drop0_pc0p02_pgc0p02,0.1
permanent_fork,sth_proof,12000,6.0,5.0,0.005,0.1,0.05,3.0,True,25.0,25.0,0.0,0.0,,,,,387319.0,,,,0.3470868670884213,0.3470868670884213,14.0,1.648398874850025e-05,14,14,47014,0.02,0.02,0.0,True,0.2,0.12,800,64,0.0,0.0,0.0,1.3062548637390137,C:/Users/efasllija/dev/gossip-poc/out_nb_incremental_clean0104/scenario_group_highfanout_connectivity/adoption_0.1/permanent_fork_sth_proof_n12000_pg0p005_a0p1_ff0p05_s47014_drop0_pc0p02_pgc0p02,0.1
permanent_fork,sth_proof,12000,6.0,5.0,0.005,0.1,0.05,3.0,False,,,0.0,0.0,,,,,,,,,0.3073492839379127,0.3073492839379127,0.0,0.0,0,0,47000,0.02,0.02,0.0,True,0.2,0.16,800,8,0.0,0.0,0.0,1.0844142436981201,C:/Users/efasllija/dev/gossip-poc/out_nb_incremental_clean0104/scenario_group_highfanout_connectivity/adoption_0.1/permanent_fork_sth_proof_n12000_pg0p005_a0p1_ff0p05_s47000_drop0_pc0p02_pgc0p02,0.1
permanent_fork,sth_proof,12000,6.0,5.0,0.005,0.1,0.05,3.0,True,10.0,10.0,0.0,0.0,,,,,36250.0,,,,0.423060578875301,0.423060578875301,3.0,3.541243684782096e-05,3,3,47001,0.02,0.02,0.0,True,0.2,0.16,800,8,0.0,0.0,0.0,1.0348544120788574,C:/Users/efasllija/dev/gossip-poc/out_nb_incremental_clean0104/scenario_group_highfanout_connectivity/adoption_0.1/permanent_fork_sth_proof_n12000_pg0p005_a0p1_ff0p05_s47001_drop0_pc0p02_pgc0p02,0.1
permanent_fork,sth_proof,12000,6.0,5.0,0.005,0.1,0.05,3.0,True,115.0,115.0,0.0,0.0,,,,,62773.0,,,,0.6140336612732743,0.6140336612732743,1.0,1.1615346195393353e-05,1,1,47002,0.02,0.02,0.0,True,0.2,0.16,800,8,0.0,0.0,0.0,1.025083065032959,C:/Users/efasllija/dev/gossip-poc/out_nb_incremental_clean0104/scenario_group_highfanout_connectivity/adoption_0.1/permanent_fork_sth_proof_n12000_pg0p005_a0p1_ff0p05_s47002_drop0_pc0p02_pgc0p02,0.1
permanent_fork,sth_proof,12000,6.0,5.0,0.005,0.1,0.05,3.0,True,160.0,160.0,0.0,0.0,,,,,75378.0,,,,0.5933774834437087,0.5933774834437087,2.0,2.452783909737552e-05,2,2,47003,0.02,0.02,0.0,True,0.2,0.16,800,8,0.0,0.0,0.0,0.9873743057250977,C:/Users/efasllija/dev/gossip-poc/out_nb_incremental_clean0104/scenario_group_highfanout_connectivity/adoption_0.1/permanent_fork_sth_proof_n12000_pg0p005_a0p1_ff0p05_s47003_drop0_pc0p02_pgc0p02,0.1
permanent_fork,sth_proof,12000,6.0,5.0,0.005,0.1,0.05,3.0,True,110.0,110.0,0.0,0.0,,,,,61032.0,,,,0.335055040082268,0.335055040082268,1.0,1.1685792413583565e-05,1,1,47004,0.02,0.02,0.0,True,0.2,0.16,800,8,0.0,0.0,0.0,1.0645978450775146,C:/Users/efasllija/dev/gossip-poc/out_nb_incremental_clean0104/scenario_group_highfanout_connectivity/adoption_0.1/permanent_fork_sth_proof_n12000_pg0p005_a0p1_ff0p05_s47004_drop0_pc0p02_pgc0p02,0.1
permanent_fork,sth_proof,12000,6.0,5.0,0.005,0.1,0.05,3.0,True,10.0,10.0,0.0,0.0,,,,,37777.0,,,,0.42176808266360505,0.42176808266360505,3.0,3.444316877152698e-05,3,3,47005,0.02,0.02,0.0,True,0.2,0.16,800,8,0.0,0.0,0.0,0.986483097076416,C:/Users/efasllija/dev/gossip-poc/out_nb_incremental_clean0104/scenario_group_highfanout_connectivity/adoption_0.1/permanent_fork_sth_proof_n12000_pg0p005_a0p1_ff0p05_s47005_drop0_pc0p02_pgc0p02,0.1
permanent_fork,sth_proof,12000,6.0,5.0,0.005,0.1,0.05,3.0,True,75.0,75.0,0.0,0.0,,,,,46179.0,,,,0.9018280638627127,0.9018280638627127,1.0,1.2581306694513292e-05,1,1,47006,0.02,0.02,0.0,True,0.2,0.16,800,8,0.0,0.0,0.0,1.0113506317138672,C:/Users/efasllija/dev/gossip-poc/out_nb_incremental_clean0104/scenario_group_highfanout_connectivity/adoption_0.1/permanent_fork_sth_proof_n12000_pg0p005_a0p1_ff0p05_s47006_drop0_pc0p02_pgc0p02,0.1
permanent_fork,sth_proof,12000,6.0,5.0,0.005,0.1,0.05,3.0,True,75.0,75.0,0.0,0.0,,,,,47532.0,,,,0.5327896704043493,0.5327896704043493,5.0,6.0676666181253336e-05,5,5,47007,0.02,0.02,0.0,True,0.2,0.16,800,8,0.0,0.0,0.0,1.0041618347167969,C:/Users/efasllija/dev/gossip-poc/out_nb_incremental_clean0104/scenario_group_highfanout_connectivity/adoption_0.1/permanent_fork_sth_proof_n12000_pg0p005_a0p1_ff0p05_s47007_drop0_pc0p02_pgc0p02,0.1
permanent_fork,sth_proof,12000,6.0,5.0,0.005,0.1,0.05,3.0,True,80.0,80.0,0.0,0.0,,,,,49987.0,,,,0.35173031392224935,0.35173031392224935,3.0,3.6802139431038924e-05,3,3,47008,0.02,0.02,0.0,True,0.2,0.16,800,8,0.0,0.0,0.0,1.0407028198242188,C:/Users/efasllija/dev/gossip-poc/out_nb_incremental_clean0104/scenario_group_highfanout_connectivity/adoption_0.1/permanent_fork_sth_proof_n12000_pg0p005_a0p1_ff0p05_s47008_drop0_pc0p02_pgc0p02,0.1
permanent_fork,sth_proof,12000,6.0,5.0,0.005,0.1,0.05,3.0,True,0.0,0.0,0.0,0.0,,,,,32333.0,,,,0.14304486116739737,0.14304486116739737,2.0,2.4561274238907513e-05,2,2,47009,0.02,0.02,0.0,True,0.2,0.16,800,8,0.0,0.0,0.0,1.0841290950775146,C:/Users/efasllija/dev/gossip-poc/out_nb_incremental_clean0104/scenario_group_highfanout_connectivity/adoption_0.1/permanent_fork_sth_proof_n12000_pg0p005_a0p1_ff0p05_s47009_drop0_pc0p02_pgc0p02,0.1
permanent_fork,sth_proof,12000,6.0,5.0,0.005,0.1,0.05,3.0,False,,,0.0,0.0,,,,,,,,,0.1924949871097107,0.1924949871097107,0.0,0.0,0,0,47010,0.02,0.02,0.0,True,0.2,0.16,800,8,0.0,0.0,0.0,1.070296287536621,C:/Users/efasllija/dev/gossip-poc/out_nb_incremental_clean0104/scenario_group_highfanout_connectivity/adoption_0.1/permanent_fork_sth_proof_n12000_pg0p005_a0p1_ff0p05_s47010_drop0_pc0p02_pgc0p02,0.1
permanent_fork,sth_proof,12000,6.0,5.0,0.005,0.1,0.05,3.0,True,20.0,20.0,0.0,0.0,,,,,38855.0,,,,0.9844238186250386,0.9844238186250386,3.0,3.433397804914337e-05,3,3,47011,0.02,0.02,0.0,True,0.2,0.16,800,8,0.0,0.0,0.0,1.0188384056091309,C:/Users/efasllija/dev/gossip-poc/out_nb_incremental_clean0104/scenario_group_highfanout_connectivity/adoption_0.1/permanent_fork_sth_proof_n12000_pg0p005_a0p1_ff0p05_s47011_drop0_pc0p02_pgc0p02,0.1
permanent_fork,sth_proof,12000,6.0,5.0,0.005,0.1,0.05,3.0,True,170.0,170.0,0.0,0.0,,,,,82043.0,,,,0.40402985605961717,0.40402985605961717,1.0,1.186647838520962e-05,1,1,47012,0.02,0.02,0.0,True,0.2,0.16,800,8,0.0,0.0,0.0,1.0010554790496826,C:/Users/efasllija/dev/gossip-poc/out_nb_incremental_clean0104/scenario_group_highfanout_connectivity/adoption_0.1/permanent_fork_sth_proof_n12000_pg0p005_a0p1_ff0p05_s47012_drop0_pc0p02_pgc0p02,0.1
permanent_fork,sth_proof,12000,6.0,5.0,0.005,0.1,0.05,3.0,True,35.0,35.0,0.0,0.0,,,,,39409.0,,,,0.3065980666528163,0.3065980666528163,3.0,3.6662715240690726e-05,3,3,47013,0.02,0.02,0.0,True,0.2,0.16,800,8,0.0,0.0,0.0,0.9940612316131592,C:/Users/efasllija/dev/gossip-poc/out_nb_incremental_clean0104/scenario_group_highfanout_connectivity/adoption_0.1/permanent_fork_sth_proof_n12000_pg0p005_a0p1_ff0p05_s47013_drop0_pc0p02_pgc0p02,0.1
permanent_fork,sth_proof,12000,6.0,5.0,0.005,0.1,0.05,3.0,False,,,0.0,0.0,,,,,,,,,0.4268650960196917,0.4268650960196917,0.0,0.0,0,0,47014,0.02,0.02,0.0,True,0.2,0.16,800,8,0.0,0.0,0.0,1.0464866161346436,C:/Users/efasllija/dev/gossip-poc/out_nb_incremental_clean0104/scenario_group_highfanout_connectivity/adoption_0.1/permanent_fork_sth_proof_n12000_pg0p005_a0p1_ff0p05_s47014_drop0_pc0p02_pgc0p02,0.1
permanent_fork,sth_proof,12000,6.0,5.0,0.005,0.1,0.05,3.0,True,45.0,45.0,0.0,0.0,,,,,251894.0,,,,0.2621076356439998,0.2621076356439998,2.0,3.926588501378233e-06,2,2,47000,0.02,0.02,0.0,True,0.2,0.16,800,32,0.0,0.0,0.0,1.1752197742462158,C:/Users/efasllija/dev/gossip-poc/out_nb_incremental_clean0104/scenario_group_highfanout_connectivity/adoption_0.1/permanent_fork_sth_proof_n12000_pg0p005_a0p1_ff0p05_s47000_drop0_pc0p02_pgc0p02,0.1
permanent_fork,sth_proof,12000,6.0,5.0,0.005,0.1,0.05,3.0,True,95.0,95.0,0.0,0.0,,,,,334175.0,,,,0.5505196880883657,0.5505196880883657,6.0,1.185374845160411e-05,6,6,47001,0.02,0.02,0.0,True,0.2,0.16,800,32,0.0,0.0,0.0,1.218895673751831,C:/Users/efasllija/dev/gossip-poc/out_nb_incremental_clean0104/scenario_group_highfanout_connectivity/adoption_0.1/permanent_fork_sth_proof_n12000_pg0p005_a0p1_ff0p05_s47001_drop0_pc0p02_pgc0p02,0.1
permanent_fork,sth_proof,12000,6.0,5.0,0.005,0.1,0.05,3.0,True,50.0,50.0,0.0,0.0,,,,,272120.0,,,,0.3965836904653354,0.3965836904653354,9.0,1.7096744779793926e-05,9,9,47002,0.02,0.02,0.0,True,0.2,0.16,800,32,0.0,0.0,0.0,1.2037787437438965,C:/Users/efasllija/dev/gossip-poc/out_nb_incremental_clean0104/scenario_group_highfanout_connectivity/adoption_0.1/permanent_fork_sth_proof_n12000_pg0p005_a0p1_ff0p05_s47002_drop0_pc0p02_pgc0p02,0.1
permanent_fork,sth_proof,12000,6.0,5.0,0.005,0.1,0.05,3.0,True,0.0,0.0,0.0,0.0,,,,,205189.0,,,,0.516230498973246,0.516230498973246,18.0,3.503615536588452e-05,18,18,47003,0.02,0.02,0.0,True,0.2,0.16,800,32,0.0,0.0,0.0,1.2200872898101807,C:/Users/efasllija/dev/gossip-poc/out_nb_incremental_clean0104/scenario_group_highfanout_connectivity/adoption_0.1/permanent_fork_sth_proof_n12000_pg0p005_a0p1_ff0p05_s47003_drop0_pc0p02_pgc0p02,0.1
permanent_fork,sth_proof,12000,6.0,5.0,0.005,0.1,0.05,3.0,True,160.0,160.0,0.0,0.0,,,,,480414.0,,,,0.4449294693019684,0.4449294693019684,2.0,3.849403631142446e-06,2,2,47004,0.02,0.02,0.0,True,0.2,0.16,800,32,0.0,0.0,0.0,1.2735939025878906,C:/Users/efasllija/dev/gossip-poc/out_nb_incremental_clean0104/scenario_group_highfanout_connectivity/adoption_0.1/permanent_fork_sth_proof_n12000_pg0p005_a0p1_ff0p05_s47004_drop0_pc0p02_pgc0p02,0.1
permanent_fork,sth_proof,12000,6.0,5.0,0.005,0.1,0.05,3.0,True,85.0,85.0,0.0,0.0,,,,,308098.0,,,,0.4118892370226099,0.4118892370226099,6.0,1.2097310767816314e-05,6,6,47005,0.02,0.02,0.0,True,0.2,0.16,800,32,0.0,0.0,0.0,1.1818485260009766,C:/Users/efasllija/dev/gossip-poc/out_nb_incremental_clean0104/scenario_group_highfanout_connectivity/adoption_0.1/permanent_fork_sth_proof_n12000_pg0p005_a0p1_ff0p05_s47005_drop0_pc0p02_pgc0p02,0.1
permanent_fork,sth_proof,12000,6.0,5.0,0.005,0.1,0.05,3.0,True,0.0,0.0,0.0,0.0,,,,,200759.0,,,,0.38079887736180024,0.38079887736180024,9.0,1.8042399639152006e-05,9,9,47006,0.02,0.02,0.0,True,0.2,0.16,800,32,0.0,0.0,0.0,1.1467914581298828,C:/Users/efasllija/dev/gossip-poc/out_nb_incremental_clean0104/scenario_group_highfanout_connectivity/adoption_0.1/permanent_fork_sth_proof_n12000_pg0p005_a0p1_ff0p05_s47006_drop0_pc0p02_pgc0p02,0.1
permanent_fork,sth_proof,12000,6.0,5.0,0.005,0.1,0.05,3.0,True,20.0,20.0,0.0,0.0,,,,,229610.0,,,,0.639894713413395,0.639894713413395,13.0,2.5160397534281043e-05,13,13,47007,0.02,0.02,0.0,True,0.2,0.16,800,32,0.0,0.0,0.0,1.2241268157958984,C:/Users/efasllija/dev/gossip-poc/out_nb_incremental_clean0104/scenario_group_highfanout_connectivity/adoption_0.1/permanent_fork_sth_proof_n12000_pg0p005_a0p1_ff0p05_s47007_drop0_pc0p02_pgc0p02,0.1
permanent_fork,sth_proof,12000,6.0,5.0,0.005,0.1,0.05,3.0,True,90.0,90.0,0.0,0.0,,,,,318609.0,,,,0.5888801879404855,0.5888801879404855,9.0,1.7979000527384016e-05,9,9,47008,0.02,0.02,0.0,True,0.2,0.16,800,32,0.0,0.0,0.0,1.1439886093139648,C:/Users/efasllija/dev/gossip-poc/out_nb_incremental_clean0104/scenario_group_highfanout_connectivity/adoption_0.1/permanent_fork_sth_proof_n12000_pg0p005_a0p1_ff0p05_s47008_drop0_pc0p02_pgc0p02,0.1
permanent_fork,sth_proof,12000,6.0,5.0,0.005,0.1,0.05,3.0,True,0.0,0.0,0.0,0.0,,,,,205043.0,,,,0.38764654756156447,0.38764654756156447,7.0,1.3520038628681796e-05,7,7,47009,0.02,0.02,0.0,True,0.2,0.16,800,32,0.0,0.0,0.0,1.1763465404510498,C:/Users/efasllija/dev/gossip-poc/out_nb_incremental_clean0104/scenario_group_highfanout_connectivity/adoption_0.1/permanent_fork_sth_proof_n12000_pg0p005_a0p1_ff0p05_s47009_drop0_pc0p02_pgc0p02,0.1
permanent_fork,sth_proof,12000,6.0,5.0,0.005,0.1,0.05,3.0,True,20.0,20.0,0.0,0.0,,,,,225069.0,,,,0.4192465258253675,0.4192465258253675,7.0,1.4057354004337698e-05,7,7,47010,0.02,0.02,0.0,True,0.2,0.16,800,32,0.0,0.0,0.0,1.1643579006195068,C:/Users/efasllija/dev/gossip-poc/out_nb_incremental_clean0104/scenario_group_highfanout_connectivity/adoption_0.1/permanent_fork_sth_proof_n12000_pg0p005_a0p1_ff0p05_s47010_drop0_pc0p02_pgc0p02,0.1
permanent_fork,sth_proof,12000,6.0,5.0,0.005,0.1,0.05,3.0,True,45.0,45.0,0.0,0.0,,,,,260539.0,,,,0.5863482543263543,0.5863482543263543,6.0,1.179110871795275e-05,6,6,47011,0.02,0.02,0.0,True,0.2,0.16,800,32,0.0,0.0,0.0,1.210402250289917,C:/Users/efasllija/dev/gossip-poc/out_nb_incremental_clean0104/scenario_group_highfanout_connectivity/adoption_0.1/permanent_fork_sth_proof_n12000_pg0p005_a0p1_ff0p05_s47011_drop0_pc0p02_pgc0p02,0.1
permanent_fork,sth_proof,12000,6.0,5.0,0.005,0.1,0.05,3.0,True,55.0,55.0,0.0,0.0,,,,,278018.0,,,,0.5489088868172219,0.5489088868172219,15.0,2.853826981982839e-05,15,15,47012,0.02,0.02,0.0,True,0.2,0.16,800,32,0.0,0.0,0.0,1.2095072269439697,C:/Users/efasllija/dev/gossip-poc/out_nb_incremental_clean0104/scenario_group_highfanout_connectivity/adoption_0.1/permanent_fork_sth_proof_n12000_pg0p005_a0p1_ff0p05_s47012_drop0_pc0p02_pgc0p02,0.1
permanent_fork,sth_proof,12000,6.0,5.0,0.005,0.1,0.05,3.0,True,75.0,75.0,0.0,0.0,,,,,300085.0,,,,0.1777983854014197,0.1777983854014197,4.0,7.85883952446162e-06,4,4,47013,0.02,0.02,0.0,True,0.2,0.16,800,32,0.0,0.0,0.0,1.1886522769927979,C:/Users/efasllija/dev/gossip-poc/out_nb_incremental_clean0104/scenario_group_highfanout_connectivity/adoption_0.1/permanent_fork_sth_proof_n12000_pg0p005_a0p1_ff0p05_s47013_drop0_pc0p02_pgc0p02,0.1
permanent_fork,sth_proof,12000,6.0,5.0,0.005,0.1,0.05,3.0,True,45.0,45.0,0.0,0.0,,,,,265120.0,,,,0.274020257161589,0.274020257161589,3.0,5.734240872522091e-06,3,3,47014,0.02,0.02,0.0,True,0.2,0.16,800,32,0.0,0.0,0.0,1.1704297065734863,C:/Users/efasllija/dev/gossip-poc/out_nb_incremental_clean0104/scenario_group_highfanout_connectivity/adoption_0.1/permanent_fork_sth_proof_n12000_pg0p005_a0p1_ff0p05_s47014_drop0_pc0p02_pgc0p02,0.1
permanent_fork,sth_proof,12000,6.0,5.0,0.005,0.1,0.05,3.0,True,10.0,10.0,0.0,0.0,,,,,461947.0,,,,0.5940631723251887,0.5940631723251887,203.0,0.00018212779090652986,203,203,47000,0.02,0.02,0.0,True,0.2,0.16,800,64,0.0,0.0,0.0,1.3438129425048828,C:/Users/efasllija/dev/gossip-poc/out_nb_incremental_clean0104/scenario_group_highfanout_connectivity/adoption_0.1/permanent_fork_sth_proof_n12000_pg0p005_a0p1_ff0p05_s47000_drop0_pc0p02_pgc0p02,0.1
permanent_fork,sth_proof,12000,6.0,5.0,0.005,0.1,0.05,3.0,True,40.0,40.0,0.0,0.0,,,,,550778.0,,,,0.5348791989605386,0.5348791989605386,55.0,4.997410432775744e-05,55,55,47001,0.02,0.02,0.0,True,0.2,0.16,800,64,0.0,0.0,0.0,1.4119722843170166,C:/Users/efasllija/dev/gossip-poc/out_nb_incremental_clean0104/scenario_group_highfanout_connectivity/adoption_0.1/permanent_fork_sth_proof_n12000_pg0p005_a0p1_ff0p05_s47001_drop0_pc0p02_pgc0p02,0.1
permanent_fork,sth_proof,12000,6.0,5.0,0.005,0.1,0.05,3.0,True,50.0,50.0,0.0,0.0,,,,,582814.0,,,,0.33345618838893876,0.33345618838893876,15.0,1.3484091468885009e-05,15,15,47002,0.02,0.02,0.0,True,0.2,0.16,800,64,0.0,0.0,0.0,1.368454933166504,C:/Users/efasllija/dev/gossip-poc/out_nb_incremental_clean0104/scenario_group_highfanout_connectivity/adoption_0.1/permanent_fork_sth_proof_n12000_pg0p005_a0p1_ff0p05_s47002_drop0_pc0p02_pgc0p02,0.1
permanent_fork,sth_proof,12000,6.0,5.0,0.005,0.1,0.05,3.0,True,55.0,55.0,0.0,0.0,,,,,575584.0,,,,0.51513639727224,0.51513639727224,11.0,1.0200353488613623e-05,11,11,47003,0.02,0.02,0.0,True,0.2,0.16,800,64,0.0,0.0,0.0,1.3191919326782227,C:/Users/efasllija/dev/gossip-poc/out_nb_incremental_clean0104/scenario_group_highfanout_connectivity/adoption_0.1/permanent_fork_sth_proof_n12000_pg0p005_a0p1_ff0p05_s47003_drop0_pc0p02_pgc0p02,0.1
permanent_fork,sth_proof,12000,6.0,5.0,0.005,0.1,0.05,3.0,True,115.0,115.0,0.0,0.0,,,,,842016.0,,,,0.19482786586996453,0.19482786586996453,11.0,9.644596614746589e-06,11,11,47004,0.02,0.02,0.0,True,0.2,0.16,800,64,0.0,0.0,0.0,1.3721094131469727,C:/Users/efasllija/dev/gossip-poc/out_nb_incremental_clean0104/scenario_group_highfanout_connectivity/adoption_0.1/permanent_fork_sth_proof_n12000_pg0p005_a0p1_ff0p05_s47004_drop0_pc0p02_pgc0p02,0.1
permanent_fork,sth_proof,12000,6.0,5.0,0.005,0.1,0.05,3.0,True,95.0,95.0,0.0,0.0,,,,,717627.0,,,,0.3725276356291502,0.3725276356291502,13.0,1.1984427619127515e-05,13,13,47005,0.02,0.02,0.0,True,0.2,0.16,800,64,0.0,0.0,0.0,1.2789418697357178,C:/Users/efasllija/dev/gossip-poc/out_nb_incremental_clean0104/scenario_group_highfanout_connectivity/adoption_0.1/permanent_fork_sth_proof_n12000_pg0p005_a0p1_ff0p05_s47005_drop0_pc0p02_pgc0p02,0.1
permanent_fork,sth_proof,12000,6.0,5.0,0.005,0.1,0.05,3.0,True,0.0,0.0,0.0,0.0,,,,,423969.0,,,,0.4343266603030977,0.4343266603030977,26.0,2.428367819269659e-05,26,26,47006,0.02,0.02,0.0,True,0.2,0.16,800,64,0.0,0.0,0.0,1.3396141529083252,C:/Users/efasllija/dev/gossip-poc/out_nb_incremental_clean0104/scenario_group_highfanout_connectivity/adoption_0.1/permanent_fork_sth_proof_n12000_pg0p005_a0p1_ff0p05_s47006_drop0_pc0p02_pgc0p02,0.1
permanent_fork,sth_proof,12000,6.0,5.0,0.005,0.1,0.05,3.0,True,60.0,60.0,0.0,0.0,,,,,592095.0,,,,0.5979522234017565,0.5979522234017565,21.0,1.9119379585236925e-05,21,21,47007,0.02,0.02,0.0,True,0.2,0.16,800,64,0.0,0.0,0.0,1.362149953842163,C:/Users/efasllija/dev/gossip-poc/out_nb_incremental_clean0104/scenario_group_highfanout_connectivity/adoption_0.1/permanent_fork_sth_proof_n12000_pg0p005_a0p1_ff0p05_s47007_drop0_pc0p02_pgc0p02,0.1
permanent_fork,sth_proof,12000,6.0,5.0,0.005,0.1,0.05,3.0,True,85.0,85.0,0.0,0.0,,,,,669863.0,,,,0.42492994842392046,0.42492994842392046,6.0,5.546809059418343e-06,6,6,47008,0.02,0.02,0.0,True,0.2,0.16,800,64,0.0,0.0,0.0,1.3618910312652588,C:/Users/efasllija/dev/gossip-poc/out_nb_incremental_clean0104/scenario_group_highfanout_connectivity/adoption_0.1/permanent_fork_sth_proof_n12000_pg0p005_a0p1_ff0p05_s47008_drop0_pc0p02_pgc0p02,0.1
permanent_fork,sth_proof,12000,6.0,5.0,0.005,0.1,0.05,3.0,True,65.0,65.0,0.0,0.0,,,,,624824.0,,,,0.1541722765919327,0.1541722765919327,9.0,7.982502354838194e-06,9,9,47009,0.02,0.02,0.0,True,0.2,0.16,800,64,0.0,0.0,0.0,1.4843823909759521,C:/Users/efasllija/dev/gossip-poc/out_nb_incremental_clean0104/scenario_group_highfanout_connectivity/adoption_0.1/permanent_fork_sth_proof_n12000_pg0p005_a0p1_ff0p05_s47009_drop0_pc0p02_pgc0p02,0.1
permanent_fork,sth_proof,12000,6.0,5.0,0.005,0.1,0.05,3.0,True,30.0,30.0,0.0,0.0,,,,,513932.0,,,,0.3413247285082449,0.3413247285082449,12.0,1.120419933391035e-05,12,12,47010,0.02,0.02,0.0,True,0.2,0.16,800,64,0.0,0.0,0.0,1.3473248481750488,C:/Users/efasllija/dev/gossip-poc/out_nb_incremental_clean0104/scenario_group_highfanout_connectivity/adoption_0.1/permanent_fork_sth_proof_n12000_pg0p005_a0p1_ff0p05_s47010_drop0_pc0p02_pgc0p02,0.1
permanent_fork,sth_proof,12000,6.0,5.0,0.005,0.1,0.05,3.0,True,110.0,110.0,0.0,0.0,,,,,780613.0,,,,0.5613606273551278,0.5613606273551278,17.0,1.545836788733214e-05,17,17,47011,0.02,0.02,0.0,True,0.2,0.16,800,64,0.0,0.0,0.0,1.3153951168060303,C:/Users/efasllija/dev/gossip-poc/out_nb_incremental_clean0104/scenario_group_highfanout_connectivity/adoption_0.1/permanent_fork_sth_proof_n12000_pg0p005_a0p1_ff0p05_s47011_drop0_pc0p02_pgc0p02,0.1
permanent_fork,sth_proof,12000,6.0,5.0,0.005,0.1,0.05,3.0,True,20.0,20.0,0.0,0.0,,,,,476942.0,,,,0.4150289703604701,0.4150289703604701,12.0,1.079305574793178e-05,12,12,47012,0.02,0.02,0.0,True,0.2,0.16,800,64,0.0,0.0,0.0,1.3935811519622803,C:/Users/efasllija/dev/gossip-poc/out_nb_incremental_clean0104/scenario_group_highfanout_connectivity/adoption_0.1/permanent_fork_sth_proof_n12000_pg0p005_a0p1_ff0p05_s47012_drop0_pc0p02_pgc0p02,0.1
permanent_fork,sth_proof,12000,6.0,5.0,0.005,0.1,0.05,3.0,True,85.0,85.0,0.0,0.0,,,,,677944.0,,,,0.46637440329561747,0.46637440329561747,20.0,1.8556404511061938e-05,20,20,47013,0.02,0.02,0.0,True,0.2,0.16,800,64,0.0,0.0,0.0,1.355738639831543,C:/Users/efasllija/dev/gossip-poc/out_nb_incremental_clean0104/scenario_group_highfanout_connectivity/adoption_0.1/permanent_fork_sth_proof_n12000_pg0p005_a0p1_ff0p05_s47013_drop0_pc0p02_pgc0p02,0.1
permanent_fork,sth_proof,12000,6.0,5.0,0.005,0.1,0.05,3.0,True,20.0,20.0,0.0,0.0,,,,,497190.0,,,,0.5319574002817177,0.5319574002817177,71.0,6.357899600705996e-05,71,71,47014,0.02,0.02,0.0,True,0.2,0.16,800,64,0.0,0.0,0.0,1.3788986206054688,C:/Users/efasllija/dev/gossip-poc/out_nb_incremental_clean0104/scenario_group_highfanout_connectivity/adoption_0.1/permanent_fork_sth_proof_n12000_pg0p005_a0p1_ff0p05_s47014_drop0_pc0p02_pgc0p02,0.1
permanent_fork,sth_proof,12000,6.0,5.0,0.005,0.2,0.05,3.0,True,15.0,15.0,0.0,0.0,,,,,9042.0,,,,1.0520877366023202,1.0520877366023202,2.0,9.39364050537786e-05,2,2,47000,0.02,0.02,0.0,True,0.2,0.0,800,8,0.0,0.0,0.0,1.2110626697540283,C:/Users/efasllija/dev/gossip-poc/out_nb_incremental_clean0104/scenario_group_highfanout_connectivity/adoption_0.2/permanent_fork_sth_proof_n12000_pg0p005_a0p2_ff0p05_s47000_drop0_pc0p02_pgc0p02,0.2
permanent_fork,sth_proof,12000,6.0,5.0,0.005,0.2,0.05,3.0,False,,,0.0,0.0,,,,,,,,,0.8901083305738209,0.8901083305738209,0.0,0.0,0,0,47001,0.02,0.02,0.0,True,0.2,0.0,800,8,0.0,0.0,0.0,1.0242271423339844,C:/Users/efasllija/dev/gossip-poc/out_nb_incremental_clean0104/scenario_group_highfanout_connectivity/adoption_0.2/permanent_fork_sth_proof_n12000_pg0p005_a0p2_ff0p05_s47001_drop0_pc0p02_pgc0p02,0.2
permanent_fork,sth_proof,12000,6.0,5.0,0.005,0.2,0.05,3.0,True,50.0,50.0,0.0,0.0,,,,,11117.0,,,,0.9225441100762859,0.9225441100762859,1.0,4.6801141947863526e-05,1,1,47002,0.02,0.02,0.0,True,0.2,0.0,800,8,0.0,0.0,0.0,1.1323094367980957,C:/Users/efasllija/dev/gossip-poc/out_nb_incremental_clean0104/scenario_group_highfanout_connectivity/adoption_0.2/permanent_fork_sth_proof_n12000_pg0p005_a0p2_ff0p05_s47002_drop0_pc0p02_pgc0p02,0.2
permanent_fork,sth_proof,12000,6.0,5.0,0.005,0.2,0.05,3.0,True,100.0,100.0,0.0,0.0,,,,,14110.0,,,,1.070796883216215,1.070796883216215,1.0,4.780343228643817e-05,1,1,47003,0.02,0.02,0.0,True,0.2,0.0,800,8,0.0,0.0,0.0,1.0654711723327637,C:/Users/efasllija/dev/gossip-poc/out_nb_incremental_clean0104/scenario_group_highfanout_connectivity/adoption_0.2/permanent_fork_sth_proof_n12000_pg0p005_a0p2_ff0p05_s47003_drop0_pc0p02_pgc0p02,0.2
permanent_fork,sth_proof,12000,6.0,5.0,0.005,0.2,0.05,3.0,True,0.0,0.0,0.0,0.0,,,,,8674.0,,,,0.7478438282481684,0.7478438282481684,2.0,9.273856997125104e-05,2,2,47004,0.02,0.02,0.0,True,0.2,0.0,800,8,0.0,0.0,0.0,1.0269849300384521,C:/Users/efasllija/dev/gossip-poc/out_nb_incremental_clean0104/scenario_group_highfanout_connectivity/adoption_0.2/permanent_fork_sth_proof_n12000_pg0p005_a0p2_ff0p05_s47004_drop0_pc0p02_pgc0p02,0.2
permanent_fork,sth_proof,12000,6.0,5.0,0.005,0.2,0.05,3.0,False,,,0.0,0.0,,,,,,,,,0.821185663981477,0.821185663981477,0.0,0.0,0,0,47005,0.02,0.02,0.0,True,0.2,0.0,800,8,0.0,0.0,0.0,1.31315016746521,C:/Users/efasllija/dev/gossip-poc/out_nb_incremental_clean0104/scenario_group_highfanout_connectivity/adoption_0.2/permanent_fork_sth_proof_n12000_pg0p005_a0p2_ff0p05_s47005_drop0_pc0p02_pgc0p02,0.2
permanent_fork,sth_proof,12000,6.0,5.0,0.005,0.2,0.05,3.0,True,140.0,140.0,0.0,0.0,,,,,17085.0,,,,0.8229720583969835,0.8229720583969835,1.0,4.8341873731025813e-05,1,1,47006,0.02,0.02,0.0,True,0.2,0.0,800,8,0.0,0.0,0.0,1.132873773574829,C:/Users/efasllija/dev/gossip-poc/out_nb_incremental_clean0104/scenario_group_highfanout_connectivity/adoption_0.2/permanent_fork_sth_proof_n12000_pg0p005_a0p2_ff0p05_s47006_drop0_pc0p02_pgc0p02,0.2
permanent_fork,sth_proof,12000,6.0,5.0,0.005,0.2,0.05,3.0,True,75.0,75.0,0.0,0.0,,,,,12612.0,,,,1.0536218250235183,1.0536218250235183,1.0,4.7036688617121355e-05,1,1,47007,0.02,0.02,0.0,True,0.2,0.0,800,8,0.0,0.0,0.0,1.116861343383789,C:/Users/efasllija/dev/gossip-poc/out_nb_incremental_clean0104/scenario_group_highfanout_connectivity/adoption_0.2/permanent_fork_sth_proof_n12000_pg0p005_a0p2_ff0p05_s47007_drop0_pc0p02_pgc0p02,0.2
permanent_fork,sth_proof,12000,6.0,5.0,0.005,0.2,0.05,3.0,True,160.0,160.0,0.0,0.0,,,,,19322.0,,,,0.9000286998947671,0.9000286998947671,2.0,9.566631589017506e-05,2,2,47008,0.02,0.02,0.0,True,0.2,0.0,800,8,0.0,0.0,0.0,1.0378124713897705,C:/Users/efasllija/dev/gossip-poc/out_nb_incremental_clean0104/scenario_group_highfanout_connectivity/adoption_0.2/permanent_fork_sth_proof_n12000_pg0p005_a0p2_ff0p05_s47008_drop0_pc0p02_pgc0p02,0.2
permanent_fork,sth_proof,12000,6.0,5.0,0.005,0.2,0.05,3.0,False,,,0.0,0.0,,,,,,,,,1.0006514657980456,1.0006514657980456,0.0,0.0,0,0,47009,0.02,0.02,0.0,True,0.2,0.0,800,8,0.0,0.0,0.0,1.0766780376434326,C:/Users/efasllija/dev/gossip-poc/out_nb_incremental_clean0104/scenario_group_highfanout_connectivity/adoption_0.2/permanent_fork_sth_proof_n12000_pg0p005_a0p2_ff0p05_s47009_drop0_pc0p02_pgc0p02,0.2
permanent_fork,sth_proof,12000,6.0,5.0,0.005,0.2,0.05,3.0,True,10.0,10.0,0.0,0.0,,,,,8662.0,,,,0.7914029147651994,0.7914029147651994,2.0,9.814024240639874e-05,2,2,47010,0.02,0.02,0.0,True,0.2,0.0,800,8,0.0,0.0,0.0,1.2065207958221436,C:/Users/efasllija/dev/gossip-poc/out_nb_incremental_clean0104/scenario_group_highfanout_connectivity/adoption_0.2/permanent_fork_sth_proof_n12000_pg0p005_a0p2_ff0p05_s47010_drop0_pc0p02_pgc0p02,0.2
permanent_fork,sth_proof,12000,6.0,5.0,0.005,0.2,0.05,3.0,False,,,0.0,0.0,,,,,,,,,0.9623610721957598,0.9623610721957598,0.0,0.0,0,0,47011,0.02,0.02,0.0,True,0.2,0.0,800,8,0.0,0.0,0.0,1.231421947479248,C:/Users/efasllija/dev/gossip-poc/out_nb_incremental_clean0104/scenario_group_highfanout_connectivity/adoption_0.2/permanent_fork_sth_proof_n12000_pg0p005_a0p2_ff0p05_s47011_drop0_pc0p02_pgc0p02,0.2
permanent_fork,sth_proof,12000,6.0,5.0,0.005,0.2,0.05,3.0,True,90.0,90.0,0.0,0.0,,,,,13314.0,,,,0.8488063660477454,0.8488063660477454,2.0,9.473285335354301e-05,2,2,47012,0.02,0.02,0.0,True,0.2,0.0,800,8,0.0,0.0,0.0,1.1147582530975342,C:/Users/efasllija/dev/gossip-poc/out_nb_incremental_clean0104/scenario_group_highfanout_connectivity/adoption_0.2/permanent_fork_sth_proof_n12000_pg0p005_a0p2_ff0p05_s47012_drop0_pc0p02_pgc0p02,0.2
permanent_fork,sth_proof,12000,6.0,5.0,0.005,0.2,0.05,3.0,True,30.0,30.0,0.0,0.0,,,,,9731.0,,,,1.3486768633163388,1.3486768633163388,3.0,0.0001456664238892935,3,3,47013,0.02,0.02,0.0,True,0.2,0.0,800,8,0.0,0.0,0.0,1.149329662322998,C:/Users/efasllija/dev/gossip-poc/out_nb_incremental_clean0104/scenario_group_highfanout_connectivity/adoption_0.2/permanent_fork_sth_proof_n12000_pg0p005_a0p2_ff0p05_s47013_drop0_pc0p02_pgc0p02,0.2
permanent_fork,sth_proof,12000,6.0,5.0,0.005,0.2,0.05,3.0,True,130.0,130.0,0.0,0.0,,,,,16929.0,,,,0.9111583618378478,0.9111583618378478,1.0,4.622353702505316e-05,1,1,47014,0.02,0.02,0.0,True,0.2,0.0,800,8,0.0,0.0,0.0,1.079392433166504,C:/Users/efasllija/dev/gossip-poc/out_nb_incremental_clean0104/scenario_group_highfanout_connectivity/adoption_0.2/permanent_fork_sth_proof_n12000_pg0p005_a0p2_ff0p05_s47014_drop0_pc0p02_pgc0p02,0.2
permanent_fork,sth_proof,12000,6.0,5.0,0.005,0.2,0.05,3.0,True,70.0,70.0,0.0,0.0,,,,,12314.0,,,,0.7911515940143136,0.7911515940143136,1.0,4.6472720513058835e-05,1,1,47000,0.02,0.02,0.0,True,0.2,0.0,800,32,0.0,0.0,0.0,1.0666842460632324,C:/Users/efasllija/dev/gossip-poc/out_nb_incremental_clean0104/scenario_group_highfanout_connectivity/adoption_0.2/permanent_fork_sth_proof_n12000_pg0p005_a0p2_ff0p05_s47000_drop0_pc0p02_pgc0p02,0.2
permanent_fork,sth_proof,12000,6.0,5.0,0.005,0.2,0.05,3.0,True,15.0,15.0,0.0,0.0,,,,,9112.0,,,,1.0679889386859922,1.0679889386859922,2.0,9.535615523982073e-05,2,2,47001,0.02,0.02,0.0,True,0.2,0.0,800,32,0.0,0.0,0.0,0.9777834415435791,C:/Users/efasllija/dev/gossip-poc/out_nb_incremental_clean0104/scenario_group_highfanout_connectivity/adoption_0.2/permanent_fork_sth_proof_n12000_pg0p005_a0p2_ff0p05_s47001_drop0_pc0p02_pgc0p02,0.2
permanent_fork,sth_proof,12000,6.0,5.0,0.005,0.2,0.05,3.0,True,110.0,110.0,0.0,0.0,,,,,15116.0,,,,0.9248815277060949,0.9248815277060949,1.0,4.6919720358466666e-05,1,1,47002,0.02,0.02,0.0,True,0.2,0.0,800,32,0.0,0.0,0.0,1.0106608867645264,C:/Users/efasllija/dev/gossip-poc/out_nb_incremental_clean0104/scenario_group_highfanout_connectivity/adoption_0.2/permanent_fork_sth_proof_n12000_pg0p005_a0p2_ff0p05_s47002_drop0_pc0p02_pgc0p02,0.2
permanent_fork,sth_proof,12000,6.0,5.0,0.005,0.2,0.05,3.0,False,,,0.0,0.0,,,,,,,,,0.5575873623743418,0.5575873623743418,0.0,0.0,0,0,47003,0.02,0.02,0.0,True,0.2,0.0,800,32,0.0,0.0,0.0,0.9809110164642334,C:/Users/efasllija/dev/gossip-poc/out_nb_incremental_clean0104/scenario_group_highfanout_connectivity/adoption_0.2/permanent_fork_sth_proof_n12000_pg0p005_a0p2_ff0p05_s47003_drop0_pc0p02_pgc0p02,0.2
permanent_fork,sth_proof,12000,6.0,5.0,0.005,0.2,0.05,3.0,True,105.0,105.0,0.0,0.0,,,,,15035.0,,,,0.7465629773642549,0.7465629773642549,1.0,4.628986714808128e-05,1,1,47004,0.02,0.02,0.0,True,0.2,0.0,800,32,0.0,0.0,0.0,0.9737308025360107,C:/Users/efasllija/dev/gossip-poc/out_nb_incremental_clean0104/scenario_group_highfanout_connectivity/adoption_0.2/permanent_fork_sth_proof_n12000_pg0p005_a0p2_ff0p05_s47004_drop0_pc0p02_pgc0p02,0.2
permanent_fork,sth_proof,12000,6.0,5.0,0.005,0.2,0.05,3.0,True,45.0,45.0,0.0,0.0,,,,,10550.0,,,,0.9512595309333076,0.9512595309333076,2.0,9.651578033008396e-05,2,2,47005,0.02,0.02,0.0,True,0.2,0.0,800,32,0.0,0.0,0.0,0.9587759971618652,C:/Users/efasllija/dev/gossip-poc/out_nb_incremental_clean0104/scenario_group_highfanout_connectivity/adoption_0.2/permanent_fork_sth_proof_n12000_pg0p005_a0p2_ff0p05_s47005_drop0_pc0p02_pgc0p02,0.2
permanent_fork,sth_proof,12000,6.0,5.0,0.005,0.2,0.05,3.0,True,30.0,30.0,0.0,0.0,,,,,9674.0,,,,1.3852546139723645,1.3852546139723645,2.0,9.662769349695623e-05,2,2,47006,0.02,0.02,0.0,True,0.2,0.0,800,32,0.0,0.0,0.0,0.9400959014892578,C:/Users/efasllija/dev/gossip-poc/out_nb_incremental_clean0104/scenario_group_highfanout_connectivity/adoption_0.2/permanent_fork_sth_proof_n12000_pg0p005_a0p2_ff0p05_s47006_drop0_pc0p02_pgc0p02,0.2
permanent_fork,sth_proof,12000,6.0,5.0,0.005,0.2,0.05,3.0,False,,,0.0,0.0,,,,,,,,,0.8076284453721714,0.8076284453721714,0.0,0.0,0,0,47007,0.02,0.02,0.0,True,0.2,0.0,800,32,0.0,0.0,0.0,0.9374065399169922,C:/Users/efasllija/dev/gossip-poc/out_nb_incremental_clean0104/scenario_group_highfanout_connectivity/adoption_0.2/permanent_fork_sth_proof_n12000_pg0p005_a0p2_ff0p05_s47007_drop0_pc0p02_pgc0p02,0.2
permanent_fork,sth_proof,12000,6.0,5.0,0.005,0.2,0.05,3.0,True,145.0,145.0,0.0,0.0,,,,,17839.0,,,,0.9859343603482921,0.9859343603482921,1.0,4.78423117405033e-05,1,1,47008,0.02,0.02,0.0,True,0.2,0.0,800,32,0.0,0.0,0.0,0.9313809871673584,C:/Users/efasllija/dev/gossip-poc/out_nb_incremental_clean0104/scenario_group_highfanout_connectivity/adoption_0.2/permanent_fork_sth_proof_n12000_pg0p005_a0p2_ff0p05_s47008_drop0_pc0p02_pgc0p02,0.2
permanent_fork,sth_proof,12000,6.0,5.0,0.005,0.2,0.05,3.0,True,90.0,90.0,0.0,0.0,,,,,13683.0,,,,1.125,1.125,1.0,4.650297619047619e-05,1,1,47009,0.02,0.02,0.0,True,0.2,0.0,800,32,0.0,0.0,0.0,0.9689676761627197,C:/Users/efasllija/dev/gossip-poc/out_nb_incremental_clean0104/scenario_group_highfanout_connectivity/adoption_0.2/permanent_fork_sth_proof_n12000_pg0p005_a0p2_ff0p05_s47009_drop0_pc0p02_pgc0p02,0.2
permanent_fork,sth_proof,12000,6.0,5.0,0.005,0.2,0.05,3.0,True,35.0,35.0,0.0,0.0,,,,,9844.0,,,,0.7504557323742425,0.7504557323742425,2.0,9.853672956594571e-05,2,2,47010,0.02,0.02,0.0,True,0.2,0.0,800,32,0.0,0.0,0.0,0.969489336013794,C:/Users/efasllija/dev/gossip-poc/out_nb_incremental_clean0104/scenario_group_highfanout_connectivity/adoption_0.2/permanent_fork_sth_proof_n12000_pg0p005_a0p2_ff0p05_s47010_drop0_pc0p02_pgc0p02,0.2
permanent_fork,sth_proof,12000,6.0,5.0,0.005,0.2,0.05,3.0,True,150.0,150.0,0.0,0.0,,,,,18629.0,,,,0.8021864103289039,0.8021864103289039,1.0,4.712091226086137e-05,1,1,47011,0.02,0.02,0.0,True,0.2,0.0,800,32,0.0,0.0,0.0,1.1155524253845215,C:/Users/efasllija/dev/gossip-poc/out_nb_incremental_clean0104/scenario_group_highfanout_connectivity/adoption_0.2/permanent_fork_sth_proof_n12000_pg0p005_a0p2_ff0p05_s47011_drop0_pc0p02_pgc0p02,0.2
permanent_fork,sth_proof,12000,6.0,5.0,0.005,0.2,0.05,3.0,True,50.0,50.0,0.0,0.0,,,,,10874.0,,,,0.926620598881211,0.926620598881211,5.0,0.00023503972171296948,5,5,47012,0.02,0.02,0.0,True,0.2,0.0,800,32,0.0,0.0,0.0,1.0890977382659912,C:/Users/efasllija/dev/gossip-poc/out_nb_incremental_clean0104/scenario_group_highfanout_connectivity/adoption_0.2/permanent_fork_sth_proof_n12000_pg0p005_a0p2_ff0p05_s47012_drop0_pc0p02_pgc0p02,0.2
permanent_fork,sth_proof,12000,6.0,5.0,0.005,0.2,0.05,3.0,False,,,0.0,0.0,,,,,,,,,0.8677545881555373,0.8677545881555373,0.0,0.0,0,0,47013,0.02,0.02,0.0,True,0.2,0.0,800,32,0.0,0.0,0.0,1.0763778686523438,C:/Users/efasllija/dev/gossip-poc/out_nb_incremental_clean0104/scenario_group_highfanout_connectivity/adoption_0.2/permanent_fork_sth_proof_n12000_pg0p005_a0p2_ff0p05_s47013_drop0_pc0p02_pgc0p02,0.2
permanent_fork,sth_proof,12000,6.0,5.0,0.005,0.2,0.05,3.0,True,130.0,130.0,0.0,0.0,,,,,16951.0,,,,0.9566428372481663,0.9566428372481663,1.0,4.6420945130442855e-05,1,1,47014,0.02,0.02,0.0,True,0.2,0.0,800,32,0.0,0.0,0.0,1.0617485046386719,C:/Users/efasllija/dev/gossip-poc/out_nb_incremental_clean0104/scenario_group_highfanout_connectivity/adoption_0.2/permanent_fork_sth_proof_n12000_pg0p005_a0p2_ff0p05_s47014_drop0_pc0p02_pgc0p02,0.2
permanent_fork,sth_proof,12000,6.0,5.0,0.005,0.2,0.05,3.0,False,,,0.0,0.0,,,,,,,,,0.590472604029373,0.590472604029373,0.0,0.0,0,0,47000,0.02,0.02,0.0,True,0.2,0.0,800,64,0.0,0.0,0.0,0.9688689708709717,C:/Users/efasllija/dev/gossip-poc/out_nb_incremental_clean0104/scenario_group_highfanout_connectivity/adoption_0.2/permanent_fork_sth_proof_n12000_pg0p005_a0p2_ff0p05_s47000_drop0_pc0p02_pgc0p02,0.2
permanent_fork,sth_proof,12000,6.0,5.0,0.005,0.2,0.05,3.0,True,140.0,140.0,0.0,0.0,,,,,17680.0,,,,0.7599660729431722,0.7599660729431722,1.0,4.712091226086137e-05,1,1,47001,0.02,0.02,0.0,True,0.2,0.0,800,64,0.0,0.0,0.0,0.9599320888519287,C:/Users/efasllija/dev/gossip-poc/out_nb_incremental_clean0104/scenario_group_highfanout_connectivity/adoption_0.2/permanent_fork_sth_proof_n12000_pg0p005_a0p2_ff0p05_s47001_drop0_pc0p02_pgc0p02,0.2
permanent_fork,sth_proof,12000,6.0,5.0,0.005,0.2,0.05,3.0,True,120.0,120.0,0.0,0.0,,,,,15859.0,,,,1.348762818703547,1.348762818703547,2.0,9.408222786715589e-05,2,2,47002,0.02,0.02,0.0,True,0.2,0.0,800,64,0.0,0.0,0.0,0.9268972873687744,C:/Users/efasllija/dev/gossip-poc/out_nb_incremental_clean0104/scenario_group_highfanout_connectivity/adoption_0.2/permanent_fork_sth_proof_n12000_pg0p005_a0p2_ff0p05_s47002_drop0_pc0p02_pgc0p02,0.2
permanent_fork,sth_proof,12000,6.0,5.0,0.005,0.2,0.05,3.0,True,60.0,60.0,0.0,0.0,,,,,11404.0,,,,1.0330514988470407,1.0330514988470407,1.0,4.803996925441968e-05,1,1,47003,0.02,0.02,0.0,True,0.2,0.0,800,64,0.0,0.0,0.0,0.9121177196502686,C:/Users/efasllija/dev/gossip-poc/out_nb_incremental_clean0104/scenario_group_highfanout_connectivity/adoption_0.2/permanent_fork_sth_proof_n12000_pg0p005_a0p2_ff0p05_s47003_drop0_pc0p02_pgc0p02,0.2
permanent_fork,sth_proof,12000,6.0,5.0,0.005,0.2,0.05,3.0,True,95.0,95.0,0.0,0.0,,,,,14286.0,,,,0.6229432213209734,0.6229432213209734,2.0,9.269988412514484e-05,2,2,47004,0.02,0.02,0.0,True,0.2,0.0,800,64,0.0,0.0,0.0,1.005918264389038,C:/Users/efasllija/dev/gossip-poc/out_nb_incremental_clean0104/scenario_group_highfanout_connectivity/adoption_0.2/permanent_fork_sth_proof_n12000_pg0p005_a0p2_ff0p05_s47004_drop0_pc0p02_pgc0p02,0.2
permanent_fork,sth_proof,12000,6.0,5.0,0.005,0.2,0.05,3.0,True,115.0,115.0,0.0,0.0,,,,,15272.0,,,,0.8527648234510327,0.8527648234510327,1.0,4.75873227372228e-05,1,1,47005,0.02,0.02,0.0,True,0.2,0.0,800,64,0.0,0.0,0.0,1.1163086891174316,C:/Users/efasllija/dev/gossip-poc/out_nb_incremental_clean0104/scenario_group_highfanout_connectivity/adoption_0.2/permanent_fork_sth_proof_n12000_pg0p005_a0p2_ff0p05_s47005_drop0_pc0p02_pgc0p02,0.2
permanent_fork,sth_proof,12000,6.0,5.0,0.005,0.2,0.05,3.0,False,,,0.0,0.0,,,,,,,,,0.7799593771157752,0.7799593771157752,0.0,0.0,0,0,47006,0.02,0.02,0.0,True,0.2,0.0,800,64,0.0,0.0,0.0,0.9923834800720215,C:/Users/efasllija/dev/gossip-poc/out_nb_incremental_clean0104/scenario_group_highfanout_connectivity/adoption_0.2/permanent_fork_sth_proof_n12000_pg0p005_a0p2_ff0p05_s47006_drop0_pc0p02_pgc0p02,0.2
permanent_fork,sth_proof,12000,6.0,5.0,0.005,0.2,0.05,3.0,False,,,0.0,0.0,,,,,,,,,1.1401640116881893,1.1401640116881893,0.0,0.0,0,0,47007,0.02,0.02,0.0,True,0.2,0.0,800,64,0.0,0.0,0.0,1.0059833526611328,C:/Users/efasllija/dev/gossip-poc/out_nb_incremental_clean0104/scenario_group_highfanout_connectivity/adoption_0.2/permanent_fork_sth_proof_n12000_pg0p005_a0p2_ff0p05_s47007_drop0_pc0p02_pgc0p02,0.2
permanent_fork,sth_proof,12000,6.0,5.0,0.005,0.2,0.05,3.0,True,80.0,80.0,0.0,0.0,,,,,12714.0,,,,1.3301407911119625,1.3301407911119625,3.0,0.0001436643999616895,3,3,47008,0.02,0.02,0.0,True,0.2,0.0,800,64,0.0,0.0,0.0,1.0011711120605469,C:/Users/efasllija/dev/gossip-poc/out_nb_incremental_clean0104/scenario_group_highfanout_connectivity/adoption_0.2/permanent_fork_sth_proof_n12000_pg0p005_a0p2_ff0p05_s47008_drop0_pc0p02_pgc0p02,0.2
permanent_fork,sth_proof,12000,6.0,5.0,0.005,0.2,0.05,3.0,False,,,0.0,0.0,,,,,,,,,0.9503781590112526,0.9503781590112526,0.0,0.0,0,0,47009,0.02,0.02,0.0,True,0.2,0.0,800,64,0.0,0.0,0.0,0.981621265411377,C:/Users/efasllija/dev/gossip-poc/out_nb_incremental_clean0104/scenario_group_highfanout_connectivity/adoption_0.2/permanent_fork_sth_proof_n12000_pg0p005_a0p2_ff0p05_s47009_drop0_pc0p02_pgc0p02,0.2
permanent_fork,sth_proof,12000,6.0,5.0,0.005,0.2,0.05,3.0,True,70.0,70.0,0.0,0.0,,,,,12011.0,,,,0.7881542295851048,0.7881542295851048,1.0,4.8868689830425645e-05,1,1,47010,0.02,0.02,0.0,True,0.2,0.0,800,64,0.0,0.0,0.0,0.9761397838592529,C:/Users/efasllija/dev/gossip-poc/out_nb_incremental_clean0104/scenario_group_highfanout_connectivity/adoption_0.2/permanent_fork_sth_proof_n12000_pg0p005_a0p2_ff0p05_s47010_drop0_pc0p02_pgc0p02,0.2
permanent_fork,sth_proof,12000,6.0,5.0,0.005,0.2,0.05,3.0,True,35.0,35.0,0.0,0.0,,,,,10317.0,,,,1.2637517630465445,1.2637517630465445,1.0,4.701457451810061e-05,1,1,47011,0.02,0.02,0.0,True,0.2,0.0,800,64,0.0,0.0,0.0,0.9923110008239746,C:/Users/efasllija/dev/gossip-poc/out_nb_incremental_clean0104/scenario_group_highfanout_connectivity/adoption_0.2/permanent_fork_sth_proof_n12000_pg0p005_a0p2_ff0p05_s47011_drop0_pc0p02_pgc0p02,0.2
permanent_fork,sth_proof,12000,6.0,5.0,0.005,0.2,0.05,3.0,True,0.0,0.0,0.0,0.0,,,,,8099.0,,,,1.0955605718585402,1.0955605718585402,2.0,9.405568096313017e-05,2,2,47012,0.02,0.02,0.0,True,0.2,0.0,800,64,0.0,0.0,0.0,0.9432740211486816,C:/Users/efasllija/dev/gossip-poc/out_nb_incremental_clean0104/scenario_group_highfanout_connectivity/adoption_0.2/permanent_fork_sth_proof_n12000_pg0p005_a0p2_ff0p05_s47012_drop0_pc0p02_pgc0p02,0.2
permanent_fork,sth_proof,12000,6.0,5.0,0.005,0.2,0.05,3.0,True,10.0,10.0,0.0,0.0,,,,,8776.0,,,,0.9137972900781896,0.9137972900781896,3.0,0.0001456947209946093,3,3,47013,0.02,0.02,0.0,True,0.2,0.0,800,64,0.0,0.0,0.0,0.9351799488067627,C:/Users/efasllija/dev/gossip-poc/out_nb_incremental_clean0104/scenario_group_highfanout_connectivity/adoption_0.2/permanent_fork_sth_proof_n12000_pg0p005_a0p2_ff0p05_s47013_drop0_pc0p02_pgc0p02,0.2
permanent_fork,sth_proof,12000,6.0,5.0,0.005,0.2,0.05,3.0,True,150.0,150.0,0.0,0.0,,,,,18836.0,,,,0.7091907998882577,0.7091907998882577,1.0,4.6559269950647176e-05,1,1,47014,0.02,0.02,0.0,True,0.2,0.0,800,64,0.0,0.0,0.0,0.9087796211242676,C:/Users/efasllija/dev/gossip-poc/out_nb_incremental_clean0104/scenario_group_highfanout_connectivity/adoption_0.2/permanent_fork_sth_proof_n12000_pg0p005_a0p2_ff0p05_s47014_drop0_pc0p02_pgc0p02,0.2
permanent_fork,sth_proof,12000,6.0,5.0,0.005,0.2,0.05,3.0,True,155.0,155.0,0.0,0.0,,,,,26145.0,,,,0.9570670525808008,0.9570670525808008,1.0,3.445661911653229e-05,1,1,47000,0.02,0.02,0.0,True,0.2,0.02,800,8,0.0,0.0,0.0,0.9746596813201904,C:/Users/efasllija/dev/gossip-poc/out_nb_incremental_clean0104/scenario_group_highfanout_connectivity/adoption_0.2/permanent_fork_sth_proof_n12000_pg0p005_a0p2_ff0p05_s47000_drop0_pc0p02_pgc0p02,0.2
permanent_fork,sth_proof,12000,6.0,5.0,0.005,0.2,0.05,3.0,True,60.0,60.0,0.0,0.0,,,,,15943.0,,,,0.7122908889810591,0.7122908889810591,4.0,0.00013825521913452232,4,4,47001,0.02,0.02,0.0,True,0.2,0.02,800,8,0.0,0.0,0.0,1.011176586151123,C:/Users/efasllija/dev/gossip-poc/out_nb_incremental_clean0104/scenario_group_highfanout_connectivity/adoption_0.2/permanent_fork_sth_proof_n12000_pg0p005_a0p2_ff0p05_s47001_drop0_pc0p02_pgc0p02,0.2
permanent_fork,sth_proof,12000,6.0,5.0,0.005,0.2,0.05,3.0,False,,,0.0,0.0,,,,,,,,,0.7439543331603529,0.7439543331603529,0.0,0.0,0,0,47002,0.02,0.02,0.0,True,0.2,0.02,800,8,0.0,0.0,0.0,0.9533889293670654,C:/Users/efasllija/dev/gossip-poc/out_nb_incremental_clean0104/scenario_group_highfanout_connectivity/adoption_0.2/permanent_fork_sth_proof_n12000_pg0p005_a0p2_ff0p05_s47002_drop0_pc0p02_pgc0p02,0.2
permanent_fork,sth_proof,12000,6.0,5.0,0.005,0.2,0.05,3.0,True,85.0,85.0,0.0,0.0,,,,,17895.0,,,,1.0337377198195994,1.0337377198195994,1.0,3.496136768870398e-05,1,1,47003,0.02,0.02,0.0,True,0.2,0.02,800,8,0.0,0.0,0.0,0.9374008178710938,C:/Users/efasllija/dev/gossip-poc/out_nb_incremental_clean0104/scenario_group_highfanout_connectivity/adoption_0.2/permanent_fork_sth_proof_n12000_pg0p005_a0p2_ff0p05_s47003_drop0_pc0p02_pgc0p02,0.2
permanent_fork,sth_proof,12000,6.0,5.0,0.005,0.2,0.05,3.0,True,115.0,115.0,0.0,0.0,,,,,22121.0,,,,0.5673910145313958,0.5673910145313958,1.0,3.332888948140248e-05,1,1,47004,0.02,0.02,0.0,True,0.2,0.02,800,8,0.0,0.0,0.0,1.2172331809997559,C:/Users/efasllija/dev/gossip-poc/out_nb_incremental_clean0104/scenario_group_highfanout_connectivity/adoption_0.2/permanent_fork_sth_proof_n12000_pg0p005_a0p2_ff0p05_s47004_drop0_pc0p02_pgc0p02,0.2
permanent_fork,sth_proof,12000,6.0,5.0,0.005,0.2,0.05,3.0,True,50.0,50.0,0.0,0.0,,,,,15281.0,,,,0.4890162368672397,0.4890162368672397,4.0,0.0001364442625187611,4,4,47005,0.02,0.02,0.0,True,0.2,0.02,800,8,0.0,0.0,0.0,0.9829025268554688,C:/Users/efasllija/dev/gossip-poc/out_nb_incremental_clean0104/scenario_group_highfanout_connectivity/adoption_0.2/permanent_fork_sth_proof_n12000_pg0p005_a0p2_ff0p05_s47005_drop0_pc0p02_pgc0p02,0.2
permanent_fork,sth_proof,12000,6.0,5.0,0.005,0.2,0.05,3.0,True,60.0,60.0,0.0,0.0,,,,,15034.0,,,,1.102489866821077,1.102489866821077,1.0,3.618992472495657e-05,1,1,47006,0.02,0.02,0.0,True,0.2,0.02,800,8,0.0,0.0,0.0,1.0078308582305908,C:/Users/efasllija/dev/gossip-poc/out_nb_incremental_clean0104/scenario_group_highfanout_connectivity/adoption_0.2/permanent_fork_sth_proof_n12000_pg0p005_a0p2_ff0p05_s47006_drop0_pc0p02_pgc0p02,0.2
permanent_fork,sth_proof,12000,6.0,5.0,0.005,0.2,0.05,3.0,True,15.0,15.0,0.0,0.0,,,,,12237.0,,,,0.7471595844480734,0.7471595844480734,2.0,6.949028873214968e-05,2,2,47007,0.02,0.02,0.0,True,0.2,0.02,800,8,0.0,0.0,0.0,1.0298171043395996,C:/Users/efasllija/dev/gossip-poc/out_nb_incremental_clean0104/scenario_group_highfanout_connectivity/adoption_0.2/permanent_fork_sth_proof_n12000_pg0p005_a0p2_ff0p05_s47007_drop0_pc0p02_pgc0p02,0.2
permanent_fork,sth_proof,12000,6.0,5.0,0.005,0.2,0.05,3.0,True,165.0,165.0,0.0,0.0,,,,,27431.0,,,,0.8680067813029789,0.8680067813029789,1.0,3.459848458637512e-05,1,1,47008,0.02,0.02,0.0,True,0.2,0.02,800,8,0.0,0.0,0.0,1.0118763446807861,C:/Users/efasllija/dev/gossip-poc/out_nb_incremental_clean0104/scenario_group_highfanout_connectivity/adoption_0.2/permanent_fork_sth_proof_n12000_pg0p005_a0p2_ff0p05_s47008_drop0_pc0p02_pgc0p02,0.2
permanent_fork,sth_proof,12000,6.0,5.0,0.005,0.2,0.05,3.0,True,115.0,115.0,0.0,0.0,,,,,21333.0,,,,1.5561912545974663,1.5561912545974663,2.0,6.811061163329247e-05,2,2,47009,0.02,0.02,0.0,True,0.2,0.02,800,8,0.0,0.0,0.0,1.0099766254425049,C:/Users/efasllija/dev/gossip-poc/out_nb_incremental_clean0104/scenario_group_highfanout_connectivity/adoption_0.2/permanent_fork_sth_proof_n12000_pg0p005_a0p2_ff0p05_s47009_drop0_pc0p02_pgc0p02,0.2
permanent_fork,sth_proof,12000,6.0,5.0,0.005,0.2,0.05,3.0,False,,,0.0,0.0,,,,,,,,,1.0238581668340316,1.0238581668340316,0.0,0.0,0,0,47010,0.02,0.02,0.0,True,0.2,0.02,800,8,0.0,0.0,0.0,0.9803946018218994,C:/Users/efasllija/dev/gossip-poc/out_nb_incremental_clean0104/scenario_group_highfanout_connectivity/adoption_0.2/permanent_fork_sth_proof_n12000_pg0p005_a0p2_ff0p05_s47010_drop0_pc0p02_pgc0p02,0.2
permanent_fork,sth_proof,12000,6.0,5.0,0.005,0.2,0.05,3.0,False,,,0.0,0.0,,,,,,,,,1.0174460617322185,1.0174460617322185,0.0,0.0,0,0,47011,0.02,0.02,0.0,True,0.2,0.02,800,8,0.0,0.0,0.0,1.0179214477539062,C:/Users/efasllija/dev/gossip-poc/out_nb_incremental_clean0104/scenario_group_highfanout_connectivity/adoption_0.2/permanent_fork_sth_proof_n12000_pg0p005_a0p2_ff0p05_s47011_drop0_pc0p02_pgc0p02,0.2
permanent_fork,sth_proof,12000,6.0,5.0,0.005,0.2,0.05,3.0,True,135.0,135.0,0.0,0.0,,,,,23602.0,,,,1.656589173828192,1.656589173828192,1.0,3.42383675146369e-05,1,1,47012,0.02,0.02,0.0,True,0.2,0.02,800,8,0.0,0.0,0.0,1.0366954803466797,C:/Users/efasllija/dev/gossip-poc/out_nb_incremental_clean0104/scenario_group_highfanout_connectivity/adoption_0.2/permanent_fork_sth_proof_n12000_pg0p005_a0p2_ff0p05_s47012_drop0_pc0p02_pgc0p02,0.2
permanent_fork,sth_proof,12000,6.0,5.0,0.005,0.2,0.05,3.0,True,135.0,135.0,0.0,0.0,,,,,22883.0,,,,1.2829783425809915,1.2829783425809915,1.0,3.5797386790764276e-05,1,1,47013,0.02,0.02,0.0,True,0.2,0.02,800,8,0.0,0.0,0.0,0.9741392135620117,C:/Users/efasllija/dev/gossip-poc/out_nb_incremental_clean0104/scenario_group_highfanout_connectivity/adoption_0.2/permanent_fork_sth_proof_n12000_pg0p005_a0p2_ff0p05_s47013_drop0_pc0p02_pgc0p02,0.2
permanent_fork,sth_proof,12000,6.0,5.0,0.005,0.2,0.05,3.0,True,60.0,60.0,0.0,0.0,,,,,16324.0,,,,0.7546661276194326,0.7546661276194326,1.0,3.369045212586753e-05,1,1,47014,0.02,0.02,0.0,True,0.2,0.02,800,8,0.0,0.0,0.0,1.0153143405914307,C:/Users/efasllija/dev/gossip-poc/out_nb_incremental_clean0104/scenario_group_highfanout_connectivity/adoption_0.2/permanent_fork_sth_proof_n12000_pg0p005_a0p2_ff0p05_s47014_drop0_pc0p02_pgc0p02,0.2
permanent_fork,sth_proof,12000,6.0,5.0,0.005,0.2,0.05,3.0,True,145.0,145.0,0.0,0.0,,,,,71165.0,,,,0.24651012571920716,0.24651012571920716,2.0,2.3923731145109393e-05,2,2,47000,0.02,0.02,0.0,True,0.2,0.02,800,32,0.0,0.0,0.0,1.057854175567627,C:/Users/efasllija/dev/gossip-poc/out_nb_incremental_clean0104/scenario_group_highfanout_connectivity/adoption_0.2/permanent_fork_sth_proof_n12000_pg0p005_a0p2_ff0p05_s47000_drop0_pc0p02_pgc0p02,0.2
permanent_fork,sth_proof,12000,6.0,5.0,0.005,0.2,0.05,3.0,True,20.0,20.0,0.0,0.0,,,,,36419.0,,,,0.7789682491091873,0.7789682491091873,3.0,3.6734543940636976e-05,3,3,47001,0.02,0.02,0.0,True,0.2,0.02,800,32,0.0,0.0,0.0,1.0056343078613281,C:/Users/efasllija/dev/gossip-poc/out_nb_incremental_clean0104/scenario_group_highfanout_connectivity/adoption_0.2/permanent_fork_sth_proof_n12000_pg0p005_a0p2_ff0p05_s47001_drop0_pc0p02_pgc0p02,0.2
permanent_fork,sth_proof,12000,6.0,5.0,0.005,0.2,0.05,3.0,True,5.0,5.0,0.0,0.0,,,,,33279.0,,,,0.6291753937794351,0.6291753937794351,5.0,6.053488625494873e-05,5,5,47002,0.02,0.02,0.0,True,0.2,0.02,800,32,0.0,0.0,0.0,0.9926517009735107,C:/Users/efasllija/dev/gossip-poc/out_nb_incremental_clean0104/scenario_group_highfanout_connectivity/adoption_0.2/permanent_fork_sth_proof_n12000_pg0p005_a0p2_ff0p05_s47002_drop0_pc0p02_pgc0p02,0.2
permanent_fork,sth_proof,12000,6.0,5.0,0.005,0.2,0.05,3.0,True,160.0,160.0,0.0,0.0,,,,,77149.0,,,,1.1902060745314855,1.1902060745314855,5.0,5.983581053588952e-05,5,5,47003,0.02,0.02,0.0,True,0.2,0.02,800,32,0.0,0.0,0.0,0.9745602607727051,C:/Users/efasllija/dev/gossip-poc/out_nb_incremental_clean0104/scenario_group_highfanout_connectivity/adoption_0.2/permanent_fork_sth_proof_n12000_pg0p005_a0p2_ff0p05_s47003_drop0_pc0p02_pgc0p02,0.2
permanent_fork,sth_proof,12000,6.0,5.0,0.005,0.2,0.05,3.0,True,120.0,120.0,0.0,0.0,,,,,64954.0,,,,0.5848836667132933,0.5848836667132933,1.0,1.1656641954585723e-05,1,1,47004,0.02,0.02,0.0,True,0.2,0.02,800,32,0.0,0.0,0.0,1.009727954864502,C:/Users/efasllija/dev/gossip-poc/out_nb_incremental_clean0104/scenario_group_highfanout_connectivity/adoption_0.2/permanent_fork_sth_proof_n12000_pg0p005_a0p2_ff0p05_s47004_drop0_pc0p02_pgc0p02,0.2
permanent_fork,sth_proof,12000,6.0,5.0,0.005,0.2,0.05,3.0,True,20.0,20.0,0.0,0.0,,,,,36321.0,,,,0.9323043763703254,0.9323043763703254,4.0,4.954848939042971e-05,4,4,47005,0.02,0.02,0.0,True,0.2,0.02,800,32,0.0,0.0,0.0,1.0105338096618652,C:/Users/efasllija/dev/gossip-poc/out_nb_incremental_clean0104/scenario_group_highfanout_connectivity/adoption_0.2/permanent_fork_sth_proof_n12000_pg0p005_a0p2_ff0p05_s47005_drop0_pc0p02_pgc0p02,0.2
permanent_fork,sth_proof,12000,6.0,5.0,0.005,0.2,0.05,3.0,True,20.0,20.0,0.0,0.0,,,,,35203.0,,,,0.5906618830897175,0.5906618830897175,1.0,1.2677324070435213e-05,1,1,47006,0.02,0.02,0.0,True,0.2,0.02,800,32,0.0,0.0,0.0,0.9903953075408936,C:/Users/efasllija/dev/gossip-poc/out_nb_incremental_clean0104/scenario_group_highfanout_connectivity/adoption_0.2/permanent_fork_sth_proof_n12000_pg0p005_a0p2_ff0p05_s47006_drop0_pc0p02_pgc0p02,0.2
permanent_fork,sth_proof,12000,6.0,5.0,0.005,0.2,0.05,3.0,True,165.0,165.0,0.0,0.0,,,,,78267.0,,,,1.1340268318848616,1.1340268318848616,1.0,1.2053856631429226e-05,1,1,47007,0.02,0.02,0.0,True,0.2,0.02,800,32,0.0,0.0,0.0,0.9415004253387451,C:/Users/efasllija/dev/gossip-poc/out_nb_incremental_clean0104/scenario_group_highfanout_connectivity/adoption_0.2/permanent_fork_sth_proof_n12000_pg0p005_a0p2_ff0p05_s47007_drop0_pc0p02_pgc0p02,0.2
permanent_fork,sth_proof,12000,6.0,5.0,0.005,0.2,0.05,3.0,False,,,0.0,0.0,,,,,,,,,0.22007442248885506,0.22007442248885506,0.0,0.0,0,0,47008,0.02,0.02,0.0,True,0.2,0.02,800,32,0.0,0.0,0.0,1.0809950828552246,C:/Users/efasllija/dev/gossip-poc/out_nb_incremental_clean0104/scenario_group_highfanout_connectivity/adoption_0.2/permanent_fork_sth_proof_n12000_pg0p005_a0p2_ff0p05_s47008_drop0_pc0p02_pgc0p02,0.2
permanent_fork,sth_proof,12000,6.0,5.0,0.005,0.2,0.05,3.0,True,70.0,70.0,0.0,0.0,,,,,48298.0,,,,1.6030871776881248,1.6030871776881248,6.0,7.016312927556569e-05,6,6,47009,0.02,0.02,0.0,True,0.2,0.02,800,32,0.0,0.0,0.0,1.113771915435791,C:/Users/efasllija/dev/gossip-poc/out_nb_incremental_clean0104/scenario_group_highfanout_connectivity/adoption_0.2/permanent_fork_sth_proof_n12000_pg0p005_a0p2_ff0p05_s47009_drop0_pc0p02_pgc0p02,0.2
permanent_fork,sth_proof,12000,6.0,5.0,0.005,0.2,0.05,3.0,False,,,0.0,0.0,,,,,,,,,0.15823399558498896,0.15823399558498896,0.0,0.0,0,0,47010,0.02,0.02,0.0,True,0.2,0.02,800,32,0.0,0.0,0.0,0.9898724555969238,C:/Users/efasllija/dev/gossip-poc/out_nb_incremental_clean0104/scenario_group_highfanout_connectivity/adoption_0.2/permanent_fork_sth_proof_n12000_pg0p005_a0p2_ff0p05_s47010_drop0_pc0p02_pgc0p02,0.2
permanent_fork,sth_proof,12000,6.0,5.0,0.005,0.2,0.05,3.0,True,35.0,35.0,0.0,0.0,,,,,42334.0,,,,0.5569275272236102,0.5569275272236102,3.0,3.585985966841583e-05,3,3,47011,0.02,0.02,0.0,True,0.2,0.02,800,32,0.0,0.0,0.0,1.039567470550537,C:/Users/efasllija/dev/gossip-poc/out_nb_incremental_clean0104/scenario_group_highfanout_connectivity/adoption_0.2/permanent_fork_sth_proof_n12000_pg0p005_a0p2_ff0p05_s47011_drop0_pc0p02_pgc0p02,0.2
permanent_fork,sth_proof,12000,6.0,5.0,0.005,0.2,0.05,3.0,True,90.0,90.0,0.0,0.0,,,,,53954.0,,,,0.6738128775037601,0.6738128775037601,3.0,3.581063337073555e-05,3,3,47012,0.02,0.02,0.0,True,0.2,0.02,800,32,0.0,0.0,0.0,1.0093317031860352,C:/Users/efasllija/dev/gossip-poc/out_nb_incremental_clean0104/scenario_group_highfanout_connectivity/adoption_0.2/permanent_fork_sth_proof_n12000_pg0p005_a0p2_ff0p05_s47012_drop0_pc0p02_pgc0p02,0.2
permanent_fork,sth_proof,12000,6.0,5.0,0.005,0.2,0.05,3.0,True,0.0,0.0,0.0,0.0,,,,,34233.0,,,,0.7529682941762609,0.7529682941762609,2.0,2.4010468564294033e-05,2,2,47013,0.02,0.02,0.0,True,0.2,0.02,800,32,0.0,0.0,0.0,0.9722247123718262,C:/Users/efasllija/dev/gossip-poc/out_nb_incremental_clean0104/scenario_group_highfanout_connectivity/adoption_0.2/permanent_fork_sth_proof_n12000_pg0p005_a0p2_ff0p05_s47013_drop0_pc0p02_pgc0p02,0.2
permanent_fork,sth_proof,12000,6.0,5.0,0.005,0.2,0.05,3.0,False,,,0.0,0.0,,,,,,,,,0.3140480418730722,0.3140480418730722,0.0,0.0,0,0,47014,0.02,0.02,0.0,True,0.2,0.02,800,32,0.0,0.0,0.0,1.0431978702545166,C:/Users/efasllija/dev/gossip-poc/out_nb_incremental_clean0104/scenario_group_highfanout_connectivity/adoption_0.2/permanent_fork_sth_proof_n12000_pg0p005_a0p2_ff0p05_s47014_drop0_pc0p02_pgc0p02,0.2
permanent_fork,sth_proof,12000,6.0,5.0,0.005,0.2,0.05,3.0,True,15.0,15.0,0.0,0.0,,,,,66715.0,,,,0.7754909822189978,0.7754909822189978,5.0,3.181997530769916e-05,5,5,47000,0.02,0.02,0.0,True,0.2,0.02,800,64,0.0,0.0,0.0,1.0140385627746582,C:/Users/efasllija/dev/gossip-poc/out_nb_incremental_clean0104/scenario_group_highfanout_connectivity/adoption_0.2/permanent_fork_sth_proof_n12000_pg0p005_a0p2_ff0p05_s47000_drop0_pc0p02_pgc0p02,0.2
permanent_fork,sth_proof,12000,6.0,5.0,0.005,0.2,0.05,3.0,True,0.0,0.0,0.0,0.0,,,,,63116.0,,,,0.8726819386005922,0.8726819386005922,5.0,3.246584593008155e-05,5,5,47001,0.02,0.02,0.0,True,0.2,0.02,800,64,0.0,0.0,0.0,1.0406932830810547,C:/Users/efasllija/dev/gossip-poc/out_nb_incremental_clean0104/scenario_group_highfanout_connectivity/adoption_0.2/permanent_fork_sth_proof_n12000_pg0p005_a0p2_ff0p05_s47001_drop0_pc0p02_pgc0p02,0.2
permanent_fork,sth_proof,12000,6.0,5.0,0.005,0.2,0.05,3.0,True,5.0,5.0,0.0,0.0,,,,,62879.0,,,,1.0977185877334417,1.0977185877334417,3.0,1.9043508068099586e-05,3,3,47002,0.02,0.02,0.0,True,0.2,0.02,800,64,0.0,0.0,0.0,1.076429843902588,C:/Users/efasllija/dev/gossip-poc/out_nb_incremental_clean0104/scenario_group_highfanout_connectivity/adoption_0.2/permanent_fork_sth_proof_n12000_pg0p005_a0p2_ff0p05_s47002_drop0_pc0p02_pgc0p02,0.2
permanent_fork,sth_proof,12000,6.0,5.0,0.005,0.2,0.05,3.0,True,125.0,125.0,0.0,0.0,,,,,122714.0,,,,0.48890812275387135,0.48890812275387135,1.0,6.27191249427688e-06,1,1,47003,0.02,0.02,0.0,True,0.2,0.02,800,64,0.0,0.0,0.0,1.0126361846923828,C:/Users/efasllija/dev/gossip-poc/out_nb_incremental_clean0104/scenario_group_highfanout_connectivity/adoption_0.2/permanent_fork_sth_proof_n12000_pg0p005_a0p2_ff0p05_s47003_drop0_pc0p02_pgc0p02,0.2
permanent_fork,sth_proof,12000,6.0,5.0,0.005,0.2,0.05,3.0,True,150.0,150.0,0.0,0.0,,,,,140526.0,,,,0.8677584081704526,0.8677584081704526,4.0,2.5155334188614697e-05,4,4,47004,0.02,0.02,0.0,True,0.2,0.02,800,64,0.0,0.0,0.0,1.0577709674835205,C:/Users/efasllija/dev/gossip-poc/out_nb_incremental_clean0104/scenario_group_highfanout_connectivity/adoption_0.2/permanent_fork_sth_proof_n12000_pg0p005_a0p2_ff0p05_s47004_drop0_pc0p02_pgc0p02,0.2
permanent_fork,sth_proof,12000,6.0,5.0,0.005,0.2,0.05,3.0,True,50.0,50.0,0.0,0.0,,,,,82395.0,,,,0.7772299183428556,0.7772299183428556,6.0,3.913281678015184e-05,6,6,47005,0.02,0.02,0.0,True,0.2,0.02,800,64,0.0,0.0,0.0,1.0623221397399902,C:/Users/efasllija/dev/gossip-poc/out_nb_incremental_clean0104/scenario_group_highfanout_connectivity/adoption_0.2/permanent_fork_sth_proof_n12000_pg0p005_a0p2_ff0p05_s47005_drop0_pc0p02_pgc0p02,0.2
permanent_fork,sth_proof,12000,6.0,5.0,0.005,0.2,0.05,3.0,True,5.0,5.0,0.0,0.0,,,,,61892.0,,,,0.5805046821357486,0.5805046821357486,2.0,1.3358447214095834e-05,2,2,47006,0.02,0.02,0.0,True,0.2,0.02,800,64,0.0,0.0,0.0,1.0102944374084473,C:/Users/efasllija/dev/gossip-poc/out_nb_incremental_clean0104/scenario_group_highfanout_connectivity/adoption_0.2/permanent_fork_sth_proof_n12000_pg0p005_a0p2_ff0p05_s47006_drop0_pc0p02_pgc0p02,0.2
permanent_fork,sth_proof,12000,6.0,5.0,0.005,0.2,0.05,3.0,True,30.0,30.0,0.0,0.0,,,,,75414.0,,,,1.6337732175417994,1.6337732175417994,11.0,6.799147016101616e-05,11,11,47007,0.02,0.02,0.0,True,0.2,0.02,800,64,0.0,0.0,0.0,1.0821609497070312,C:/Users/efasllija/dev/gossip-poc/out_nb_incremental_clean0104/scenario_group_highfanout_connectivity/adoption_0.2/permanent_fork_sth_proof_n12000_pg0p005_a0p2_ff0p05_s47007_drop0_pc0p02_pgc0p02,0.2
permanent_fork,sth_proof,12000,6.0,5.0,0.005,0.2,0.05,3.0,True,10.0,10.0,0.0,0.0,,,,,64095.0,,,,0.15365132967496833,0.15365132967496833,2.0,1.3191219924018573e-05,2,2,47008,0.02,0.02,0.0,True,0.2,0.02,800,64,0.0,0.0,0.0,1.040529727935791,C:/Users/efasllija/dev/gossip-poc/out_nb_incremental_clean0104/scenario_group_highfanout_connectivity/adoption_0.2/permanent_fork_sth_proof_n12000_pg0p005_a0p2_ff0p05_s47008_drop0_pc0p02_pgc0p02,0.2
permanent_fork,sth_proof,12000,6.0,5.0,0.005,0.2,0.05,3.0,True,30.0,30.0,0.0,0.0,,,,,73858.0,,,,1.1529553058248263,1.1529553058248263,10.0,6.127526072623438e-05,10,10,47009,0.02,0.02,0.0,True,0.2,0.02,800,64,0.0,0.0,0.0,1.176100492477417,C:/Users/efasllija/dev/gossip-poc/out_nb_incremental_clean0104/scenario_group_highfanout_connectivity/adoption_0.2/permanent_fork_sth_proof_n12000_pg0p005_a0p2_ff0p05_s47009_drop0_pc0p02_pgc0p02,0.2
permanent_fork,sth_proof,12000,6.0,5.0,0.005,0.2,0.05,3.0,True,140.0,140.0,0.0,0.0,,,,,126957.0,,,,0.10143914117701902,0.10143914117701902,2.0,1.3319214965469935e-05,2,2,47010,0.02,0.02,0.0,True,0.2,0.02,800,64,0.0,0.0,0.0,1.0382850170135498,C:/Users/efasllija/dev/gossip-poc/out_nb_incremental_clean0104/scenario_group_highfanout_connectivity/adoption_0.2/permanent_fork_sth_proof_n12000_pg0p005_a0p2_ff0p05_s47010_drop0_pc0p02_pgc0p02,0.2
permanent_fork,sth_proof,12000,6.0,5.0,0.005,0.2,0.05,3.0,True,5.0,5.0,0.0,0.0,,,,,66650.0,,,,1.5297063510129751,1.5297063510129751,8.0,5.0585527480587805e-05,8,8,47011,0.02,0.02,0.0,True,0.2,0.02,800,64,0.0,0.0,0.0,1.0852749347686768,C:/Users/efasllija/dev/gossip-poc/out_nb_incremental_clean0104/scenario_group_highfanout_connectivity/adoption_0.2/permanent_fork_sth_proof_n12000_pg0p005_a0p2_ff0p05_s47011_drop0_pc0p02_pgc0p02,0.2
permanent_fork,sth_proof,12000,6.0,5.0,0.005,0.2,0.05,3.0,False,,,0.0,0.0,,,,,,,,,0.10918279652646837,0.10918279652646837,0.0,0.0,0,0,47012,0.02,0.02,0.0,True,0.2,0.02,800,64,0.0,0.0,0.0,1.035336971282959,C:/Users/efasllija/dev/gossip-poc/out_nb_incremental_clean0104/scenario_group_highfanout_connectivity/adoption_0.2/permanent_fork_sth_proof_n12000_pg0p005_a0p2_ff0p05_s47012_drop0_pc0p02_pgc0p02,0.2
permanent_fork,sth_proof,12000,6.0,5.0,0.005,0.2,0.05,3.0,True,35.0,35.0,0.0,0.0,,,,,74998.0,,,,1.1465280860731726,1.1465280860731726,9.0,5.875747525657431e-05,9,9,47013,0.02,0.02,0.0,True,0.2,0.02,800,64,0.0,0.0,0.0,1.0697784423828125,C:/Users/efasllija/dev/gossip-poc/out_nb_incremental_clean0104/scenario_group_highfanout_connectivity/adoption_0.2/permanent_fork_sth_proof_n12000_pg0p005_a0p2_ff0p05_s47013_drop0_pc0p02_pgc0p02,0.2
permanent_fork,sth_proof,12000,6.0,5.0,0.005,0.2,0.05,3.0,True,85.0,85.0,0.0,0.0,,,,,98812.0,,,,0.1433035604438867,0.1433035604438867,1.0,6.151423439383874e-06,1,1,47014,0.02,0.02,0.0,True,0.2,0.02,800,64,0.0,0.0,0.0,1.0533273220062256,C:/Users/efasllija/dev/gossip-poc/out_nb_incremental_clean0104/scenario_group_highfanout_connectivity/adoption_0.2/permanent_fork_sth_proof_n12000_pg0p005_a0p2_ff0p05_s47014_drop0_pc0p02_pgc0p02,0.2
permanent_fork,sth_proof,12000,6.0,5.0,0.005,0.2,0.05,3.0,True,20.0,20.0,0.0,0.0,,,,,15615.0,,,,0.9649839832099857,0.9649839832099857,2.0,5.5230310394344414e-05,2,2,47000,0.02,0.02,0.0,True,0.2,0.04,800,8,0.0,0.0,0.0,1.0300943851470947,C:/Users/efasllija/dev/gossip-poc/out_nb_incremental_clean0104/scenario_group_highfanout_connectivity/adoption_0.2/permanent_fork_sth_proof_n12000_pg0p005_a0p2_ff0p05_s47000_drop0_pc0p02_pgc0p02,0.2
permanent_fork,sth_proof,12000,6.0,5.0,0.005,0.2,0.05,3.0,True,90.0,90.0,0.0,0.0,,,,,22927.0,,,,1.5101679929266136,1.5101679929266136,1.0,2.7630415561450043e-05,1,1,47001,0.02,0.02,0.0,True,0.2,0.04,800,8,0.0,0.0,0.0,1.001216173171997,C:/Users/efasllija/dev/gossip-poc/out_nb_incremental_clean0104/scenario_group_highfanout_connectivity/adoption_0.2/permanent_fork_sth_proof_n12000_pg0p005_a0p2_ff0p05_s47001_drop0_pc0p02_pgc0p02,0.2
permanent_fork,sth_proof,12000,6.0,5.0,0.005,0.2,0.05,3.0,True,140.0,140.0,0.0,0.0,,,,,31027.0,,,,0.3607278973643244,0.3607278973643244,1.0,2.683987331579795e-05,1,1,47002,0.02,0.02,0.0,True,0.2,0.04,800,8,0.0,0.0,0.0,1.0415270328521729,C:/Users/efasllija/dev/gossip-poc/out_nb_incremental_clean0104/scenario_group_highfanout_connectivity/adoption_0.2/permanent_fork_sth_proof_n12000_pg0p005_a0p2_ff0p05_s47002_drop0_pc0p02_pgc0p02,0.2
permanent_fork,sth_proof,12000,6.0,5.0,0.005,0.2,0.05,3.0,True,65.0,65.0,0.0,0.0,,,,,20501.0,,,,0.6288778460933772,0.6288778460933772,1.0,2.8074903843454337e-05,1,1,47003,0.02,0.02,0.0,True,0.2,0.04,800,8,0.0,0.0,0.0,0.9613180160522461,C:/Users/efasllija/dev/gossip-poc/out_nb_incremental_clean0104/scenario_group_highfanout_connectivity/adoption_0.2/permanent_fork_sth_proof_n12000_pg0p005_a0p2_ff0p05_s47003_drop0_pc0p02_pgc0p02,0.2
permanent_fork,sth_proof,12000,6.0,5.0,0.005,0.2,0.05,3.0,True,100.0,100.0,0.0,0.0,,,,,25837.0,,,,0.6879898326625715,0.6879898326625715,2.0,5.2954882440160984e-05,2,2,47004,0.02,0.02,0.0,True,0.2,0.04,800,8,0.0,0.0,0.0,1.0039515495300293,C:/Users/efasllija/dev/gossip-poc/out_nb_incremental_clean0104/scenario_group_highfanout_connectivity/adoption_0.2/permanent_fork_sth_proof_n12000_pg0p005_a0p2_ff0p05_s47004_drop0_pc0p02_pgc0p02,0.2
permanent_fork,sth_proof,12000,6.0,5.0,0.005,0.2,0.05,3.0,True,40.0,40.0,0.0,0.0,,,,,18845.0,,,,0.42667795444323925,0.42667795444323925,2.0,5.291145268393344e-05,2,2,47005,0.02,0.02,0.0,True,0.2,0.04,800,8,0.0,0.0,0.0,1.0165588855743408,C:/Users/efasllija/dev/gossip-poc/out_nb_incremental_clean0104/scenario_group_highfanout_connectivity/adoption_0.2/permanent_fork_sth_proof_n12000_pg0p005_a0p2_ff0p05_s47005_drop0_pc0p02_pgc0p02,0.2
permanent_fork,sth_proof,12000,6.0,5.0,0.005,0.2,0.05,3.0,True,40.0,40.0,0.0,0.0,,,,,17502.0,,,,0.8043990573448547,0.8043990573448547,3.0,8.416563797553585e-05,3,3,47006,0.02,0.02,0.0,True,0.2,0.04,800,8,0.0,0.0,0.0,0.9841735363006592,C:/Users/efasllija/dev/gossip-poc/out_nb_incremental_clean0104/scenario_group_highfanout_connectivity/adoption_0.2/permanent_fork_sth_proof_n12000_pg0p005_a0p2_ff0p05_s47006_drop0_pc0p02_pgc0p02,0.2
permanent_fork,sth_proof,12000,6.0,5.0,0.005,0.2,0.05,3.0,False,,,0.0,0.0,,,,,,,,,0.4913223480382749,0.4913223480382749,0.0,0.0,0,0,47007,0.02,0.02,0.0,True,0.2,0.04,800,8,0.0,0.0,0.0,1.0633199214935303,C:/Users/efasllija/dev/gossip-poc/out_nb_incremental_clean0104/scenario_group_highfanout_connectivity/adoption_0.2/permanent_fork_sth_proof_n12000_pg0p005_a0p2_ff0p05_s47007_drop0_pc0p02_pgc0p02,0.2
permanent_fork,sth_proof,12000,6.0,5.0,0.005,0.2,0.05,3.0,True,150.0,150.0,0.0,0.0,,,,,32024.0,,,,0.46481911262798636,0.46481911262798636,1.0,2.7303754266211605e-05,1,1,47008,0.02,0.02,0.0,True,0.2,0.04,800,8,0.0,0.0,0.0,0.9744217395782471,C:/Users/efasllija/dev/gossip-poc/out_nb_incremental_clean0104/scenario_group_highfanout_connectivity/adoption_0.2/permanent_fork_sth_proof_n12000_pg0p005_a0p2_ff0p05_s47008_drop0_pc0p02_pgc0p02,0.2
permanent_fork,sth_proof,12000,6.0,5.0,0.005,0.2,0.05,3.0,True,65.0,65.0,0.0,0.0,,,,,20536.0,,,,0.4651111961095022,0.4651111961095022,1.0,2.7320911425605157e-05,1,1,47009,0.02,0.02,0.0,True,0.2,0.04,800,8,0.0,0.0,0.0,1.0051133632659912,C:/Users/efasllija/dev/gossip-poc/out_nb_incremental_clean0104/scenario_group_highfanout_connectivity/adoption_0.2/permanent_fork_sth_proof_n12000_pg0p005_a0p2_ff0p05_s47009_drop0_pc0p02_pgc0p02,0.2
permanent_fork,sth_proof,12000,6.0,5.0,0.005,0.2,0.05,3.0,True,95.0,95.0,0.0,0.0,,,,,24333.0,,,,0.5696594427244582,0.5696594427244582,2.0,5.528527200353826e-05,2,2,47010,0.02,0.02,0.0,True,0.2,0.04,800,8,0.0,0.0,0.0,0.9884328842163086,C:/Users/efasllija/dev/gossip-poc/out_nb_incremental_clean0104/scenario_group_highfanout_connectivity/adoption_0.2/permanent_fork_sth_proof_n12000_pg0p005_a0p2_ff0p05_s47010_drop0_pc0p02_pgc0p02,0.2
permanent_fork,sth_proof,12000,6.0,5.0,0.005,0.2,0.05,3.0,True,35.0,35.0,0.0,0.0,,,,,18104.0,,,,1.058618189629709,1.058618189629709,3.0,8.055637603716334e-05,3,3,47011,0.02,0.02,0.0,True,0.2,0.04,800,8,0.0,0.0,0.0,1.0060255527496338,C:/Users/efasllija/dev/gossip-poc/out_nb_incremental_clean0104/scenario_group_highfanout_connectivity/adoption_0.2/permanent_fork_sth_proof_n12000_pg0p005_a0p2_ff0p05_s47011_drop0_pc0p02_pgc0p02,0.2
permanent_fork,sth_proof,12000,6.0,5.0,0.005,0.2,0.05,3.0,True,145.0,145.0,0.0,0.0,,,,,31980.0,,,,1.000957548675391,1.000957548675391,1.0,2.659857431641664e-05,1,1,47012,0.02,0.02,0.0,True,0.2,0.04,800,8,0.0,0.0,0.0,1.0316612720489502,C:/Users/efasllija/dev/gossip-poc/out_nb_incremental_clean0104/scenario_group_highfanout_connectivity/adoption_0.2/permanent_fork_sth_proof_n12000_pg0p005_a0p2_ff0p05_s47012_drop0_pc0p02_pgc0p02,0.2
permanent_fork,sth_proof,12000,6.0,5.0,0.005,0.2,0.05,3.0,True,70.0,70.0,0.0,0.0,,,,,20755.0,,,,0.9626181096939478,0.9626181096939478,2.0,5.509490096691551e-05,2,2,47013,0.02,0.02,0.0,True,0.2,0.04,800,8,0.0,0.0,0.0,1.0004198551177979,C:/Users/efasllija/dev/gossip-poc/out_nb_incremental_clean0104/scenario_group_highfanout_connectivity/adoption_0.2/permanent_fork_sth_proof_n12000_pg0p005_a0p2_ff0p05_s47013_drop0_pc0p02_pgc0p02,0.2
permanent_fork,sth_proof,12000,6.0,5.0,0.005,0.2,0.05,3.0,True,150.0,150.0,0.0,0.0,,,,,33348.0,,,,1.1813411386229993,1.1813411386229993,3.0,7.910766553279013e-05,3,3,47014,0.02,0.02,0.0,True,0.2,0.04,800,8,0.0,0.0,0.0,1.067326545715332,C:/Users/efasllija/dev/gossip-poc/out_nb_incremental_clean0104/scenario_group_highfanout_connectivity/adoption_0.2/permanent_fork_sth_proof_n12000_pg0p005_a0p2_ff0p05_s47014_drop0_pc0p02_pgc0p02,0.2
permanent_fork,sth_proof,12000,6.0,5.0,0.005,0.2,0.05,3.0,True,60.0,60.0,0.0,0.0,,,,,75035.0,,,,0.7337245803193667,0.7337245803193667,4.0,2.873294879070202e-05,4,4,47000,0.02,0.02,0.0,True,0.2,0.04,800,32,0.0,0.0,0.0,1.368253469467163,C:/Users/efasllija/dev/gossip-poc/out_nb_incremental_clean0104/scenario_group_highfanout_connectivity/adoption_0.2/permanent_fork_sth_proof_n12000_pg0p005_a0p2_ff0p05_s47000_drop0_pc0p02_pgc0p02,0.2
permanent_fork,sth_proof,12000,6.0,5.0,0.005,0.2,0.05,3.0,True,40.0,40.0,0.0,0.0,,,,,69647.0,,,,2.1852888309308147,2.1852888309308147,7.0,4.934268494695661e-05,7,7,47001,0.02,0.02,0.0,True,0.2,0.04,800,32,0.0,0.0,0.0,1.1987354755401611,C:/Users/efasllija/dev/gossip-poc/out_nb_incremental_clean0104/scenario_group_highfanout_connectivity/adoption_0.2/permanent_fork_sth_proof_n12000_pg0p005_a0p2_ff0p05_s47001_drop0_pc0p02_pgc0p02,0.2
permanent_fork,sth_proof,12000,6.0,5.0,0.005,0.2,0.05,3.0,True,30.0,30.0,0.0,0.0,,,,,69255.0,,,,1.6128293241695304,1.6128293241695304,3.0,2.0454917362133855e-05,3,3,47002,0.02,0.02,0.0,True,0.2,0.04,800,32,0.0,0.0,0.0,1.149491786956787,C:/Users/efasllija/dev/gossip-poc/out_nb_incremental_clean0104/scenario_group_highfanout_connectivity/adoption_0.2/permanent_fork_sth_proof_n12000_pg0p005_a0p2_ff0p05_s47002_drop0_pc0p02_pgc0p02,0.2
permanent_fork,sth_proof,12000,6.0,5.0,0.005,0.2,0.05,3.0,True,60.0,60.0,0.0,0.0,,,,,79310.0,,,,0.340632603406326,0.340632603406326,3.0,2.0736562707365627e-05,3,3,47003,0.02,0.02,0.0,True,0.2,0.04,800,32,0.0,0.0,0.0,1.1692938804626465,C:/Users/efasllija/dev/gossip-poc/out_nb_incremental_clean0104/scenario_group_highfanout_connectivity/adoption_0.2/permanent_fork_sth_proof_n12000_pg0p005_a0p2_ff0p05_s47003_drop0_pc0p02_pgc0p02,0.2
permanent_fork,sth_proof,12000,6.0,5.0,0.005,0.2,0.05,3.0,True,75.0,75.0,0.0,0.0,,,,,87323.0,,,,0.29613716174344146,0.29613716174344146,2.0,1.3771259381670453e-05,2,2,47004,0.02,0.02,0.0,True,0.2,0.04,800,32,0.0,0.0,0.0,1.1046950817108154,C:/Users/efasllija/dev/gossip-poc/out_nb_incremental_clean0104/scenario_group_highfanout_connectivity/adoption_0.2/permanent_fork_sth_proof_n12000_pg0p005_a0p2_ff0p05_s47004_drop0_pc0p02_pgc0p02,0.2
permanent_fork,sth_proof,12000,6.0,5.0,0.005,0.2,0.05,3.0,True,60.0,60.0,0.0,0.0,,,,,76463.0,,,,0.5966674870072528,0.5966674870072528,1.0,7.23829928919901e-06,1,1,47005,0.02,0.02,0.0,True,0.2,0.04,800,32,0.0,0.0,0.0,1.0554096698760986,C:/Users/efasllija/dev/gossip-poc/out_nb_incremental_clean0104/scenario_group_highfanout_connectivity/adoption_0.2/permanent_fork_sth_proof_n12000_pg0p005_a0p2_ff0p05_s47005_drop0_pc0p02_pgc0p02,0.2
permanent_fork,sth_proof,12000,6.0,5.0,0.005,0.2,0.05,3.0,True,140.0,140.0,0.0,0.0,,,,,116448.0,,,,1.1517208509654964,1.1517208509654964,3.0,2.1664091046953307e-05,3,3,47006,0.02,0.02,0.0,True,0.2,0.04,800,32,0.0,0.0,0.0,1.017395257949829,C:/Users/efasllija/dev/gossip-poc/out_nb_incremental_clean0104/scenario_group_highfanout_connectivity/adoption_0.2/permanent_fork_sth_proof_n12000_pg0p005_a0p2_ff0p05_s47006_drop0_pc0p02_pgc0p02,0.2
permanent_fork,sth_proof,12000,6.0,5.0,0.005,0.2,0.05,3.0,True,5.0,5.0,0.0,0.0,,,,,57836.0,,,,0.5066824821041888,0.5066824821041888,4.0,2.758506544556777e-05,4,4,47007,0.02,0.02,0.0,True,0.2,0.04,800,32,0.0,0.0,0.0,1.0975139141082764,C:/Users/efasllija/dev/gossip-poc/out_nb_incremental_clean0104/scenario_group_highfanout_connectivity/adoption_0.2/permanent_fork_sth_proof_n12000_pg0p005_a0p2_ff0p05_s47007_drop0_pc0p02_pgc0p02,0.2
permanent_fork,sth_proof,12000,6.0,5.0,0.005,0.2,0.05,3.0,True,40.0,40.0,0.0,0.0,,,,,68394.0,,,,1.130369705133962,1.130369705133962,3.0,2.1382598841063142e-05,3,3,47008,0.02,0.02,0.0,True,0.2,0.04,800,32,0.0,0.0,0.0,1.0250804424285889,C:/Users/efasllija/dev/gossip-poc/out_nb_incremental_clean0104/scenario_group_highfanout_connectivity/adoption_0.2/permanent_fork_sth_proof_n12000_pg0p005_a0p2_ff0p05_s47008_drop0_pc0p02_pgc0p02,0.2
permanent_fork,sth_proof,12000,6.0,5.0,0.005,0.2,0.05,3.0,True,15.0,15.0,0.0,0.0,,,,,63616.0,,,,1.034818798734359,1.034818798734359,7.0,4.783740748587088e-05,7,7,47009,0.02,0.02,0.0,True,0.2,0.04,800,32,0.0,0.0,0.0,1.0250675678253174,C:/Users/efasllija/dev/gossip-poc/out_nb_incremental_clean0104/scenario_group_highfanout_connectivity/adoption_0.2/permanent_fork_sth_proof_n12000_pg0p005_a0p2_ff0p05_s47009_drop0_pc0p02_pgc0p02,0.2
permanent_fork,sth_proof,12000,6.0,5.0,0.005,0.2,0.05,3.0,True,70.0,70.0,0.0,0.0,,,,,83379.0,,,,0.3852622526732785,0.3852622526732785,1.0,7.048855618290371e-06,1,1,47010,0.02,0.02,0.0,True,0.2,0.04,800,32,0.0,0.0,0.0,1.0213196277618408,C:/Users/efasllija/dev/gossip-poc/out_nb_incremental_clean0104/scenario_group_highfanout_connectivity/adoption_0.2/permanent_fork_sth_proof_n12000_pg0p005_a0p2_ff0p05_s47010_drop0_pc0p02_pgc0p02,0.2
permanent_fork,sth_proof,12000,6.0,5.0,0.005,0.2,0.05,3.0,True,5.0,5.0,0.0,0.0,,,,,61317.0,,,,1.8008725917937154,1.8008725917937154,42.0,0.0002941320652973185,42,42,47011,0.02,0.02,0.0,True,0.2,0.04,800,32,0.0,0.0,0.0,1.0818915367126465,C:/Users/efasllija/dev/gossip-poc/out_nb_incremental_clean0104/scenario_group_highfanout_connectivity/adoption_0.2/permanent_fork_sth_proof_n12000_pg0p005_a0p2_ff0p05_s47011_drop0_pc0p02_pgc0p02,0.2
permanent_fork,sth_proof,12000,6.0,5.0,0.005,0.2,0.05,3.0,True,60.0,60.0,0.0,0.0,,,,,78250.0,,,,0.7085195626762016,0.7085195626762016,5.0,3.438080176029705e-05,5,5,47012,0.02,0.02,0.0,True,0.2,0.04,800,32,0.0,0.0,0.0,1.076174020767212,C:/Users/efasllija/dev/gossip-poc/out_nb_incremental_clean0104/scenario_group_highfanout_connectivity/adoption_0.2/permanent_fork_sth_proof_n12000_pg0p005_a0p2_ff0p05_s47012_drop0_pc0p02_pgc0p02,0.2
permanent_fork,sth_proof,12000,6.0,5.0,0.005,0.2,0.05,3.0,True,25.0,25.0,0.0,0.0,,,,,68219.0,,,,1.082982791586998,1.082982791586998,34.0,0.00023217700081944824,34,34,47013,0.02,0.02,0.0,True,0.2,0.04,800,32,0.0,0.0,0.0,1.108544111251831,C:/Users/efasllija/dev/gossip-poc/out_nb_incremental_clean0104/scenario_group_highfanout_connectivity/adoption_0.2/permanent_fork_sth_proof_n12000_pg0p005_a0p2_ff0p05_s47013_drop0_pc0p02_pgc0p02,0.2
permanent_fork,sth_proof,12000,6.0,5.0,0.005,0.2,0.05,3.0,True,35.0,35.0,0.0,0.0,,,,,70023.0,,,,0.9955896978634384,0.9955896978634384,6.0,4.115367468020165e-05,6,6,47014,0.02,0.02,0.0,True,0.2,0.04,800,32,0.0,0.0,0.0,1.095693588256836,C:/Users/efasllija/dev/gossip-poc/out_nb_incremental_clean0104/scenario_group_highfanout_connectivity/adoption_0.2/permanent_fork_sth_proof_n12000_pg0p005_a0p2_ff0p05_s47014_drop0_pc0p02_pgc0p02,0.2
permanent_fork,sth_proof,12000,6.0,5.0,0.005,0.2,0.05,3.0,True,80.0,80.0,0.0,0.0,,,,,177526.0,,,,1.5957692898207065,1.5957692898207065,11.0,3.7530493525989866e-05,11,11,47000,0.02,0.02,0.0,True,0.2,0.04,800,64,0.0,0.0,0.0,1.142040729522705,C:/Users/efasllija/dev/gossip-poc/out_nb_incremental_clean0104/scenario_group_highfanout_connectivity/adoption_0.2/permanent_fork_sth_proof_n12000_pg0p005_a0p2_ff0p05_s47000_drop0_pc0p02_pgc0p02,0.2
permanent_fork,sth_proof,12000,6.0,5.0,0.005,0.2,0.05,3.0,True,50.0,50.0,0.0,0.0,,,,,148867.0,,,,0.27941373011983783,0.27941373011983783,5.0,1.7134378073479068e-05,5,5,47001,0.02,0.02,0.0,True,0.2,0.04,800,64,0.0,0.0,0.0,1.135427713394165,C:/Users/efasllija/dev/gossip-poc/out_nb_incremental_clean0104/scenario_group_highfanout_connectivity/adoption_0.2/permanent_fork_sth_proof_n12000_pg0p005_a0p2_ff0p05_s47001_drop0_pc0p02_pgc0p02,0.2
permanent_fork,sth_proof,12000,6.0,5.0,0.005,0.2,0.05,3.0,True,35.0,35.0,0.0,0.0,,,,,141854.0,,,,0.4721641423156034,0.4721641423156034,4.0,1.3599197647338806e-05,4,4,47002,0.02,0.02,0.0,True,0.2,0.04,800,64,0.0,0.0,0.0,1.17002272605896,C:/Users/efasllija/dev/gossip-poc/out_nb_incremental_clean0104/scenario_group_highfanout_connectivity/adoption_0.2/permanent_fork_sth_proof_n12000_pg0p005_a0p2_ff0p05_s47002_drop0_pc0p02_pgc0p02,0.2
permanent_fork,sth_proof,12000,6.0,5.0,0.005,0.2,0.05,3.0,True,135.0,135.0,0.0,0.0,,,,,232681.0,,,,0.4523797173318394,0.4523797173318394,1.0,3.458137516296473e-06,1,1,47003,0.02,0.02,0.0,True,0.2,0.04,800,64,0.0,0.0,0.0,1.1556289196014404,C:/Users/efasllija/dev/gossip-poc/out_nb_incremental_clean0104/scenario_group_highfanout_connectivity/adoption_0.2/permanent_fork_sth_proof_n12000_pg0p005_a0p2_ff0p05_s47003_drop0_pc0p02_pgc0p02,0.2
permanent_fork,sth_proof,12000,6.0,5.0,0.005,0.2,0.05,3.0,True,25.0,25.0,0.0,0.0,,,,,140377.0,,,,0.43702275610921615,0.43702275610921615,8.0,2.6364789823191127e-05,8,8,47004,0.02,0.02,0.0,True,0.2,0.04,800,64,0.0,0.0,0.0,1.1108777523040771,C:/Users/efasllija/dev/gossip-poc/out_nb_incremental_clean0104/scenario_group_highfanout_connectivity/adoption_0.2/permanent_fork_sth_proof_n12000_pg0p005_a0p2_ff0p05_s47004_drop0_pc0p02_pgc0p02,0.2
permanent_fork,sth_proof,12000,6.0,5.0,0.005,0.2,0.05,3.0,True,10.0,10.0,0.0,0.0,,,,,125251.0,,,,0.6582956942787471,0.6582956942787471,10.0,3.498595313981437e-05,10,10,47005,0.02,0.02,0.0,True,0.2,0.04,800,64,0.0,0.0,0.0,1.104055404663086,C:/Users/efasllija/dev/gossip-poc/out_nb_incremental_clean0104/scenario_group_highfanout_connectivity/adoption_0.2/permanent_fork_sth_proof_n12000_pg0p005_a0p2_ff0p05_s47005_drop0_pc0p02_pgc0p02,0.2
permanent_fork,sth_proof,12000,6.0,5.0,0.005,0.2,0.05,3.0,True,65.0,65.0,0.0,0.0,,,,,152251.0,,,,1.411023622047244,1.411023622047244,18.0,6.53144163431184e-05,18,18,47006,0.02,0.02,0.0,True,0.2,0.04,800,64,0.0,0.0,0.0,1.103628396987915,C:/Users/efasllija/dev/gossip-poc/out_nb_incremental_clean0104/scenario_group_highfanout_connectivity/adoption_0.2/permanent_fork_sth_proof_n12000_pg0p005_a0p2_ff0p05_s47006_drop0_pc0p02_pgc0p02,0.2
permanent_fork,sth_proof,12000,6.0,5.0,0.005,0.2,0.05,3.0,True,105.0,105.0,0.0,0.0,,,,,200399.0,,,,0.43830218111162805,0.43830218111162805,4.0,1.3683259899838537e-05,4,4,47007,0.02,0.02,0.0,True,0.2,0.04,800,64,0.0,0.0,0.0,1.0941064357757568,C:/Users/efasllija/dev/gossip-poc/out_nb_incremental_clean0104/scenario_group_highfanout_connectivity/adoption_0.2/permanent_fork_sth_proof_n12000_pg0p005_a0p2_ff0p05_s47007_drop0_pc0p02_pgc0p02,0.2
permanent_fork,sth_proof,12000,6.0,5.0,0.005,0.2,0.05,3.0,True,30.0,30.0,0.0,0.0,,,,,132038.0,,,,0.09101512832278426,0.09101512832278426,1.0,3.5027373892697143e-06,1,1,47008,0.02,0.02,0.0,True,0.2,0.04,800,64,0.0,0.0,0.0,1.1370108127593994,C:/Users/efasllija/dev/gossip-poc/out_nb_incremental_clean0104/scenario_group_highfanout_connectivity/adoption_0.2/permanent_fork_sth_proof_n12000_pg0p005_a0p2_ff0p05_s47008_drop0_pc0p02_pgc0p02,0.2
permanent_fork,sth_proof,12000,6.0,5.0,0.005,0.2,0.05,3.0,True,90.0,90.0,0.0,0.0,,,,,188247.0,,,,0.6325672280013785,0.6325672280013785,3.0,1.0037775495113276e-05,3,3,47009,0.02,0.02,0.0,True,0.2,0.04,800,64,0.0,0.0,0.0,1.1680495738983154,C:/Users/efasllija/dev/gossip-poc/out_nb_incremental_clean0104/scenario_group_highfanout_connectivity/adoption_0.2/permanent_fork_sth_proof_n12000_pg0p005_a0p2_ff0p05_s47009_drop0_pc0p02_pgc0p02,0.2
permanent_fork,sth_proof,12000,6.0,5.0,0.005,0.2,0.05,3.0,True,45.0,45.0,0.0,0.0,,,,,150629.0,,,,0.8774071738801159,0.8774071738801159,3.0,1.0567436093430224e-05,3,3,47010,0.02,0.02,0.0,True,0.2,0.04,800,64,0.0,0.0,0.0,1.0821211338043213,C:/Users/efasllija/dev/gossip-poc/out_nb_incremental_clean0104/scenario_group_highfanout_connectivity/adoption_0.2/permanent_fork_sth_proof_n12000_pg0p005_a0p2_ff0p05_s47010_drop0_pc0p02_pgc0p02,0.2
permanent_fork,sth_proof,12000,6.0,5.0,0.005,0.2,0.05,3.0,True,80.0,80.0,0.0,0.0,,,,,174796.0,,,,0.6749540905414365,0.6749540905414365,61.0,0.00021175629280688172,61,61,47011,0.02,0.02,0.0,True,0.2,0.04,800,64,0.0,0.0,0.0,1.0890614986419678,C:/Users/efasllija/dev/gossip-poc/out_nb_incremental_clean0104/scenario_group_highfanout_connectivity/adoption_0.2/permanent_fork_sth_proof_n12000_pg0p005_a0p2_ff0p05_s47011_drop0_pc0p02_pgc0p02,0.2
permanent_fork,sth_proof,12000,6.0,5.0,0.005,0.2,0.05,3.0,True,145.0,145.0,0.0,0.0,,,,,253554.0,,,,0.2440087145969499,0.2440087145969499,4.0,1.3448452083165227e-05,4,4,47012,0.02,0.02,0.0,True,0.2,0.04,800,64,0.0,0.0,0.0,1.12684965133667,C:/Users/efasllija/dev/gossip-poc/out_nb_incremental_clean0104/scenario_group_highfanout_connectivity/adoption_0.2/permanent_fork_sth_proof_n12000_pg0p005_a0p2_ff0p05_s47012_drop0_pc0p02_pgc0p02,0.2
permanent_fork,sth_proof,12000,6.0,5.0,0.005,0.2,0.05,3.0,True,0.0,0.0,0.0,0.0,,,,,115713.0,,,,0.8133543378285779,0.8133543378285779,8.0,2.8257168490431416e-05,8,8,47013,0.02,0.02,0.0,True,0.2,0.04,800,64,0.0,0.0,0.0,1.097033977508545,C:/Users/efasllija/dev/gossip-poc/out_nb_incremental_clean0104/scenario_group_highfanout_connectivity/adoption_0.2/permanent_fork_sth_proof_n12000_pg0p005_a0p2_ff0p05_s47013_drop0_pc0p02_pgc0p02,0.2
permanent_fork,sth_proof,12000,6.0,5.0,0.005,0.2,0.05,3.0,True,115.0,115.0,0.0,0.0,,,,,218845.0,,,,0.41421606124906046,0.41421606124906046,11.0,3.6584473549425625e-05,11,11,47014,0.02,0.02,0.0,True,0.2,0.04,800,64,0.0,0.0,0.0,1.0827581882476807,C:/Users/efasllija/dev/gossip-poc/out_nb_incremental_clean0104/scenario_group_highfanout_connectivity/adoption_0.2/permanent_fork_sth_proof_n12000_pg0p005_a0p2_ff0p05_s47014_drop0_pc0p02_pgc0p02,0.2
permanent_fork,sth_proof,12000,6.0,5.0,0.005,0.2,0.05,3.0,True,0.0,0.0,0.0,0.0,,,,,19507.0,,,,0.9038689769760266,0.9038689769760266,1.0,1.9780045889706464e-05,1,1,47000,0.02,0.02,0.0,True,0.2,0.08,800,8,0.0,0.0,0.0,1.232121467590332,C:/Users/efasllija/dev/gossip-poc/out_nb_incremental_clean0104/scenario_group_highfanout_connectivity/adoption_0.2/permanent_fork_sth_proof_n12000_pg0p005_a0p2_ff0p05_s47000_drop0_pc0p02_pgc0p02,0.2
permanent_fork,sth_proof,12000,6.0,5.0,0.005,0.2,0.05,3.0,True,20.0,20.0,0.0,0.0,,,,,22946.0,,,,1.1975636301147539,1.1975636301147539,3.0,5.7281423634315395e-05,3,3,47001,0.02,0.02,0.0,True,0.2,0.08,800,8,0.0,0.0,0.0,1.0507216453552246,C:/Users/efasllija/dev/gossip-poc/out_nb_incremental_clean0104/scenario_group_highfanout_connectivity/adoption_0.2/permanent_fork_sth_proof_n12000_pg0p005_a0p2_ff0p05_s47001_drop0_pc0p02_pgc0p02,0.2
permanent_fork,sth_proof,12000,6.0,5.0,0.005,0.2,0.05,3.0,True,85.0,85.0,0.0,0.0,,,,,32834.0,,,,1.480241049805696,1.480241049805696,2.0,3.754669870651623e-05,2,2,47002,0.02,0.02,0.0,True,0.2,0.08,800,8,0.0,0.0,0.0,1.0326695442199707,C:/Users/efasllija/dev/gossip-poc/out_nb_incremental_clean0104/scenario_group_highfanout_connectivity/adoption_0.2/permanent_fork_sth_proof_n12000_pg0p005_a0p2_ff0p05_s47002_drop0_pc0p02_pgc0p02,0.2
permanent_fork,sth_proof,12000,6.0,5.0,0.005,0.2,0.05,3.0,True,20.0,20.0,0.0,0.0,,,,,23188.0,,,,1.1292857283522717,1.1292857283522717,5.0,9.846590125839422e-05,5,5,47003,0.02,0.02,0.0,True,0.2,0.08,800,8,0.0,0.0,0.0,0.980370044708252,C:/Users/efasllija/dev/gossip-poc/out_nb_incremental_clean0104/scenario_group_highfanout_connectivity/adoption_0.2/permanent_fork_sth_proof_n12000_pg0p005_a0p2_ff0p05_s47003_drop0_pc0p02_pgc0p02,0.2
permanent_fork,sth_proof,12000,6.0,5.0,0.005,0.2,0.05,3.0,False,,,0.0,0.0,,,,,,,,,0.7761722205838986,0.7761722205838986,0.0,0.0,0,0,47004,0.02,0.02,0.0,True,0.2,0.08,800,8,0.0,0.0,0.0,1.0230801105499268,C:/Users/efasllija/dev/gossip-poc/out_nb_incremental_clean0104/scenario_group_highfanout_connectivity/adoption_0.2/permanent_fork_sth_proof_n12000_pg0p005_a0p2_ff0p05_s47004_drop0_pc0p02_pgc0p02,0.2
permanent_fork,sth_proof,12000,6.0,5.0,0.005,0.2,0.05,3.0,True,100.0,100.0,0.0,0.0,,,,,36580.0,,,,0.9504773602813913,0.9504773602813913,2.0,3.7221074572422905e-05,2,2,47005,0.02,0.02,0.0,True,0.2,0.08,800,8,0.0,0.0,0.0,0.9997818470001221,C:/Users/efasllija/dev/gossip-poc/out_nb_incremental_clean0104/scenario_group_highfanout_connectivity/adoption_0.2/permanent_fork_sth_proof_n12000_pg0p005_a0p2_ff0p05_s47005_drop0_pc0p02_pgc0p02,0.2
permanent_fork,sth_proof,12000,6.0,5.0,0.005,0.2,0.05,3.0,True,125.0,125.0,0.0,0.0,,,,,37723.0,,,,0.8359904263518722,0.8359904263518722,1.0,2.0283152813273295e-05,1,1,47006,0.02,0.02,0.0,True,0.2,0.08,800,8,0.0,0.0,0.0,0.9845867156982422,C:/Users/efasllija/dev/gossip-poc/out_nb_incremental_clean0104/scenario_group_highfanout_connectivity/adoption_0.2/permanent_fork_sth_proof_n12000_pg0p005_a0p2_ff0p05_s47006_drop0_pc0p02_pgc0p02,0.2
permanent_fork,sth_proof,12000,6.0,5.0,0.005,0.2,0.05,3.0,True,75.0,75.0,0.0,0.0,,,,,30653.0,,,,0.8246821729209411,0.8246821729209411,4.0,7.670035090410538e-05,4,4,47007,0.02,0.02,0.0,True,0.2,0.08,800,8,0.0,0.0,0.0,0.9985017776489258,C:/Users/efasllija/dev/gossip-poc/out_nb_incremental_clean0104/scenario_group_highfanout_connectivity/adoption_0.2/permanent_fork_sth_proof_n12000_pg0p005_a0p2_ff0p05_s47007_drop0_pc0p02_pgc0p02,0.2
permanent_fork,sth_proof,12000,6.0,5.0,0.005,0.2,0.05,3.0,True,150.0,150.0,0.0,0.0,,,,,45214.0,,,,0.678247704819394,0.678247704819394,1.0,1.9409561149822403e-05,1,1,47008,0.02,0.02,0.0,True,0.2,0.08,800,8,0.0,0.0,0.0,1.013700008392334,C:/Users/efasllija/dev/gossip-poc/out_nb_incremental_clean0104/scenario_group_highfanout_connectivity/adoption_0.2/permanent_fork_sth_proof_n12000_pg0p005_a0p2_ff0p05_s47008_drop0_pc0p02_pgc0p02,0.2
permanent_fork,sth_proof,12000,6.0,5.0,0.005,0.2,0.05,3.0,True,0.0,0.0,0.0,0.0,,,,,20663.0,,,,1.2551705352452478,1.2551705352452478,4.0,7.782555402066269e-05,4,4,47009,0.02,0.02,0.0,True,0.2,0.08,800,8,0.0,0.0,0.0,1.0163459777832031,C:/Users/efasllija/dev/gossip-poc/out_nb_incremental_clean0104/scenario_group_highfanout_connectivity/adoption_0.2/permanent_fork_sth_proof_n12000_pg0p005_a0p2_ff0p05_s47009_drop0_pc0p02_pgc0p02,0.2
permanent_fork,sth_proof,12000,6.0,5.0,0.005,0.2,0.05,3.0,True,0.0,0.0,0.0,0.0,,,,,21300.0,,,,0.6393088552915767,0.6393088552915767,3.0,5.785251465597038e-05,3,3,47010,0.02,0.02,0.0,True,0.2,0.08,800,8,0.0,0.0,0.0,1.064723014831543,C:/Users/efasllija/dev/gossip-poc/out_nb_incremental_clean0104/scenario_group_highfanout_connectivity/adoption_0.2/permanent_fork_sth_proof_n12000_pg0p005_a0p2_ff0p05_s47010_drop0_pc0p02_pgc0p02,0.2
permanent_fork,sth_proof,12000,6.0,5.0,0.005,0.2,0.05,3.0,True,165.0,165.0,0.0,0.0,,,,,51057.0,,,,0.899564942550106,0.899564942550106,2.0,3.71843974268397e-05,2,2,47011,0.02,0.02,0.0,True,0.2,0.08,800,8,0.0,0.0,0.0,1.0827124118804932,C:/Users/efasllija/dev/gossip-poc/out_nb_incremental_clean0104/scenario_group_highfanout_connectivity/adoption_0.2/permanent_fork_sth_proof_n12000_pg0p005_a0p2_ff0p05_s47011_drop0_pc0p02_pgc0p02,0.2
permanent_fork,sth_proof,12000,6.0,5.0,0.005,0.2,0.05,3.0,True,140.0,140.0,0.0,0.0,,,,,42857.0,,,,1.0567672080433101,1.0567672080433101,1.0,1.9334880123743232e-05,1,1,47012,0.02,0.02,0.0,True,0.2,0.08,800,8,0.0,0.0,0.0,1.0234012603759766,C:/Users/efasllija/dev/gossip-poc/out_nb_incremental_clean0104/scenario_group_highfanout_connectivity/adoption_0.2/permanent_fork_sth_proof_n12000_pg0p005_a0p2_ff0p05_s47012_drop0_pc0p02_pgc0p02,0.2
permanent_fork,sth_proof,12000,6.0,5.0,0.005,0.2,0.05,3.0,False,,,0.0,0.0,,,,,,,,,0.638416625432954,0.638416625432954,0.0,0.0,0,0,47013,0.02,0.02,0.0,True,0.2,0.08,800,8,0.0,0.0,0.0,1.0211360454559326,C:/Users/efasllija/dev/gossip-poc/out_nb_incremental_clean0104/scenario_group_highfanout_connectivity/adoption_0.2/permanent_fork_sth_proof_n12000_pg0p005_a0p2_ff0p05_s47013_drop0_pc0p02_pgc0p02,0.2
permanent_fork,sth_proof,12000,6.0,5.0,0.005,0.2,0.05,3.0,True,125.0,125.0,0.0,0.0,,,,,42103.0,,,,1.0606060606060606,1.0606060606060606,1.0,1.821095571095571e-05,1,1,47014,0.02,0.02,0.0,True,0.2,0.08,800,8,0.0,0.0,0.0,1.0497069358825684,C:/Users/efasllija/dev/gossip-poc/out_nb_incremental_clean0104/scenario_group_highfanout_connectivity/adoption_0.2/permanent_fork_sth_proof_n12000_pg0p005_a0p2_ff0p05_s47014_drop0_pc0p02_pgc0p02,0.2
permanent_fork,sth_proof,12000,6.0,5.0,0.005,0.2,0.05,3.0,True,0.0,0.0,0.0,0.0,,,,,101649.0,,,,0.5903837387037086,0.5903837387037086,34.0,0.0001302497347119374,34,34,47000,0.02,0.02,0.0,True,0.2,0.08,800,32,0.0,0.0,0.0,1.1370158195495605,C:/Users/efasllija/dev/gossip-poc/out_nb_incremental_clean0104/scenario_group_highfanout_connectivity/adoption_0.2/permanent_fork_sth_proof_n12000_pg0p005_a0p2_ff0p05_s47000_drop0_pc0p02_pgc0p02,0.2
permanent_fork,sth_proof,12000,6.0,5.0,0.005,0.2,0.05,3.0,True,40.0,40.0,0.0,0.0,,,,,131560.0,,,,1.1218767923884643,1.1218767923884643,11.0,4.123664963468077e-05,11,11,47001,0.02,0.02,0.0,True,0.2,0.08,800,32,0.0,0.0,0.0,1.1325936317443848,C:/Users/efasllija/dev/gossip-poc/out_nb_incremental_clean0104/scenario_group_highfanout_connectivity/adoption_0.2/permanent_fork_sth_proof_n12000_pg0p005_a0p2_ff0p05_s47001_drop0_pc0p02_pgc0p02,0.2
permanent_fork,sth_proof,12000,6.0,5.0,0.005,0.2,0.05,3.0,True,40.0,40.0,0.0,0.0,,,,,132856.0,,,,0.8705480976043907,0.8705480976043907,7.0,2.595861455165764e-05,7,7,47002,0.02,0.02,0.0,True,0.2,0.08,800,32,0.0,0.0,0.0,1.1465106010437012,C:/Users/efasllija/dev/gossip-poc/out_nb_incremental_clean0104/scenario_group_highfanout_connectivity/adoption_0.2/permanent_fork_sth_proof_n12000_pg0p005_a0p2_ff0p05_s47002_drop0_pc0p02_pgc0p02,0.2
permanent_fork,sth_proof,12000,6.0,5.0,0.005,0.2,0.05,3.0,True,50.0,50.0,0.0,0.0,,,,,141259.0,,,,1.237866410379625,1.237866410379625,10.0,3.7542047092743876e-05,10,10,47003,0.02,0.02,0.0,True,0.2,0.08,800,32,0.0,0.0,0.0,1.3363988399505615,C:/Users/efasllija/dev/gossip-poc/out_nb_incremental_clean0104/scenario_group_highfanout_connectivity/adoption_0.2/permanent_fork_sth_proof_n12000_pg0p005_a0p2_ff0p05_s47003_drop0_pc0p02_pgc0p02,0.2
permanent_fork,sth_proof,12000,6.0,5.0,0.005,0.2,0.05,3.0,True,0.0,0.0,0.0,0.0,,,,,108462.0,,,,0.5919124295557631,0.5919124295557631,4.0,1.4762381024435431e-05,4,4,47004,0.02,0.02,0.0,True,0.2,0.08,800,32,0.0,0.0,0.0,1.19478440284729,C:/Users/efasllija/dev/gossip-poc/out_nb_incremental_clean0104/scenario_group_highfanout_connectivity/adoption_0.2/permanent_fork_sth_proof_n12000_pg0p005_a0p2_ff0p05_s47004_drop0_pc0p02_pgc0p02,0.2
permanent_fork,sth_proof,12000,6.0,5.0,0.005,0.2,0.05,3.0,True,40.0,40.0,0.0,0.0,,,,,128214.0,,,,0.8909980265229177,0.8909980265229177,6.0,2.303669745905227e-05,6,6,47005,0.02,0.02,0.0,True,0.2,0.08,800,32,0.0,0.0,0.0,1.14052152633667,C:/Users/efasllija/dev/gossip-poc/out_nb_incremental_clean0104/scenario_group_highfanout_connectivity/adoption_0.2/permanent_fork_sth_proof_n12000_pg0p005_a0p2_ff0p05_s47005_drop0_pc0p02_pgc0p02,0.2
permanent_fork,sth_proof,12000,6.0,5.0,0.005,0.2,0.05,3.0,True,90.0,90.0,0.0,0.0,,,,,164625.0,,,,1.3392292133348345,1.3392292133348345,7.0,2.717591747838544e-05,7,7,47006,0.02,0.02,0.0,True,0.2,0.08,800,32,0.0,0.0,0.0,1.1408214569091797,C:/Users/efasllija/dev/gossip-poc/out_nb_incremental_clean0104/scenario_group_highfanout_connectivity/adoption_0.2/permanent_fork_sth_proof_n12000_pg0p005_a0p2_ff0p05_s47006_drop0_pc0p02_pgc0p02,0.2
permanent_fork,sth_proof,12000,6.0,5.0,0.005,0.2,0.05,3.0,True,60.0,60.0,0.0,0.0,,,,,145981.0,,,,1.0970166696966213,1.0970166696966213,48.0,0.00017808712170399696,48,48,47007,0.02,0.02,0.0,True,0.2,0.08,800,32,0.0,0.0,0.0,1.147277593612671,C:/Users/efasllija/dev/gossip-poc/out_nb_incremental_clean0104/scenario_group_highfanout_connectivity/adoption_0.2/permanent_fork_sth_proof_n12000_pg0p005_a0p2_ff0p05_s47007_drop0_pc0p02_pgc0p02,0.2
permanent_fork,sth_proof,12000,6.0,5.0,0.005,0.2,0.05,3.0,True,60.0,60.0,0.0,0.0,,,,,142341.0,,,,0.8128129210078324,0.8128129210078324,7.0,2.7021706150526346e-05,7,7,47008,0.02,0.02,0.0,True,0.2,0.08,800,32,0.0,0.0,0.0,1.1421124935150146,C:/Users/efasllija/dev/gossip-poc/out_nb_incremental_clean0104/scenario_group_highfanout_connectivity/adoption_0.2/permanent_fork_sth_proof_n12000_pg0p005_a0p2_ff0p05_s47008_drop0_pc0p02_pgc0p02,0.2
permanent_fork,sth_proof,12000,6.0,5.0,0.005,0.2,0.05,3.0,True,50.0,50.0,0.0,0.0,,,,,139255.0,,,,1.038408391899321,1.038408391899321,9.0,3.3430902040027935e-05,9,9,47009,0.02,0.02,0.0,True,0.2,0.08,800,32,0.0,0.0,0.0,1.1335573196411133,C:/Users/efasllija/dev/gossip-poc/out_nb_incremental_clean0104/scenario_group_highfanout_connectivity/adoption_0.2/permanent_fork_sth_proof_n12000_pg0p005_a0p2_ff0p05_s47009_drop0_pc0p02_pgc0p02,0.2
permanent_fork,sth_proof,12000,6.0,5.0,0.005,0.2,0.05,3.0,True,165.0,165.0,0.0,0.0,,,,,245126.0,,,,0.5503150643928645,0.5503150643928645,4.0,1.5549137217248658e-05,4,4,47010,0.02,0.02,0.0,True,0.2,0.08,800,32,0.0,0.0,0.0,1.0860967636108398,C:/Users/efasllija/dev/gossip-poc/out_nb_incremental_clean0104/scenario_group_highfanout_connectivity/adoption_0.2/permanent_fork_sth_proof_n12000_pg0p005_a0p2_ff0p05_s47010_drop0_pc0p02_pgc0p02,0.2
permanent_fork,sth_proof,12000,6.0,5.0,0.005,0.2,0.05,3.0,True,65.0,65.0,0.0,0.0,,,,,151426.0,,,,0.9483545520057651,0.9483545520057651,7.0,2.6273120345904395e-05,7,7,47011,0.02,0.02,0.0,True,0.2,0.08,800,32,0.0,0.0,0.0,1.136396884918213,C:/Users/efasllija/dev/gossip-poc/out_nb_incremental_clean0104/scenario_group_highfanout_connectivity/adoption_0.2/permanent_fork_sth_proof_n12000_pg0p005_a0p2_ff0p05_s47011_drop0_pc0p02_pgc0p02,0.2
permanent_fork,sth_proof,12000,6.0,5.0,0.005,0.2,0.05,3.0,True,85.0,85.0,0.0,0.0,,,,,166838.0,,,,0.41547649961049077,0.41547649961049077,1.0,3.709611603665096e-06,1,1,47012,0.02,0.02,0.0,True,0.2,0.08,800,32,0.0,0.0,0.0,1.1563255786895752,C:/Users/efasllija/dev/gossip-poc/out_nb_incremental_clean0104/scenario_group_highfanout_connectivity/adoption_0.2/permanent_fork_sth_proof_n12000_pg0p005_a0p2_ff0p05_s47012_drop0_pc0p02_pgc0p02,0.2
permanent_fork,sth_proof,12000,6.0,5.0,0.005,0.2,0.05,3.0,True,30.0,30.0,0.0,0.0,,,,,124341.0,,,,1.17579950239699,1.17579950239699,7.0,2.6548941076521632e-05,7,7,47013,0.02,0.02,0.0,True,0.2,0.08,800,32,0.0,0.0,0.0,1.1179533004760742,C:/Users/efasllija/dev/gossip-poc/out_nb_incremental_clean0104/scenario_group_highfanout_connectivity/adoption_0.2/permanent_fork_sth_proof_n12000_pg0p005_a0p2_ff0p05_s47013_drop0_pc0p02_pgc0p02,0.2
permanent_fork,sth_proof,12000,6.0,5.0,0.005,0.2,0.05,3.0,True,45.0,45.0,0.0,0.0,,,,,136702.0,,,,0.704868616465952,0.704868616465952,13.0,4.778919817077654e-05,13,13,47014,0.02,0.02,0.0,True,0.2,0.08,800,32,0.0,0.0,0.0,1.3461642265319824,C:/Users/efasllija/dev/gossip-poc/out_nb_incremental_clean0104/scenario_group_highfanout_connectivity/adoption_0.2/permanent_fork_sth_proof_n12000_pg0p005_a0p2_ff0p05_s47014_drop0_pc0p02_pgc0p02,0.2
permanent_fork,sth_proof,12000,6.0,5.0,0.005,0.2,0.05,3.0,True,45.0,45.0,0.0,0.0,,,,,278241.0,,,,1.1353062176415818,1.1353062176415818,79.0,0.0001411841237559266,79,79,47000,0.02,0.02,0.0,True,0.2,0.08,800,64,0.0,0.0,0.0,1.2101597785949707,C:/Users/efasllija/dev/gossip-poc/out_nb_incremental_clean0104/scenario_group_highfanout_connectivity/adoption_0.2/permanent_fork_sth_proof_n12000_pg0p005_a0p2_ff0p05_s47000_drop0_pc0p02_pgc0p02,0.2
permanent_fork,sth_proof,12000,6.0,5.0,0.005,0.2,0.05,3.0,True,30.0,30.0,0.0,0.0,,,,,262613.0,,,,1.2288277629892537,1.2288277629892537,20.0,3.521077167927212e-05,20,20,47001,0.02,0.02,0.0,True,0.2,0.08,800,64,0.0,0.0,0.0,1.2115235328674316,C:/Users/efasllija/dev/gossip-poc/out_nb_incremental_clean0104/scenario_group_highfanout_connectivity/adoption_0.2/permanent_fork_sth_proof_n12000_pg0p005_a0p2_ff0p05_s47001_drop0_pc0p02_pgc0p02,0.2
permanent_fork,sth_proof,12000,6.0,5.0,0.005,0.2,0.05,3.0,True,20.0,20.0,0.0,0.0,,,,,255428.0,,,,0.7867560110366575,0.7867560110366575,21.0,3.695309420575483e-05,21,21,47002,0.02,0.02,0.0,True,0.2,0.08,800,64,0.0,0.0,0.0,1.2167763710021973,C:/Users/efasllija/dev/gossip-poc/out_nb_incremental_clean0104/scenario_group_highfanout_connectivity/adoption_0.2/permanent_fork_sth_proof_n12000_pg0p005_a0p2_ff0p05_s47002_drop0_pc0p02_pgc0p02,0.2
permanent_fork,sth_proof,12000,6.0,5.0,0.005,0.2,0.05,3.0,True,75.0,75.0,0.0,0.0,,,,,334496.0,,,,0.6830228258166365,0.6830228258166365,17.0,3.063626107861264e-05,17,17,47003,0.02,0.02,0.0,True,0.2,0.08,800,64,0.0,0.0,0.0,1.244863510131836,C:/Users/efasllija/dev/gossip-poc/out_nb_incremental_clean0104/scenario_group_highfanout_connectivity/adoption_0.2/permanent_fork_sth_proof_n12000_pg0p005_a0p2_ff0p05_s47003_drop0_pc0p02_pgc0p02,0.2
permanent_fork,sth_proof,12000,6.0,5.0,0.005,0.2,0.05,3.0,True,70.0,70.0,0.0,0.0,,,,,336868.0,,,,0.33538919571821457,0.33538919571821457,7.0,1.2130685609021071e-05,7,7,47004,0.02,0.02,0.0,True,0.2,0.08,800,64,0.0,0.0,0.0,1.215958595275879,C:/Users/efasllija/dev/gossip-poc/out_nb_incremental_clean0104/scenario_group_highfanout_connectivity/adoption_0.2/permanent_fork_sth_proof_n12000_pg0p005_a0p2_ff0p05_s47004_drop0_pc0p02_pgc0p02,0.2
permanent_fork,sth_proof,12000,6.0,5.0,0.005,0.2,0.05,3.0,True,40.0,40.0,0.0,0.0,,,,,280695.0,,,,0.40892970987854926,0.40892970987854926,12.0,2.1310261423632014e-05,12,12,47005,0.02,0.02,0.0,True,0.2,0.08,800,64,0.0,0.0,0.0,1.1880989074707031,C:/Users/efasllija/dev/gossip-poc/out_nb_incremental_clean0104/scenario_group_highfanout_connectivity/adoption_0.2/permanent_fork_sth_proof_n12000_pg0p005_a0p2_ff0p05_s47005_drop0_pc0p02_pgc0p02,0.2
permanent_fork,sth_proof,12000,6.0,5.0,0.005,0.2,0.05,3.0,True,5.0,5.0,0.0,0.0,,,,,222780.0,,,,0.8698401779621997,0.8698401779621997,17.0,3.143555064914412e-05,17,17,47006,0.02,0.02,0.0,True,0.2,0.08,800,64,0.0,0.0,0.0,1.1653807163238525,C:/Users/efasllija/dev/gossip-poc/out_nb_incremental_clean0104/scenario_group_highfanout_connectivity/adoption_0.2/permanent_fork_sth_proof_n12000_pg0p005_a0p2_ff0p05_s47006_drop0_pc0p02_pgc0p02,0.2
permanent_fork,sth_proof,12000,6.0,5.0,0.005,0.2,0.05,3.0,True,55.0,55.0,0.0,0.0,,,,,298632.0,,,,0.6018908873200788,0.6018908873200788,10.0,1.7818387863539657e-05,10,10,47007,0.02,0.02,0.0,True,0.2,0.08,800,64,0.0,0.0,0.0,1.1698453426361084,C:/Users/efasllija/dev/gossip-poc/out_nb_incremental_clean0104/scenario_group_highfanout_connectivity/adoption_0.2/permanent_fork_sth_proof_n12000_pg0p005_a0p2_ff0p05_s47007_drop0_pc0p02_pgc0p02,0.2
permanent_fork,sth_proof,12000,6.0,5.0,0.005,0.2,0.05,3.0,True,0.0,0.0,0.0,0.0,,,,,214847.0,,,,1.099850460087522,1.099850460087522,17.0,3.11923743818864e-05,17,17,47008,0.02,0.02,0.0,True,0.2,0.08,800,64,0.0,0.0,0.0,1.211012601852417,C:/Users/efasllija/dev/gossip-poc/out_nb_incremental_clean0104/scenario_group_highfanout_connectivity/adoption_0.2/permanent_fork_sth_proof_n12000_pg0p005_a0p2_ff0p05_s47008_drop0_pc0p02_pgc0p02,0.2
permanent_fork,sth_proof,12000,6.0,5.0,0.005,0.2,0.05,3.0,True,20.0,20.0,0.0,0.0,,,,,242799.0,,,,0.9818231788824066,0.9818231788824066,21.0,3.747798168575961e-05,21,21,47009,0.02,0.02,0.0,True,0.2,0.08,800,64,0.0,0.0,0.0,1.4042136669158936,C:/Users/efasllija/dev/gossip-poc/out_nb_incremental_clean0104/scenario_group_highfanout_connectivity/adoption_0.2/permanent_fork_sth_proof_n12000_pg0p005_a0p2_ff0p05_s47009_drop0_pc0p02_pgc0p02,0.2
permanent_fork,sth_proof,12000,6.0,5.0,0.005,0.2,0.05,3.0,True,65.0,65.0,0.0,0.0,,,,,312686.0,,,,0.7884293831614303,0.7884293831614303,10.0,1.829404382521139e-05,10,10,47010,0.02,0.02,0.0,True,0.2,0.08,800,64,0.0,0.0,0.0,1.2412195205688477,C:/Users/efasllija/dev/gossip-poc/out_nb_incremental_clean0104/scenario_group_highfanout_connectivity/adoption_0.2/permanent_fork_sth_proof_n12000_pg0p005_a0p2_ff0p05_s47010_drop0_pc0p02_pgc0p02,0.2
permanent_fork,sth_proof,12000,6.0,5.0,0.005,0.2,0.05,3.0,True,25.0,25.0,0.0,0.0,,,,,255001.0,,,,0.903179074733858,0.903179074733858,13.0,2.319320474782742e-05,13,13,47011,0.02,0.02,0.0,True,0.2,0.08,800,64,0.0,0.0,0.0,1.3106732368469238,C:/Users/efasllija/dev/gossip-poc/out_nb_incremental_clean0104/scenario_group_highfanout_connectivity/adoption_0.2/permanent_fork_sth_proof_n12000_pg0p005_a0p2_ff0p05_s47011_drop0_pc0p02_pgc0p02,0.2
permanent_fork,sth_proof,12000,6.0,5.0,0.005,0.2,0.05,3.0,True,10.0,10.0,0.0,0.0,,,,,230121.0,,,,0.7544306849081955,0.7544306849081955,70.0,0.00012408399422832164,70,70,47012,0.02,0.02,0.0,True,0.2,0.08,800,64,0.0,0.0,0.0,1.3083608150482178,C:/Users/efasllija/dev/gossip-poc/out_nb_incremental_clean0104/scenario_group_highfanout_connectivity/adoption_0.2/permanent_fork_sth_proof_n12000_pg0p005_a0p2_ff0p05_s47012_drop0_pc0p02_pgc0p02,0.2
permanent_fork,sth_proof,12000,6.0,5.0,0.005,0.2,0.05,3.0,True,35.0,35.0,0.0,0.0,,,,,266600.0,,,,0.5841373611905605,0.5841373611905605,62.0,0.0001125911398036919,62,62,47013,0.02,0.02,0.0,True,0.2,0.08,800,64,0.0,0.0,0.0,1.1686689853668213,C:/Users/efasllija/dev/gossip-poc/out_nb_incremental_clean0104/scenario_group_highfanout_connectivity/adoption_0.2/permanent_fork_sth_proof_n12000_pg0p005_a0p2_ff0p05_s47013_drop0_pc0p02_pgc0p02,0.2
permanent_fork,sth_proof,12000,6.0,5.0,0.005,0.2,0.05,3.0,True,150.0,150.0,0.0,0.0,,,,,501705.0,,,,0.8748707809435119,0.8748707809435119,7.0,1.216179355181706e-05,7,7,47014,0.02,0.02,0.0,True,0.2,0.08,800,64,0.0,0.0,0.0,1.1586260795593262,C:/Users/efasllija/dev/gossip-poc/out_nb_incremental_clean0104/scenario_group_highfanout_connectivity/adoption_0.2/permanent_fork_sth_proof_n12000_pg0p005_a0p2_ff0p05_s47014_drop0_pc0p02_pgc0p02,0.2
permanent_fork,sth_proof,12000,6.0,5.0,0.005,0.2,0.05,3.0,True,55.0,55.0,0.0,0.0,,,,,33953.0,,,,0.7672171253822629,0.7672171253822629,1.0,1.5290519877675842e-05,1,1,47000,0.02,0.02,0.0,True,0.2,0.12,800,8,0.0,0.0,0.0,0.9885203838348389,C:/Users/efasllija/dev/gossip-poc/out_nb_incremental_clean0104/scenario_group_highfanout_connectivity/adoption_0.2/permanent_fork_sth_proof_n12000_pg0p005_a0p2_ff0p05_s47000_drop0_pc0p02_pgc0p02,0.2
permanent_fork,sth_proof,12000,6.0,5.0,0.005,0.2,0.05,3.0,True,40.0,40.0,0.0,0.0,,,,,34029.0,,,,1.0155440414507773,1.0155440414507773,2.0,2.9439472444653793e-05,2,2,47001,0.02,0.02,0.0,True,0.2,0.12,800,8,0.0,0.0,0.0,1.0092315673828125,C:/Users/efasllija/dev/gossip-poc/out_nb_incremental_clean0104/scenario_group_highfanout_connectivity/adoption_0.2/permanent_fork_sth_proof_n12000_pg0p005_a0p2_ff0p05_s47001_drop0_pc0p02_pgc0p02,0.2
permanent_fork,sth_proof,12000,6.0,5.0,0.005,0.2,0.05,3.0,True,85.0,85.0,0.0,0.0,,,,,43328.0,,,,1.2805671082908145,1.2805671082908145,3.0,4.287613085795138e-05,3,3,47002,0.02,0.02,0.0,True,0.2,0.12,800,8,0.0,0.0,0.0,0.9994561672210693,C:/Users/efasllija/dev/gossip-poc/out_nb_incremental_clean0104/scenario_group_highfanout_connectivity/adoption_0.2/permanent_fork_sth_proof_n12000_pg0p005_a0p2_ff0p05_s47002_drop0_pc0p02_pgc0p02,0.2
permanent_fork,sth_proof,12000,6.0,5.0,0.005,0.2,0.05,3.0,True,105.0,105.0,0.0,0.0,,,,,46795.0,,,,0.37746182201158507,0.37746182201158507,1.0,1.5045512675844429e-05,1,1,47003,0.02,0.02,0.0,True,0.2,0.12,800,8,0.0,0.0,0.0,1.000020980834961,C:/Users/efasllija/dev/gossip-poc/out_nb_incremental_clean0104/scenario_group_highfanout_connectivity/adoption_0.2/permanent_fork_sth_proof_n12000_pg0p005_a0p2_ff0p05_s47003_drop0_pc0p02_pgc0p02,0.2
permanent_fork,sth_proof,12000,6.0,5.0,0.005,0.2,0.05,3.0,True,25.0,25.0,0.0,0.0,,,,,31608.0,,,,1.1115651818553332,1.1115651818553332,7.0,0.0001021659174499387,7,7,47004,0.02,0.02,0.0,True,0.2,0.12,800,8,0.0,0.0,0.0,1.0104596614837646,C:/Users/efasllija/dev/gossip-poc/out_nb_incremental_clean0104/scenario_group_highfanout_connectivity/adoption_0.2/permanent_fork_sth_proof_n12000_pg0p005_a0p2_ff0p05_s47004_drop0_pc0p02_pgc0p02,0.2
permanent_fork,sth_proof,12000,6.0,5.0,0.005,0.2,0.05,3.0,True,50.0,50.0,0.0,0.0,,,,,36964.0,,,,0.7201952059710062,0.7201952059710062,2.0,2.870676044208411e-05,2,2,47005,0.02,0.02,0.0,True,0.2,0.12,800,8,0.0,0.0,0.0,0.9777591228485107,C:/Users/efasllija/dev/gossip-poc/out_nb_incremental_clean0104/scenario_group_highfanout_connectivity/adoption_0.2/permanent_fork_sth_proof_n12000_pg0p005_a0p2_ff0p05_s47005_drop0_pc0p02_pgc0p02,0.2
permanent_fork,sth_proof,12000,6.0,5.0,0.005,0.2,0.05,3.0,False,,,0.0,0.0,,,,,,,,,0.3613015292037594,0.3613015292037594,0.0,0.0,0,0,47006,0.02,0.02,0.0,True,0.2,0.12,800,8,0.0,0.0,0.0,0.9561963081359863,C:/Users/efasllija/dev/gossip-poc/out_nb_incremental_clean0104/scenario_group_highfanout_connectivity/adoption_0.2/permanent_fork_sth_proof_n12000_pg0p005_a0p2_ff0p05_s47006_drop0_pc0p02_pgc0p02,0.2
permanent_fork,sth_proof,12000,6.0,5.0,0.005,0.2,0.05,3.0,True,35.0,35.0,0.0,0.0,,,,,31515.0,,,,0.9804973841610577,0.9804973841610577,11.0,0.0001648952914899039,11,11,47007,0.02,0.02,0.0,True,0.2,0.12,800,8,0.0,0.0,0.0,0.9903616905212402,C:/Users/efasllija/dev/gossip-poc/out_nb_incremental_clean0104/scenario_group_highfanout_connectivity/adoption_0.2/permanent_fork_sth_proof_n12000_pg0p005_a0p2_ff0p05_s47007_drop0_pc0p02_pgc0p02,0.2
permanent_fork,sth_proof,12000,6.0,5.0,0.005,0.2,0.05,3.0,True,60.0,60.0,0.0,0.0,,,,,36587.0,,,,0.8006057852491292,0.8006057852491292,1.0,1.5144631228229593e-05,1,1,47008,0.02,0.02,0.0,True,0.2,0.12,800,8,0.0,0.0,0.0,0.9535477161407471,C:/Users/efasllija/dev/gossip-poc/out_nb_incremental_clean0104/scenario_group_highfanout_connectivity/adoption_0.2/permanent_fork_sth_proof_n12000_pg0p005_a0p2_ff0p05_s47008_drop0_pc0p02_pgc0p02,0.2
permanent_fork,sth_proof,12000,6.0,5.0,0.005,0.2,0.05,3.0,True,0.0,0.0,0.0,0.0,,,,,26922.0,,,,1.2663480592143606,1.2663480592143606,6.0,8.742277654738315e-05,6,6,47009,0.02,0.02,0.0,True,0.2,0.12,800,8,0.0,0.0,0.0,1.0060577392578125,C:/Users/efasllija/dev/gossip-poc/out_nb_incremental_clean0104/scenario_group_highfanout_connectivity/adoption_0.2/permanent_fork_sth_proof_n12000_pg0p005_a0p2_ff0p05_s47009_drop0_pc0p02_pgc0p02,0.2
permanent_fork,sth_proof,12000,6.0,5.0,0.005,0.2,0.05,3.0,True,125.0,125.0,0.0,0.0,,,,,51937.0,,,,1.015645741047325,1.015645741047325,2.0,2.9829820871925665e-05,2,2,47010,0.02,0.02,0.0,True,0.2,0.12,800,8,0.0,0.0,0.0,0.9475681781768799,C:/Users/efasllija/dev/gossip-poc/out_nb_incremental_clean0104/scenario_group_highfanout_connectivity/adoption_0.2/permanent_fork_sth_proof_n12000_pg0p005_a0p2_ff0p05_s47010_drop0_pc0p02_pgc0p02,0.2
permanent_fork,sth_proof,12000,6.0,5.0,0.005,0.2,0.05,3.0,True,15.0,15.0,0.0,0.0,,,,,30735.0,,,,1.1021845174973488,1.1021845174973488,3.0,4.241781548250265e-05,3,3,47011,0.02,0.02,0.0,True,0.2,0.12,800,8,0.0,0.0,0.0,0.9984543323516846,C:/Users/efasllija/dev/gossip-poc/out_nb_incremental_clean0104/scenario_group_highfanout_connectivity/adoption_0.2/permanent_fork_sth_proof_n12000_pg0p005_a0p2_ff0p05_s47011_drop0_pc0p02_pgc0p02,0.2
permanent_fork,sth_proof,12000,6.0,5.0,0.005,0.2,0.05,3.0,True,120.0,120.0,0.0,0.0,,,,,51037.0,,,,0.9104237128217039,0.9104237128217039,3.0,4.354705259032385e-05,3,3,47012,0.02,0.02,0.0,True,0.2,0.12,800,8,0.0,0.0,0.0,0.9515929222106934,C:/Users/efasllija/dev/gossip-poc/out_nb_incremental_clean0104/scenario_group_highfanout_connectivity/adoption_0.2/permanent_fork_sth_proof_n12000_pg0p005_a0p2_ff0p05_s47012_drop0_pc0p02_pgc0p02,0.2
permanent_fork,sth_proof,12000,6.0,5.0,0.005,0.2,0.05,3.0,True,170.0,170.0,0.0,0.0,,,,,65450.0,,,,1.0932357230009226,1.0932357230009226,2.0,2.9759247686218494e-05,2,2,47013,0.02,0.02,0.0,True,0.2,0.12,800,8,0.0,0.0,0.0,0.9977002143859863,C:/Users/efasllija/dev/gossip-poc/out_nb_incremental_clean0104/scenario_group_highfanout_connectivity/adoption_0.2/permanent_fork_sth_proof_n12000_pg0p005_a0p2_ff0p05_s47013_drop0_pc0p02_pgc0p02,0.2
permanent_fork,sth_proof,12000,6.0,5.0,0.005,0.2,0.05,3.0,True,115.0,115.0,0.0,0.0,,,,,51244.0,,,,0.9077236990425638,0.9077236990425638,8.0,0.00011415036456772683,8,8,47014,0.02,0.02,0.0,True,0.2,0.12,800,8,0.0,0.0,0.0,1.006629467010498,C:/Users/efasllija/dev/gossip-poc/out_nb_incremental_clean0104/scenario_group_highfanout_connectivity/adoption_0.2/permanent_fork_sth_proof_n12000_pg0p005_a0p2_ff0p05_s47014_drop0_pc0p02_pgc0p02,0.2
permanent_fork,sth_proof,12000,6.0,5.0,0.005,0.2,0.05,3.0,True,5.0,5.0,0.0,0.0,,,,,154596.0,,,,0.9759234862708893,0.9759234862708893,27.0,7.002002053920602e-05,27,27,47000,0.02,0.02,0.0,True,0.2,0.12,800,32,0.0,0.0,0.0,1.1420414447784424,C:/Users/efasllija/dev/gossip-poc/out_nb_incremental_clean0104/scenario_group_highfanout_connectivity/adoption_0.2/permanent_fork_sth_proof_n12000_pg0p005_a0p2_ff0p05_s47000_drop0_pc0p02_pgc0p02,0.2
permanent_fork,sth_proof,12000,6.0,5.0,0.005,0.2,0.05,3.0,True,70.0,70.0,0.0,0.0,,,,,222449.0,,,,0.5776456298787203,0.5776456298787203,31.0,7.994202913500146e-05,31,31,47001,0.02,0.02,0.0,True,0.2,0.12,800,32,0.0,0.0,0.0,1.056649923324585,C:/Users/efasllija/dev/gossip-poc/out_nb_incremental_clean0104/scenario_group_highfanout_connectivity/adoption_0.2/permanent_fork_sth_proof_n12000_pg0p005_a0p2_ff0p05_s47001_drop0_pc0p02_pgc0p02,0.2
permanent_fork,sth_proof,12000,6.0,5.0,0.005,0.2,0.05,3.0,True,30.0,30.0,0.0,0.0,,,,,189625.0,,,,1.1861820462157897,1.1861820462157897,39.0,9.705017245069104e-05,39,39,47002,0.02,0.02,0.0,True,0.2,0.12,800,32,0.0,0.0,0.0,1.124399185180664,C:/Users/efasllija/dev/gossip-poc/out_nb_incremental_clean0104/scenario_group_highfanout_connectivity/adoption_0.2/permanent_fork_sth_proof_n12000_pg0p005_a0p2_ff0p05_s47002_drop0_pc0p02_pgc0p02,0.2
permanent_fork,sth_proof,12000,6.0,5.0,0.005,0.2,0.05,3.0,True,20.0,20.0,0.0,0.0,,,,,177025.0,,,,1.1105625038255156,1.1105625038255156,14.0,3.5704813008793584e-05,14,14,47003,0.02,0.02,0.0,True,0.2,0.12,800,32,0.0,0.0,0.0,1.0753371715545654,C:/Users/efasllija/dev/gossip-poc/out_nb_incremental_clean0104/scenario_group_highfanout_connectivity/adoption_0.2/permanent_fork_sth_proof_n12000_pg0p005_a0p2_ff0p05_s47003_drop0_pc0p02_pgc0p02,0.2
permanent_fork,sth_proof,12000,6.0,5.0,0.005,0.2,0.05,3.0,True,120.0,120.0,0.0,0.0,,,,,294772.0,,,,0.7060480273308913,0.7060480273308913,5.0,1.270967791134237e-05,5,5,47004,0.02,0.02,0.0,True,0.2,0.12,800,32,0.0,0.0,0.0,1.1186959743499756,C:/Users/efasllija/dev/gossip-poc/out_nb_incremental_clean0104/scenario_group_highfanout_connectivity/adoption_0.2/permanent_fork_sth_proof_n12000_pg0p005_a0p2_ff0p05_s47004_drop0_pc0p02_pgc0p02,0.2
permanent_fork,sth_proof,12000,6.0,5.0,0.005,0.2,0.05,3.0,True,50.0,50.0,0.0,0.0,,,,,196711.0,,,,0.9064443323331829,0.9064443323331829,30.0,7.965800164626536e-05,30,30,47005,0.02,0.02,0.0,True,0.2,0.12,800,32,0.0,0.0,0.0,1.1179025173187256,C:/Users/efasllija/dev/gossip-poc/out_nb_incremental_clean0104/scenario_group_highfanout_connectivity/adoption_0.2/permanent_fork_sth_proof_n12000_pg0p005_a0p2_ff0p05_s47005_drop0_pc0p02_pgc0p02,0.2
permanent_fork,sth_proof,12000,6.0,5.0,0.005,0.2,0.05,3.0,True,30.0,30.0,0.0,0.0,,,,,177463.0,,,,0.8293714629296568,0.8293714629296568,39.0,0.0001028486437164753,39,39,47006,0.02,0.02,0.0,True,0.2,0.12,800,32,0.0,0.0,0.0,1.105626106262207,C:/Users/efasllija/dev/gossip-poc/out_nb_incremental_clean0104/scenario_group_highfanout_connectivity/adoption_0.2/permanent_fork_sth_proof_n12000_pg0p005_a0p2_ff0p05_s47006_drop0_pc0p02_pgc0p02,0.2
permanent_fork,sth_proof,12000,6.0,5.0,0.005,0.2,0.05,3.0,True,5.0,5.0,0.0,0.0,,,,,159695.0,,,,1.2163041581556717,1.2163041581556717,9.0,2.3095162333329913e-05,9,9,47007,0.02,0.02,0.0,True,0.2,0.12,800,32,0.0,0.0,0.0,1.1015443801879883,C:/Users/efasllija/dev/gossip-poc/out_nb_incremental_clean0104/scenario_group_highfanout_connectivity/adoption_0.2/permanent_fork_sth_proof_n12000_pg0p005_a0p2_ff0p05_s47007_drop0_pc0p02_pgc0p02,0.2
permanent_fork,sth_proof,12000,6.0,5.0,0.005,0.2,0.05,3.0,True,0.0,0.0,0.0,0.0,,,,,151861.0,,,,1.2647649489522328,1.2647649489522328,14.0,3.680065610312595e-05,14,14,47008,0.02,0.02,0.0,True,0.2,0.12,800,32,0.0,0.0,0.0,1.0857126712799072,C:/Users/efasllija/dev/gossip-poc/out_nb_incremental_clean0104/scenario_group_highfanout_connectivity/adoption_0.2/permanent_fork_sth_proof_n12000_pg0p005_a0p2_ff0p05_s47008_drop0_pc0p02_pgc0p02,0.2
permanent_fork,sth_proof,12000,6.0,5.0,0.005,0.2,0.05,3.0,True,65.0,65.0,0.0,0.0,,,,,219853.0,,,,0.4923640526617058,0.4923640526617058,31.0,7.886535648413153e-05,31,31,47009,0.02,0.02,0.0,True,0.2,0.12,800,32,0.0,0.0,0.0,1.1078124046325684,C:/Users/efasllija/dev/gossip-poc/out_nb_incremental_clean0104/scenario_group_highfanout_connectivity/adoption_0.2/permanent_fork_sth_proof_n12000_pg0p005_a0p2_ff0p05_s47009_drop0_pc0p02_pgc0p02,0.2
permanent_fork,sth_proof,12000,6.0,5.0,0.005,0.2,0.05,3.0,True,5.0,5.0,0.0,0.0,,,,,160012.0,,,,1.012320312356309,1.012320312356309,10.0,2.627492505077629e-05,10,10,47010,0.02,0.02,0.0,True,0.2,0.12,800,32,0.0,0.0,0.0,1.0706708431243896,C:/Users/efasllija/dev/gossip-poc/out_nb_incremental_clean0104/scenario_group_highfanout_connectivity/adoption_0.2/permanent_fork_sth_proof_n12000_pg0p005_a0p2_ff0p05_s47010_drop0_pc0p02_pgc0p02,0.2
permanent_fork,sth_proof,12000,6.0,5.0,0.005,0.2,0.05,3.0,True,10.0,10.0,0.0,0.0,,,,,166450.0,,,,0.9197135087517714,0.9197135087517714,11.0,2.8087377277311782e-05,11,11,47011,0.02,0.02,0.0,True,0.2,0.12,800,32,0.0,0.0,0.0,1.1091394424438477,C:/Users/efasllija/dev/gossip-poc/out_nb_incremental_clean0104/scenario_group_highfanout_connectivity/adoption_0.2/permanent_fork_sth_proof_n12000_pg0p005_a0p2_ff0p05_s47011_drop0_pc0p02_pgc0p02,0.2
permanent_fork,sth_proof,12000,6.0,5.0,0.005,0.2,0.05,3.0,True,15.0,15.0,0.0,0.0,,,,,172040.0,,,,0.4488006242291525,0.4488006242291525,27.0,6.796043192630068e-05,27,27,47012,0.02,0.02,0.0,True,0.2,0.12,800,32,0.0,0.0,0.0,1.0878336429595947,C:/Users/efasllija/dev/gossip-poc/out_nb_incremental_clean0104/scenario_group_highfanout_connectivity/adoption_0.2/permanent_fork_sth_proof_n12000_pg0p005_a0p2_ff0p05_s47012_drop0_pc0p02_pgc0p02,0.2
permanent_fork,sth_proof,12000,6.0,5.0,0.005,0.2,0.05,3.0,True,25.0,25.0,0.0,0.0,,,,,178153.0,,,,0.9876901907726304,0.9876901907726304,10.0,2.5576167104445394e-05,10,10,47013,0.02,0.02,0.0,True,0.2,0.12,800,32,0.0,0.0,0.0,1.0886738300323486,C:/Users/efasllija/dev/gossip-poc/out_nb_incremental_clean0104/scenario_group_highfanout_connectivity/adoption_0.2/permanent_fork_sth_proof_n12000_pg0p005_a0p2_ff0p05_s47013_drop0_pc0p02_pgc0p02,0.2
permanent_fork,sth_proof,12000,6.0,5.0,0.005,0.2,0.05,3.0,True,35.0,35.0,0.0,0.0,,,,,186843.0,,,,0.6759756243157358,0.6759756243157358,7.0,1.7781345336588167e-05,7,7,47014,0.02,0.02,0.0,True,0.2,0.12,800,32,0.0,0.0,0.0,1.0988118648529053,C:/Users/efasllija/dev/gossip-poc/out_nb_incremental_clean0104/scenario_group_highfanout_connectivity/adoption_0.2/permanent_fork_sth_proof_n12000_pg0p005_a0p2_ff0p05_s47014_drop0_pc0p02_pgc0p02,0.2
permanent_fork,sth_proof,12000,6.0,5.0,0.005,0.2,0.05,3.0,True,0.0,0.0,0.0,0.0,,,,,325265.0,,,,0.7313879436717681,0.7313879436717681,14.0,1.690523168620026e-05,14,14,47000,0.02,0.02,0.0,True,0.2,0.12,800,64,0.0,0.0,0.0,1.198267936706543,C:/Users/efasllija/dev/gossip-poc/out_nb_incremental_clean0104/scenario_group_highfanout_connectivity/adoption_0.2/permanent_fork_sth_proof_n12000_pg0p005_a0p2_ff0p05_s47000_drop0_pc0p02_pgc0p02,0.2
permanent_fork,sth_proof,12000,6.0,5.0,0.005,0.2,0.05,3.0,True,5.0,5.0,0.0,0.0,,,,,343392.0,,,,0.9572969898034791,0.9572969898034791,31.0,3.704783712336691e-05,31,31,47001,0.02,0.02,0.0,True,0.2,0.12,800,64,0.0,0.0,0.0,1.2027537822723389,C:/Users/efasllija/dev/gossip-poc/out_nb_incremental_clean0104/scenario_group_highfanout_connectivity/adoption_0.2/permanent_fork_sth_proof_n12000_pg0p005_a0p2_ff0p05_s47001_drop0_pc0p02_pgc0p02,0.2
permanent_fork,sth_proof,12000,6.0,5.0,0.005,0.2,0.05,3.0,True,55.0,55.0,0.0,0.0,,,,,457155.0,,,,1.1867239534024592,1.1867239534024592,16.0,1.9005828850135477e-05,16,16,47002,0.02,0.02,0.0,True,0.2,0.12,800,64,0.0,0.0,0.0,1.2222678661346436,C:/Users/efasllija/dev/gossip-poc/out_nb_incremental_clean0104/scenario_group_highfanout_connectivity/adoption_0.2/permanent_fork_sth_proof_n12000_pg0p005_a0p2_ff0p05_s47002_drop0_pc0p02_pgc0p02,0.2
permanent_fork,sth_proof,12000,6.0,5.0,0.005,0.2,0.05,3.0,True,40.0,40.0,0.0,0.0,,,,,414970.0,,,,1.0240937300900037,1.0240937300900037,26.0,3.131402061185188e-05,26,26,47003,0.02,0.02,0.0,True,0.2,0.12,800,64,0.0,0.0,0.0,1.1977620124816895,C:/Users/efasllija/dev/gossip-poc/out_nb_incremental_clean0104/scenario_group_highfanout_connectivity/adoption_0.2/permanent_fork_sth_proof_n12000_pg0p005_a0p2_ff0p05_s47003_drop0_pc0p02_pgc0p02,0.2
permanent_fork,sth_proof,12000,6.0,5.0,0.005,0.2,0.05,3.0,True,10.0,10.0,0.0,0.0,,,,,369354.0,,,,0.7766066678893039,0.7766066678893039,182.0,0.00021259869193398227,182,182,47004,0.02,0.02,0.0,True,0.2,0.12,800,64,0.0,0.0,0.0,1.2249865531921387,C:/Users/efasllija/dev/gossip-poc/out_nb_incremental_clean0104/scenario_group_highfanout_connectivity/adoption_0.2/permanent_fork_sth_proof_n12000_pg0p005_a0p2_ff0p05_s47004_drop0_pc0p02_pgc0p02,0.2
permanent_fork,sth_proof,12000,6.0,5.0,0.005,0.2,0.05,3.0,True,50.0,50.0,0.0,0.0,,,,,427307.0,,,,0.8413614449510438,0.8413614449510438,79.0,9.571940401948799e-05,79,79,47005,0.02,0.02,0.0,True,0.2,0.12,800,64,0.0,0.0,0.0,1.197143316268921,C:/Users/efasllija/dev/gossip-poc/out_nb_incremental_clean0104/scenario_group_highfanout_connectivity/adoption_0.2/permanent_fork_sth_proof_n12000_pg0p005_a0p2_ff0p05_s47005_drop0_pc0p02_pgc0p02,0.2
permanent_fork,sth_proof,12000,6.0,5.0,0.005,0.2,0.05,3.0,True,0.0,0.0,0.0,0.0,,,,,321639.0,,,,0.9083843434299778,0.9083843434299778,33.0,4.075045041596331e-05,33,33,47006,0.02,0.02,0.0,True,0.2,0.12,800,64,0.0,0.0,0.0,1.1961381435394287,C:/Users/efasllija/dev/gossip-poc/out_nb_incremental_clean0104/scenario_group_highfanout_connectivity/adoption_0.2/permanent_fork_sth_proof_n12000_pg0p005_a0p2_ff0p05_s47006_drop0_pc0p02_pgc0p02,0.2
permanent_fork,sth_proof,12000,6.0,5.0,0.005,0.2,0.05,3.0,True,15.0,15.0,0.0,0.0,,,,,358257.0,,,,0.8842992899103408,0.8842992899103408,26.0,3.144665498302485e-05,26,26,47007,0.02,0.02,0.0,True,0.2,0.12,800,64,0.0,0.0,0.0,1.2213175296783447,C:/Users/efasllija/dev/gossip-poc/out_nb_incremental_clean0104/scenario_group_highfanout_connectivity/adoption_0.2/permanent_fork_sth_proof_n12000_pg0p005_a0p2_ff0p05_s47007_drop0_pc0p02_pgc0p02,0.2
permanent_fork,sth_proof,12000,6.0,5.0,0.005,0.2,0.05,3.0,True,10.0,10.0,0.0,0.0,,,,,340646.0,,,,1.0583409152580248,1.0583409152580248,26.0,3.19238934380437e-05,26,26,47008,0.02,0.02,0.0,True,0.2,0.12,800,64,0.0,0.0,0.0,1.147761583328247,C:/Users/efasllija/dev/gossip-poc/out_nb_incremental_clean0104/scenario_group_highfanout_connectivity/adoption_0.2/permanent_fork_sth_proof_n12000_pg0p005_a0p2_ff0p05_s47008_drop0_pc0p02_pgc0p02,0.2
permanent_fork,sth_proof,12000,6.0,5.0,0.005,0.2,0.05,3.0,True,0.0,0.0,0.0,0.0,,,,,344608.0,,,,0.8624403678748832,0.8624403678748832,23.0,2.693252582595031e-05,23,23,47009,0.02,0.02,0.0,True,0.2,0.12,800,64,0.0,0.0,0.0,1.142256259918213,C:/Users/efasllija/dev/gossip-poc/out_nb_incremental_clean0104/scenario_group_highfanout_connectivity/adoption_0.2/permanent_fork_sth_proof_n12000_pg0p005_a0p2_ff0p05_s47009_drop0_pc0p02_pgc0p02,0.2
permanent_fork,sth_proof,12000,6.0,5.0,0.005,0.2,0.05,3.0,True,5.0,5.0,0.0,0.0,,,,,337663.0,,,,0.9897609907120744,0.9897609907120744,24.0,2.9721362229102167e-05,24,24,47010,0.02,0.02,0.0,True,0.2,0.12,800,64,0.0,0.0,0.0,1.1468689441680908,C:/Users/efasllija/dev/gossip-poc/out_nb_incremental_clean0104/scenario_group_highfanout_connectivity/adoption_0.2/permanent_fork_sth_proof_n12000_pg0p005_a0p2_ff0p05_s47010_drop0_pc0p02_pgc0p02,0.2
permanent_fork,sth_proof,12000,6.0,5.0,0.005,0.2,0.05,3.0,True,60.0,60.0,0.0,0.0,,,,,459579.0,,,,0.8866754337995709,0.8866754337995709,61.0,7.299296276042632e-05,61,61,47011,0.02,0.02,0.0,True,0.2,0.12,800,64,0.0,0.0,0.0,1.263031005859375,C:/Users/efasllija/dev/gossip-poc/out_nb_incremental_clean0104/scenario_group_highfanout_connectivity/adoption_0.2/permanent_fork_sth_proof_n12000_pg0p005_a0p2_ff0p05_s47011_drop0_pc0p02_pgc0p02,0.2
permanent_fork,sth_proof,12000,6.0,5.0,0.005,0.2,0.05,3.0,True,35.0,35.0,0.0,0.0,,,,,392243.0,,,,0.9940362964567745,0.9940362964567745,94.0,0.00011189383893477066,94,94,47012,0.02,0.02,0.0,True,0.2,0.12,800,64,0.0,0.0,0.0,1.2177190780639648,C:/Users/efasllija/dev/gossip-poc/out_nb_incremental_clean0104/scenario_group_highfanout_connectivity/adoption_0.2/permanent_fork_sth_proof_n12000_pg0p005_a0p2_ff0p05_s47012_drop0_pc0p02_pgc0p02,0.2
permanent_fork,sth_proof,12000,6.0,5.0,0.005,0.2,0.05,3.0,True,0.0,0.0,0.0,0.0,,,,,328449.0,,,,0.9884405350925417,0.9884405350925417,111.0,0.0001356056441268096,111,111,47013,0.02,0.02,0.0,True,0.2,0.12,800,64,0.0,0.0,0.0,1.2369723320007324,C:/Users/efasllija/dev/gossip-poc/out_nb_incremental_clean0104/scenario_group_highfanout_connectivity/adoption_0.2/permanent_fork_sth_proof_n12000_pg0p005_a0p2_ff0p05_s47013_drop0_pc0p02_pgc0p02,0.2
permanent_fork,sth_proof,12000,6.0,5.0,0.005,0.2,0.05,3.0,True,55.0,55.0,0.0,0.0,,,,,449139.0,,,,1.042308213089372,1.042308213089372,31.0,3.650000294354862e-05,31,31,47014,0.02,0.02,0.0,True,0.2,0.12,800,64,0.0,0.0,0.0,1.234964370727539,C:/Users/efasllija/dev/gossip-poc/out_nb_incremental_clean0104/scenario_group_highfanout_connectivity/adoption_0.2/permanent_fork_sth_proof_n12000_pg0p005_a0p2_ff0p05_s47014_drop0_pc0p02_pgc0p02,0.2
permanent_fork,sth_proof,12000,6.0,5.0,0.005,0.2,0.05,3.0,True,55.0,55.0,0.0,0.0,,,,,41680.0,,,,0.8918928883044744,0.8918928883044744,5.0,6.1445442591523e-05,5,5,47000,0.02,0.02,0.0,True,0.2,0.16,800,8,0.0,0.0,0.0,0.9210410118103027,C:/Users/efasllija/dev/gossip-poc/out_nb_incremental_clean0104/scenario_group_highfanout_connectivity/adoption_0.2/permanent_fork_sth_proof_n12000_pg0p005_a0p2_ff0p05_s47000_drop0_pc0p02_pgc0p02,0.2
permanent_fork,sth_proof,12000,6.0,5.0,0.005,0.2,0.05,3.0,False,,,0.0,0.0,,,,,,,,,0.857118941993806,0.857118941993806,0.0,0.0,0,0,47001,0.02,0.02,0.0,True,0.2,0.16,800,8,0.0,0.0,0.0,0.9648282527923584,C:/Users/efasllija/dev/gossip-poc/out_nb_incremental_clean0104/scenario_group_highfanout_connectivity/adoption_0.2/permanent_fork_sth_proof_n12000_pg0p005_a0p2_ff0p05_s47001_drop0_pc0p02_pgc0p02,0.2
permanent_fork,sth_proof,12000,6.0,5.0,0.005,0.2,0.05,3.0,True,0.0,0.0,0.0,0.0,,,,,33048.0,,,,1.4935804979547442,1.4935804979547442,11.0,0.00013004516113777694,11,11,47002,0.02,0.02,0.0,True,0.2,0.16,800,8,0.0,0.0,0.0,0.9559707641601562,C:/Users/efasllija/dev/gossip-poc/out_nb_incremental_clean0104/scenario_group_highfanout_connectivity/adoption_0.2/permanent_fork_sth_proof_n12000_pg0p005_a0p2_ff0p05_s47002_drop0_pc0p02_pgc0p02,0.2
permanent_fork,sth_proof,12000,6.0,5.0,0.005,0.2,0.05,3.0,True,45.0,45.0,0.0,0.0,,,,,42033.0,,,,0.6080947680157947,0.6080947680157947,2.0,2.4679170779861795e-05,2,2,47003,0.02,0.02,0.0,True,0.2,0.16,800,8,0.0,0.0,0.0,0.9546871185302734,C:/Users/efasllija/dev/gossip-poc/out_nb_incremental_clean0104/scenario_group_highfanout_connectivity/adoption_0.2/permanent_fork_sth_proof_n12000_pg0p005_a0p2_ff0p05_s47003_drop0_pc0p02_pgc0p02,0.2
permanent_fork,sth_proof,12000,6.0,5.0,0.005,0.2,0.05,3.0,True,140.0,140.0,0.0,0.0,,,,,72042.0,,,,0.7173572514300964,0.7173572514300964,1.0,1.1603216411589292e-05,1,1,47004,0.02,0.02,0.0,True,0.2,0.16,800,8,0.0,0.0,0.0,0.955378532409668,C:/Users/efasllija/dev/gossip-poc/out_nb_incremental_clean0104/scenario_group_highfanout_connectivity/adoption_0.2/permanent_fork_sth_proof_n12000_pg0p005_a0p2_ff0p05_s47004_drop0_pc0p02_pgc0p02,0.2
permanent_fork,sth_proof,12000,6.0,5.0,0.005,0.2,0.05,3.0,True,75.0,75.0,0.0,0.0,,,,,51919.0,,,,0.9830461495819283,0.9830461495819283,4.0,4.619577770591768e-05,4,4,47005,0.02,0.02,0.0,True,0.2,0.16,800,8,0.0,0.0,0.0,0.9720451831817627,C:/Users/efasllija/dev/gossip-poc/out_nb_incremental_clean0104/scenario_group_highfanout_connectivity/adoption_0.2/permanent_fork_sth_proof_n12000_pg0p005_a0p2_ff0p05_s47005_drop0_pc0p02_pgc0p02,0.2
permanent_fork,sth_proof,12000,6.0,5.0,0.005,0.2,0.05,3.0,True,95.0,95.0,0.0,0.0,,,,,51369.0,,,,1.0851015516588873,1.0851015516588873,5.0,6.307556452630251e-05,5,5,47006,0.02,0.02,0.0,True,0.2,0.16,800,8,0.0,0.0,0.0,0.9215731620788574,C:/Users/efasllija/dev/gossip-poc/out_nb_incremental_clean0104/scenario_group_highfanout_connectivity/adoption_0.2/permanent_fork_sth_proof_n12000_pg0p005_a0p2_ff0p05_s47006_drop0_pc0p02_pgc0p02,0.2
permanent_fork,sth_proof,12000,6.0,5.0,0.005,0.2,0.05,3.0,True,60.0,60.0,0.0,0.0,,,,,44511.0,,,,1.3482349800381035,1.3482349800381035,14.0,0.0001698884803475433,14,14,47007,0.02,0.02,0.0,True,0.2,0.16,800,8,0.0,0.0,0.0,0.9221048355102539,C:/Users/efasllija/dev/gossip-poc/out_nb_incremental_clean0104/scenario_group_highfanout_connectivity/adoption_0.2/permanent_fork_sth_proof_n12000_pg0p005_a0p2_ff0p05_s47007_drop0_pc0p02_pgc0p02,0.2
permanent_fork,sth_proof,12000,6.0,5.0,0.005,0.2,0.05,3.0,True,90.0,90.0,0.0,0.0,,,,,52863.0,,,,0.8533958531760568,0.8533958531760568,3.0,3.663272034581288e-05,3,3,47008,0.02,0.02,0.0,True,0.2,0.16,800,8,0.0,0.0,0.0,0.9484314918518066,C:/Users/efasllija/dev/gossip-poc/out_nb_incremental_clean0104/scenario_group_highfanout_connectivity/adoption_0.2/permanent_fork_sth_proof_n12000_pg0p005_a0p2_ff0p05_s47008_drop0_pc0p02_pgc0p02,0.2
permanent_fork,sth_proof,12000,6.0,5.0,0.005,0.2,0.05,3.0,True,55.0,55.0,0.0,0.0,,,,,43769.0,,,,0.8356362743894956,0.8356362743894956,7.0,8.590011044299913e-05,7,7,47009,0.02,0.02,0.0,True,0.2,0.16,800,8,0.0,0.0,0.0,0.9908666610717773,C:/Users/efasllija/dev/gossip-poc/out_nb_incremental_clean0104/scenario_group_highfanout_connectivity/adoption_0.2/permanent_fork_sth_proof_n12000_pg0p005_a0p2_ff0p05_s47009_drop0_pc0p02_pgc0p02,0.2
permanent_fork,sth_proof,12000,6.0,5.0,0.005,0.2,0.05,3.0,True,40.0,40.0,0.0,0.0,,,,,42314.0,,,,0.8846908792424549,0.8846908792424549,5.0,5.9480615267484326e-05,5,5,47010,0.02,0.02,0.0,True,0.2,0.16,800,8,0.0,0.0,0.0,0.9693293571472168,C:/Users/efasllija/dev/gossip-poc/out_nb_incremental_clean0104/scenario_group_highfanout_connectivity/adoption_0.2/permanent_fork_sth_proof_n12000_pg0p005_a0p2_ff0p05_s47010_drop0_pc0p02_pgc0p02,0.2
permanent_fork,sth_proof,12000,6.0,5.0,0.005,0.2,0.05,3.0,True,15.0,15.0,0.0,0.0,,,,,38319.0,,,,0.6326123501064664,0.6326123501064664,8.0,8.965594530987336e-05,8,8,47011,0.02,0.02,0.0,True,0.2,0.16,800,8,0.0,0.0,0.0,1.026942253112793,C:/Users/efasllija/dev/gossip-poc/out_nb_incremental_clean0104/scenario_group_highfanout_connectivity/adoption_0.2/permanent_fork_sth_proof_n12000_pg0p005_a0p2_ff0p05_s47011_drop0_pc0p02_pgc0p02,0.2
permanent_fork,sth_proof,12000,6.0,5.0,0.005,0.2,0.05,3.0,True,30.0,30.0,0.0,0.0,,,,,39294.0,,,,0.724806985403457,0.724806985403457,2.0,2.379224610699373e-05,2,2,47012,0.02,0.02,0.0,True,0.2,0.16,800,8,0.0,0.0,0.0,1.0135064125061035,C:/Users/efasllija/dev/gossip-poc/out_nb_incremental_clean0104/scenario_group_highfanout_connectivity/adoption_0.2/permanent_fork_sth_proof_n12000_pg0p005_a0p2_ff0p05_s47012_drop0_pc0p02_pgc0p02,0.2
permanent_fork,sth_proof,12000,6.0,5.0,0.005,0.2,0.05,3.0,True,90.0,90.0,0.0,0.0,,,,,52542.0,,,,0.8453865947800515,0.8453865947800515,2.0,2.4506800637176815e-05,2,2,47013,0.02,0.02,0.0,True,0.2,0.16,800,8,0.0,0.0,0.0,0.9567961692810059,C:/Users/efasllija/dev/gossip-poc/out_nb_incremental_clean0104/scenario_group_highfanout_connectivity/adoption_0.2/permanent_fork_sth_proof_n12000_pg0p005_a0p2_ff0p05_s47013_drop0_pc0p02_pgc0p02,0.2
permanent_fork,sth_proof,12000,6.0,5.0,0.005,0.2,0.05,3.0,True,145.0,145.0,0.0,0.0,,,,,74126.0,,,,0.9059968516241712,0.9059968516241712,3.0,3.4471268197957e-05,3,3,47014,0.02,0.02,0.0,True,0.2,0.16,800,8,0.0,0.0,0.0,0.9683716297149658,C:/Users/efasllija/dev/gossip-poc/out_nb_incremental_clean0104/scenario_group_highfanout_connectivity/adoption_0.2/permanent_fork_sth_proof_n12000_pg0p005_a0p2_ff0p05_s47014_drop0_pc0p02_pgc0p02,0.2
permanent_fork,sth_proof,12000,6.0,5.0,0.005,0.2,0.05,3.0,True,20.0,20.0,0.0,0.0,,,,,220645.0,,,,0.4684210106234386,0.4684210106234386,15.0,2.9930799990422143e-05,15,15,47000,0.02,0.02,0.0,True,0.2,0.16,800,32,0.0,0.0,0.0,1.3778319358825684,C:/Users/efasllija/dev/gossip-poc/out_nb_incremental_clean0104/scenario_group_highfanout_connectivity/adoption_0.2/permanent_fork_sth_proof_n12000_pg0p005_a0p2_ff0p05_s47000_drop0_pc0p02_pgc0p02,0.2
permanent_fork,sth_proof,12000,6.0,5.0,0.005,0.2,0.05,3.0,True,0.0,0.0,0.0,0.0,,,,,205990.0,,,,1.075957389613473,1.075957389613473,17.0,3.3356813914108166e-05,17,17,47001,0.02,0.02,0.0,True,0.2,0.16,800,32,0.0,0.0,0.0,1.2307984828948975,C:/Users/efasllija/dev/gossip-poc/out_nb_incremental_clean0104/scenario_group_highfanout_connectivity/adoption_0.2/permanent_fork_sth_proof_n12000_pg0p005_a0p2_ff0p05_s47001_drop0_pc0p02_pgc0p02,0.2
permanent_fork,sth_proof,12000,6.0,5.0,0.005,0.2,0.05,3.0,True,10.0,10.0,0.0,0.0,,,,,220376.0,,,,0.5847931469553092,0.5847931469553092,15.0,2.8459487918947378e-05,15,15,47002,0.02,0.02,0.0,True,0.2,0.16,800,32,0.0,0.0,0.0,1.1608922481536865,C:/Users/efasllija/dev/gossip-poc/out_nb_incremental_clean0104/scenario_group_highfanout_connectivity/adoption_0.2/permanent_fork_sth_proof_n12000_pg0p005_a0p2_ff0p05_s47002_drop0_pc0p02_pgc0p02,0.2
permanent_fork,sth_proof,12000,6.0,5.0,0.005,0.2,0.05,3.0,True,55.0,55.0,0.0,0.0,,,,,273990.0,,,,1.1793272469853049,1.1793272469853049,91.0,0.00017770834350436948,91,91,47003,0.02,0.02,0.0,True,0.2,0.16,800,32,0.0,0.0,0.0,1.1154351234436035,C:/Users/efasllija/dev/gossip-poc/out_nb_incremental_clean0104/scenario_group_highfanout_connectivity/adoption_0.2/permanent_fork_sth_proof_n12000_pg0p005_a0p2_ff0p05_s47003_drop0_pc0p02_pgc0p02,0.2
permanent_fork,sth_proof,12000,6.0,5.0,0.005,0.2,0.05,3.0,True,0.0,0.0,0.0,0.0,,,,,207395.0,,,,0.2748545796556215,0.2748545796556215,36.0,6.945449283750543e-05,36,36,47004,0.02,0.02,0.0,True,0.2,0.16,800,32,0.0,0.0,0.0,1.1702802181243896,C:/Users/efasllija/dev/gossip-poc/out_nb_incremental_clean0104/scenario_group_highfanout_connectivity/adoption_0.2/permanent_fork_sth_proof_n12000_pg0p005_a0p2_ff0p05_s47004_drop0_pc0p02_pgc0p02,0.2
permanent_fork,sth_proof,12000,6.0,5.0,0.005,0.2,0.05,3.0,True,5.0,5.0,0.0,0.0,,,,,207103.0,,,,1.133322375146833,1.133322375146833,39.0,7.817730613030353e-05,39,39,47005,0.02,0.02,0.0,True,0.2,0.16,800,32,0.0,0.0,0.0,1.1550822257995605,C:/Users/efasllija/dev/gossip-poc/out_nb_incremental_clean0104/scenario_group_highfanout_connectivity/adoption_0.2/permanent_fork_sth_proof_n12000_pg0p005_a0p2_ff0p05_s47005_drop0_pc0p02_pgc0p02,0.2
permanent_fork,sth_proof,12000,6.0,5.0,0.005,0.2,0.05,3.0,True,75.0,75.0,0.0,0.0,,,,,295921.0,,,,1.0619867251659354,1.0619867251659354,17.0,3.415135882230044e-05,17,17,47006,0.02,0.02,0.0,True,0.2,0.16,800,32,0.0,0.0,0.0,1.2689039707183838,C:/Users/efasllija/dev/gossip-poc/out_nb_incremental_clean0104/scenario_group_highfanout_connectivity/adoption_0.2/permanent_fork_sth_proof_n12000_pg0p005_a0p2_ff0p05_s47006_drop0_pc0p02_pgc0p02,0.2
permanent_fork,sth_proof,12000,6.0,5.0,0.005,0.2,0.05,3.0,True,5.0,5.0,0.0,0.0,,,,,211432.0,,,,0.877236213866813,0.877236213866813,10.0,1.9464379212821577e-05,10,10,47007,0.02,0.02,0.0,True,0.2,0.16,800,32,0.0,0.0,0.0,1.537290334701538,C:/Users/efasllija/dev/gossip-poc/out_nb_incremental_clean0104/scenario_group_highfanout_connectivity/adoption_0.2/permanent_fork_sth_proof_n12000_pg0p005_a0p2_ff0p05_s47007_drop0_pc0p02_pgc0p02,0.2
permanent_fork,sth_proof,12000,6.0,5.0,0.005,0.2,0.05,3.0,True,5.0,5.0,0.0,0.0,,,,,204217.0,,,,0.9802101011234379,0.9802101011234379,52.0,0.00010418899884390284,52,52,47008,0.02,0.02,0.0,True,0.2,0.16,800,32,0.0,0.0,0.0,1.2988181114196777,C:/Users/efasllija/dev/gossip-poc/out_nb_incremental_clean0104/scenario_group_highfanout_connectivity/adoption_0.2/permanent_fork_sth_proof_n12000_pg0p005_a0p2_ff0p05_s47008_drop0_pc0p02_pgc0p02,0.2
permanent_fork,sth_proof,12000,6.0,5.0,0.005,0.2,0.05,3.0,True,15.0,15.0,0.0,0.0,,,,,221805.0,,,,0.829637631535798,0.829637631535798,16.0,3.086449522082582e-05,16,16,47009,0.02,0.02,0.0,True,0.2,0.16,800,32,0.0,0.0,0.0,1.2740986347198486,C:/Users/efasllija/dev/gossip-poc/out_nb_incremental_clean0104/scenario_group_highfanout_connectivity/adoption_0.2/permanent_fork_sth_proof_n12000_pg0p005_a0p2_ff0p05_s47009_drop0_pc0p02_pgc0p02,0.2
permanent_fork,sth_proof,12000,6.0,5.0,0.005,0.2,0.05,3.0,True,30.0,30.0,0.0,0.0,,,,,241622.0,,,,0.7874475215109846,0.7874475215109846,6.0,1.1876320003483721e-05,6,6,47010,0.02,0.02,0.0,True,0.2,0.16,800,32,0.0,0.0,0.0,1.261906623840332,C:/Users/efasllija/dev/gossip-poc/out_nb_incremental_clean0104/scenario_group_highfanout_connectivity/adoption_0.2/permanent_fork_sth_proof_n12000_pg0p005_a0p2_ff0p05_s47010_drop0_pc0p02_pgc0p02,0.2
permanent_fork,sth_proof,12000,6.0,5.0,0.005,0.2,0.05,3.0,True,60.0,60.0,0.0,0.0,,,,,286613.0,,,,0.695421932067379,0.695421932067379,20.0,3.8710251829543276e-05,20,20,47011,0.02,0.02,0.0,True,0.2,0.16,800,32,0.0,0.0,0.0,1.279714822769165,C:/Users/efasllija/dev/gossip-poc/out_nb_incremental_clean0104/scenario_group_highfanout_connectivity/adoption_0.2/permanent_fork_sth_proof_n12000_pg0p005_a0p2_ff0p05_s47011_drop0_pc0p02_pgc0p02,0.2
permanent_fork,sth_proof,12000,6.0,5.0,0.005,0.2,0.05,3.0,True,0.0,0.0,0.0,0.0,,,,,204091.0,,,,0.7981297656663665,0.7981297656663665,10.0,1.9115232355206892e-05,10,10,47012,0.02,0.02,0.0,True,0.2,0.16,800,32,0.0,0.0,0.0,1.3137142658233643,C:/Users/efasllija/dev/gossip-poc/out_nb_incremental_clean0104/scenario_group_highfanout_connectivity/adoption_0.2/permanent_fork_sth_proof_n12000_pg0p005_a0p2_ff0p05_s47012_drop0_pc0p02_pgc0p02,0.2
permanent_fork,sth_proof,12000,6.0,5.0,0.005,0.2,0.05,3.0,True,20.0,20.0,0.0,0.0,,,,,228103.0,,,,1.1761405540546621,1.1761405540546621,22.0,4.303793011031404e-05,22,22,47013,0.02,0.02,0.0,True,0.2,0.16,800,32,0.0,0.0,0.0,1.4369292259216309,C:/Users/efasllija/dev/gossip-poc/out_nb_incremental_clean0104/scenario_group_highfanout_connectivity/adoption_0.2/permanent_fork_sth_proof_n12000_pg0p005_a0p2_ff0p05_s47013_drop0_pc0p02_pgc0p02,0.2
permanent_fork,sth_proof,12000,6.0,5.0,0.005,0.2,0.05,3.0,True,0.0,0.0,0.0,0.0,,,,,211555.0,,,,1.0459197606126225,1.0459197606126225,18.0,3.461578402827725e-05,18,18,47014,0.02,0.02,0.0,True,0.2,0.16,800,32,0.0,0.0,0.0,1.3391048908233643,C:/Users/efasllija/dev/gossip-poc/out_nb_incremental_clean0104/scenario_group_highfanout_connectivity/adoption_0.2/permanent_fork_sth_proof_n12000_pg0p005_a0p2_ff0p05_s47014_drop0_pc0p02_pgc0p02,0.2
permanent_fork,sth_proof,12000,6.0,5.0,0.005,0.2,0.05,3.0,True,5.0,5.0,0.0,0.0,,,,,446939.0,,,,0.736533929286022,0.736533929286022,27.0,2.438973715993254e-05,27,27,47000,0.02,0.02,0.0,True,0.2,0.16,800,64,0.0,0.0,0.0,1.4768576622009277,C:/Users/efasllija/dev/gossip-poc/out_nb_incremental_clean0104/scenario_group_highfanout_connectivity/adoption_0.2/permanent_fork_sth_proof_n12000_pg0p005_a0p2_ff0p05_s47000_drop0_pc0p02_pgc0p02,0.2
permanent_fork,sth_proof,12000,6.0,5.0,0.005,0.2,0.05,3.0,True,80.0,80.0,0.0,0.0,,,,,661523.0,,,,0.8391087530450088,0.8391087530450088,63.0,5.739283482342138e-05,63,63,47001,0.02,0.02,0.0,True,0.2,0.16,800,64,0.0,0.0,0.0,1.484165906906128,C:/Users/efasllija/dev/gossip-poc/out_nb_incremental_clean0104/scenario_group_highfanout_connectivity/adoption_0.2/permanent_fork_sth_proof_n12000_pg0p005_a0p2_ff0p05_s47001_drop0_pc0p02_pgc0p02,0.2
permanent_fork,sth_proof,12000,6.0,5.0,0.005,0.2,0.05,3.0,True,0.0,0.0,0.0,0.0,,,,,456603.0,,,,1.113189248118704,1.113189248118704,48.0,4.247516972369902e-05,48,48,47002,0.02,0.02,0.0,True,0.2,0.16,800,64,0.0,0.0,0.0,1.4420034885406494,C:/Users/efasllija/dev/gossip-poc/out_nb_incremental_clean0104/scenario_group_highfanout_connectivity/adoption_0.2/permanent_fork_sth_proof_n12000_pg0p005_a0p2_ff0p05_s47002_drop0_pc0p02_pgc0p02,0.2
permanent_fork,sth_proof,12000,6.0,5.0,0.005,0.2,0.05,3.0,True,55.0,55.0,0.0,0.0,,,,,582259.0,,,,0.8408597606653733,0.8408597606653733,27.0,2.4696304060895598e-05,27,27,47003,0.02,0.02,0.0,True,0.2,0.16,800,64,0.0,0.0,0.0,1.4569518566131592,C:/Users/efasllija/dev/gossip-poc/out_nb_incremental_clean0104/scenario_group_highfanout_connectivity/adoption_0.2/permanent_fork_sth_proof_n12000_pg0p005_a0p2_ff0p05_s47003_drop0_pc0p02_pgc0p02,0.2
permanent_fork,sth_proof,12000,6.0,5.0,0.005,0.2,0.05,3.0,True,0.0,0.0,0.0,0.0,,,,,451207.0,,,,0.8682833759390883,0.8682833759390883,149.0,0.00013234727213619156,149,149,47004,0.02,0.02,0.0,True,0.2,0.16,800,64,0.0,0.0,0.0,1.5287199020385742,C:/Users/efasllija/dev/gossip-poc/out_nb_incremental_clean0104/scenario_group_highfanout_connectivity/adoption_0.2/permanent_fork_sth_proof_n12000_pg0p005_a0p2_ff0p05_s47004_drop0_pc0p02_pgc0p02,0.2
permanent_fork,sth_proof,12000,6.0,5.0,0.005,0.2,0.05,3.0,True,25.0,25.0,0.0,0.0,,,,,499874.0,,,,1.2243876588114802,1.2243876588114802,52.0,4.759424805206811e-05,52,52,47005,0.02,0.02,0.0,True,0.2,0.16,800,64,0.0,0.0,0.0,1.5230796337127686,C:/Users/efasllija/dev/gossip-poc/out_nb_incremental_clean0104/scenario_group_highfanout_connectivity/adoption_0.2/permanent_fork_sth_proof_n12000_pg0p005_a0p2_ff0p05_s47005_drop0_pc0p02_pgc0p02,0.2
permanent_fork,sth_proof,12000,6.0,5.0,0.005,0.2,0.05,3.0,True,35.0,35.0,0.0,0.0,,,,,513729.0,,,,1.099255712278145,1.099255712278145,39.0,3.624777866176919e-05,39,39,47006,0.02,0.02,0.0,True,0.2,0.16,800,64,0.0,0.0,0.0,1.4532673358917236,C:/Users/efasllija/dev/gossip-poc/out_nb_incremental_clean0104/scenario_group_highfanout_connectivity/adoption_0.2/permanent_fork_sth_proof_n12000_pg0p005_a0p2_ff0p05_s47006_drop0_pc0p02_pgc0p02,0.2
permanent_fork,sth_proof,12000,6.0,5.0,0.005,0.2,0.05,3.0,True,15.0,15.0,0.0,0.0,,,,,479447.0,,,,0.9628642273093417,0.9628642273093417,30.0,2.70006345149111e-05,30,30,47007,0.02,0.02,0.0,True,0.2,0.16,800,64,0.0,0.0,0.0,1.5124449729919434,C:/Users/efasllija/dev/gossip-poc/out_nb_incremental_clean0104/scenario_group_highfanout_connectivity/adoption_0.2/permanent_fork_sth_proof_n12000_pg0p005_a0p2_ff0p05_s47007_drop0_pc0p02_pgc0p02,0.2
permanent_fork,sth_proof,12000,6.0,5.0,0.005,0.2,0.05,3.0,True,5.0,5.0,0.0,0.0,,,,,445199.0,,,,0.7436190924849747,0.7436190924849747,22.0,2.0242244460065733e-05,22,22,47008,0.02,0.02,0.0,True,0.2,0.16,800,64,0.0,0.0,0.0,1.4758729934692383,C:/Users/efasllija/dev/gossip-poc/out_nb_incremental_clean0104/scenario_group_highfanout_connectivity/adoption_0.2/permanent_fork_sth_proof_n12000_pg0p005_a0p2_ff0p05_s47008_drop0_pc0p02_pgc0p02,0.2
permanent_fork,sth_proof,12000,6.0,5.0,0.005,0.2,0.05,3.0,True,0.0,0.0,0.0,0.0,,,,,445359.0,,,,0.9145090584457404,0.9145090584457404,151.0,0.00013413339610657832,151,151,47009,0.02,0.02,0.0,True,0.2,0.16,800,64,0.0,0.0,0.0,1.5028724670410156,C:/Users/efasllija/dev/gossip-poc/out_nb_incremental_clean0104/scenario_group_highfanout_connectivity/adoption_0.2/permanent_fork_sth_proof_n12000_pg0p005_a0p2_ff0p05_s47009_drop0_pc0p02_pgc0p02,0.2
permanent_fork,sth_proof,12000,6.0,5.0,0.005,0.2,0.05,3.0,True,0.0,0.0,0.0,0.0,,,,,434612.0,,,,0.7749947877633588,0.7749947877633588,26.0,2.4417685165880605e-05,26,26,47010,0.02,0.02,0.0,True,0.2,0.16,800,64,0.0,0.0,0.0,1.4293036460876465,C:/Users/efasllija/dev/gossip-poc/out_nb_incremental_clean0104/scenario_group_highfanout_connectivity/adoption_0.2/permanent_fork_sth_proof_n12000_pg0p005_a0p2_ff0p05_s47010_drop0_pc0p02_pgc0p02,0.2
permanent_fork,sth_proof,12000,6.0,5.0,0.005,0.2,0.05,3.0,True,5.0,5.0,0.0,0.0,,,,,461298.0,,,,0.7650575245518373,0.7650575245518373,20.0,1.810941345420763e-05,20,20,47011,0.02,0.02,0.0,True,0.2,0.16,800,64,0.0,0.0,0.0,1.4779059886932373,C:/Users/efasllija/dev/gossip-poc/out_nb_incremental_clean0104/scenario_group_highfanout_connectivity/adoption_0.2/permanent_fork_sth_proof_n12000_pg0p005_a0p2_ff0p05_s47011_drop0_pc0p02_pgc0p02,0.2
permanent_fork,sth_proof,12000,6.0,5.0,0.005,0.2,0.05,3.0,True,60.0,60.0,0.0,0.0,,,,,594307.0,,,,0.8825621236398766,0.8825621236398766,38.0,3.4245279108036645e-05,38,38,47012,0.02,0.02,0.0,True,0.2,0.16,800,64,0.0,0.0,0.0,1.5011777877807617,C:/Users/efasllija/dev/gossip-poc/out_nb_incremental_clean0104/scenario_group_highfanout_connectivity/adoption_0.2/permanent_fork_sth_proof_n12000_pg0p005_a0p2_ff0p05_s47012_drop0_pc0p02_pgc0p02,0.2
permanent_fork,sth_proof,12000,6.0,5.0,0.005,0.2,0.05,3.0,True,30.0,30.0,0.0,0.0,,,,,511140.0,,,,0.69255334296117,0.69255334296117,70.0,6.471977263019306e-05,70,70,47013,0.02,0.02,0.0,True,0.2,0.16,800,64,0.0,0.0,0.0,1.5091545581817627,C:/Users/efasllija/dev/gossip-poc/out_nb_incremental_clean0104/scenario_group_highfanout_connectivity/adoption_0.2/permanent_fork_sth_proof_n12000_pg0p005_a0p2_ff0p05_s47013_drop0_pc0p02_pgc0p02,0.2
permanent_fork,sth_proof,12000,6.0,5.0,0.005,0.2,0.05,3.0,True,55.0,55.0,0.0,0.0,,,,,586407.0,,,,0.9660285995309071,0.9660285995309071,149.0,0.00013420666745929665,149,149,47014,0.02,0.02,0.0,True,0.2,0.16,800,64,0.0,0.0,0.0,1.548750400543213,C:/Users/efasllija/dev/gossip-poc/out_nb_incremental_clean0104/scenario_group_highfanout_connectivity/adoption_0.2/permanent_fork_sth_proof_n12000_pg0p005_a0p2_ff0p05_s47014_drop0_pc0p02_pgc0p02,0.2
