server_mode,mode,users,hours,dt_min,p_gossip,adoption,fork_frac,fork_hour,detected,lat_aw_min,lat_ev_min,aware_cov_end,evid_cov_end,t10_aw,t50_aw,t10_ev,t50_ev,msgs_first_ev,msgs_10_ev,msgs_50_ev,msgs_95_ev,bytes_per_send,bytes_per_delivery,crosscuts,crosscut_rate,proof_inconsistent,evidence_events,seed,p_contact_cross,p_group_cross,p_drop_crosscut,sticky_victims,msg_rate_1to1,msg_rate_group,groups,avg_group_size,proof_withhold_rate,proof_timeout_rate,invalid_proof_rate,wall_s,run_dir
permanent_fork,sth_proof,12000,6.0,5.0,0.2,0.1,0.05,3.0,True,0.0,0.0,0.0,0.0,,,,,8628.0,,,,16.436948385009934,16.436948385009934,26.0,0.0012014232244351001,26,26,41000,0.05,0.05,0.0,True,0.2,0.0,800,8,0.0,0.0,0.0,0.7672655582427979,C:/Users/efasllija/dev/gossip-poc/out_nb_incremental_clean0104/scenario_groups_effect/permanent_fork_sth_proof_n12000_pg0p2_a0p1_ff0p05_s41000_drop0_pc0p05_pgc0p05
permanent_fork,sth_proof,12000,6.0,5.0,0.2,0.1,0.05,3.0,True,0.0,0.0,0.0,0.0,,,,,8781.0,,,,16.641810797243647,16.641810797243647,33.0,0.0015059553689590654,33,33,41001,0.05,0.05,0.0,True,0.2,0.0,800,8,0.0,0.0,0.0,0.7955002784729004,C:/Users/efasllija/dev/gossip-poc/out_nb_incremental_clean0104/scenario_groups_effect/permanent_fork_sth_proof_n12000_pg0p2_a0p1_ff0p05_s41001_drop0_pc0p05_pgc0p05
permanent_fork,sth_proof,12000,6.0,5.0,0.2,0.1,0.05,3.0,True,5.0,5.0,0.0,0.0,,,,,9007.0,,,,17.597448165869217,17.597448165869217,20.0,0.000911369332421964,20,20,41002,0.05,0.05,0.0,True,0.2,0.0,800,8,0.0,0.0,0.0,0.7676546573638916,C:/Users/efasllija/dev/gossip-poc/out_nb_incremental_clean0104/scenario_groups_effect/permanent_fork_sth_proof_n12000_pg0p2_a0p1_ff0p05_s41002_drop0_pc0p05_pgc0p05
permanent_fork,sth_proof,12000,6.0,5.0,0.2,0.1,0.05,3.0,True,5.0,5.0,0.0,0.0,,,,,8626.0,,,,17.121567121183023,17.121567121183023,27.0,0.0012963318609564049,27,27,41003,0.05,0.05,0.0,True,0.2,0.0,800,8,0.0,0.0,0.0,0.7569148540496826,C:/Users/efasllija/dev/gossip-poc/out_nb_incremental_clean0104/scenario_groups_effect/permanent_fork_sth_proof_n12000_pg0p2_a0p1_ff0p05_s41003_drop0_pc0p05_pgc0p05
permanent_fork,sth_proof,12000,6.0,5.0,0.2,0.1,0.05,3.0,True,10.0,10.0,0.0,0.0,,,,,8927.0,,,,16.909719554360354,16.909719554360354,30.0,0.0014406454091432962,30,30,41004,0.05,0.05,0.0,True,0.2,0.0,800,8,0.0,0.0,0.0,0.7577686309814453,C:/Users/efasllija/dev/gossip-poc/out_nb_incremental_clean0104/scenario_groups_effect/permanent_fork_sth_proof_n12000_pg0p2_a0p1_ff0p05_s41004_drop0_pc0p05_pgc0p05
permanent_fork,sth_proof,12000,6.0,5.0,0.2,0.1,0.05,3.0,True,0.0,0.0,0.0,0.0,,,,,8695.0,,,,17.332459016393443,17.332459016393443,22.0,0.0010304449648711944,22,22,41005,0.05,0.05,0.0,True,0.2,0.0,800,8,0.0,0.0,0.0,0.7584855556488037,C:/Users/efasllija/dev/gossip-poc/out_nb_incremental_clean0104/scenario_groups_effect/permanent_fork_sth_proof_n12000_pg0p2_a0p1_ff0p05_s41005_drop0_pc0p05_pgc0p05
permanent_fork,sth_proof,12000,6.0,5.0,0.2,0.1,0.05,3.0,True,0.0,0.0,0.0,0.0,,,,,8481.0,,,,20.933008069056108,20.933008069056108,49.0,0.002298742728466879,49,49,41006,0.05,0.05,0.0,True,0.2,0.0,800,8,0.0,0.0,0.0,0.7557573318481445,C:/Users/efasllija/dev/gossip-poc/out_nb_incremental_clean0104/scenario_groups_effect/permanent_fork_sth_proof_n12000_pg0p2_a0p1_ff0p05_s41006_drop0_pc0p05_pgc0p05
permanent_fork,sth_proof,12000,6.0,5.0,0.2,0.1,0.05,3.0,True,0.0,0.0,0.0,0.0,,,,,8203.0,,,,16.20199335548173,16.20199335548173,20.0,0.0009492168960607499,20,20,41007,0.05,0.05,0.0,True,0.2,0.0,800,8,0.0,0.0,0.0,0.7552230358123779,C:/Users/efasllija/dev/gossip-poc/out_nb_incremental_clean0104/scenario_groups_effect/permanent_fork_sth_proof_n12000_pg0p2_a0p1_ff0p05_s41007_drop0_pc0p05_pgc0p05
permanent_fork,sth_proof,12000,6.0,5.0,0.2,0.1,0.05,3.0,True,5.0,5.0,0.0,0.0,,,,,8517.0,,,,16.561534861956012,16.561534861956012,30.0,0.0014038371548900327,30,30,41008,0.05,0.05,0.0,True,0.2,0.0,800,8,0.0,0.0,0.0,0.7581188678741455,C:/Users/efasllija/dev/gossip-poc/out_nb_incremental_clean0104/scenario_groups_effect/permanent_fork_sth_proof_n12000_pg0p2_a0p1_ff0p05_s41008_drop0_pc0p05_pgc0p05
permanent_fork,sth_proof,12000,6.0,5.0,0.2,0.1,0.05,3.0,True,0.0,0.0,0.0,0.0,,,,,8506.0,,,,20.13771996939556,20.13771996939556,26.0,0.0012433052792654934,26,26,41009,0.05,0.05,0.0,True,0.2,0.0,800,8,0.0,0.0,0.0,0.7718331813812256,C:/Users/efasllija/dev/gossip-poc/out_nb_incremental_clean0104/scenario_groups_effect/permanent_fork_sth_proof_n12000_pg0p2_a0p1_ff0p05_s41009_drop0_pc0p05_pgc0p05
permanent_fork,sth_proof,12000,6.0,5.0,0.2,0.1,0.05,3.0,True,20.0,20.0,0.0,0.0,,,,,9859.0,,,,19.39896373056995,19.39896373056995,27.0,0.0012490747594374537,27,27,41010,0.05,0.05,0.0,True,0.2,0.0,800,8,0.0,0.0,0.0,0.7662026882171631,C:/Users/efasllija/dev/gossip-poc/out_nb_incremental_clean0104/scenario_groups_effect/permanent_fork_sth_proof_n12000_pg0p2_a0p1_ff0p05_s41010_drop0_pc0p05_pgc0p05
permanent_fork,sth_proof,12000,6.0,5.0,0.2,0.1,0.05,3.0,True,0.0,0.0,0.0,0.0,,,,,8368.0,,,,18.79690741089949,18.79690741089949,23.0,0.0010842919102394871,23,23,41011,0.05,0.05,0.0,True,0.2,0.0,800,8,0.0,0.0,0.0,0.7507340908050537,C:/Users/efasllija/dev/gossip-poc/out_nb_incremental_clean0104/scenario_groups_effect/permanent_fork_sth_proof_n12000_pg0p2_a0p1_ff0p05_s41011_drop0_pc0p05_pgc0p05
permanent_fork,sth_proof,12000,6.0,5.0,0.2,0.1,0.05,3.0,True,15.0,15.0,0.0,0.0,,,,,9103.0,,,,14.36022206130823,14.36022206130823,16.0,0.0007723871590634805,16,16,41012,0.05,0.05,0.0,True,0.2,0.0,800,8,0.0,0.0,0.0,0.7373361587524414,C:/Users/efasllija/dev/gossip-poc/out_nb_incremental_clean0104/scenario_groups_effect/permanent_fork_sth_proof_n12000_pg0p2_a0p1_ff0p05_s41012_drop0_pc0p05_pgc0p05
permanent_fork,sth_proof,12000,6.0,5.0,0.2,0.1,0.05,3.0,True,0.0,0.0,0.0,0.0,,,,,8657.0,,,,18.192681105302466,18.192681105302466,34.0,0.0015870052277819268,34,34,41013,0.05,0.05,0.0,True,0.2,0.0,800,8,0.0,0.0,0.0,0.760784387588501,C:/Users/efasllija/dev/gossip-poc/out_nb_incremental_clean0104/scenario_groups_effect/permanent_fork_sth_proof_n12000_pg0p2_a0p1_ff0p05_s41013_drop0_pc0p05_pgc0p05
permanent_fork,sth_proof,12000,6.0,5.0,0.2,0.1,0.05,3.0,True,0.0,0.0,0.0,0.0,,,,,8486.0,,,,19.489386006663494,19.489386006663494,24.0,0.0011423131841980009,24,24,41014,0.05,0.05,0.0,True,0.2,0.0,800,8,0.0,0.0,0.0,0.7663123607635498,C:/Users/efasllija/dev/gossip-poc/out_nb_incremental_clean0104/scenario_groups_effect/permanent_fork_sth_proof_n12000_pg0p2_a0p1_ff0p05_s41014_drop0_pc0p05_pgc0p05
permanent_fork,sth_proof,12000,6.0,5.0,0.2,0.1,0.05,3.0,True,10.0,10.0,0.0,0.0,,,,,16478.0,,,,17.67540803227581,17.67540803227581,39.0,0.0010217180582117315,39,39,41000,0.05,0.05,0.0,True,0.2,0.04,800,8,0.0,0.0,0.0,0.8256418704986572,C:/Users/efasllija/dev/gossip-poc/out_nb_incremental_clean0104/scenario_groups_effect/permanent_fork_sth_proof_n12000_pg0p2_a0p1_ff0p05_s41000_drop0_pc0p05_pgc0p05
permanent_fork,sth_proof,12000,6.0,5.0,0.2,0.1,0.05,3.0,True,5.0,5.0,0.0,0.0,,,,,15956.0,,,,15.434206760167573,15.434206760167573,53.0,0.0013790950014311363,53,53,41001,0.05,0.05,0.0,True,0.2,0.04,800,8,0.0,0.0,0.0,0.7950410842895508,C:/Users/efasllija/dev/gossip-poc/out_nb_incremental_clean0104/scenario_groups_effect/permanent_fork_sth_proof_n12000_pg0p2_a0p1_ff0p05_s41001_drop0_pc0p05_pgc0p05
permanent_fork,sth_proof,12000,6.0,5.0,0.2,0.1,0.05,3.0,True,10.0,10.0,0.0,0.0,,,,,16082.0,,,,16.490654448898837,16.490654448898837,46.0,0.0011974800853855364,46,46,41002,0.05,0.05,0.0,True,0.2,0.04,800,8,0.0,0.0,0.0,0.8007693290710449,C:/Users/efasllija/dev/gossip-poc/out_nb_incremental_clean0104/scenario_groups_effect/permanent_fork_sth_proof_n12000_pg0p2_a0p1_ff0p05_s41002_drop0_pc0p05_pgc0p05
permanent_fork,sth_proof,12000,6.0,5.0,0.2,0.1,0.05,3.0,True,0.0,0.0,0.0,0.0,,,,,14319.0,,,,18.301662774667303,18.301662774667303,26.0,0.0007315083138733366,26,26,41003,0.05,0.05,0.0,True,0.2,0.04,800,8,0.0,0.0,0.0,0.780066967010498,C:/Users/efasllija/dev/gossip-poc/out_nb_incremental_clean0104/scenario_groups_effect/permanent_fork_sth_proof_n12000_pg0p2_a0p1_ff0p05_s41003_drop0_pc0p05_pgc0p05
permanent_fork,sth_proof,12000,6.0,5.0,0.2,0.1,0.05,3.0,True,5.0,5.0,0.0,0.0,,,,,14953.0,,,,17.290583572502392,17.290583572502392,59.0,0.0016126827934946017,59,59,41004,0.05,0.05,0.0,True,0.2,0.04,800,8,0.0,0.0,0.0,0.8318731784820557,C:/Users/efasllija/dev/gossip-poc/out_nb_incremental_clean0104/scenario_groups_effect/permanent_fork_sth_proof_n12000_pg0p2_a0p1_ff0p05_s41004_drop0_pc0p05_pgc0p05
permanent_fork,sth_proof,12000,6.0,5.0,0.2,0.1,0.05,3.0,True,5.0,5.0,0.0,0.0,,,,,16122.0,,,,19.07780949637273,19.07780949637273,47.0,0.0012309142812246287,47,47,41005,0.05,0.05,0.0,True,0.2,0.04,800,8,0.0,0.0,0.0,0.7780969142913818,C:/Users/efasllija/dev/gossip-poc/out_nb_incremental_clean0104/scenario_groups_effect/permanent_fork_sth_proof_n12000_pg0p2_a0p1_ff0p05_s41005_drop0_pc0p05_pgc0p05
permanent_fork,sth_proof,12000,6.0,5.0,0.2,0.1,0.05,3.0,True,0.0,0.0,0.0,0.0,,,,,14620.0,,,,20.59097097424168,20.59097097424168,59.0,0.0016064913140554375,59,59,41006,0.05,0.05,0.0,True,0.2,0.04,800,8,0.0,0.0,0.0,0.778200626373291,C:/Users/efasllija/dev/gossip-poc/out_nb_incremental_clean0104/scenario_groups_effect/permanent_fork_sth_proof_n12000_pg0p2_a0p1_ff0p05_s41006_drop0_pc0p05_pgc0p05
permanent_fork,sth_proof,12000,6.0,5.0,0.2,0.1,0.05,3.0,True,45.0,45.0,0.0,0.0,,,,,18576.0,,,,18.79302809018709,18.79302809018709,23.0,0.0006129737220830446,23,23,41007,0.05,0.05,0.0,True,0.2,0.04,800,8,0.0,0.0,0.0,0.787792444229126,C:/Users/efasllija/dev/gossip-poc/out_nb_incremental_clean0104/scenario_groups_effect/permanent_fork_sth_proof_n12000_pg0p2_a0p1_ff0p05_s41007_drop0_pc0p05_pgc0p05
permanent_fork,sth_proof,12000,6.0,5.0,0.2,0.1,0.05,3.0,True,25.0,25.0,0.0,0.0,,,,,16971.0,,,,19.59591751718392,19.59591751718392,68.0,0.001770464486565299,68,68,41008,0.05,0.05,0.0,True,0.2,0.04,800,8,0.0,0.0,0.0,0.8110945224761963,C:/Users/efasllija/dev/gossip-poc/out_nb_incremental_clean0104/scenario_groups_effect/permanent_fork_sth_proof_n12000_pg0p2_a0p1_ff0p05_s41008_drop0_pc0p05_pgc0p05
permanent_fork,sth_proof,12000,6.0,5.0,0.2,0.1,0.05,3.0,True,0.0,0.0,0.0,0.0,,,,,14963.0,,,,19.72803666921314,19.72803666921314,37.0,0.0010094947069736987,37,37,41009,0.05,0.05,0.0,True,0.2,0.04,800,8,0.0,0.0,0.0,0.8124666213989258,C:/Users/efasllija/dev/gossip-poc/out_nb_incremental_clean0104/scenario_groups_effect/permanent_fork_sth_proof_n12000_pg0p2_a0p1_ff0p05_s41009_drop0_pc0p05_pgc0p05
permanent_fork,sth_proof,12000,6.0,5.0,0.2,0.1,0.05,3.0,True,5.0,5.0,0.0,0.0,,,,,16110.0,,,,22.481033591731265,22.481033591731265,68.0,0.0017571059431524547,68,68,41010,0.05,0.05,0.0,True,0.2,0.04,800,8,0.0,0.0,0.0,0.7975437641143799,C:/Users/efasllija/dev/gossip-poc/out_nb_incremental_clean0104/scenario_groups_effect/permanent_fork_sth_proof_n12000_pg0p2_a0p1_ff0p05_s41010_drop0_pc0p05_pgc0p05
permanent_fork,sth_proof,12000,6.0,5.0,0.2,0.1,0.05,3.0,True,0.0,0.0,0.0,0.0,,,,,15073.0,,,,18.87590428491931,18.87590428491931,52.0,0.0013779579722818455,52,52,41011,0.05,0.05,0.0,True,0.2,0.04,800,8,0.0,0.0,0.0,0.8321630954742432,C:/Users/efasllija/dev/gossip-poc/out_nb_incremental_clean0104/scenario_groups_effect/permanent_fork_sth_proof_n12000_pg0p2_a0p1_ff0p05_s41011_drop0_pc0p05_pgc0p05
permanent_fork,sth_proof,12000,6.0,5.0,0.2,0.1,0.05,3.0,True,15.0,15.0,0.0,0.0,,,,,15533.0,,,,14.114571404630897,14.114571404630897,40.0,0.0011172248135631092,40,40,41012,0.05,0.05,0.0,True,0.2,0.04,800,8,0.0,0.0,0.0,0.8254334926605225,C:/Users/efasllija/dev/gossip-poc/out_nb_incremental_clean0104/scenario_groups_effect/permanent_fork_sth_proof_n12000_pg0p2_a0p1_ff0p05_s41012_drop0_pc0p05_pgc0p05
permanent_fork,sth_proof,12000,6.0,5.0,0.2,0.1,0.05,3.0,True,0.0,0.0,0.0,0.0,,,,,15416.0,,,,16.81429580142306,16.81429580142306,38.0,0.0010319917440660474,38,38,41013,0.05,0.05,0.0,True,0.2,0.04,800,8,0.0,0.0,0.0,0.8193883895874023,C:/Users/efasllija/dev/gossip-poc/out_nb_incremental_clean0104/scenario_groups_effect/permanent_fork_sth_proof_n12000_pg0p2_a0p1_ff0p05_s41013_drop0_pc0p05_pgc0p05
permanent_fork,sth_proof,12000,6.0,5.0,0.2,0.1,0.05,3.0,True,5.0,5.0,0.0,0.0,,,,,15227.0,,,,16.352650252661004,16.352650252661004,26.0,0.0006988495860660144,26,26,41014,0.05,0.05,0.0,True,0.2,0.04,800,8,0.0,0.0,0.0,0.7881107330322266,C:/Users/efasllija/dev/gossip-poc/out_nb_incremental_clean0104/scenario_groups_effect/permanent_fork_sth_proof_n12000_pg0p2_a0p1_ff0p05_s41014_drop0_pc0p05_pgc0p05
permanent_fork,sth_proof,12000,6.0,5.0,0.2,0.1,0.05,3.0,True,5.0,5.0,0.0,0.0,,,,,21588.0,,,,21.165891945439306,21.165891945439306,46.0,0.000876324011277909,46,46,41000,0.05,0.05,0.0,True,0.2,0.08,800,8,0.0,0.0,0.0,0.8257534503936768,C:/Users/efasllija/dev/gossip-poc/out_nb_incremental_clean0104/scenario_groups_effect/permanent_fork_sth_proof_n12000_pg0p2_a0p1_ff0p05_s41000_drop0_pc0p05_pgc0p05
permanent_fork,sth_proof,12000,6.0,5.0,0.2,0.1,0.05,3.0,True,5.0,5.0,0.0,0.0,,,,,22290.0,,,,14.679601642030079,14.679601642030079,77.0,0.001417447490013438,77,77,41001,0.05,0.05,0.0,True,0.2,0.08,800,8,0.0,0.0,0.0,0.8069608211517334,C:/Users/efasllija/dev/gossip-poc/out_nb_incremental_clean0104/scenario_groups_effect/permanent_fork_sth_proof_n12000_pg0p2_a0p1_ff0p05_s41001_drop0_pc0p05_pgc0p05
permanent_fork,sth_proof,12000,6.0,5.0,0.2,0.1,0.05,3.0,True,10.0,10.0,0.0,0.0,,,,,22840.0,,,,15.898501425025282,15.898501425025282,55.0,0.0010113082651466397,55,55,41002,0.05,0.05,0.0,True,0.2,0.08,800,8,0.0,0.0,0.0,0.829167366027832,C:/Users/efasllija/dev/gossip-poc/out_nb_incremental_clean0104/scenario_groups_effect/permanent_fork_sth_proof_n12000_pg0p2_a0p1_ff0p05_s41002_drop0_pc0p05_pgc0p05
permanent_fork,sth_proof,12000,6.0,5.0,0.2,0.1,0.05,3.0,True,15.0,15.0,0.0,0.0,,,,,22333.0,,,,19.689171974522292,19.689171974522292,63.0,0.0012539808917197452,63,63,41003,0.05,0.05,0.0,True,0.2,0.08,800,8,0.0,0.0,0.0,0.8163626194000244,C:/Users/efasllija/dev/gossip-poc/out_nb_incremental_clean0104/scenario_groups_effect/permanent_fork_sth_proof_n12000_pg0p2_a0p1_ff0p05_s41003_drop0_pc0p05_pgc0p05
permanent_fork,sth_proof,12000,6.0,5.0,0.2,0.1,0.05,3.0,True,15.0,15.0,0.0,0.0,,,,,22166.0,,,,15.22872556412785,15.22872556412785,53.0,0.001024808090183112,53,53,41004,0.05,0.05,0.0,True,0.2,0.08,800,8,0.0,0.0,0.0,0.8305742740631104,C:/Users/efasllija/dev/gossip-poc/out_nb_incremental_clean0104/scenario_groups_effect/permanent_fork_sth_proof_n12000_pg0p2_a0p1_ff0p05_s41004_drop0_pc0p05_pgc0p05
permanent_fork,sth_proof,12000,6.0,5.0,0.2,0.1,0.05,3.0,True,5.0,5.0,0.0,0.0,,,,,23315.0,,,,18.154710950272793,18.154710950272793,52.0,0.0009552326542608887,52,52,41005,0.05,0.05,0.0,True,0.2,0.08,800,8,0.0,0.0,0.0,0.8447070121765137,C:/Users/efasllija/dev/gossip-poc/out_nb_incremental_clean0104/scenario_groups_effect/permanent_fork_sth_proof_n12000_pg0p2_a0p1_ff0p05_s41005_drop0_pc0p05_pgc0p05
permanent_fork,sth_proof,12000,6.0,5.0,0.2,0.1,0.05,3.0,True,5.0,5.0,0.0,0.0,,,,,21584.0,,,,21.154321458539933,21.154321458539933,60.0,0.0011442520405828057,60,60,41006,0.05,0.05,0.0,True,0.2,0.08,800,8,0.0,0.0,0.0,0.8570640087127686,C:/Users/efasllija/dev/gossip-poc/out_nb_incremental_clean0104/scenario_groups_effect/permanent_fork_sth_proof_n12000_pg0p2_a0p1_ff0p05_s41006_drop0_pc0p05_pgc0p05
permanent_fork,sth_proof,12000,6.0,5.0,0.2,0.1,0.05,3.0,True,5.0,5.0,0.0,0.0,,,,,21141.0,,,,17.79750430781466,17.79750430781466,72.0,0.001363352331900551,72,72,41007,0.05,0.05,0.0,True,0.2,0.08,800,8,0.0,0.0,0.0,0.8423440456390381,C:/Users/efasllija/dev/gossip-poc/out_nb_incremental_clean0104/scenario_groups_effect/permanent_fork_sth_proof_n12000_pg0p2_a0p1_ff0p05_s41007_drop0_pc0p05_pgc0p05
permanent_fork,sth_proof,12000,6.0,5.0,0.2,0.1,0.05,3.0,True,0.0,0.0,0.0,0.0,,,,,20786.0,,,,20.579156254593563,20.579156254593563,64.0,0.001175951785976775,64,64,41008,0.05,0.05,0.0,True,0.2,0.08,800,8,0.0,0.0,0.0,0.8307843208312988,C:/Users/efasllija/dev/gossip-poc/out_nb_incremental_clean0104/scenario_groups_effect/permanent_fork_sth_proof_n12000_pg0p2_a0p1_ff0p05_s41008_drop0_pc0p05_pgc0p05
permanent_fork,sth_proof,12000,6.0,5.0,0.2,0.1,0.05,3.0,True,10.0,10.0,0.0,0.0,,,,,22364.0,,,,19.48874956729105,19.48874956729105,49.0,0.0009423439363052425,49,49,41009,0.05,0.05,0.0,True,0.2,0.08,800,8,0.0,0.0,0.0,0.828944206237793,C:/Users/efasllija/dev/gossip-poc/out_nb_incremental_clean0104/scenario_groups_effect/permanent_fork_sth_proof_n12000_pg0p2_a0p1_ff0p05_s41009_drop0_pc0p05_pgc0p05
permanent_fork,sth_proof,12000,6.0,5.0,0.2,0.1,0.05,3.0,True,10.0,10.0,0.0,0.0,,,,,23990.0,,,,18.30325422765383,18.30325422765383,77.0,0.001367770356686088,77,77,41010,0.05,0.05,0.0,True,0.2,0.08,800,8,0.0,0.0,0.0,0.83119797706604,C:/Users/efasllija/dev/gossip-poc/out_nb_incremental_clean0104/scenario_groups_effect/permanent_fork_sth_proof_n12000_pg0p2_a0p1_ff0p05_s41010_drop0_pc0p05_pgc0p05
permanent_fork,sth_proof,12000,6.0,5.0,0.2,0.1,0.05,3.0,True,0.0,0.0,0.0,0.0,,,,,21343.0,,,,17.79187196680621,17.79187196680621,62.0,0.001148445893379765,62,62,41011,0.05,0.05,0.0,True,0.2,0.08,800,8,0.0,0.0,0.0,0.8147728443145752,C:/Users/efasllija/dev/gossip-poc/out_nb_incremental_clean0104/scenario_groups_effect/permanent_fork_sth_proof_n12000_pg0p2_a0p1_ff0p05_s41011_drop0_pc0p05_pgc0p05
permanent_fork,sth_proof,12000,6.0,5.0,0.2,0.1,0.05,3.0,True,0.0,0.0,0.0,0.0,,,,,20293.0,,,,16.19692988521643,16.19692988521643,62.0,0.0012248849200861371,62,62,41012,0.05,0.05,0.0,True,0.2,0.08,800,8,0.0,0.0,0.0,0.8370006084442139,C:/Users/efasllija/dev/gossip-poc/out_nb_incremental_clean0104/scenario_groups_effect/permanent_fork_sth_proof_n12000_pg0p2_a0p1_ff0p05_s41012_drop0_pc0p05_pgc0p05
permanent_fork,sth_proof,12000,6.0,5.0,0.2,0.1,0.05,3.0,True,0.0,0.0,0.0,0.0,,,,,21597.0,,,,17.488300610904062,17.488300610904062,61.0,0.0011718599915472394,61,61,41013,0.05,0.05,0.0,True,0.2,0.08,800,8,0.0,0.0,0.0,0.8410050868988037,C:/Users/efasllija/dev/gossip-poc/out_nb_incremental_clean0104/scenario_groups_effect/permanent_fork_sth_proof_n12000_pg0p2_a0p1_ff0p05_s41013_drop0_pc0p05_pgc0p05
permanent_fork,sth_proof,12000,6.0,5.0,0.2,0.1,0.05,3.0,True,15.0,15.0,0.0,0.0,,,,,22957.0,,,,18.44136492326032,18.44136492326032,57.0,0.0010616897630755476,57,57,41014,0.05,0.05,0.0,True,0.2,0.08,800,8,0.0,0.0,0.0,0.8351247310638428,C:/Users/efasllija/dev/gossip-poc/out_nb_incremental_clean0104/scenario_groups_effect/permanent_fork_sth_proof_n12000_pg0p2_a0p1_ff0p05_s41014_drop0_pc0p05_pgc0p05
permanent_fork,sth_proof,12000,6.0,5.0,0.2,0.1,0.05,3.0,True,5.0,5.0,0.0,0.0,,,,,29096.0,,,,17.65662944570428,17.65662944570428,49.0,0.0007032752533226167,49,49,41000,0.05,0.05,0.0,True,0.2,0.12,800,8,0.0,0.0,0.0,0.87738037109375,C:/Users/efasllija/dev/gossip-poc/out_nb_incremental_clean0104/scenario_groups_effect/permanent_fork_sth_proof_n12000_pg0p2_a0p1_ff0p05_s41000_drop0_pc0p05_pgc0p05
permanent_fork,sth_proof,12000,6.0,5.0,0.2,0.1,0.05,3.0,True,10.0,10.0,0.0,0.0,,,,,30982.0,,,,16.10103201758046,16.10103201758046,91.0,0.0012656819383014826,91,91,41001,0.05,0.05,0.0,True,0.2,0.12,800,8,0.0,0.0,0.0,0.8559250831604004,C:/Users/efasllija/dev/gossip-poc/out_nb_incremental_clean0104/scenario_groups_effect/permanent_fork_sth_proof_n12000_pg0p2_a0p1_ff0p05_s41001_drop0_pc0p05_pgc0p05
permanent_fork,sth_proof,12000,6.0,5.0,0.2,0.1,0.05,3.0,True,5.0,5.0,0.0,0.0,,,,,29847.0,,,,15.068547939117876,15.068547939117876,86.0,0.0011943117431396511,86,86,41002,0.05,0.05,0.0,True,0.2,0.12,800,8,0.0,0.0,0.0,0.8669004440307617,C:/Users/efasllija/dev/gossip-poc/out_nb_incremental_clean0104/scenario_groups_effect/permanent_fork_sth_proof_n12000_pg0p2_a0p1_ff0p05_s41002_drop0_pc0p05_pgc0p05
permanent_fork,sth_proof,12000,6.0,5.0,0.2,0.1,0.05,3.0,True,5.0,5.0,0.0,0.0,,,,,27571.0,,,,16.584181988541236,16.584181988541236,46.0,0.0007065726617820991,46,46,41003,0.05,0.05,0.0,True,0.2,0.12,800,8,0.0,0.0,0.0,0.8057587146759033,C:/Users/efasllija/dev/gossip-poc/out_nb_incremental_clean0104/scenario_groups_effect/permanent_fork_sth_proof_n12000_pg0p2_a0p1_ff0p05_s41003_drop0_pc0p05_pgc0p05
permanent_fork,sth_proof,12000,6.0,5.0,0.2,0.1,0.05,3.0,True,0.0,0.0,0.0,0.0,,,,,26848.0,,,,15.393128067826863,15.393128067826863,76.0,0.0011304477167930983,76,76,41004,0.05,0.05,0.0,True,0.2,0.12,800,8,0.0,0.0,0.0,0.8354673385620117,C:/Users/efasllija/dev/gossip-poc/out_nb_incremental_clean0104/scenario_groups_effect/permanent_fork_sth_proof_n12000_pg0p2_a0p1_ff0p05_s41004_drop0_pc0p05_pgc0p05
permanent_fork,sth_proof,12000,6.0,5.0,0.2,0.1,0.05,3.0,True,0.0,0.0,0.0,0.0,,,,,29350.0,,,,17.952052620950294,17.952052620950294,79.0,0.0011395436055736665,79,79,41005,0.05,0.05,0.0,True,0.2,0.12,800,8,0.0,0.0,0.0,0.8413717746734619,C:/Users/efasllija/dev/gossip-poc/out_nb_incremental_clean0104/scenario_groups_effect/permanent_fork_sth_proof_n12000_pg0p2_a0p1_ff0p05_s41005_drop0_pc0p05_pgc0p05
permanent_fork,sth_proof,12000,6.0,5.0,0.2,0.1,0.05,3.0,True,0.0,0.0,0.0,0.0,,,,,27663.0,,,,21.209889531825354,21.209889531825354,133.0,0.00194342159097551,133,133,41006,0.05,0.05,0.0,True,0.2,0.12,800,8,0.0,0.0,0.0,0.8456058502197266,C:/Users/efasllija/dev/gossip-poc/out_nb_incremental_clean0104/scenario_groups_effect/permanent_fork_sth_proof_n12000_pg0p2_a0p1_ff0p05_s41006_drop0_pc0p05_pgc0p05
permanent_fork,sth_proof,12000,6.0,5.0,0.2,0.1,0.05,3.0,True,0.0,0.0,0.0,0.0,,,,,27183.0,,,,16.345005486909802,16.345005486909802,70.0,0.000997619963800647,70,70,41007,0.05,0.05,0.0,True,0.2,0.12,800,8,0.0,0.0,0.0,0.8459024429321289,C:/Users/efasllija/dev/gossip-poc/out_nb_incremental_clean0104/scenario_groups_effect/permanent_fork_sth_proof_n12000_pg0p2_a0p1_ff0p05_s41007_drop0_pc0p05_pgc0p05
permanent_fork,sth_proof,12000,6.0,5.0,0.2,0.1,0.05,3.0,True,0.0,0.0,0.0,0.0,,,,,26652.0,,,,20.885780885780886,20.885780885780886,137.0,0.0019354382990746627,137,137,41008,0.05,0.05,0.0,True,0.2,0.12,800,8,0.0,0.0,0.0,0.8745160102844238,C:/Users/efasllija/dev/gossip-poc/out_nb_incremental_clean0104/scenario_groups_effect/permanent_fork_sth_proof_n12000_pg0p2_a0p1_ff0p05_s41008_drop0_pc0p05_pgc0p05
permanent_fork,sth_proof,12000,6.0,5.0,0.2,0.1,0.05,3.0,True,0.0,0.0,0.0,0.0,,,,,28183.0,,,,18.47515590424462,18.47515590424462,73.0,0.0010489410006609765,73,73,41009,0.05,0.05,0.0,True,0.2,0.12,800,8,0.0,0.0,0.0,0.8206613063812256,C:/Users/efasllija/dev/gossip-poc/out_nb_incremental_clean0104/scenario_groups_effect/permanent_fork_sth_proof_n12000_pg0p2_a0p1_ff0p05_s41009_drop0_pc0p05_pgc0p05
permanent_fork,sth_proof,12000,6.0,5.0,0.2,0.1,0.05,3.0,True,0.0,0.0,0.0,0.0,,,,,30645.0,,,,15.937756553000831,15.937756553000831,83.0,0.0011134064872696053,83,83,41010,0.05,0.05,0.0,True,0.2,0.12,800,8,0.0,0.0,0.0,0.8821673393249512,C:/Users/efasllija/dev/gossip-poc/out_nb_incremental_clean0104/scenario_groups_effect/permanent_fork_sth_proof_n12000_pg0p2_a0p1_ff0p05_s41010_drop0_pc0p05_pgc0p05
permanent_fork,sth_proof,12000,6.0,5.0,0.2,0.1,0.05,3.0,True,0.0,0.0,0.0,0.0,,,,,28580.0,,,,17.79889152810768,17.79889152810768,87.0,0.0012300644723447574,87,87,41011,0.05,0.05,0.0,True,0.2,0.12,800,8,0.0,0.0,0.0,0.8229727745056152,C:/Users/efasllija/dev/gossip-poc/out_nb_incremental_clean0104/scenario_groups_effect/permanent_fork_sth_proof_n12000_pg0p2_a0p1_ff0p05_s41011_drop0_pc0p05_pgc0p05
permanent_fork,sth_proof,12000,6.0,5.0,0.2,0.1,0.05,3.0,True,5.0,5.0,0.0,0.0,,,,,27303.0,,,,16.299774547150744,16.299774547150744,69.0,0.001072844593018736,69,69,41012,0.05,0.05,0.0,True,0.2,0.12,800,8,0.0,0.0,0.0,0.8387236595153809,C:/Users/efasllija/dev/gossip-poc/out_nb_incremental_clean0104/scenario_groups_effect/permanent_fork_sth_proof_n12000_pg0p2_a0p1_ff0p05_s41012_drop0_pc0p05_pgc0p05
permanent_fork,sth_proof,12000,6.0,5.0,0.2,0.1,0.05,3.0,True,0.0,0.0,0.0,0.0,,,,,27777.0,,,,17.71340902117214,17.71340902117214,59.0,0.0008620815616826663,59,59,41013,0.05,0.05,0.0,True,0.2,0.12,800,8,0.0,0.0,0.0,0.8647575378417969,C:/Users/efasllija/dev/gossip-poc/out_nb_incremental_clean0104/scenario_groups_effect/permanent_fork_sth_proof_n12000_pg0p2_a0p1_ff0p05_s41013_drop0_pc0p05_pgc0p05
permanent_fork,sth_proof,12000,6.0,5.0,0.2,0.1,0.05,3.0,True,0.0,0.0,0.0,0.0,,,,,27694.0,,,,18.704072659122037,18.704072659122037,91.0,0.0013119008145318243,91,91,41014,0.05,0.05,0.0,True,0.2,0.12,800,8,0.0,0.0,0.0,0.8454437255859375,C:/Users/efasllija/dev/gossip-poc/out_nb_incremental_clean0104/scenario_groups_effect/permanent_fork_sth_proof_n12000_pg0p2_a0p1_ff0p05_s41014_drop0_pc0p05_pgc0p05
permanent_fork,sth_proof,12000,6.0,5.0,0.2,0.1,0.05,3.0,True,5.0,5.0,0.0,0.0,,,,,8855.0,,,,16.948087558674537,16.948087558674537,30.0,0.0013942464098154947,30,30,41000,0.05,0.05,0.0,True,0.2,0.0,800,16,0.0,0.0,0.0,0.8430852890014648,C:/Users/efasllija/dev/gossip-poc/out_nb_incremental_clean0104/scenario_groups_effect/permanent_fork_sth_proof_n12000_pg0p2_a0p1_ff0p05_s41000_drop0_pc0p05_pgc0p05
permanent_fork,sth_proof,12000,6.0,5.0,0.2,0.1,0.05,3.0,True,40.0,40.0,0.0,0.0,,,,,10923.0,,,,15.635502095862948,15.635502095862948,23.0,0.0010479314743940223,23,23,41001,0.05,0.05,0.0,True,0.2,0.0,800,16,0.0,0.0,0.0,1.1901063919067383,C:/Users/efasllija/dev/gossip-poc/out_nb_incremental_clean0104/scenario_groups_effect/permanent_fork_sth_proof_n12000_pg0p2_a0p1_ff0p05_s41001_drop0_pc0p05_pgc0p05
permanent_fork,sth_proof,12000,6.0,5.0,0.2,0.1,0.05,3.0,True,10.0,10.0,0.0,0.0,,,,,9211.0,,,,16.625877632898696,16.625877632898696,22.0,0.0010030090270812437,22,22,41002,0.05,0.05,0.0,True,0.2,0.0,800,16,0.0,0.0,0.0,0.8155279159545898,C:/Users/efasllija/dev/gossip-poc/out_nb_incremental_clean0104/scenario_groups_effect/permanent_fork_sth_proof_n12000_pg0p2_a0p1_ff0p05_s41002_drop0_pc0p05_pgc0p05
permanent_fork,sth_proof,12000,6.0,5.0,0.2,0.1,0.05,3.0,True,0.0,0.0,0.0,0.0,,,,,8432.0,,,,16.465675662673785,16.465675662673785,28.0,0.001346995718477895,28,28,41003,0.05,0.05,0.0,True,0.2,0.0,800,16,0.0,0.0,0.0,0.8157951831817627,C:/Users/efasllija/dev/gossip-poc/out_nb_incremental_clean0104/scenario_groups_effect/permanent_fork_sth_proof_n12000_pg0p2_a0p1_ff0p05_s41003_drop0_pc0p05_pgc0p05
permanent_fork,sth_proof,12000,6.0,5.0,0.2,0.1,0.05,3.0,True,5.0,5.0,0.0,0.0,,,,,8682.0,,,,17.975772085228634,17.975772085228634,17.0,0.0008139813263107493,17,17,41004,0.05,0.05,0.0,True,0.2,0.0,800,16,0.0,0.0,0.0,0.8226706981658936,C:/Users/efasllija/dev/gossip-poc/out_nb_incremental_clean0104/scenario_groups_effect/permanent_fork_sth_proof_n12000_pg0p2_a0p1_ff0p05_s41004_drop0_pc0p05_pgc0p05
permanent_fork,sth_proof,12000,6.0,5.0,0.2,0.1,0.05,3.0,True,35.0,35.0,0.0,0.0,,,,,10518.0,,,,17.980212805674817,17.980212805674817,17.0,0.0007933544894530521,17,17,41005,0.05,0.05,0.0,True,0.2,0.0,800,16,0.0,0.0,0.0,0.8833949565887451,C:/Users/efasllija/dev/gossip-poc/out_nb_incremental_clean0104/scenario_groups_effect/permanent_fork_sth_proof_n12000_pg0p2_a0p1_ff0p05_s41005_drop0_pc0p05_pgc0p05
permanent_fork,sth_proof,12000,6.0,5.0,0.2,0.1,0.05,3.0,True,0.0,0.0,0.0,0.0,,,,,8454.0,,,,19.080857465212485,19.080857465212485,28.0,0.0013162843174125611,28,28,41006,0.05,0.05,0.0,True,0.2,0.0,800,16,0.0,0.0,0.0,0.8020362854003906,C:/Users/efasllija/dev/gossip-poc/out_nb_incremental_clean0104/scenario_groups_effect/permanent_fork_sth_proof_n12000_pg0p2_a0p1_ff0p05_s41006_drop0_pc0p05_pgc0p05
permanent_fork,sth_proof,12000,6.0,5.0,0.2,0.1,0.05,3.0,True,10.0,10.0,0.0,0.0,,,,,8797.0,,,,15.678630227197893,15.678630227197893,28.0,0.0013170892327955218,28,28,41007,0.05,0.05,0.0,True,0.2,0.0,800,16,0.0,0.0,0.0,0.8009021282196045,C:/Users/efasllija/dev/gossip-poc/out_nb_incremental_clean0104/scenario_groups_effect/permanent_fork_sth_proof_n12000_pg0p2_a0p1_ff0p05_s41007_drop0_pc0p05_pgc0p05
permanent_fork,sth_proof,12000,6.0,5.0,0.2,0.1,0.05,3.0,True,0.0,0.0,0.0,0.0,,,,,8286.0,,,,17.881201167278547,17.881201167278547,23.0,0.001082556716558411,23,23,41008,0.05,0.05,0.0,True,0.2,0.0,800,16,0.0,0.0,0.0,0.8637847900390625,C:/Users/efasllija/dev/gossip-poc/out_nb_incremental_clean0104/scenario_groups_effect/permanent_fork_sth_proof_n12000_pg0p2_a0p1_ff0p05_s41008_drop0_pc0p05_pgc0p05
permanent_fork,sth_proof,12000,6.0,5.0,0.2,0.1,0.05,3.0,True,0.0,0.0,0.0,0.0,,,,,8514.0,,,,19.628865979381445,19.628865979381445,22.0,0.0010500190912562048,22,22,41009,0.05,0.05,0.0,True,0.2,0.0,800,16,0.0,0.0,0.0,0.8219807147979736,C:/Users/efasllija/dev/gossip-poc/out_nb_incremental_clean0104/scenario_groups_effect/permanent_fork_sth_proof_n12000_pg0p2_a0p1_ff0p05_s41009_drop0_pc0p05_pgc0p05
permanent_fork,sth_proof,12000,6.0,5.0,0.2,0.1,0.05,3.0,True,5.0,5.0,0.0,0.0,,,,,9226.0,,,,19.20967520271199,19.20967520271199,13.0,0.0005955380457189977,13,13,41010,0.05,0.05,0.0,True,0.2,0.0,800,16,0.0,0.0,0.0,0.8301084041595459,C:/Users/efasllija/dev/gossip-poc/out_nb_incremental_clean0104/scenario_groups_effect/permanent_fork_sth_proof_n12000_pg0p2_a0p1_ff0p05_s41010_drop0_pc0p05_pgc0p05
permanent_fork,sth_proof,12000,6.0,5.0,0.2,0.1,0.05,3.0,True,30.0,30.0,0.0,0.0,,,,,9785.0,,,,18.794829300629765,18.794829300629765,32.0,0.0015152232586770208,32,32,41011,0.05,0.05,0.0,True,0.2,0.0,800,16,0.0,0.0,0.0,0.8640544414520264,C:/Users/efasllija/dev/gossip-poc/out_nb_incremental_clean0104/scenario_groups_effect/permanent_fork_sth_proof_n12000_pg0p2_a0p1_ff0p05_s41011_drop0_pc0p05_pgc0p05
permanent_fork,sth_proof,12000,6.0,5.0,0.2,0.1,0.05,3.0,True,25.0,25.0,0.0,0.0,,,,,9564.0,,,,15.31883566619848,15.31883566619848,16.0,0.0007749309827093524,16,16,41012,0.05,0.05,0.0,True,0.2,0.0,800,16,0.0,0.0,0.0,0.8394982814788818,C:/Users/efasllija/dev/gossip-poc/out_nb_incremental_clean0104/scenario_groups_effect/permanent_fork_sth_proof_n12000_pg0p2_a0p1_ff0p05_s41012_drop0_pc0p05_pgc0p05
permanent_fork,sth_proof,12000,6.0,5.0,0.2,0.1,0.05,3.0,True,0.0,0.0,0.0,0.0,,,,,8748.0,,,,17.601418505902664,17.601418505902664,14.0,0.0006532592972796417,14,14,41013,0.05,0.05,0.0,True,0.2,0.0,800,16,0.0,0.0,0.0,0.8348734378814697,C:/Users/efasllija/dev/gossip-poc/out_nb_incremental_clean0104/scenario_groups_effect/permanent_fork_sth_proof_n12000_pg0p2_a0p1_ff0p05_s41013_drop0_pc0p05_pgc0p05
permanent_fork,sth_proof,12000,6.0,5.0,0.2,0.1,0.05,3.0,True,0.0,0.0,0.0,0.0,,,,,8452.0,,,,19.590776722203657,19.590776722203657,31.0,0.0014799255263283524,31,31,41014,0.05,0.05,0.0,True,0.2,0.0,800,16,0.0,0.0,0.0,0.8592188358306885,C:/Users/efasllija/dev/gossip-poc/out_nb_incremental_clean0104/scenario_groups_effect/permanent_fork_sth_proof_n12000_pg0p2_a0p1_ff0p05_s41014_drop0_pc0p05_pgc0p05
permanent_fork,sth_proof,12000,6.0,5.0,0.2,0.1,0.05,3.0,True,0.0,0.0,0.0,0.0,,,,,28201.0,,,,17.200567565311744,17.200567565311744,103.0,0.0014328241938625045,103,103,41000,0.05,0.05,0.0,True,0.2,0.04,800,16,0.0,0.0,0.0,0.872664213180542,C:/Users/efasllija/dev/gossip-poc/out_nb_incremental_clean0104/scenario_groups_effect/permanent_fork_sth_proof_n12000_pg0p2_a0p1_ff0p05_s41000_drop0_pc0p05_pgc0p05
permanent_fork,sth_proof,12000,6.0,5.0,0.2,0.1,0.05,3.0,True,0.0,0.0,0.0,0.0,,,,,27955.0,,,,17.81140624115082,17.81140624115082,66.0,0.0009344735798833324,66,66,41001,0.05,0.05,0.0,True,0.2,0.04,800,16,0.0,0.0,0.0,0.8840701580047607,C:/Users/efasllija/dev/gossip-poc/out_nb_incremental_clean0104/scenario_groups_effect/permanent_fork_sth_proof_n12000_pg0p2_a0p1_ff0p05_s41001_drop0_pc0p05_pgc0p05
permanent_fork,sth_proof,12000,6.0,5.0,0.2,0.1,0.05,3.0,True,0.0,0.0,0.0,0.0,,,,,29336.0,,,,16.440703401045006,16.440703401045006,128.0,0.0017462244716988855,128,128,41002,0.05,0.05,0.0,True,0.2,0.04,800,16,0.0,0.0,0.0,0.8571560382843018,C:/Users/efasllija/dev/gossip-poc/out_nb_incremental_clean0104/scenario_groups_effect/permanent_fork_sth_proof_n12000_pg0p2_a0p1_ff0p05_s41002_drop0_pc0p05_pgc0p05
permanent_fork,sth_proof,12000,6.0,5.0,0.2,0.1,0.05,3.0,True,5.0,5.0,0.0,0.0,,,,,27285.0,,,,15.499579342002333,15.499579342002333,47.0,0.0006937166979085179,47,47,41003,0.05,0.05,0.0,True,0.2,0.04,800,16,0.0,0.0,0.0,0.8265068531036377,C:/Users/efasllija/dev/gossip-poc/out_nb_incremental_clean0104/scenario_groups_effect/permanent_fork_sth_proof_n12000_pg0p2_a0p1_ff0p05_s41003_drop0_pc0p05_pgc0p05
permanent_fork,sth_proof,12000,6.0,5.0,0.2,0.1,0.05,3.0,True,0.0,0.0,0.0,0.0,,,,,28043.0,,,,14.421694124507946,14.421694124507946,37.0,0.0005394372357486514,37,37,41004,0.05,0.05,0.0,True,0.2,0.04,800,16,0.0,0.0,0.0,0.8495283126831055,C:/Users/efasllija/dev/gossip-poc/out_nb_incremental_clean0104/scenario_groups_effect/permanent_fork_sth_proof_n12000_pg0p2_a0p1_ff0p05_s41004_drop0_pc0p05_pgc0p05
permanent_fork,sth_proof,12000,6.0,5.0,0.2,0.1,0.05,3.0,True,5.0,5.0,0.0,0.0,,,,,30210.0,,,,17.387131828894816,17.387131828894816,57.0,0.0008044371057199712,57,57,41005,0.05,0.05,0.0,True,0.2,0.04,800,16,0.0,0.0,0.0,0.8417098522186279,C:/Users/efasllija/dev/gossip-poc/out_nb_incremental_clean0104/scenario_groups_effect/permanent_fork_sth_proof_n12000_pg0p2_a0p1_ff0p05_s41005_drop0_pc0p05_pgc0p05
permanent_fork,sth_proof,12000,6.0,5.0,0.2,0.1,0.05,3.0,True,0.0,0.0,0.0,0.0,,,,,27041.0,,,,19.41701927597555,19.41701927597555,64.0,0.0009402914903620122,64,64,41006,0.05,0.05,0.0,True,0.2,0.04,800,16,0.0,0.0,0.0,0.866471529006958,C:/Users/efasllija/dev/gossip-poc/out_nb_incremental_clean0104/scenario_groups_effect/permanent_fork_sth_proof_n12000_pg0p2_a0p1_ff0p05_s41006_drop0_pc0p05_pgc0p05
permanent_fork,sth_proof,12000,6.0,5.0,0.2,0.1,0.05,3.0,True,5.0,5.0,0.0,0.0,,,,,27257.0,,,,16.70566214319139,16.70566214319139,80.0,0.001169864295741694,80,80,41007,0.05,0.05,0.0,True,0.2,0.04,800,16,0.0,0.0,0.0,0.8319101333618164,C:/Users/efasllija/dev/gossip-poc/out_nb_incremental_clean0104/scenario_groups_effect/permanent_fork_sth_proof_n12000_pg0p2_a0p1_ff0p05_s41007_drop0_pc0p05_pgc0p05
permanent_fork,sth_proof,12000,6.0,5.0,0.2,0.1,0.05,3.0,True,0.0,0.0,0.0,0.0,,,,,27083.0,,,,17.805111543036176,17.805111543036176,37.0,0.000536683008906037,37,37,41008,0.05,0.05,0.0,True,0.2,0.04,800,16,0.0,0.0,0.0,0.8488245010375977,C:/Users/efasllija/dev/gossip-poc/out_nb_incremental_clean0104/scenario_groups_effect/permanent_fork_sth_proof_n12000_pg0p2_a0p1_ff0p05_s41008_drop0_pc0p05_pgc0p05
permanent_fork,sth_proof,12000,6.0,5.0,0.2,0.1,0.05,3.0,True,0.0,0.0,0.0,0.0,,,,,28740.0,,,,20.48297825928888,20.48297825928888,114.0,0.001657820111975569,114,114,41009,0.05,0.05,0.0,True,0.2,0.04,800,16,0.0,0.0,0.0,0.8737733364105225,C:/Users/efasllija/dev/gossip-poc/out_nb_incremental_clean0104/scenario_groups_effect/permanent_fork_sth_proof_n12000_pg0p2_a0p1_ff0p05_s41009_drop0_pc0p05_pgc0p05
permanent_fork,sth_proof,12000,6.0,5.0,0.2,0.1,0.05,3.0,True,5.0,5.0,0.0,0.0,,,,,29054.0,,,,18.34768740031898,18.34768740031898,38.0,0.0005411255411255411,38,38,41010,0.05,0.05,0.0,True,0.2,0.04,800,16,0.0,0.0,0.0,0.8276560306549072,C:/Users/efasllija/dev/gossip-poc/out_nb_incremental_clean0104/scenario_groups_effect/permanent_fork_sth_proof_n12000_pg0p2_a0p1_ff0p05_s41010_drop0_pc0p05_pgc0p05
permanent_fork,sth_proof,12000,6.0,5.0,0.2,0.1,0.05,3.0,True,5.0,5.0,0.0,0.0,,,,,28522.0,,,,17.731421710572782,17.731421710572782,102.0,0.0014407797160816442,102,102,41011,0.05,0.05,0.0,True,0.2,0.04,800,16,0.0,0.0,0.0,0.8441627025604248,C:/Users/efasllija/dev/gossip-poc/out_nb_incremental_clean0104/scenario_groups_effect/permanent_fork_sth_proof_n12000_pg0p2_a0p1_ff0p05_s41011_drop0_pc0p05_pgc0p05
permanent_fork,sth_proof,12000,6.0,5.0,0.2,0.1,0.05,3.0,True,10.0,10.0,0.0,0.0,,,,,28027.0,,,,15.766716943187532,15.766716943187532,35.0,0.0005332358273534744,35,35,41012,0.05,0.05,0.0,True,0.2,0.04,800,16,0.0,0.0,0.0,0.8282148838043213,C:/Users/efasllija/dev/gossip-poc/out_nb_incremental_clean0104/scenario_groups_effect/permanent_fork_sth_proof_n12000_pg0p2_a0p1_ff0p05_s41012_drop0_pc0p05_pgc0p05
permanent_fork,sth_proof,12000,6.0,5.0,0.2,0.1,0.05,3.0,True,5.0,5.0,0.0,0.0,,,,,28645.0,,,,15.987587276958882,15.987587276958882,84.0,0.001206792517886389,84,84,41013,0.05,0.05,0.0,True,0.2,0.04,800,16,0.0,0.0,0.0,0.8353066444396973,C:/Users/efasllija/dev/gossip-poc/out_nb_incremental_clean0104/scenario_groups_effect/permanent_fork_sth_proof_n12000_pg0p2_a0p1_ff0p05_s41013_drop0_pc0p05_pgc0p05
permanent_fork,sth_proof,12000,6.0,5.0,0.2,0.1,0.05,3.0,True,5.0,5.0,0.0,0.0,,,,,26976.0,,,,20.18096332671612,20.18096332671612,119.0,0.0017761989342806395,119,119,41014,0.05,0.05,0.0,True,0.2,0.04,800,16,0.0,0.0,0.0,0.847724437713623,C:/Users/efasllija/dev/gossip-poc/out_nb_incremental_clean0104/scenario_groups_effect/permanent_fork_sth_proof_n12000_pg0p2_a0p1_ff0p05_s41014_drop0_pc0p05_pgc0p05
permanent_fork,sth_proof,12000,6.0,5.0,0.2,0.1,0.05,3.0,True,0.0,0.0,0.0,0.0,,,,,49029.0,,,,17.242668042232076,17.242668042232076,113.0,0.0009401545847095921,113,113,41000,0.05,0.05,0.0,True,0.2,0.08,800,16,0.0,0.0,0.0,0.8931107521057129,C:/Users/efasllija/dev/gossip-poc/out_nb_incremental_clean0104/scenario_groups_effect/permanent_fork_sth_proof_n12000_pg0p2_a0p1_ff0p05_s41000_drop0_pc0p05_pgc0p05
permanent_fork,sth_proof,12000,6.0,5.0,0.2,0.1,0.05,3.0,True,15.0,15.0,0.0,0.0,,,,,52167.0,,,,14.68454557767845,14.68454557767845,95.0,0.0008042123797914127,95,95,41001,0.05,0.05,0.0,True,0.2,0.08,800,16,0.0,0.0,0.0,0.8738348484039307,C:/Users/efasllija/dev/gossip-poc/out_nb_incremental_clean0104/scenario_groups_effect/permanent_fork_sth_proof_n12000_pg0p2_a0p1_ff0p05_s41001_drop0_pc0p05_pgc0p05
permanent_fork,sth_proof,12000,6.0,5.0,0.2,0.1,0.05,3.0,True,0.0,0.0,0.0,0.0,,,,,50927.0,,,,18.45714377211663,18.45714377211663,273.0,0.0021856436039902004,273,273,41002,0.05,0.05,0.0,True,0.2,0.08,800,16,0.0,0.0,0.0,0.9034759998321533,C:/Users/efasllija/dev/gossip-poc/out_nb_incremental_clean0104/scenario_groups_effect/permanent_fork_sth_proof_n12000_pg0p2_a0p1_ff0p05_s41002_drop0_pc0p05_pgc0p05
permanent_fork,sth_proof,12000,6.0,5.0,0.2,0.1,0.05,3.0,True,5.0,5.0,0.0,0.0,,,,,47091.0,,,,16.87825336129271,16.87825336129271,120.0,0.0010572873530811115,120,120,41003,0.05,0.05,0.0,True,0.2,0.08,800,16,0.0,0.0,0.0,0.8541793823242188,C:/Users/efasllija/dev/gossip-poc/out_nb_incremental_clean0104/scenario_groups_effect/permanent_fork_sth_proof_n12000_pg0p2_a0p1_ff0p05_s41003_drop0_pc0p05_pgc0p05
permanent_fork,sth_proof,12000,6.0,5.0,0.2,0.1,0.05,3.0,True,10.0,10.0,0.0,0.0,,,,,49924.0,,,,15.49045990576196,15.49045990576196,67.0,0.0005771433985993505,67,67,41004,0.05,0.05,0.0,True,0.2,0.08,800,16,0.0,0.0,0.0,0.8481030464172363,C:/Users/efasllija/dev/gossip-poc/out_nb_incremental_clean0104/scenario_groups_effect/permanent_fork_sth_proof_n12000_pg0p2_a0p1_ff0p05_s41004_drop0_pc0p05_pgc0p05
permanent_fork,sth_proof,12000,6.0,5.0,0.2,0.1,0.05,3.0,True,0.0,0.0,0.0,0.0,,,,,48918.0,,,,15.430013498444744,15.430013498444744,67.0,0.0005617365204195417,67,67,41005,0.05,0.05,0.0,True,0.2,0.08,800,16,0.0,0.0,0.0,0.8962738513946533,C:/Users/efasllija/dev/gossip-poc/out_nb_incremental_clean0104/scenario_groups_effect/permanent_fork_sth_proof_n12000_pg0p2_a0p1_ff0p05_s41005_drop0_pc0p05_pgc0p05
permanent_fork,sth_proof,12000,6.0,5.0,0.2,0.1,0.05,3.0,True,0.0,0.0,0.0,0.0,,,,,46244.0,,,,19.908523908523907,19.908523908523907,143.0,0.0012387387387387387,143,143,41006,0.05,0.05,0.0,True,0.2,0.08,800,16,0.0,0.0,0.0,0.9060487747192383,C:/Users/efasllija/dev/gossip-poc/out_nb_incremental_clean0104/scenario_groups_effect/permanent_fork_sth_proof_n12000_pg0p2_a0p1_ff0p05_s41006_drop0_pc0p05_pgc0p05
permanent_fork,sth_proof,12000,6.0,5.0,0.2,0.1,0.05,3.0,True,5.0,5.0,0.0,0.0,,,,,48027.0,,,,15.096811772969454,15.096811772969454,115.0,0.00098507820664371,115,115,41007,0.05,0.05,0.0,True,0.2,0.08,800,16,0.0,0.0,0.0,0.8883774280548096,C:/Users/efasllija/dev/gossip-poc/out_nb_incremental_clean0104/scenario_groups_effect/permanent_fork_sth_proof_n12000_pg0p2_a0p1_ff0p05_s41007_drop0_pc0p05_pgc0p05
permanent_fork,sth_proof,12000,6.0,5.0,0.2,0.1,0.05,3.0,True,0.0,0.0,0.0,0.0,,,,,45994.0,,,,17.509835966345864,17.509835966345864,91.0,0.0007868773076690273,91,91,41008,0.05,0.05,0.0,True,0.2,0.08,800,16,0.0,0.0,0.0,0.9373457431793213,C:/Users/efasllija/dev/gossip-poc/out_nb_incremental_clean0104/scenario_groups_effect/permanent_fork_sth_proof_n12000_pg0p2_a0p1_ff0p05_s41008_drop0_pc0p05_pgc0p05
permanent_fork,sth_proof,12000,6.0,5.0,0.2,0.1,0.05,3.0,True,0.0,0.0,0.0,0.0,,,,,47568.0,,,,21.16401824911767,21.16401824911767,104.0,0.0008952397348713092,104,104,41009,0.05,0.05,0.0,True,0.2,0.08,800,16,0.0,0.0,0.0,0.869225025177002,C:/Users/efasllija/dev/gossip-poc/out_nb_incremental_clean0104/scenario_groups_effect/permanent_fork_sth_proof_n12000_pg0p2_a0p1_ff0p05_s41009_drop0_pc0p05_pgc0p05
permanent_fork,sth_proof,12000,6.0,5.0,0.2,0.1,0.05,3.0,True,0.0,0.0,0.0,0.0,,,,,48063.0,,,,19.610000759936167,19.610000759936167,119.0,0.0010048044853121227,119,119,41010,0.05,0.05,0.0,True,0.2,0.08,800,16,0.0,0.0,0.0,0.8759472370147705,C:/Users/efasllija/dev/gossip-poc/out_nb_incremental_clean0104/scenario_groups_effect/permanent_fork_sth_proof_n12000_pg0p2_a0p1_ff0p05_s41010_drop0_pc0p05_pgc0p05
permanent_fork,sth_proof,12000,6.0,5.0,0.2,0.1,0.05,3.0,True,0.0,0.0,0.0,0.0,,,,,46165.0,,,,16.76860130322776,16.76860130322776,171.0,0.0014396120624337021,171,171,41011,0.05,0.05,0.0,True,0.2,0.08,800,16,0.0,0.0,0.0,0.8547799587249756,C:/Users/efasllija/dev/gossip-poc/out_nb_incremental_clean0104/scenario_groups_effect/permanent_fork_sth_proof_n12000_pg0p2_a0p1_ff0p05_s41011_drop0_pc0p05_pgc0p05
permanent_fork,sth_proof,12000,6.0,5.0,0.2,0.1,0.05,3.0,True,0.0,0.0,0.0,0.0,,,,,44280.0,,,,14.17482041175883,14.17482041175883,58.0,0.0005267316302343956,58,58,41012,0.05,0.05,0.0,True,0.2,0.08,800,16,0.0,0.0,0.0,0.8578217029571533,C:/Users/efasllija/dev/gossip-poc/out_nb_incremental_clean0104/scenario_groups_effect/permanent_fork_sth_proof_n12000_pg0p2_a0p1_ff0p05_s41012_drop0_pc0p05_pgc0p05
permanent_fork,sth_proof,12000,6.0,5.0,0.2,0.1,0.05,3.0,True,5.0,5.0,0.0,0.0,,,,,47565.0,,,,19.653586672174033,19.653586672174033,115.0,0.00098960484648217,115,115,41013,0.05,0.05,0.0,True,0.2,0.08,800,16,0.0,0.0,0.0,0.8866236209869385,C:/Users/efasllija/dev/gossip-poc/out_nb_incremental_clean0104/scenario_groups_effect/permanent_fork_sth_proof_n12000_pg0p2_a0p1_ff0p05_s41013_drop0_pc0p05_pgc0p05
permanent_fork,sth_proof,12000,6.0,5.0,0.2,0.1,0.05,3.0,True,15.0,15.0,0.0,0.0,,,,,49539.0,,,,18.463773455799142,18.463773455799142,139.0,0.001219394513601951,139,139,41014,0.05,0.05,0.0,True,0.2,0.08,800,16,0.0,0.0,0.0,0.8568999767303467,C:/Users/efasllija/dev/gossip-poc/out_nb_incremental_clean0104/scenario_groups_effect/permanent_fork_sth_proof_n12000_pg0p2_a0p1_ff0p05_s41014_drop0_pc0p05_pgc0p05
permanent_fork,sth_proof,12000,6.0,5.0,0.2,0.1,0.05,3.0,True,0.0,0.0,0.0,0.0,,,,,68122.0,,,,15.053939044059444,15.053939044059444,145.0,0.0008629770924218708,145,145,41000,0.05,0.05,0.0,True,0.2,0.12,800,16,0.0,0.0,0.0,0.9009122848510742,C:/Users/efasllija/dev/gossip-poc/out_nb_incremental_clean0104/scenario_groups_effect/permanent_fork_sth_proof_n12000_pg0p2_a0p1_ff0p05_s41000_drop0_pc0p05_pgc0p05
permanent_fork,sth_proof,12000,6.0,5.0,0.2,0.1,0.05,3.0,True,5.0,5.0,0.0,0.0,,,,,68901.0,,,,15.650301650951917,15.650301650951917,153.0,0.0009212094938766663,153,153,41001,0.05,0.05,0.0,True,0.2,0.12,800,16,0.0,0.0,0.0,0.9363698959350586,C:/Users/efasllija/dev/gossip-poc/out_nb_incremental_clean0104/scenario_groups_effect/permanent_fork_sth_proof_n12000_pg0p2_a0p1_ff0p05_s41001_drop0_pc0p05_pgc0p05
permanent_fork,sth_proof,12000,6.0,5.0,0.2,0.1,0.05,3.0,True,0.0,0.0,0.0,0.0,,,,,69291.0,,,,16.973750872758956,16.973750872758956,212.0,0.001223305116531353,212,212,41002,0.05,0.05,0.0,True,0.2,0.12,800,16,0.0,0.0,0.0,0.9213991165161133,C:/Users/efasllija/dev/gossip-poc/out_nb_incremental_clean0104/scenario_groups_effect/permanent_fork_sth_proof_n12000_pg0p2_a0p1_ff0p05_s41002_drop0_pc0p05_pgc0p05
permanent_fork,sth_proof,12000,6.0,5.0,0.2,0.1,0.05,3.0,True,0.0,0.0,0.0,0.0,,,,,65176.0,,,,16.346202800169706,16.346202800169706,138.0,0.0008610147495570141,138,138,41003,0.05,0.05,0.0,True,0.2,0.12,800,16,0.0,0.0,0.0,0.9202299118041992,C:/Users/efasllija/dev/gossip-poc/out_nb_incremental_clean0104/scenario_groups_effect/permanent_fork_sth_proof_n12000_pg0p2_a0p1_ff0p05_s41003_drop0_pc0p05_pgc0p05
permanent_fork,sth_proof,12000,6.0,5.0,0.2,0.1,0.05,3.0,True,0.0,0.0,0.0,0.0,,,,,66303.0,,,,18.099344047027348,18.099344047027348,135.0,0.0008283784032546067,135,135,41004,0.05,0.05,0.0,True,0.2,0.12,800,16,0.0,0.0,0.0,0.8909697532653809,C:/Users/efasllija/dev/gossip-poc/out_nb_incremental_clean0104/scenario_groups_effect/permanent_fork_sth_proof_n12000_pg0p2_a0p1_ff0p05_s41004_drop0_pc0p05_pgc0p05
permanent_fork,sth_proof,12000,6.0,5.0,0.2,0.1,0.05,3.0,True,5.0,5.0,0.0,0.0,,,,,71947.0,,,,16.720471765631377,16.720471765631377,230.0,0.0013604074124459534,230,230,41005,0.05,0.05,0.0,True,0.2,0.12,800,16,0.0,0.0,0.0,0.9057281017303467,C:/Users/efasllija/dev/gossip-poc/out_nb_incremental_clean0104/scenario_groups_effect/permanent_fork_sth_proof_n12000_pg0p2_a0p1_ff0p05_s41005_drop0_pc0p05_pgc0p05
permanent_fork,sth_proof,12000,6.0,5.0,0.2,0.1,0.05,3.0,True,0.0,0.0,0.0,0.0,,,,,66144.0,,,,19.779538291166197,19.779538291166197,213.0,0.0012960461465444854,213,213,41006,0.05,0.05,0.0,True,0.2,0.12,800,16,0.0,0.0,0.0,0.9283761978149414,C:/Users/efasllija/dev/gossip-poc/out_nb_incremental_clean0104/scenario_groups_effect/permanent_fork_sth_proof_n12000_pg0p2_a0p1_ff0p05_s41006_drop0_pc0p05_pgc0p05
permanent_fork,sth_proof,12000,6.0,5.0,0.2,0.1,0.05,3.0,True,0.0,0.0,0.0,0.0,,,,,65259.0,,,,15.823066896522727,15.823066896522727,235.0,0.001411572491755816,235,235,41007,0.05,0.05,0.0,True,0.2,0.12,800,16,0.0,0.0,0.0,0.9069623947143555,C:/Users/efasllija/dev/gossip-poc/out_nb_incremental_clean0104/scenario_groups_effect/permanent_fork_sth_proof_n12000_pg0p2_a0p1_ff0p05_s41007_drop0_pc0p05_pgc0p05
permanent_fork,sth_proof,12000,6.0,5.0,0.2,0.1,0.05,3.0,True,0.0,0.0,0.0,0.0,,,,,64913.0,,,,17.46734059097978,17.46734059097978,114.0,0.000692554432348367,114,114,41008,0.05,0.05,0.0,True,0.2,0.12,800,16,0.0,0.0,0.0,0.9087743759155273,C:/Users/efasllija/dev/gossip-poc/out_nb_incremental_clean0104/scenario_groups_effect/permanent_fork_sth_proof_n12000_pg0p2_a0p1_ff0p05_s41008_drop0_pc0p05_pgc0p05
permanent_fork,sth_proof,12000,6.0,5.0,0.2,0.1,0.05,3.0,True,0.0,0.0,0.0,0.0,,,,,66584.0,,,,20.54131078587064,20.54131078587064,191.0,0.001171110961230709,191,191,41009,0.05,0.05,0.0,True,0.2,0.12,800,16,0.0,0.0,0.0,0.8718812465667725,C:/Users/efasllija/dev/gossip-poc/out_nb_incremental_clean0104/scenario_groups_effect/permanent_fork_sth_proof_n12000_pg0p2_a0p1_ff0p05_s41009_drop0_pc0p05_pgc0p05
permanent_fork,sth_proof,12000,6.0,5.0,0.2,0.1,0.05,3.0,True,0.0,0.0,0.0,0.0,,,,,67416.0,,,,19.138544896300534,19.138544896300534,187.0,0.001125793925529033,187,187,41010,0.05,0.05,0.0,True,0.2,0.12,800,16,0.0,0.0,0.0,0.9633321762084961,C:/Users/efasllija/dev/gossip-poc/out_nb_incremental_clean0104/scenario_groups_effect/permanent_fork_sth_proof_n12000_pg0p2_a0p1_ff0p05_s41010_drop0_pc0p05_pgc0p05
permanent_fork,sth_proof,12000,6.0,5.0,0.2,0.1,0.05,3.0,True,0.0,0.0,0.0,0.0,,,,,65675.0,,,,18.27595044852627,18.27595044852627,357.0,0.002118040723337605,357,357,41011,0.05,0.05,0.0,True,0.2,0.12,800,16,0.0,0.0,0.0,0.8980417251586914,C:/Users/efasllija/dev/gossip-poc/out_nb_incremental_clean0104/scenario_groups_effect/permanent_fork_sth_proof_n12000_pg0p2_a0p1_ff0p05_s41011_drop0_pc0p05_pgc0p05
permanent_fork,sth_proof,12000,6.0,5.0,0.2,0.1,0.05,3.0,True,0.0,0.0,0.0,0.0,,,,,63755.0,,,,15.719298245614034,15.719298245614034,99.0,0.000632729364394593,99,99,41012,0.05,0.05,0.0,True,0.2,0.12,800,16,0.0,0.0,0.0,0.8997981548309326,C:/Users/efasllija/dev/gossip-poc/out_nb_incremental_clean0104/scenario_groups_effect/permanent_fork_sth_proof_n12000_pg0p2_a0p1_ff0p05_s41012_drop0_pc0p05_pgc0p05
permanent_fork,sth_proof,12000,6.0,5.0,0.2,0.1,0.05,3.0,True,0.0,0.0,0.0,0.0,,,,,63935.0,,,,19.32224616961755,19.32224616961755,197.0,0.0012165825763143106,197,197,41013,0.05,0.05,0.0,True,0.2,0.12,800,16,0.0,0.0,0.0,0.907768964767456,C:/Users/efasllija/dev/gossip-poc/out_nb_incremental_clean0104/scenario_groups_effect/permanent_fork_sth_proof_n12000_pg0p2_a0p1_ff0p05_s41013_drop0_pc0p05_pgc0p05
permanent_fork,sth_proof,12000,6.0,5.0,0.2,0.1,0.05,3.0,True,5.0,5.0,0.0,0.0,,,,,66262.0,,,,14.941869423664786,14.941869423664786,142.0,0.0008822725352287695,142,142,41014,0.05,0.05,0.0,True,0.2,0.12,800,16,0.0,0.0,0.0,0.8948507308959961,C:/Users/efasllija/dev/gossip-poc/out_nb_incremental_clean0104/scenario_groups_effect/permanent_fork_sth_proof_n12000_pg0p2_a0p1_ff0p05_s41014_drop0_pc0p05_pgc0p05
permanent_fork,sth_proof,12000,6.0,5.0,0.2,0.1,0.05,3.0,True,0.0,0.0,0.0,0.0,,,,,8686.0,,,,15.56596060943887,15.56596060943887,16.0,0.0007432181345224824,16,16,41000,0.05,0.05,0.0,True,0.2,0.0,800,32,0.0,0.0,0.0,0.8170254230499268,C:/Users/efasllija/dev/gossip-poc/out_nb_incremental_clean0104/scenario_groups_effect/permanent_fork_sth_proof_n12000_pg0p2_a0p1_ff0p05_s41000_drop0_pc0p05_pgc0p05
permanent_fork,sth_proof,12000,6.0,5.0,0.2,0.1,0.05,3.0,True,35.0,35.0,0.0,0.0,,,,,10602.0,,,,16.805892309803742,16.805892309803742,23.0,0.0010521981792396724,23,23,41001,0.05,0.05,0.0,True,0.2,0.0,800,32,0.0,0.0,0.0,0.8224236965179443,C:/Users/efasllija/dev/gossip-poc/out_nb_incremental_clean0104/scenario_groups_effect/permanent_fork_sth_proof_n12000_pg0p2_a0p1_ff0p05_s41001_drop0_pc0p05_pgc0p05
permanent_fork,sth_proof,12000,6.0,5.0,0.2,0.1,0.05,3.0,True,15.0,15.0,0.0,0.0,,,,,9433.0,,,,16.827636629501004,16.827636629501004,24.0,0.0010966916468652897,24,24,41002,0.05,0.05,0.0,True,0.2,0.0,800,32,0.0,0.0,0.0,0.8196887969970703,C:/Users/efasllija/dev/gossip-poc/out_nb_incremental_clean0104/scenario_groups_effect/permanent_fork_sth_proof_n12000_pg0p2_a0p1_ff0p05_s41002_drop0_pc0p05_pgc0p05
permanent_fork,sth_proof,12000,6.0,5.0,0.2,0.1,0.05,3.0,True,25.0,25.0,0.0,0.0,,,,,9581.0,,,,16.370017789316794,16.370017789316794,17.0,0.0008173469878359536,17,17,41003,0.05,0.05,0.0,True,0.2,0.0,800,32,0.0,0.0,0.0,0.8175287246704102,C:/Users/efasllija/dev/gossip-poc/out_nb_incremental_clean0104/scenario_groups_effect/permanent_fork_sth_proof_n12000_pg0p2_a0p1_ff0p05_s41003_drop0_pc0p05_pgc0p05
permanent_fork,sth_proof,12000,6.0,5.0,0.2,0.1,0.05,3.0,True,5.0,5.0,0.0,0.0,,,,,8662.0,,,,17.91742195367573,17.91742195367573,27.0,0.001294777729823047,27,27,41004,0.05,0.05,0.0,True,0.2,0.0,800,32,0.0,0.0,0.0,0.8364963531494141,C:/Users/efasllija/dev/gossip-poc/out_nb_incremental_clean0104/scenario_groups_effect/permanent_fork_sth_proof_n12000_pg0p2_a0p1_ff0p05_s41004_drop0_pc0p05_pgc0p05
permanent_fork,sth_proof,12000,6.0,5.0,0.2,0.1,0.05,3.0,True,0.0,0.0,0.0,0.0,,,,,8696.0,,,,18.226711560044894,18.226711560044894,24.0,0.001122334455667789,24,24,41005,0.05,0.05,0.0,True,0.2,0.0,800,32,0.0,0.0,0.0,0.7770378589630127,C:/Users/efasllija/dev/gossip-poc/out_nb_incremental_clean0104/scenario_groups_effect/permanent_fork_sth_proof_n12000_pg0p2_a0p1_ff0p05_s41005_drop0_pc0p05_pgc0p05
permanent_fork,sth_proof,12000,6.0,5.0,0.2,0.1,0.05,3.0,True,5.0,5.0,0.0,0.0,,,,,8707.0,,,,20.098135426889108,20.098135426889108,19.0,0.0008878919575681107,19,19,41006,0.05,0.05,0.0,True,0.2,0.0,800,32,0.0,0.0,0.0,0.807100772857666,C:/Users/efasllija/dev/gossip-poc/out_nb_incremental_clean0104/scenario_groups_effect/permanent_fork_sth_proof_n12000_pg0p2_a0p1_ff0p05_s41006_drop0_pc0p05_pgc0p05
permanent_fork,sth_proof,12000,6.0,5.0,0.2,0.1,0.05,3.0,True,5.0,5.0,0.0,0.0,,,,,8526.0,,,,16.201158355699956,16.201158355699956,20.0,0.0009417526015915618,20,20,41007,0.05,0.05,0.0,True,0.2,0.0,800,32,0.0,0.0,0.0,0.8322110176086426,C:/Users/efasllija/dev/gossip-poc/out_nb_incremental_clean0104/scenario_groups_effect/permanent_fork_sth_proof_n12000_pg0p2_a0p1_ff0p05_s41007_drop0_pc0p05_pgc0p05
permanent_fork,sth_proof,12000,6.0,5.0,0.2,0.1,0.05,3.0,True,0.0,0.0,0.0,0.0,,,,,8356.0,,,,19.02726975068993,19.02726975068993,23.0,0.0010758220683848637,23,23,41008,0.05,0.05,0.0,True,0.2,0.0,800,32,0.0,0.0,0.0,0.8192176818847656,C:/Users/efasllija/dev/gossip-poc/out_nb_incremental_clean0104/scenario_groups_effect/permanent_fork_sth_proof_n12000_pg0p2_a0p1_ff0p05_s41008_drop0_pc0p05_pgc0p05
permanent_fork,sth_proof,12000,6.0,5.0,0.2,0.1,0.05,3.0,True,5.0,5.0,0.0,0.0,,,,,8812.0,,,,18.41765962497033,18.41765962497033,24.0,0.0011393306432470923,24,24,41009,0.05,0.05,0.0,True,0.2,0.0,800,32,0.0,0.0,0.0,0.8057184219360352,C:/Users/efasllija/dev/gossip-poc/out_nb_incremental_clean0104/scenario_groups_effect/permanent_fork_sth_proof_n12000_pg0p2_a0p1_ff0p05_s41009_drop0_pc0p05_pgc0p05
permanent_fork,sth_proof,12000,6.0,5.0,0.2,0.1,0.05,3.0,True,0.0,0.0,0.0,0.0,,,,,8926.0,,,,18.44705882352941,18.44705882352941,37.0,0.0017003676470588236,37,37,41010,0.05,0.05,0.0,True,0.2,0.0,800,32,0.0,0.0,0.0,0.806490421295166,C:/Users/efasllija/dev/gossip-poc/out_nb_incremental_clean0104/scenario_groups_effect/permanent_fork_sth_proof_n12000_pg0p2_a0p1_ff0p05_s41010_drop0_pc0p05_pgc0p05
permanent_fork,sth_proof,12000,6.0,5.0,0.2,0.1,0.05,3.0,True,5.0,5.0,0.0,0.0,,,,,8659.0,,,,19.2972972972973,19.2972972972973,32.0,0.0015015015015015015,32,32,41011,0.05,0.05,0.0,True,0.2,0.0,800,32,0.0,0.0,0.0,0.8055665493011475,C:/Users/efasllija/dev/gossip-poc/out_nb_incremental_clean0104/scenario_groups_effect/permanent_fork_sth_proof_n12000_pg0p2_a0p1_ff0p05_s41011_drop0_pc0p05_pgc0p05
permanent_fork,sth_proof,12000,6.0,5.0,0.2,0.1,0.05,3.0,True,15.0,15.0,0.0,0.0,,,,,9050.0,,,,14.897034516285853,14.897034516285853,20.0,0.0009722897423432182,20,20,41012,0.05,0.05,0.0,True,0.2,0.0,800,32,0.0,0.0,0.0,0.7924957275390625,C:/Users/efasllija/dev/gossip-poc/out_nb_incremental_clean0104/scenario_groups_effect/permanent_fork_sth_proof_n12000_pg0p2_a0p1_ff0p05_s41012_drop0_pc0p05_pgc0p05
permanent_fork,sth_proof,12000,6.0,5.0,0.2,0.1,0.05,3.0,True,0.0,0.0,0.0,0.0,,,,,8601.0,,,,18.507540983606557,18.507540983606557,33.0,0.0015456674473067916,33,33,41013,0.05,0.05,0.0,True,0.2,0.0,800,32,0.0,0.0,0.0,0.815568208694458,C:/Users/efasllija/dev/gossip-poc/out_nb_incremental_clean0104/scenario_groups_effect/permanent_fork_sth_proof_n12000_pg0p2_a0p1_ff0p05_s41013_drop0_pc0p05_pgc0p05
permanent_fork,sth_proof,12000,6.0,5.0,0.2,0.1,0.05,3.0,True,10.0,10.0,0.0,0.0,,,,,8946.0,,,,18.429367233252393,18.429367233252393,20.0,0.0009522449173927534,20,20,41014,0.05,0.05,0.0,True,0.2,0.0,800,32,0.0,0.0,0.0,0.7993884086608887,C:/Users/efasllija/dev/gossip-poc/out_nb_incremental_clean0104/scenario_groups_effect/permanent_fork_sth_proof_n12000_pg0p2_a0p1_ff0p05_s41014_drop0_pc0p05_pgc0p05
permanent_fork,sth_proof,12000,6.0,5.0,0.2,0.1,0.05,3.0,True,0.0,0.0,0.0,0.0,,,,,59312.0,,,,13.885124581375203,13.885124581375203,205.0,0.0013982579751860365,205,205,41000,0.05,0.05,0.0,True,0.2,0.04,800,32,0.0,0.0,0.0,0.8652162551879883,C:/Users/efasllija/dev/gossip-poc/out_nb_incremental_clean0104/scenario_groups_effect/permanent_fork_sth_proof_n12000_pg0p2_a0p1_ff0p05_s41000_drop0_pc0p05_pgc0p05
permanent_fork,sth_proof,12000,6.0,5.0,0.2,0.1,0.05,3.0,True,10.0,10.0,0.0,0.0,,,,,63107.0,,,,15.58546569771318,15.58546569771318,69.0,0.0004600306687112474,69,69,41001,0.05,0.05,0.0,True,0.2,0.04,800,32,0.0,0.0,0.0,0.8845434188842773,C:/Users/efasllija/dev/gossip-poc/out_nb_incremental_clean0104/scenario_groups_effect/permanent_fork_sth_proof_n12000_pg0p2_a0p1_ff0p05_s41001_drop0_pc0p05_pgc0p05
permanent_fork,sth_proof,12000,6.0,5.0,0.2,0.1,0.05,3.0,True,5.0,5.0,0.0,0.0,,,,,61007.0,,,,18.473919324665296,18.473919324665296,387.0,0.0025764445065809185,387,387,41002,0.05,0.05,0.0,True,0.2,0.04,800,32,0.0,0.0,0.0,0.8567538261413574,C:/Users/efasllija/dev/gossip-poc/out_nb_incremental_clean0104/scenario_groups_effect/permanent_fork_sth_proof_n12000_pg0p2_a0p1_ff0p05_s41002_drop0_pc0p05_pgc0p05
permanent_fork,sth_proof,12000,6.0,5.0,0.2,0.1,0.05,3.0,True,0.0,0.0,0.0,0.0,,,,,54697.0,,,,17.75649070289563,17.75649070289563,79.0,0.0005684761959587819,79,79,41003,0.05,0.05,0.0,True,0.2,0.04,800,32,0.0,0.0,0.0,0.8525235652923584,C:/Users/efasllija/dev/gossip-poc/out_nb_incremental_clean0104/scenario_groups_effect/permanent_fork_sth_proof_n12000_pg0p2_a0p1_ff0p05_s41003_drop0_pc0p05_pgc0p05
permanent_fork,sth_proof,12000,6.0,5.0,0.2,0.1,0.05,3.0,True,0.0,0.0,0.0,0.0,,,,,56578.0,,,,18.225627843968184,18.225627843968184,125.0,0.0008683872312341519,125,125,41004,0.05,0.05,0.0,True,0.2,0.04,800,32,0.0,0.0,0.0,0.8818092346191406,C:/Users/efasllija/dev/gossip-poc/out_nb_incremental_clean0104/scenario_groups_effect/permanent_fork_sth_proof_n12000_pg0p2_a0p1_ff0p05_s41004_drop0_pc0p05_pgc0p05
permanent_fork,sth_proof,12000,6.0,5.0,0.2,0.1,0.05,3.0,True,0.0,0.0,0.0,0.0,,,,,61572.0,,,,17.168613694278054,17.168613694278054,119.0,0.0007876360988847337,119,119,41005,0.05,0.05,0.0,True,0.2,0.04,800,32,0.0,0.0,0.0,0.9187114238739014,C:/Users/efasllija/dev/gossip-poc/out_nb_incremental_clean0104/scenario_groups_effect/permanent_fork_sth_proof_n12000_pg0p2_a0p1_ff0p05_s41005_drop0_pc0p05_pgc0p05
permanent_fork,sth_proof,12000,6.0,5.0,0.2,0.1,0.05,3.0,True,0.0,0.0,0.0,0.0,,,,,56378.0,,,,21.562020059827557,21.562020059827557,204.0,0.001435861340841105,204,204,41006,0.05,0.05,0.0,True,0.2,0.04,800,32,0.0,0.0,0.0,0.8885633945465088,C:/Users/efasllija/dev/gossip-poc/out_nb_incremental_clean0104/scenario_groups_effect/permanent_fork_sth_proof_n12000_pg0p2_a0p1_ff0p05_s41006_drop0_pc0p05_pgc0p05
permanent_fork,sth_proof,12000,6.0,5.0,0.2,0.1,0.05,3.0,True,0.0,0.0,0.0,0.0,,,,,56428.0,,,,14.988985507246376,14.988985507246376,117.0,0.0008074534161490683,117,117,41007,0.05,0.05,0.0,True,0.2,0.04,800,32,0.0,0.0,0.0,0.8752696514129639,C:/Users/efasllija/dev/gossip-poc/out_nb_incremental_clean0104/scenario_groups_effect/permanent_fork_sth_proof_n12000_pg0p2_a0p1_ff0p05_s41007_drop0_pc0p05_pgc0p05
permanent_fork,sth_proof,12000,6.0,5.0,0.2,0.1,0.05,3.0,True,0.0,0.0,0.0,0.0,,,,,57576.0,,,,19.39064495963906,19.39064495963906,151.0,0.0010260103824096976,151,151,41008,0.05,0.05,0.0,True,0.2,0.04,800,32,0.0,0.0,0.0,0.8765974044799805,C:/Users/efasllija/dev/gossip-poc/out_nb_incremental_clean0104/scenario_groups_effect/permanent_fork_sth_proof_n12000_pg0p2_a0p1_ff0p05_s41008_drop0_pc0p05_pgc0p05
permanent_fork,sth_proof,12000,6.0,5.0,0.2,0.1,0.05,3.0,True,5.0,5.0,0.0,0.0,,,,,62435.0,,,,17.273748605806603,17.273748605806603,127.0,0.0008584851455030926,127,127,41009,0.05,0.05,0.0,True,0.2,0.04,800,32,0.0,0.0,0.0,0.8700001239776611,C:/Users/efasllija/dev/gossip-poc/out_nb_incremental_clean0104/scenario_groups_effect/permanent_fork_sth_proof_n12000_pg0p2_a0p1_ff0p05_s41009_drop0_pc0p05_pgc0p05
permanent_fork,sth_proof,12000,6.0,5.0,0.2,0.1,0.05,3.0,True,0.0,0.0,0.0,0.0,,,,,61175.0,,,,19.83342670401494,19.83342670401494,208.0,0.001387221555288782,208,208,41010,0.05,0.05,0.0,True,0.2,0.04,800,32,0.0,0.0,0.0,0.8976123332977295,C:/Users/efasllija/dev/gossip-poc/out_nb_incremental_clean0104/scenario_groups_effect/permanent_fork_sth_proof_n12000_pg0p2_a0p1_ff0p05_s41010_drop0_pc0p05_pgc0p05
permanent_fork,sth_proof,12000,6.0,5.0,0.2,0.1,0.05,3.0,True,10.0,10.0,0.0,0.0,,,,,61514.0,,,,20.4262610176007,20.4262610176007,140.0,0.0009610368214393586,140,140,41011,0.05,0.05,0.0,True,0.2,0.04,800,32,0.0,0.0,0.0,0.8649284839630127,C:/Users/efasllija/dev/gossip-poc/out_nb_incremental_clean0104/scenario_groups_effect/permanent_fork_sth_proof_n12000_pg0p2_a0p1_ff0p05_s41011_drop0_pc0p05_pgc0p05
permanent_fork,sth_proof,12000,6.0,5.0,0.2,0.1,0.05,3.0,True,5.0,5.0,0.0,0.0,,,,,58052.0,,,,13.371718212815825,13.371718212815825,118.0,0.0008330215385484247,118,118,41012,0.05,0.05,0.0,True,0.2,0.04,800,32,0.0,0.0,0.0,0.8605670928955078,C:/Users/efasllija/dev/gossip-poc/out_nb_incremental_clean0104/scenario_groups_effect/permanent_fork_sth_proof_n12000_pg0p2_a0p1_ff0p05_s41012_drop0_pc0p05_pgc0p05
permanent_fork,sth_proof,12000,6.0,5.0,0.2,0.1,0.05,3.0,True,0.0,0.0,0.0,0.0,,,,,59787.0,,,,18.3754674644727,18.3754674644727,136.0,0.0009082166898172881,136,136,41013,0.05,0.05,0.0,True,0.2,0.04,800,32,0.0,0.0,0.0,0.9244437217712402,C:/Users/efasllija/dev/gossip-poc/out_nb_incremental_clean0104/scenario_groups_effect/permanent_fork_sth_proof_n12000_pg0p2_a0p1_ff0p05_s41013_drop0_pc0p05_pgc0p05
permanent_fork,sth_proof,12000,6.0,5.0,0.2,0.1,0.05,3.0,True,0.0,0.0,0.0,0.0,,,,,57047.0,,,,16.471700236300215,16.471700236300215,192.0,0.0013502869359738945,192,192,41014,0.05,0.05,0.0,True,0.2,0.04,800,32,0.0,0.0,0.0,0.8688373565673828,C:/Users/efasllija/dev/gossip-poc/out_nb_incremental_clean0104/scenario_groups_effect/permanent_fork_sth_proof_n12000_pg0p2_a0p1_ff0p05_s41014_drop0_pc0p05_pgc0p05
permanent_fork,sth_proof,12000,6.0,5.0,0.2,0.1,0.05,3.0,True,0.0,0.0,0.0,0.0,,,,,108034.0,,,,16.498227195974405,16.498227195974405,294.0,0.001100748434054311,294,294,41000,0.05,0.05,0.0,True,0.2,0.08,800,32,0.0,0.0,0.0,0.9633104801177979,C:/Users/efasllija/dev/gossip-poc/out_nb_incremental_clean0104/scenario_groups_effect/permanent_fork_sth_proof_n12000_pg0p2_a0p1_ff0p05_s41000_drop0_pc0p05_pgc0p05
permanent_fork,sth_proof,12000,6.0,5.0,0.2,0.1,0.05,3.0,True,0.0,0.0,0.0,0.0,,,,,110177.0,,,,17.08236501700502,17.08236501700502,208.0,0.0007517628477354951,208,208,41001,0.05,0.05,0.0,True,0.2,0.08,800,32,0.0,0.0,0.0,0.9478182792663574,C:/Users/efasllija/dev/gossip-poc/out_nb_incremental_clean0104/scenario_groups_effect/permanent_fork_sth_proof_n12000_pg0p2_a0p1_ff0p05_s41001_drop0_pc0p05_pgc0p05
permanent_fork,sth_proof,12000,6.0,5.0,0.2,0.1,0.05,3.0,True,0.0,0.0,0.0,0.0,,,,,107729.0,,,,17.47589669650523,17.47589669650523,326.0,0.0011809839842632072,326,326,41002,0.05,0.05,0.0,True,0.2,0.08,800,32,0.0,0.0,0.0,0.9278700351715088,C:/Users/efasllija/dev/gossip-poc/out_nb_incremental_clean0104/scenario_groups_effect/permanent_fork_sth_proof_n12000_pg0p2_a0p1_ff0p05_s41002_drop0_pc0p05_pgc0p05
permanent_fork,sth_proof,12000,6.0,5.0,0.2,0.1,0.05,3.0,True,5.0,5.0,0.0,0.0,,,,,105786.0,,,,17.335451911393587,17.335451911393587,247.0,0.0009619279060348319,247,247,41003,0.05,0.05,0.0,True,0.2,0.08,800,32,0.0,0.0,0.0,0.9031097888946533,C:/Users/efasllija/dev/gossip-poc/out_nb_incremental_clean0104/scenario_groups_effect/permanent_fork_sth_proof_n12000_pg0p2_a0p1_ff0p05_s41003_drop0_pc0p05_pgc0p05
permanent_fork,sth_proof,12000,6.0,5.0,0.2,0.1,0.05,3.0,True,0.0,0.0,0.0,0.0,,,,,105353.0,,,,17.28532358915582,17.28532358915582,318.0,0.0012028914787621566,318,318,41004,0.05,0.05,0.0,True,0.2,0.08,800,32,0.0,0.0,0.0,0.908315896987915,C:/Users/efasllija/dev/gossip-poc/out_nb_incremental_clean0104/scenario_groups_effect/permanent_fork_sth_proof_n12000_pg0p2_a0p1_ff0p05_s41004_drop0_pc0p05_pgc0p05
permanent_fork,sth_proof,12000,6.0,5.0,0.2,0.1,0.05,3.0,True,0.0,0.0,0.0,0.0,,,,,114666.0,,,,17.31732707612174,17.31732707612174,300.0,0.0010896846815759745,300,300,41005,0.05,0.05,0.0,True,0.2,0.08,800,32,0.0,0.0,0.0,0.9393079280853271,C:/Users/efasllija/dev/gossip-poc/out_nb_incremental_clean0104/scenario_groups_effect/permanent_fork_sth_proof_n12000_pg0p2_a0p1_ff0p05_s41005_drop0_pc0p05_pgc0p05
permanent_fork,sth_proof,12000,6.0,5.0,0.2,0.1,0.05,3.0,True,0.0,0.0,0.0,0.0,,,,,105559.0,,,,20.370459328306232,20.370459328306232,370.0,0.0013929306885218746,370,370,41006,0.05,0.05,0.0,True,0.2,0.08,800,32,0.0,0.0,0.0,0.9549896717071533,C:/Users/efasllija/dev/gossip-poc/out_nb_incremental_clean0104/scenario_groups_effect/permanent_fork_sth_proof_n12000_pg0p2_a0p1_ff0p05_s41006_drop0_pc0p05_pgc0p05
permanent_fork,sth_proof,12000,6.0,5.0,0.2,0.1,0.05,3.0,True,0.0,0.0,0.0,0.0,,,,,101964.0,,,,16.330903139413778,16.330903139413778,215.0,0.0007997321827109061,215,215,41007,0.05,0.05,0.0,True,0.2,0.08,800,32,0.0,0.0,0.0,0.9332709312438965,C:/Users/efasllija/dev/gossip-poc/out_nb_incremental_clean0104/scenario_groups_effect/permanent_fork_sth_proof_n12000_pg0p2_a0p1_ff0p05_s41007_drop0_pc0p05_pgc0p05
permanent_fork,sth_proof,12000,6.0,5.0,0.2,0.1,0.05,3.0,True,0.0,0.0,0.0,0.0,,,,,107577.0,,,,19.484683074082486,19.484683074082486,315.0,0.0011539898741967864,315,315,41008,0.05,0.05,0.0,True,0.2,0.08,800,32,0.0,0.0,0.0,0.9926016330718994,C:/Users/efasllija/dev/gossip-poc/out_nb_incremental_clean0104/scenario_groups_effect/permanent_fork_sth_proof_n12000_pg0p2_a0p1_ff0p05_s41008_drop0_pc0p05_pgc0p05
permanent_fork,sth_proof,12000,6.0,5.0,0.2,0.1,0.05,3.0,True,0.0,0.0,0.0,0.0,,,,,111766.0,,,,19.71405094494659,19.71405094494659,309.0,0.001133495715459561,309,309,41009,0.05,0.05,0.0,True,0.2,0.08,800,32,0.0,0.0,0.0,0.9435920715332031,C:/Users/efasllija/dev/gossip-poc/out_nb_incremental_clean0104/scenario_groups_effect/permanent_fork_sth_proof_n12000_pg0p2_a0p1_ff0p05_s41009_drop0_pc0p05_pgc0p05
permanent_fork,sth_proof,12000,6.0,5.0,0.2,0.1,0.05,3.0,True,0.0,0.0,0.0,0.0,,,,,111366.0,,,,20.03167057931497,20.03167057931497,338.0,0.0012321196832942069,338,338,41010,0.05,0.05,0.0,True,0.2,0.08,800,32,0.0,0.0,0.0,0.9594688415527344,C:/Users/efasllija/dev/gossip-poc/out_nb_incremental_clean0104/scenario_groups_effect/permanent_fork_sth_proof_n12000_pg0p2_a0p1_ff0p05_s41010_drop0_pc0p05_pgc0p05
permanent_fork,sth_proof,12000,6.0,5.0,0.2,0.1,0.05,3.0,True,0.0,0.0,0.0,0.0,,,,,105701.0,,,,18.426879924315216,18.426879924315216,321.0,0.0011862703070259723,321,321,41011,0.05,0.05,0.0,True,0.2,0.08,800,32,0.0,0.0,0.0,0.9483761787414551,C:/Users/efasllija/dev/gossip-poc/out_nb_incremental_clean0104/scenario_groups_effect/permanent_fork_sth_proof_n12000_pg0p2_a0p1_ff0p05_s41011_drop0_pc0p05_pgc0p05
permanent_fork,sth_proof,12000,6.0,5.0,0.2,0.1,0.05,3.0,True,0.0,0.0,0.0,0.0,,,,,103275.0,,,,13.017978906910244,13.017978906910244,303.0,0.00116926567800044,303,303,41012,0.05,0.05,0.0,True,0.2,0.08,800,32,0.0,0.0,0.0,0.922053337097168,C:/Users/efasllija/dev/gossip-poc/out_nb_incremental_clean0104/scenario_groups_effect/permanent_fork_sth_proof_n12000_pg0p2_a0p1_ff0p05_s41012_drop0_pc0p05_pgc0p05
permanent_fork,sth_proof,12000,6.0,5.0,0.2,0.1,0.05,3.0,True,0.0,0.0,0.0,0.0,,,,,108008.0,,,,19.352626944525976,19.352626944525976,256.0,0.0009392427355444673,256,256,41013,0.05,0.05,0.0,True,0.2,0.08,800,32,0.0,0.0,0.0,0.9290306568145752,C:/Users/efasllija/dev/gossip-poc/out_nb_incremental_clean0104/scenario_groups_effect/permanent_fork_sth_proof_n12000_pg0p2_a0p1_ff0p05_s41013_drop0_pc0p05_pgc0p05
permanent_fork,sth_proof,12000,6.0,5.0,0.2,0.1,0.05,3.0,True,0.0,0.0,0.0,0.0,,,,,110173.0,,,,21.005047689139662,21.005047689139662,337.0,0.0012526297791357226,337,337,41014,0.05,0.05,0.0,True,0.2,0.08,800,32,0.0,0.0,0.0,0.9236488342285156,C:/Users/efasllija/dev/gossip-poc/out_nb_incremental_clean0104/scenario_groups_effect/permanent_fork_sth_proof_n12000_pg0p2_a0p1_ff0p05_s41014_drop0_pc0p05_pgc0p05
permanent_fork,sth_proof,12000,6.0,5.0,0.2,0.1,0.05,3.0,True,0.0,0.0,0.0,0.0,,,,,160069.0,,,,16.830190020797414,16.830190020797414,453.0,0.0011503330379203603,453,453,41000,0.05,0.05,0.0,True,0.2,0.12,800,32,0.0,0.0,0.0,0.9881882667541504,C:/Users/efasllija/dev/gossip-poc/out_nb_incremental_clean0104/scenario_groups_effect/permanent_fork_sth_proof_n12000_pg0p2_a0p1_ff0p05_s41000_drop0_pc0p05_pgc0p05
permanent_fork,sth_proof,12000,6.0,5.0,0.2,0.1,0.05,3.0,True,0.0,0.0,0.0,0.0,,,,,161359.0,,,,18.594918440120814,18.594918440120814,318.0,0.0007885692180269899,318,318,41001,0.05,0.05,0.0,True,0.2,0.12,800,32,0.0,0.0,0.0,1.0392355918884277,C:/Users/efasllija/dev/gossip-poc/out_nb_incremental_clean0104/scenario_groups_effect/permanent_fork_sth_proof_n12000_pg0p2_a0p1_ff0p05_s41001_drop0_pc0p05_pgc0p05
permanent_fork,sth_proof,12000,6.0,5.0,0.2,0.1,0.05,3.0,True,0.0,0.0,0.0,0.0,,,,,160951.0,,,,15.89480295179777,15.89480295179777,546.0,0.0013394959962317475,546,546,41002,0.05,0.05,0.0,True,0.2,0.12,800,32,0.0,0.0,0.0,1.0560522079467773,C:/Users/efasllija/dev/gossip-poc/out_nb_incremental_clean0104/scenario_groups_effect/permanent_fork_sth_proof_n12000_pg0p2_a0p1_ff0p05_s41002_drop0_pc0p05_pgc0p05
permanent_fork,sth_proof,12000,6.0,5.0,0.2,0.1,0.05,3.0,True,0.0,0.0,0.0,0.0,,,,,154543.0,,,,18.035655400384098,18.035655400384098,378.0,0.001006853529447802,378,378,41003,0.05,0.05,0.0,True,0.2,0.12,800,32,0.0,0.0,0.0,1.0000312328338623,C:/Users/efasllija/dev/gossip-poc/out_nb_incremental_clean0104/scenario_groups_effect/permanent_fork_sth_proof_n12000_pg0p2_a0p1_ff0p05_s41003_drop0_pc0p05_pgc0p05
permanent_fork,sth_proof,12000,6.0,5.0,0.2,0.1,0.05,3.0,True,0.0,0.0,0.0,0.0,,,,,151686.0,,,,17.388071940086373,17.388071940086373,372.0,0.0009683641674020508,372,372,41004,0.05,0.05,0.0,True,0.2,0.12,800,32,0.0,0.0,0.0,0.9961199760437012,C:/Users/efasllija/dev/gossip-poc/out_nb_incremental_clean0104/scenario_groups_effect/permanent_fork_sth_proof_n12000_pg0p2_a0p1_ff0p05_s41004_drop0_pc0p05_pgc0p05
permanent_fork,sth_proof,12000,6.0,5.0,0.2,0.1,0.05,3.0,True,0.0,0.0,0.0,0.0,,,,,167026.0,,,,19.314844504635484,19.314844504635484,440.0,0.0010953884147738022,440,440,41005,0.05,0.05,0.0,True,0.2,0.12,800,32,0.0,0.0,0.0,1.017225980758667,C:/Users/efasllija/dev/gossip-poc/out_nb_incremental_clean0104/scenario_groups_effect/permanent_fork_sth_proof_n12000_pg0p2_a0p1_ff0p05_s41005_drop0_pc0p05_pgc0p05
permanent_fork,sth_proof,12000,6.0,5.0,0.2,0.1,0.05,3.0,True,0.0,0.0,0.0,0.0,,,,,154239.0,,,,21.482940744798505,21.482940744798505,701.0,0.0018113507870719683,701,701,41006,0.05,0.05,0.0,True,0.2,0.12,800,32,0.0,0.0,0.0,0.9981434345245361,C:/Users/efasllija/dev/gossip-poc/out_nb_incremental_clean0104/scenario_groups_effect/permanent_fork_sth_proof_n12000_pg0p2_a0p1_ff0p05_s41006_drop0_pc0p05_pgc0p05
permanent_fork,sth_proof,12000,6.0,5.0,0.2,0.1,0.05,3.0,True,0.0,0.0,0.0,0.0,,,,,154399.0,,,,16.99271197607825,16.99271197607825,439.0,0.001112462622269525,439,439,41007,0.05,0.05,0.0,True,0.2,0.12,800,32,0.0,0.0,0.0,0.9954109191894531,C:/Users/efasllija/dev/gossip-poc/out_nb_incremental_clean0104/scenario_groups_effect/permanent_fork_sth_proof_n12000_pg0p2_a0p1_ff0p05_s41007_drop0_pc0p05_pgc0p05
permanent_fork,sth_proof,12000,6.0,5.0,0.2,0.1,0.05,3.0,True,0.0,0.0,0.0,0.0,,,,,155686.0,,,,18.067485106967567,18.067485106967567,284.0,0.0007093704337400557,284,284,41008,0.05,0.05,0.0,True,0.2,0.12,800,32,0.0,0.0,0.0,0.989762544631958,C:/Users/efasllija/dev/gossip-poc/out_nb_incremental_clean0104/scenario_groups_effect/permanent_fork_sth_proof_n12000_pg0p2_a0p1_ff0p05_s41008_drop0_pc0p05_pgc0p05
permanent_fork,sth_proof,12000,6.0,5.0,0.2,0.1,0.05,3.0,True,0.0,0.0,0.0,0.0,,,,,159092.0,,,,17.909789277683377,17.909789277683377,434.0,0.001103977371007621,434,434,41009,0.05,0.05,0.0,True,0.2,0.12,800,32,0.0,0.0,0.0,0.9972553253173828,C:/Users/efasllija/dev/gossip-poc/out_nb_incremental_clean0104/scenario_groups_effect/permanent_fork_sth_proof_n12000_pg0p2_a0p1_ff0p05_s41009_drop0_pc0p05_pgc0p05
permanent_fork,sth_proof,12000,6.0,5.0,0.2,0.1,0.05,3.0,True,0.0,0.0,0.0,0.0,,,,,160018.0,,,,20.59994931588997,20.59994931588997,748.0,0.0018768175397130076,748,748,41010,0.05,0.05,0.0,True,0.2,0.12,800,32,0.0,0.0,0.0,1.036876916885376,C:/Users/efasllija/dev/gossip-poc/out_nb_incremental_clean0104/scenario_groups_effect/permanent_fork_sth_proof_n12000_pg0p2_a0p1_ff0p05_s41010_drop0_pc0p05_pgc0p05
permanent_fork,sth_proof,12000,6.0,5.0,0.2,0.1,0.05,3.0,True,0.0,0.0,0.0,0.0,,,,,158134.0,,,,18.715357578077004,18.715357578077004,509.0,0.0012815606336801185,509,509,41011,0.05,0.05,0.0,True,0.2,0.12,800,32,0.0,0.0,0.0,1.0405912399291992,C:/Users/efasllija/dev/gossip-poc/out_nb_incremental_clean0104/scenario_groups_effect/permanent_fork_sth_proof_n12000_pg0p2_a0p1_ff0p05_s41011_drop0_pc0p05_pgc0p05
permanent_fork,sth_proof,12000,6.0,5.0,0.2,0.1,0.05,3.0,True,0.0,0.0,0.0,0.0,,,,,154515.0,,,,13.594300526176914,13.594300526176914,412.0,0.001065805743968626,412,412,41012,0.05,0.05,0.0,True,0.2,0.12,800,32,0.0,0.0,0.0,0.9804291725158691,C:/Users/efasllija/dev/gossip-poc/out_nb_incremental_clean0104/scenario_groups_effect/permanent_fork_sth_proof_n12000_pg0p2_a0p1_ff0p05_s41012_drop0_pc0p05_pgc0p05
permanent_fork,sth_proof,12000,6.0,5.0,0.2,0.1,0.05,3.0,True,0.0,0.0,0.0,0.0,,,,,158782.0,,,,14.387140295662858,14.387140295662858,389.0,0.0009755118929695434,389,389,41013,0.05,0.05,0.0,True,0.2,0.12,800,32,0.0,0.0,0.0,0.9855997562408447,C:/Users/efasllija/dev/gossip-poc/out_nb_incremental_clean0104/scenario_groups_effect/permanent_fork_sth_proof_n12000_pg0p2_a0p1_ff0p05_s41013_drop0_pc0p05_pgc0p05
permanent_fork,sth_proof,12000,6.0,5.0,0.2,0.1,0.05,3.0,True,0.0,0.0,0.0,0.0,,,,,156746.0,,,,16.556103467367628,16.556103467367628,626.0,0.0016195882209884146,626,626,41014,0.05,0.05,0.0,True,0.2,0.12,800,32,0.0,0.0,0.0,0.9694080352783203,C:/Users/efasllija/dev/gossip-poc/out_nb_incremental_clean0104/scenario_groups_effect/permanent_fork_sth_proof_n12000_pg0p2_a0p1_ff0p05_s41014_drop0_pc0p05_pgc0p05
permanent_fork,sth_proof,12000,6.0,5.0,0.2,0.1,0.05,3.0,True,0.0,0.0,0.0,0.0,,,,,8648.0,,,,16.44419601267002,16.44419601267002,22.0,0.0010247810694987889,22,22,41000,0.05,0.05,0.0,True,0.2,0.0,800,64,0.0,0.0,0.0,0.8037257194519043,C:/Users/efasllija/dev/gossip-poc/out_nb_incremental_clean0104/scenario_groups_effect/permanent_fork_sth_proof_n12000_pg0p2_a0p1_ff0p05_s41000_drop0_pc0p05_pgc0p05
permanent_fork,sth_proof,12000,6.0,5.0,0.2,0.1,0.05,3.0,True,0.0,0.0,0.0,0.0,,,,,8901.0,,,,16.239847369855546,16.239847369855546,24.0,0.0010902153175252113,24,24,41001,0.05,0.05,0.0,True,0.2,0.0,800,64,0.0,0.0,0.0,0.8401250839233398,C:/Users/efasllija/dev/gossip-poc/out_nb_incremental_clean0104/scenario_groups_effect/permanent_fork_sth_proof_n12000_pg0p2_a0p1_ff0p05_s41001_drop0_pc0p05_pgc0p05
permanent_fork,sth_proof,12000,6.0,5.0,0.2,0.1,0.05,3.0,True,0.0,0.0,0.0,0.0,,,,,8783.0,,,,16.706615356422944,16.706615356422944,29.0,0.0013285688107018507,29,29,41002,0.05,0.05,0.0,True,0.2,0.0,800,64,0.0,0.0,0.0,0.833033561706543,C:/Users/efasllija/dev/gossip-poc/out_nb_incremental_clean0104/scenario_groups_effect/permanent_fork_sth_proof_n12000_pg0p2_a0p1_ff0p05_s41002_drop0_pc0p05_pgc0p05
permanent_fork,sth_proof,12000,6.0,5.0,0.2,0.1,0.05,3.0,True,10.0,10.0,0.0,0.0,,,,,8772.0,,,,16.70552147239264,16.70552147239264,24.0,0.0011503067484662577,24,24,41003,0.05,0.05,0.0,True,0.2,0.0,800,64,0.0,0.0,0.0,0.8046183586120605,C:/Users/efasllija/dev/gossip-poc/out_nb_incremental_clean0104/scenario_groups_effect/permanent_fork_sth_proof_n12000_pg0p2_a0p1_ff0p05_s41003_drop0_pc0p05_pgc0p05
permanent_fork,sth_proof,12000,6.0,5.0,0.2,0.1,0.05,3.0,True,25.0,25.0,0.0,0.0,,,,,9574.0,,,,18.091026809265742,18.091026809265742,19.0,0.0009112272792671815,19,19,41004,0.05,0.05,0.0,True,0.2,0.0,800,64,0.0,0.0,0.0,0.8199074268341064,C:/Users/efasllija/dev/gossip-poc/out_nb_incremental_clean0104/scenario_groups_effect/permanent_fork_sth_proof_n12000_pg0p2_a0p1_ff0p05_s41004_drop0_pc0p05_pgc0p05
permanent_fork,sth_proof,12000,6.0,5.0,0.2,0.1,0.05,3.0,True,0.0,0.0,0.0,0.0,,,,,8520.0,,,,16.224842025841742,16.224842025841742,31.0,0.0014618504196925398,31,31,41005,0.05,0.05,0.0,True,0.2,0.0,800,64,0.0,0.0,0.0,0.8771684169769287,C:/Users/efasllija/dev/gossip-poc/out_nb_incremental_clean0104/scenario_groups_effect/permanent_fork_sth_proof_n12000_pg0p2_a0p1_ff0p05_s41005_drop0_pc0p05_pgc0p05
permanent_fork,sth_proof,12000,6.0,5.0,0.2,0.1,0.05,3.0,True,25.0,25.0,0.0,0.0,,,,,9791.0,,,,21.3753280839895,21.3753280839895,30.0,0.00140607424071991,30,30,41006,0.05,0.05,0.0,True,0.2,0.0,800,64,0.0,0.0,0.0,0.8814511299133301,C:/Users/efasllija/dev/gossip-poc/out_nb_incremental_clean0104/scenario_groups_effect/permanent_fork_sth_proof_n12000_pg0p2_a0p1_ff0p05_s41006_drop0_pc0p05_pgc0p05
permanent_fork,sth_proof,12000,6.0,5.0,0.2,0.1,0.05,3.0,True,0.0,0.0,0.0,0.0,,,,,8349.0,,,,15.852081280210239,15.852081280210239,18.0,0.0008447135013374631,18,18,41007,0.05,0.05,0.0,True,0.2,0.0,800,64,0.0,0.0,0.0,0.8587172031402588,C:/Users/efasllija/dev/gossip-poc/out_nb_incremental_clean0104/scenario_groups_effect/permanent_fork_sth_proof_n12000_pg0p2_a0p1_ff0p05_s41007_drop0_pc0p05_pgc0p05
permanent_fork,sth_proof,12000,6.0,5.0,0.2,0.1,0.05,3.0,True,5.0,5.0,0.0,0.0,,,,,8493.0,,,,17.99045212019096,17.99045212019096,29.0,0.001357296639520734,29,29,41008,0.05,0.05,0.0,True,0.2,0.0,800,64,0.0,0.0,0.0,0.8221080303192139,C:/Users/efasllija/dev/gossip-poc/out_nb_incremental_clean0104/scenario_groups_effect/permanent_fork_sth_proof_n12000_pg0p2_a0p1_ff0p05_s41008_drop0_pc0p05_pgc0p05
permanent_fork,sth_proof,12000,6.0,5.0,0.2,0.1,0.05,3.0,True,10.0,10.0,0.0,0.0,,,,,9166.0,,,,17.37069896258743,17.37069896258743,31.0,0.001455194104116791,31,31,41009,0.05,0.05,0.0,True,0.2,0.0,800,64,0.0,0.0,0.0,0.8172123432159424,C:/Users/efasllija/dev/gossip-poc/out_nb_incremental_clean0104/scenario_groups_effect/permanent_fork_sth_proof_n12000_pg0p2_a0p1_ff0p05_s41009_drop0_pc0p05_pgc0p05
permanent_fork,sth_proof,12000,6.0,5.0,0.2,0.1,0.05,3.0,True,0.0,0.0,0.0,0.0,,,,,8693.0,,,,19.61982855013045,19.61982855013045,27.0,0.0012579202385389488,27,27,41010,0.05,0.05,0.0,True,0.2,0.0,800,64,0.0,0.0,0.0,0.8471930027008057,C:/Users/efasllija/dev/gossip-poc/out_nb_incremental_clean0104/scenario_groups_effect/permanent_fork_sth_proof_n12000_pg0p2_a0p1_ff0p05_s41010_drop0_pc0p05_pgc0p05
permanent_fork,sth_proof,12000,6.0,5.0,0.2,0.1,0.05,3.0,True,0.0,0.0,0.0,0.0,,,,,8297.0,,,,18.307487140407698,18.307487140407698,28.0,0.0013335873499714232,28,28,41011,0.05,0.05,0.0,True,0.2,0.0,800,64,0.0,0.0,0.0,0.8206832408905029,C:/Users/efasllija/dev/gossip-poc/out_nb_incremental_clean0104/scenario_groups_effect/permanent_fork_sth_proof_n12000_pg0p2_a0p1_ff0p05_s41011_drop0_pc0p05_pgc0p05
permanent_fork,sth_proof,12000,6.0,5.0,0.2,0.1,0.05,3.0,True,20.0,20.0,0.0,0.0,,,,,9229.0,,,,14.20626402575861,14.20626402575861,22.0,0.0010732754415064885,22,22,41012,0.05,0.05,0.0,True,0.2,0.0,800,64,0.0,0.0,0.0,0.8362765312194824,C:/Users/efasllija/dev/gossip-poc/out_nb_incremental_clean0104/scenario_groups_effect/permanent_fork_sth_proof_n12000_pg0p2_a0p1_ff0p05_s41012_drop0_pc0p05_pgc0p05
permanent_fork,sth_proof,12000,6.0,5.0,0.2,0.1,0.05,3.0,True,20.0,20.0,0.0,0.0,,,,,9409.0,,,,19.28427809505829,19.28427809505829,22.0,0.001038372586963704,22,22,41013,0.05,0.05,0.0,True,0.2,0.0,800,64,0.0,0.0,0.0,0.8379356861114502,C:/Users/efasllija/dev/gossip-poc/out_nb_incremental_clean0104/scenario_groups_effect/permanent_fork_sth_proof_n12000_pg0p2_a0p1_ff0p05_s41013_drop0_pc0p05_pgc0p05
permanent_fork,sth_proof,12000,6.0,5.0,0.2,0.1,0.05,3.0,True,5.0,5.0,0.0,0.0,,,,,8750.0,,,,17.67409948542024,17.67409948542024,28.0,0.0013340956737183153,28,28,41014,0.05,0.05,0.0,True,0.2,0.0,800,64,0.0,0.0,0.0,0.8108525276184082,C:/Users/efasllija/dev/gossip-poc/out_nb_incremental_clean0104/scenario_groups_effect/permanent_fork_sth_proof_n12000_pg0p2_a0p1_ff0p05_s41014_drop0_pc0p05_pgc0p05
permanent_fork,sth_proof,12000,6.0,5.0,0.2,0.1,0.05,3.0,True,0.0,0.0,0.0,0.0,,,,,119381.0,,,,17.647144258145083,17.647144258145083,304.0,0.0010316030228683314,304,304,41000,0.05,0.05,0.0,True,0.2,0.04,800,64,0.0,0.0,0.0,0.9494149684906006,C:/Users/efasllija/dev/gossip-poc/out_nb_incremental_clean0104/scenario_groups_effect/permanent_fork_sth_proof_n12000_pg0p2_a0p1_ff0p05_s41000_drop0_pc0p05_pgc0p05
permanent_fork,sth_proof,12000,6.0,5.0,0.2,0.1,0.05,3.0,True,0.0,0.0,0.0,0.0,,,,,123719.0,,,,20.459403955620502,20.459403955620502,240.0,0.000781099984052542,240,240,41001,0.05,0.05,0.0,True,0.2,0.04,800,64,0.0,0.0,0.0,0.9667403697967529,C:/Users/efasllija/dev/gossip-poc/out_nb_incremental_clean0104/scenario_groups_effect/permanent_fork_sth_proof_n12000_pg0p2_a0p1_ff0p05_s41001_drop0_pc0p05_pgc0p05
permanent_fork,sth_proof,12000,6.0,5.0,0.2,0.1,0.05,3.0,True,5.0,5.0,0.0,0.0,,,,,122724.0,,,,15.939670194437607,15.939670194437607,344.0,0.0011288867011239642,344,344,41002,0.05,0.05,0.0,True,0.2,0.04,800,64,0.0,0.0,0.0,0.9452807903289795,C:/Users/efasllija/dev/gossip-poc/out_nb_incremental_clean0104/scenario_groups_effect/permanent_fork_sth_proof_n12000_pg0p2_a0p1_ff0p05_s41002_drop0_pc0p05_pgc0p05
permanent_fork,sth_proof,12000,6.0,5.0,0.2,0.1,0.05,3.0,True,5.0,5.0,0.0,0.0,,,,,115097.0,,,,16.09547373017028,16.09547373017028,315.0,0.001091544171154126,315,315,41003,0.05,0.05,0.0,True,0.2,0.04,800,64,0.0,0.0,0.0,0.9267911911010742,C:/Users/efasllija/dev/gossip-poc/out_nb_incremental_clean0104/scenario_groups_effect/permanent_fork_sth_proof_n12000_pg0p2_a0p1_ff0p05_s41003_drop0_pc0p05_pgc0p05
permanent_fork,sth_proof,12000,6.0,5.0,0.2,0.1,0.05,3.0,True,5.0,5.0,0.0,0.0,,,,,116683.0,,,,16.339734141955503,16.339734141955503,227.0,0.0008003949085011107,227,227,41004,0.05,0.05,0.0,True,0.2,0.04,800,64,0.0,0.0,0.0,0.9350454807281494,C:/Users/efasllija/dev/gossip-poc/out_nb_incremental_clean0104/scenario_groups_effect/permanent_fork_sth_proof_n12000_pg0p2_a0p1_ff0p05_s41004_drop0_pc0p05_pgc0p05
permanent_fork,sth_proof,12000,6.0,5.0,0.2,0.1,0.05,3.0,True,0.0,0.0,0.0,0.0,,,,,122794.0,,,,18.823479685105934,18.823479685105934,440.0,0.0014529508110107253,440,440,41005,0.05,0.05,0.0,True,0.2,0.04,800,64,0.0,0.0,0.0,0.9263546466827393,C:/Users/efasllija/dev/gossip-poc/out_nb_incremental_clean0104/scenario_groups_effect/permanent_fork_sth_proof_n12000_pg0p2_a0p1_ff0p05_s41005_drop0_pc0p05_pgc0p05
permanent_fork,sth_proof,12000,6.0,5.0,0.2,0.1,0.05,3.0,True,5.0,5.0,0.0,0.0,,,,,119527.0,,,,24.613010560833292,24.613010560833292,263.0,0.0009059031820279831,263,263,41006,0.05,0.05,0.0,True,0.2,0.04,800,64,0.0,0.0,0.0,0.9242088794708252,C:/Users/efasllija/dev/gossip-poc/out_nb_incremental_clean0104/scenario_groups_effect/permanent_fork_sth_proof_n12000_pg0p2_a0p1_ff0p05_s41006_drop0_pc0p05_pgc0p05
permanent_fork,sth_proof,12000,6.0,5.0,0.2,0.1,0.05,3.0,True,0.0,0.0,0.0,0.0,,,,,108887.0,,,,16.703246193622522,16.703246193622522,200.0,0.0006839851712014883,200,200,41007,0.05,0.05,0.0,True,0.2,0.04,800,64,0.0,0.0,0.0,0.9284744262695312,C:/Users/efasllija/dev/gossip-poc/out_nb_incremental_clean0104/scenario_groups_effect/permanent_fork_sth_proof_n12000_pg0p2_a0p1_ff0p05_s41007_drop0_pc0p05_pgc0p05
permanent_fork,sth_proof,12000,6.0,5.0,0.2,0.1,0.05,3.0,True,5.0,5.0,0.0,0.0,,,,,120044.0,,,,18.463677739784522,18.463677739784522,592.0,0.0019826451567528827,592,592,41008,0.05,0.05,0.0,True,0.2,0.04,800,64,0.0,0.0,0.0,0.9268221855163574,C:/Users/efasllija/dev/gossip-poc/out_nb_incremental_clean0104/scenario_groups_effect/permanent_fork_sth_proof_n12000_pg0p2_a0p1_ff0p05_s41008_drop0_pc0p05_pgc0p05
permanent_fork,sth_proof,12000,6.0,5.0,0.2,0.1,0.05,3.0,True,0.0,0.0,0.0,0.0,,,,,119367.0,,,,20.922997552837995,20.922997552837995,459.0,0.0015579020252726328,459,459,41009,0.05,0.05,0.0,True,0.2,0.04,800,64,0.0,0.0,0.0,0.9446117877960205,C:/Users/efasllija/dev/gossip-poc/out_nb_incremental_clean0104/scenario_groups_effect/permanent_fork_sth_proof_n12000_pg0p2_a0p1_ff0p05_s41009_drop0_pc0p05_pgc0p05
permanent_fork,sth_proof,12000,6.0,5.0,0.2,0.1,0.05,3.0,True,0.0,0.0,0.0,0.0,,,,,121171.0,,,,18.717950277606,18.717950277606,455.0,0.0015375621360962143,455,455,41010,0.05,0.05,0.0,True,0.2,0.04,800,64,0.0,0.0,0.0,0.9642922878265381,C:/Users/efasllija/dev/gossip-poc/out_nb_incremental_clean0104/scenario_groups_effect/permanent_fork_sth_proof_n12000_pg0p2_a0p1_ff0p05_s41010_drop0_pc0p05_pgc0p05
permanent_fork,sth_proof,12000,6.0,5.0,0.2,0.1,0.05,3.0,True,10.0,10.0,0.0,0.0,,,,,122427.0,,,,19.389342463348257,19.389342463348257,644.0,0.002174456217121479,644,644,41011,0.05,0.05,0.0,True,0.2,0.04,800,64,0.0,0.0,0.0,0.9457175731658936,C:/Users/efasllija/dev/gossip-poc/out_nb_incremental_clean0104/scenario_groups_effect/permanent_fork_sth_proof_n12000_pg0p2_a0p1_ff0p05_s41011_drop0_pc0p05_pgc0p05
permanent_fork,sth_proof,12000,6.0,5.0,0.2,0.1,0.05,3.0,True,10.0,10.0,0.0,0.0,,,,,116301.0,,,,14.708818345988991,14.708818345988991,263.0,0.0009537071285075027,263,263,41012,0.05,0.05,0.0,True,0.2,0.04,800,64,0.0,0.0,0.0,0.9266295433044434,C:/Users/efasllija/dev/gossip-poc/out_nb_incremental_clean0104/scenario_groups_effect/permanent_fork_sth_proof_n12000_pg0p2_a0p1_ff0p05_s41012_drop0_pc0p05_pgc0p05
permanent_fork,sth_proof,12000,6.0,5.0,0.2,0.1,0.05,3.0,True,10.0,10.0,0.0,0.0,,,,,129084.0,,,,16.639231159797834,16.639231159797834,308.0,0.001022111456608382,308,308,41013,0.05,0.05,0.0,True,0.2,0.04,800,64,0.0,0.0,0.0,0.9145634174346924,C:/Users/efasllija/dev/gossip-poc/out_nb_incremental_clean0104/scenario_groups_effect/permanent_fork_sth_proof_n12000_pg0p2_a0p1_ff0p05_s41013_drop0_pc0p05_pgc0p05
permanent_fork,sth_proof,12000,6.0,5.0,0.2,0.1,0.05,3.0,True,0.0,0.0,0.0,0.0,,,,,115698.0,,,,18.99197786998617,18.99197786998617,267.0,0.0009232365145228216,267,267,41014,0.05,0.05,0.0,True,0.2,0.04,800,64,0.0,0.0,0.0,0.9287879467010498,C:/Users/efasllija/dev/gossip-poc/out_nb_incremental_clean0104/scenario_groups_effect/permanent_fork_sth_proof_n12000_pg0p2_a0p1_ff0p05_s41014_drop0_pc0p05_pgc0p05
permanent_fork,sth_proof,12000,6.0,5.0,0.2,0.1,0.05,3.0,True,0.0,0.0,0.0,0.0,,,,,231891.0,,,,18.667220238396364,18.667220238396364,970.0,0.0016921152661941536,970,970,41000,0.05,0.05,0.0,True,0.2,0.08,800,64,0.0,0.0,0.0,1.0901622772216797,C:/Users/efasllija/dev/gossip-poc/out_nb_incremental_clean0104/scenario_groups_effect/permanent_fork_sth_proof_n12000_pg0p2_a0p1_ff0p05_s41000_drop0_pc0p05_pgc0p05
permanent_fork,sth_proof,12000,6.0,5.0,0.2,0.1,0.05,3.0,True,0.0,0.0,0.0,0.0,,,,,236586.0,,,,19.45062191985651,19.45062191985651,622.0,0.00105447499182019,622,622,41001,0.05,0.05,0.0,True,0.2,0.08,800,64,0.0,0.0,0.0,1.0645453929901123,C:/Users/efasllija/dev/gossip-poc/out_nb_incremental_clean0104/scenario_groups_effect/permanent_fork_sth_proof_n12000_pg0p2_a0p1_ff0p05_s41001_drop0_pc0p05_pgc0p05
permanent_fork,sth_proof,12000,6.0,5.0,0.2,0.1,0.05,3.0,True,0.0,0.0,0.0,0.0,,,,,229783.0,,,,17.383874929233986,17.383874929233986,617.0,0.0010747724600444193,617,617,41002,0.05,0.05,0.0,True,0.2,0.08,800,64,0.0,0.0,0.0,1.0559661388397217,C:/Users/efasllija/dev/gossip-poc/out_nb_incremental_clean0104/scenario_groups_effect/permanent_fork_sth_proof_n12000_pg0p2_a0p1_ff0p05_s41002_drop0_pc0p05_pgc0p05
permanent_fork,sth_proof,12000,6.0,5.0,0.2,0.1,0.05,3.0,True,0.0,0.0,0.0,0.0,,,,,219037.0,,,,17.286390151379596,17.286390151379596,612.0,0.0010950864259385176,612,612,41003,0.05,0.05,0.0,True,0.2,0.08,800,64,0.0,0.0,0.0,1.025465726852417,C:/Users/efasllija/dev/gossip-poc/out_nb_incremental_clean0104/scenario_groups_effect/permanent_fork_sth_proof_n12000_pg0p2_a0p1_ff0p05_s41003_drop0_pc0p05_pgc0p05
permanent_fork,sth_proof,12000,6.0,5.0,0.2,0.1,0.05,3.0,True,0.0,0.0,0.0,0.0,,,,,226274.0,,,,17.849239379003734,17.849239379003734,637.0,0.0011309887362754428,637,637,41004,0.05,0.05,0.0,True,0.2,0.08,800,64,0.0,0.0,0.0,1.047025442123413,C:/Users/efasllija/dev/gossip-poc/out_nb_incremental_clean0104/scenario_groups_effect/permanent_fork_sth_proof_n12000_pg0p2_a0p1_ff0p05_s41004_drop0_pc0p05_pgc0p05
permanent_fork,sth_proof,12000,6.0,5.0,0.2,0.1,0.05,3.0,True,0.0,0.0,0.0,0.0,,,,,232786.0,,,,17.00812884443169,17.00812884443169,742.0,0.001282773834179872,742,742,41005,0.05,0.05,0.0,True,0.2,0.08,800,64,0.0,0.0,0.0,1.0709500312805176,C:/Users/efasllija/dev/gossip-poc/out_nb_incremental_clean0104/scenario_groups_effect/permanent_fork_sth_proof_n12000_pg0p2_a0p1_ff0p05_s41005_drop0_pc0p05_pgc0p05
permanent_fork,sth_proof,12000,6.0,5.0,0.2,0.1,0.05,3.0,True,0.0,0.0,0.0,0.0,,,,,228269.0,,,,18.734057987743267,18.734057987743267,853.0,0.0015147775159424562,853,853,41006,0.05,0.05,0.0,True,0.2,0.08,800,64,0.0,0.0,0.0,1.031130075454712,C:/Users/efasllija/dev/gossip-poc/out_nb_incremental_clean0104/scenario_groups_effect/permanent_fork_sth_proof_n12000_pg0p2_a0p1_ff0p05_s41006_drop0_pc0p05_pgc0p05
permanent_fork,sth_proof,12000,6.0,5.0,0.2,0.1,0.05,3.0,True,0.0,0.0,0.0,0.0,,,,,213282.0,,,,15.749252030203733,15.749252030203733,597.0,0.0010631856389799116,597,597,41007,0.05,0.05,0.0,True,0.2,0.08,800,64,0.0,0.0,0.0,1.030625581741333,C:/Users/efasllija/dev/gossip-poc/out_nb_incremental_clean0104/scenario_groups_effect/permanent_fork_sth_proof_n12000_pg0p2_a0p1_ff0p05_s41007_drop0_pc0p05_pgc0p05
permanent_fork,sth_proof,12000,6.0,5.0,0.2,0.1,0.05,3.0,True,5.0,5.0,0.0,0.0,,,,,236789.0,,,,15.564480787910275,15.564480787910275,654.0,0.0011364090516544829,654,654,41008,0.05,0.05,0.0,True,0.2,0.08,800,64,0.0,0.0,0.0,1.0482361316680908,C:/Users/efasllija/dev/gossip-poc/out_nb_incremental_clean0104/scenario_groups_effect/permanent_fork_sth_proof_n12000_pg0p2_a0p1_ff0p05_s41008_drop0_pc0p05_pgc0p05
permanent_fork,sth_proof,12000,6.0,5.0,0.2,0.1,0.05,3.0,True,5.0,5.0,0.0,0.0,,,,,237148.0,,,,18.346339119658317,18.346339119658317,1050.0,0.0018615998056844393,1050,1050,41009,0.05,0.05,0.0,True,0.2,0.08,800,64,0.0,0.0,0.0,1.0202522277832031,C:/Users/efasllija/dev/gossip-poc/out_nb_incremental_clean0104/scenario_groups_effect/permanent_fork_sth_proof_n12000_pg0p2_a0p1_ff0p05_s41009_drop0_pc0p05_pgc0p05
permanent_fork,sth_proof,12000,6.0,5.0,0.2,0.1,0.05,3.0,True,0.0,0.0,0.0,0.0,,,,,230033.0,,,,19.224798847668307,19.224798847668307,800.0,0.0013950746888111523,800,800,41010,0.05,0.05,0.0,True,0.2,0.08,800,64,0.0,0.0,0.0,1.0488510131835938,C:/Users/efasllija/dev/gossip-poc/out_nb_incremental_clean0104/scenario_groups_effect/permanent_fork_sth_proof_n12000_pg0p2_a0p1_ff0p05_s41010_drop0_pc0p05_pgc0p05
permanent_fork,sth_proof,12000,6.0,5.0,0.2,0.1,0.05,3.0,True,0.0,0.0,0.0,0.0,,,,,224812.0,,,,18.50763706578563,18.50763706578563,916.0,0.001602096017322226,916,916,41011,0.05,0.05,0.0,True,0.2,0.08,800,64,0.0,0.0,0.0,1.0384023189544678,C:/Users/efasllija/dev/gossip-poc/out_nb_incremental_clean0104/scenario_groups_effect/permanent_fork_sth_proof_n12000_pg0p2_a0p1_ff0p05_s41011_drop0_pc0p05_pgc0p05
permanent_fork,sth_proof,12000,6.0,5.0,0.2,0.1,0.05,3.0,True,0.0,0.0,0.0,0.0,,,,,214068.0,,,,13.891421454782996,13.891421454782996,502.0,0.0009289707485246575,502,502,41012,0.05,0.05,0.0,True,0.2,0.08,800,64,0.0,0.0,0.0,1.0073931217193604,C:/Users/efasllija/dev/gossip-poc/out_nb_incremental_clean0104/scenario_groups_effect/permanent_fork_sth_proof_n12000_pg0p2_a0p1_ff0p05_s41012_drop0_pc0p05_pgc0p05
permanent_fork,sth_proof,12000,6.0,5.0,0.2,0.1,0.05,3.0,True,0.0,0.0,0.0,0.0,,,,,230841.0,,,,17.08491586994134,17.08491586994134,850.0,0.001464779800514224,850,850,41013,0.05,0.05,0.0,True,0.2,0.08,800,64,0.0,0.0,0.0,1.074427604675293,C:/Users/efasllija/dev/gossip-poc/out_nb_incremental_clean0104/scenario_groups_effect/permanent_fork_sth_proof_n12000_pg0p2_a0p1_ff0p05_s41013_drop0_pc0p05_pgc0p05
permanent_fork,sth_proof,12000,6.0,5.0,0.2,0.1,0.05,3.0,True,0.0,0.0,0.0,0.0,,,,,224523.0,,,,20.66016684083327,20.66016684083327,815.0,0.0014633585785132277,815,815,41014,0.05,0.05,0.0,True,0.2,0.08,800,64,0.0,0.0,0.0,1.028883695602417,C:/Users/efasllija/dev/gossip-poc/out_nb_incremental_clean0104/scenario_groups_effect/permanent_fork_sth_proof_n12000_pg0p2_a0p1_ff0p05_s41014_drop0_pc0p05_pgc0p05
permanent_fork,sth_proof,12000,6.0,5.0,0.2,0.1,0.05,3.0,True,0.0,0.0,0.0,0.0,,,,,335656.0,,,,16.887863035910154,16.887863035910154,1114.0,0.0013281510801659592,1114,1114,41000,0.05,0.05,0.0,True,0.2,0.12,800,64,0.0,0.0,0.0,1.1399924755096436,C:/Users/efasllija/dev/gossip-poc/out_nb_incremental_clean0104/scenario_groups_effect/permanent_fork_sth_proof_n12000_pg0p2_a0p1_ff0p05_s41000_drop0_pc0p05_pgc0p05
permanent_fork,sth_proof,12000,6.0,5.0,0.2,0.1,0.05,3.0,True,0.0,0.0,0.0,0.0,,,,,343940.0,,,,16.6796809922836,16.6796809922836,1052.0,0.0012153995279351264,1052,1052,41001,0.05,0.05,0.0,True,0.2,0.12,800,64,0.0,0.0,0.0,1.2124695777893066,C:/Users/efasllija/dev/gossip-poc/out_nb_incremental_clean0104/scenario_groups_effect/permanent_fork_sth_proof_n12000_pg0p2_a0p1_ff0p05_s41001_drop0_pc0p05_pgc0p05
permanent_fork,sth_proof,12000,6.0,5.0,0.2,0.1,0.05,3.0,True,0.0,0.0,0.0,0.0,,,,,343338.0,,,,15.67498807146927,15.67498807146927,791.0,0.0009160648356178979,791,791,41002,0.05,0.05,0.0,True,0.2,0.12,800,64,0.0,0.0,0.0,1.1429150104522705,C:/Users/efasllija/dev/gossip-poc/out_nb_incremental_clean0104/scenario_groups_effect/permanent_fork_sth_proof_n12000_pg0p2_a0p1_ff0p05_s41002_drop0_pc0p05_pgc0p05
permanent_fork,sth_proof,12000,6.0,5.0,0.2,0.1,0.05,3.0,True,0.0,0.0,0.0,0.0,,,,,325469.0,,,,17.93550008478805,17.93550008478805,661.0,0.0008064014366389286,661,661,41003,0.05,0.05,0.0,True,0.2,0.12,800,64,0.0,0.0,0.0,1.1284596920013428,C:/Users/efasllija/dev/gossip-poc/out_nb_incremental_clean0104/scenario_groups_effect/permanent_fork_sth_proof_n12000_pg0p2_a0p1_ff0p05_s41003_drop0_pc0p05_pgc0p05
permanent_fork,sth_proof,12000,6.0,5.0,0.2,0.1,0.05,3.0,True,0.0,0.0,0.0,0.0,,,,,326459.0,,,,16.715250670377788,16.715250670377788,897.0,0.0010873939881780757,897,897,41004,0.05,0.05,0.0,True,0.2,0.12,800,64,0.0,0.0,0.0,1.10245943069458,C:/Users/efasllija/dev/gossip-poc/out_nb_incremental_clean0104/scenario_groups_effect/permanent_fork_sth_proof_n12000_pg0p2_a0p1_ff0p05_s41004_drop0_pc0p05_pgc0p05
permanent_fork,sth_proof,12000,6.0,5.0,0.2,0.1,0.05,3.0,True,0.0,0.0,0.0,0.0,,,,,337357.0,,,,17.038134923605394,17.038134923605394,938.0,0.0011145212133310044,938,938,41005,0.05,0.05,0.0,True,0.2,0.12,800,64,0.0,0.0,0.0,1.1653988361358643,C:/Users/efasllija/dev/gossip-poc/out_nb_incremental_clean0104/scenario_groups_effect/permanent_fork_sth_proof_n12000_pg0p2_a0p1_ff0p05_s41005_drop0_pc0p05_pgc0p05
permanent_fork,sth_proof,12000,6.0,5.0,0.2,0.1,0.05,3.0,True,0.0,0.0,0.0,0.0,,,,,341403.0,,,,20.85186729929904,20.85186729929904,1296.0,0.0015399916583785172,1296,1296,41006,0.05,0.05,0.0,True,0.2,0.12,800,64,0.0,0.0,0.0,1.1801369190216064,C:/Users/efasllija/dev/gossip-poc/out_nb_incremental_clean0104/scenario_groups_effect/permanent_fork_sth_proof_n12000_pg0p2_a0p1_ff0p05_s41006_drop0_pc0p05_pgc0p05
permanent_fork,sth_proof,12000,6.0,5.0,0.2,0.1,0.05,3.0,True,0.0,0.0,0.0,0.0,,,,,325650.0,,,,15.665609844854119,15.665609844854119,474.0,0.0005636911543300757,474,474,41007,0.05,0.05,0.0,True,0.2,0.12,800,64,0.0,0.0,0.0,1.118584394454956,C:/Users/efasllija/dev/gossip-poc/out_nb_incremental_clean0104/scenario_groups_effect/permanent_fork_sth_proof_n12000_pg0p2_a0p1_ff0p05_s41007_drop0_pc0p05_pgc0p05
permanent_fork,sth_proof,12000,6.0,5.0,0.2,0.1,0.05,3.0,True,0.0,0.0,0.0,0.0,,,,,332730.0,,,,18.407271207590426,18.407271207590426,966.0,0.0011404056585842678,966,966,41008,0.05,0.05,0.0,True,0.2,0.12,800,64,0.0,0.0,0.0,1.1220016479492188,C:/Users/efasllija/dev/gossip-poc/out_nb_incremental_clean0104/scenario_groups_effect/permanent_fork_sth_proof_n12000_pg0p2_a0p1_ff0p05_s41008_drop0_pc0p05_pgc0p05
permanent_fork,sth_proof,12000,6.0,5.0,0.2,0.1,0.05,3.0,True,0.0,0.0,0.0,0.0,,,,,346193.0,,,,19.987400161238043,19.987400161238043,1355.0,0.0016088184623494924,1355,1355,41009,0.05,0.05,0.0,True,0.2,0.12,800,64,0.0,0.0,0.0,1.153390884399414,C:/Users/efasllija/dev/gossip-poc/out_nb_incremental_clean0104/scenario_groups_effect/permanent_fork_sth_proof_n12000_pg0p2_a0p1_ff0p05_s41009_drop0_pc0p05_pgc0p05
permanent_fork,sth_proof,12000,6.0,5.0,0.2,0.1,0.05,3.0,True,0.0,0.0,0.0,0.0,,,,,343227.0,,,,20.73217845846043,20.73217845846043,986.0,0.0011576927863763276,986,986,41010,0.05,0.05,0.0,True,0.2,0.12,800,64,0.0,0.0,0.0,1.1983966827392578,C:/Users/efasllija/dev/gossip-poc/out_nb_incremental_clean0104/scenario_groups_effect/permanent_fork_sth_proof_n12000_pg0p2_a0p1_ff0p05_s41010_drop0_pc0p05_pgc0p05
permanent_fork,sth_proof,12000,6.0,5.0,0.2,0.1,0.05,3.0,True,0.0,0.0,0.0,0.0,,,,,322815.0,,,,17.125434690060604,17.125434690060604,1274.0,0.0015235079428098557,1274,1274,41011,0.05,0.05,0.0,True,0.2,0.12,800,64,0.0,0.0,0.0,1.2018306255340576,C:/Users/efasllija/dev/gossip-poc/out_nb_incremental_clean0104/scenario_groups_effect/permanent_fork_sth_proof_n12000_pg0p2_a0p1_ff0p05_s41011_drop0_pc0p05_pgc0p05
permanent_fork,sth_proof,12000,6.0,5.0,0.2,0.1,0.05,3.0,True,0.0,0.0,0.0,0.0,,,,,324940.0,,,,16.309156788986066,16.309156788986066,822.0,0.001015143169766023,822,822,41012,0.05,0.05,0.0,True,0.2,0.12,800,64,0.0,0.0,0.0,1.108781099319458,C:/Users/efasllija/dev/gossip-poc/out_nb_incremental_clean0104/scenario_groups_effect/permanent_fork_sth_proof_n12000_pg0p2_a0p1_ff0p05_s41012_drop0_pc0p05_pgc0p05
permanent_fork,sth_proof,12000,6.0,5.0,0.2,0.1,0.05,3.0,True,0.0,0.0,0.0,0.0,,,,,339709.0,,,,15.784359773934684,15.784359773934684,1013.0,0.001192481597760536,1013,1013,41013,0.05,0.05,0.0,True,0.2,0.12,800,64,0.0,0.0,0.0,1.1335415840148926,C:/Users/efasllija/dev/gossip-poc/out_nb_incremental_clean0104/scenario_groups_effect/permanent_fork_sth_proof_n12000_pg0p2_a0p1_ff0p05_s41013_drop0_pc0p05_pgc0p05
permanent_fork,sth_proof,12000,6.0,5.0,0.2,0.1,0.05,3.0,True,0.0,0.0,0.0,0.0,,,,,335676.0,,,,17.80288030419307,17.80288030419307,1137.0,0.0013612544133017423,1137,1137,41014,0.05,0.05,0.0,True,0.2,0.12,800,64,0.0,0.0,0.0,1.1460139751434326,C:/Users/efasllija/dev/gossip-poc/out_nb_incremental_clean0104/scenario_groups_effect/permanent_fork_sth_proof_n12000_pg0p2_a0p1_ff0p05_s41014_drop0_pc0p05_pgc0p05
permanent_fork,sth_proof,12000,6.0,5.0,0.2,0.1,0.05,3.0,True,5.0,5.0,0.0,0.0,,,,,8789.0,,,,18.171476525712155,18.171476525712155,26.0,0.0012121777239032124,26,26,41000,0.05,0.05,0.0,True,0.2,0.0,800,96,0.0,0.0,0.0,0.8216078281402588,C:/Users/efasllija/dev/gossip-poc/out_nb_incremental_clean0104/scenario_groups_effect/permanent_fork_sth_proof_n12000_pg0p2_a0p1_ff0p05_s41000_drop0_pc0p05_pgc0p05
permanent_fork,sth_proof,12000,6.0,5.0,0.2,0.1,0.05,3.0,True,5.0,5.0,0.0,0.0,,,,,9029.0,,,,17.48192826136623,17.48192826136623,26.0,0.0011880283299063284,26,26,41001,0.05,0.05,0.0,True,0.2,0.0,800,96,0.0,0.0,0.0,0.8536546230316162,C:/Users/efasllija/dev/gossip-poc/out_nb_incremental_clean0104/scenario_groups_effect/permanent_fork_sth_proof_n12000_pg0p2_a0p1_ff0p05_s41001_drop0_pc0p05_pgc0p05
permanent_fork,sth_proof,12000,6.0,5.0,0.2,0.1,0.05,3.0,True,5.0,5.0,0.0,0.0,,,,,9038.0,,,,16.23380525333455,16.23380525333455,31.0,0.001411207720671917,31,31,41002,0.05,0.05,0.0,True,0.2,0.0,800,96,0.0,0.0,0.0,0.8540863990783691,C:/Users/efasllija/dev/gossip-poc/out_nb_incremental_clean0104/scenario_groups_effect/permanent_fork_sth_proof_n12000_pg0p2_a0p1_ff0p05_s41002_drop0_pc0p05_pgc0p05
permanent_fork,sth_proof,12000,6.0,5.0,0.2,0.1,0.05,3.0,True,0.0,0.0,0.0,0.0,,,,,8301.0,,,,16.149963950973323,16.149963950973323,26.0,0.0012496995914443644,26,26,41003,0.05,0.05,0.0,True,0.2,0.0,800,96,0.0,0.0,0.0,0.8133566379547119,C:/Users/efasllija/dev/gossip-poc/out_nb_incremental_clean0104/scenario_groups_effect/permanent_fork_sth_proof_n12000_pg0p2_a0p1_ff0p05_s41003_drop0_pc0p05_pgc0p05
permanent_fork,sth_proof,12000,6.0,5.0,0.2,0.1,0.05,3.0,True,15.0,15.0,0.0,0.0,,,,,9046.0,,,,16.917874861519195,16.917874861519195,22.0,0.00105967920620394,22,22,41004,0.05,0.05,0.0,True,0.2,0.0,800,96,0.0,0.0,0.0,0.8390452861785889,C:/Users/efasllija/dev/gossip-poc/out_nb_incremental_clean0104/scenario_groups_effect/permanent_fork_sth_proof_n12000_pg0p2_a0p1_ff0p05_s41004_drop0_pc0p05_pgc0p05
permanent_fork,sth_proof,12000,6.0,5.0,0.2,0.1,0.05,3.0,True,0.0,0.0,0.0,0.0,,,,,8590.0,,,,19.021653172660518,19.021653172660518,35.0,0.0016475240067783845,35,35,41005,0.05,0.05,0.0,True,0.2,0.0,800,96,0.0,0.0,0.0,0.8396451473236084,C:/Users/efasllija/dev/gossip-poc/out_nb_incremental_clean0104/scenario_groups_effect/permanent_fork_sth_proof_n12000_pg0p2_a0p1_ff0p05_s41005_drop0_pc0p05_pgc0p05
permanent_fork,sth_proof,12000,6.0,5.0,0.2,0.1,0.05,3.0,True,50.0,50.0,0.0,0.0,,,,,11224.0,,,,18.52960312296682,18.52960312296682,14.0,0.0006506180871828237,14,14,41006,0.05,0.05,0.0,True,0.2,0.0,800,96,0.0,0.0,0.0,0.8349943161010742,C:/Users/efasllija/dev/gossip-poc/out_nb_incremental_clean0104/scenario_groups_effect/permanent_fork_sth_proof_n12000_pg0p2_a0p1_ff0p05_s41006_drop0_pc0p05_pgc0p05
permanent_fork,sth_proof,12000,6.0,5.0,0.2,0.1,0.05,3.0,True,0.0,0.0,0.0,0.0,,,,,8321.0,,,,15.81814794112167,15.81814794112167,18.0,0.0008384572386808273,18,18,41007,0.05,0.05,0.0,True,0.2,0.0,800,96,0.0,0.0,0.0,0.8342571258544922,C:/Users/efasllija/dev/gossip-poc/out_nb_incremental_clean0104/scenario_groups_effect/permanent_fork_sth_proof_n12000_pg0p2_a0p1_ff0p05_s41007_drop0_pc0p05_pgc0p05
permanent_fork,sth_proof,12000,6.0,5.0,0.2,0.1,0.05,3.0,True,10.0,10.0,0.0,0.0,,,,,8816.0,,,,18.290816089281563,18.290816089281563,26.0,0.0012090211578702627,26,26,41008,0.05,0.05,0.0,True,0.2,0.0,800,96,0.0,0.0,0.0,0.8321919441223145,C:/Users/efasllija/dev/gossip-poc/out_nb_incremental_clean0104/scenario_groups_effect/permanent_fork_sth_proof_n12000_pg0p2_a0p1_ff0p05_s41008_drop0_pc0p05_pgc0p05
permanent_fork,sth_proof,12000,6.0,5.0,0.2,0.1,0.05,3.0,True,10.0,10.0,0.0,0.0,,,,,9242.0,,,,18.07044697715867,18.07044697715867,20.0,0.0009380423057079874,20,20,41009,0.05,0.05,0.0,True,0.2,0.0,800,96,0.0,0.0,0.0,0.8572213649749756,C:/Users/efasllija/dev/gossip-poc/out_nb_incremental_clean0104/scenario_groups_effect/permanent_fork_sth_proof_n12000_pg0p2_a0p1_ff0p05_s41009_drop0_pc0p05_pgc0p05
permanent_fork,sth_proof,12000,6.0,5.0,0.2,0.1,0.05,3.0,True,30.0,30.0,0.0,0.0,,,,,10306.0,,,,19.347388906908854,19.347388906908854,24.0,0.0011120893378434734,24,24,41010,0.05,0.05,0.0,True,0.2,0.0,800,96,0.0,0.0,0.0,0.8120651245117188,C:/Users/efasllija/dev/gossip-poc/out_nb_incremental_clean0104/scenario_groups_effect/permanent_fork_sth_proof_n12000_pg0p2_a0p1_ff0p05_s41010_drop0_pc0p05_pgc0p05
permanent_fork,sth_proof,12000,6.0,5.0,0.2,0.1,0.05,3.0,True,5.0,5.0,0.0,0.0,,,,,8650.0,,,,19.840303461356093,19.840303461356093,25.0,0.0011853959222380276,25,25,41011,0.05,0.05,0.0,True,0.2,0.0,800,96,0.0,0.0,0.0,0.841787576675415,C:/Users/efasllija/dev/gossip-poc/out_nb_incremental_clean0104/scenario_groups_effect/permanent_fork_sth_proof_n12000_pg0p2_a0p1_ff0p05_s41011_drop0_pc0p05_pgc0p05
permanent_fork,sth_proof,12000,6.0,5.0,0.2,0.1,0.05,3.0,True,35.0,35.0,0.0,0.0,,,,,10037.0,,,,13.334759982491123,13.334759982491123,8.0,0.0003890861339429016,8,8,41012,0.05,0.05,0.0,True,0.2,0.0,800,96,0.0,0.0,0.0,0.8199117183685303,C:/Users/efasllija/dev/gossip-poc/out_nb_incremental_clean0104/scenario_groups_effect/permanent_fork_sth_proof_n12000_pg0p2_a0p1_ff0p05_s41012_drop0_pc0p05_pgc0p05
permanent_fork,sth_proof,12000,6.0,5.0,0.2,0.1,0.05,3.0,True,0.0,0.0,0.0,0.0,,,,,8597.0,,,,18.796909388901895,18.796909388901895,36.0,0.001685787871692812,36,36,41013,0.05,0.05,0.0,True,0.2,0.0,800,96,0.0,0.0,0.0,0.8667445182800293,C:/Users/efasllija/dev/gossip-poc/out_nb_incremental_clean0104/scenario_groups_effect/permanent_fork_sth_proof_n12000_pg0p2_a0p1_ff0p05_s41013_drop0_pc0p05_pgc0p05
permanent_fork,sth_proof,12000,6.0,5.0,0.2,0.1,0.05,3.0,True,0.0,0.0,0.0,0.0,,,,,8411.0,,,,18.817585992441277,18.817585992441277,28.0,0.0013395206429699087,28,28,41014,0.05,0.05,0.0,True,0.2,0.0,800,96,0.0,0.0,0.0,0.8475220203399658,C:/Users/efasllija/dev/gossip-poc/out_nb_incremental_clean0104/scenario_groups_effect/permanent_fork_sth_proof_n12000_pg0p2_a0p1_ff0p05_s41014_drop0_pc0p05_pgc0p05
permanent_fork,sth_proof,12000,6.0,5.0,0.2,0.1,0.05,3.0,True,0.0,0.0,0.0,0.0,,,,,178463.0,,,,16.872090667170973,16.872090667170973,411.0,0.0009253130529927461,411,411,41000,0.05,0.05,0.0,True,0.2,0.04,800,96,0.0,0.0,0.0,0.9918844699859619,C:/Users/efasllija/dev/gossip-poc/out_nb_incremental_clean0104/scenario_groups_effect/permanent_fork_sth_proof_n12000_pg0p2_a0p1_ff0p05_s41000_drop0_pc0p05_pgc0p05
permanent_fork,sth_proof,12000,6.0,5.0,0.2,0.1,0.05,3.0,True,0.0,0.0,0.0,0.0,,,,,181272.0,,,,16.92550283610624,16.92550283610624,430.0,0.000970573563833269,430,430,41001,0.05,0.05,0.0,True,0.2,0.04,800,96,0.0,0.0,0.0,1.0092132091522217,C:/Users/efasllija/dev/gossip-poc/out_nb_incremental_clean0104/scenario_groups_effect/permanent_fork_sth_proof_n12000_pg0p2_a0p1_ff0p05_s41001_drop0_pc0p05_pgc0p05
permanent_fork,sth_proof,12000,6.0,5.0,0.2,0.1,0.05,3.0,True,0.0,0.0,0.0,0.0,,,,,178986.0,,,,18.614143216829625,18.614143216829625,876.0,0.0019640242767749645,876,876,41002,0.05,0.05,0.0,True,0.2,0.04,800,96,0.0,0.0,0.0,0.996044397354126,C:/Users/efasllija/dev/gossip-poc/out_nb_incremental_clean0104/scenario_groups_effect/permanent_fork_sth_proof_n12000_pg0p2_a0p1_ff0p05_s41002_drop0_pc0p05_pgc0p05
permanent_fork,sth_proof,12000,6.0,5.0,0.2,0.1,0.05,3.0,True,0.0,0.0,0.0,0.0,,,,,165411.0,,,,21.09187779590671,21.09187779590671,934.0,0.002186396121604824,934,934,41003,0.05,0.05,0.0,True,0.2,0.04,800,96,0.0,0.0,0.0,0.9873478412628174,C:/Users/efasllija/dev/gossip-poc/out_nb_incremental_clean0104/scenario_groups_effect/permanent_fork_sth_proof_n12000_pg0p2_a0p1_ff0p05_s41003_drop0_pc0p05_pgc0p05
permanent_fork,sth_proof,12000,6.0,5.0,0.2,0.1,0.05,3.0,True,0.0,0.0,0.0,0.0,,,,,173609.0,,,,20.541123578702383,20.541123578702383,618.0,0.001444080438551807,618,618,41004,0.05,0.05,0.0,True,0.2,0.04,800,96,0.0,0.0,0.0,0.9854123592376709,C:/Users/efasllija/dev/gossip-poc/out_nb_incremental_clean0104/scenario_groups_effect/permanent_fork_sth_proof_n12000_pg0p2_a0p1_ff0p05_s41004_drop0_pc0p05_pgc0p05
permanent_fork,sth_proof,12000,6.0,5.0,0.2,0.1,0.05,3.0,True,0.0,0.0,0.0,0.0,,,,,179991.0,,,,14.541873439990207,14.541873439990207,420.0,0.0009521585661398811,420,420,41005,0.05,0.05,0.0,True,0.2,0.04,800,96,0.0,0.0,0.0,0.9523601531982422,C:/Users/efasllija/dev/gossip-poc/out_nb_incremental_clean0104/scenario_groups_effect/permanent_fork_sth_proof_n12000_pg0p2_a0p1_ff0p05_s41005_drop0_pc0p05_pgc0p05
permanent_fork,sth_proof,12000,6.0,5.0,0.2,0.1,0.05,3.0,True,5.0,5.0,0.0,0.0,,,,,180851.0,,,,18.229484822163815,18.229484822163815,449.0,0.0010129837900032714,449,449,41006,0.05,0.05,0.0,True,0.2,0.04,800,96,0.0,0.0,0.0,1.0066516399383545,C:/Users/efasllija/dev/gossip-poc/out_nb_incremental_clean0104/scenario_groups_effect/permanent_fork_sth_proof_n12000_pg0p2_a0p1_ff0p05_s41006_drop0_pc0p05_pgc0p05
permanent_fork,sth_proof,12000,6.0,5.0,0.2,0.1,0.05,3.0,True,0.0,0.0,0.0,0.0,,,,,167173.0,,,,17.79864190370942,17.79864190370942,357.0,0.0008151317682194508,357,357,41007,0.05,0.05,0.0,True,0.2,0.04,800,96,0.0,0.0,0.0,0.9763154983520508,C:/Users/efasllija/dev/gossip-poc/out_nb_incremental_clean0104/scenario_groups_effect/permanent_fork_sth_proof_n12000_pg0p2_a0p1_ff0p05_s41007_drop0_pc0p05_pgc0p05
permanent_fork,sth_proof,12000,6.0,5.0,0.2,0.1,0.05,3.0,True,0.0,0.0,0.0,0.0,,,,,172671.0,,,,19.12576637496383,19.12576637496383,771.0,0.0017565963496515287,771,771,41008,0.05,0.05,0.0,True,0.2,0.04,800,96,0.0,0.0,0.0,0.9841945171356201,C:/Users/efasllija/dev/gossip-poc/out_nb_incremental_clean0104/scenario_groups_effect/permanent_fork_sth_proof_n12000_pg0p2_a0p1_ff0p05_s41008_drop0_pc0p05_pgc0p05
permanent_fork,sth_proof,12000,6.0,5.0,0.2,0.1,0.05,3.0,True,0.0,0.0,0.0,0.0,,,,,176478.0,,,,18.04880756350719,18.04880756350719,480.0,0.0011101037947048049,480,480,41009,0.05,0.05,0.0,True,0.2,0.04,800,96,0.0,0.0,0.0,0.9785401821136475,C:/Users/efasllija/dev/gossip-poc/out_nb_incremental_clean0104/scenario_groups_effect/permanent_fork_sth_proof_n12000_pg0p2_a0p1_ff0p05_s41009_drop0_pc0p05_pgc0p05
permanent_fork,sth_proof,12000,6.0,5.0,0.2,0.1,0.05,3.0,True,0.0,0.0,0.0,0.0,,,,,183866.0,,,,19.591099491993702,19.591099491993702,652.0,0.0014899689894491,652,652,41010,0.05,0.05,0.0,True,0.2,0.04,800,96,0.0,0.0,0.0,1.0056514739990234,C:/Users/efasllija/dev/gossip-poc/out_nb_incremental_clean0104/scenario_groups_effect/permanent_fork_sth_proof_n12000_pg0p2_a0p1_ff0p05_s41010_drop0_pc0p05_pgc0p05
permanent_fork,sth_proof,12000,6.0,5.0,0.2,0.1,0.05,3.0,True,0.0,0.0,0.0,0.0,,,,,178341.0,,,,22.53560455941971,22.53560455941971,634.0,0.0014407257258167141,634,634,41011,0.05,0.05,0.0,True,0.2,0.04,800,96,0.0,0.0,0.0,1.0005097389221191,C:/Users/efasllija/dev/gossip-poc/out_nb_incremental_clean0104/scenario_groups_effect/permanent_fork_sth_proof_n12000_pg0p2_a0p1_ff0p05_s41011_drop0_pc0p05_pgc0p05
permanent_fork,sth_proof,12000,6.0,5.0,0.2,0.1,0.05,3.0,True,0.0,0.0,0.0,0.0,,,,,169114.0,,,,15.440309225682697,15.440309225682697,226.0,0.0005446150583653837,226,226,41012,0.05,0.05,0.0,True,0.2,0.04,800,96,0.0,0.0,0.0,0.9557900428771973,C:/Users/efasllija/dev/gossip-poc/out_nb_incremental_clean0104/scenario_groups_effect/permanent_fork_sth_proof_n12000_pg0p2_a0p1_ff0p05_s41012_drop0_pc0p05_pgc0p05
permanent_fork,sth_proof,12000,6.0,5.0,0.2,0.1,0.05,3.0,True,0.0,0.0,0.0,0.0,,,,,177088.0,,,,14.607878103120477,14.607878103120477,388.0,0.0008802856844674952,388,388,41013,0.05,0.05,0.0,True,0.2,0.04,800,96,0.0,0.0,0.0,0.9653196334838867,C:/Users/efasllija/dev/gossip-poc/out_nb_incremental_clean0104/scenario_groups_effect/permanent_fork_sth_proof_n12000_pg0p2_a0p1_ff0p05_s41013_drop0_pc0p05_pgc0p05
permanent_fork,sth_proof,12000,6.0,5.0,0.2,0.1,0.05,3.0,True,0.0,0.0,0.0,0.0,,,,,176204.0,,,,17.22399378341182,17.22399378341182,722.0,0.0016899008529084082,722,722,41014,0.05,0.05,0.0,True,0.2,0.04,800,96,0.0,0.0,0.0,0.9755947589874268,C:/Users/efasllija/dev/gossip-poc/out_nb_incremental_clean0104/scenario_groups_effect/permanent_fork_sth_proof_n12000_pg0p2_a0p1_ff0p05_s41014_drop0_pc0p05_pgc0p05
permanent_fork,sth_proof,12000,6.0,5.0,0.2,0.1,0.05,3.0,True,0.0,0.0,0.0,0.0,175.0,,175.0,,337097.0,846901.0,,,16.703307706567827,16.703307706567827,1502.0,0.0017735248866160272,1502,1502,41000,0.05,0.05,0.0,True,0.2,0.08,800,96,0.0,0.0,0.0,1.1242585182189941,C:/Users/efasllija/dev/gossip-poc/out_nb_incremental_clean0104/scenario_groups_effect/permanent_fork_sth_proof_n12000_pg0p2_a0p1_ff0p05_s41000_drop0_pc0p05_pgc0p05
permanent_fork,sth_proof,12000,6.0,5.0,0.2,0.1,0.05,3.0,True,0.0,0.0,0.0,0.0,,,,,345860.0,,,,17.13378509196515,17.13378509196515,1100.0,0.0012676900382611901,1100,1100,41001,0.05,0.05,0.0,True,0.2,0.08,800,96,0.0,0.0,0.0,1.1172599792480469,C:/Users/efasllija/dev/gossip-poc/out_nb_incremental_clean0104/scenario_groups_effect/permanent_fork_sth_proof_n12000_pg0p2_a0p1_ff0p05_s41001_drop0_pc0p05_pgc0p05
permanent_fork,sth_proof,12000,6.0,5.0,0.2,0.1,0.05,3.0,True,0.0,0.0,0.0,0.0,,,,,342957.0,,,,14.116079369956498,14.116079369956498,721.0,0.0008328347106101525,721,721,41002,0.05,0.05,0.0,True,0.2,0.08,800,96,0.0,0.0,0.0,1.099876880645752,C:/Users/efasllija/dev/gossip-poc/out_nb_incremental_clean0104/scenario_groups_effect/permanent_fork_sth_proof_n12000_pg0p2_a0p1_ff0p05_s41002_drop0_pc0p05_pgc0p05
permanent_fork,sth_proof,12000,6.0,5.0,0.2,0.1,0.05,3.0,True,0.0,0.0,0.0,0.0,,,,,322400.0,,,,16.37800705591217,16.37800705591217,1028.0,0.0012445912341066427,1028,1028,41003,0.05,0.05,0.0,True,0.2,0.08,800,96,0.0,0.0,0.0,1.0805346965789795,C:/Users/efasllija/dev/gossip-poc/out_nb_incremental_clean0104/scenario_groups_effect/permanent_fork_sth_proof_n12000_pg0p2_a0p1_ff0p05_s41003_drop0_pc0p05_pgc0p05
permanent_fork,sth_proof,12000,6.0,5.0,0.2,0.1,0.05,3.0,True,5.0,5.0,0.0,0.0,,,,,349734.0,,,,13.749984898035086,13.749984898035086,541.0,0.0006407970994751623,541,541,41004,0.05,0.05,0.0,True,0.2,0.08,800,96,0.0,0.0,0.0,1.1264920234680176,C:/Users/efasllija/dev/gossip-poc/out_nb_incremental_clean0104/scenario_groups_effect/permanent_fork_sth_proof_n12000_pg0p2_a0p1_ff0p05_s41004_drop0_pc0p05_pgc0p05
permanent_fork,sth_proof,12000,6.0,5.0,0.2,0.1,0.05,3.0,True,5.0,5.0,0.0,0.0,,,,,353241.0,,,,16.61039680676215,16.61039680676215,1040.0,0.0012209438835407373,1040,1040,41005,0.05,0.05,0.0,True,0.2,0.08,800,96,0.0,0.0,0.0,1.1134700775146484,C:/Users/efasllija/dev/gossip-poc/out_nb_incremental_clean0104/scenario_groups_effect/permanent_fork_sth_proof_n12000_pg0p2_a0p1_ff0p05_s41005_drop0_pc0p05_pgc0p05
permanent_fork,sth_proof,12000,6.0,5.0,0.2,0.1,0.05,3.0,True,0.0,0.0,0.0,0.0,,,,,340835.0,,,,19.54753408893341,19.54753408893341,1238.0,0.0014642067677576465,1238,1238,41006,0.05,0.05,0.0,True,0.2,0.08,800,96,0.0,0.0,0.0,1.09647536277771,C:/Users/efasllija/dev/gossip-poc/out_nb_incremental_clean0104/scenario_groups_effect/permanent_fork_sth_proof_n12000_pg0p2_a0p1_ff0p05_s41006_drop0_pc0p05_pgc0p05
permanent_fork,sth_proof,12000,6.0,5.0,0.2,0.1,0.05,3.0,True,0.0,0.0,0.0,0.0,,,,,326576.0,,,,14.841221952948548,14.841221952948548,916.0,0.0010786648107979529,916,916,41007,0.05,0.05,0.0,True,0.2,0.08,800,96,0.0,0.0,0.0,1.104745864868164,C:/Users/efasllija/dev/gossip-poc/out_nb_incremental_clean0104/scenario_groups_effect/permanent_fork_sth_proof_n12000_pg0p2_a0p1_ff0p05_s41007_drop0_pc0p05_pgc0p05
permanent_fork,sth_proof,12000,6.0,5.0,0.2,0.1,0.05,3.0,True,0.0,0.0,0.0,0.0,,,,,332805.0,,,,19.954750611771072,19.954750611771072,1132.0,0.0013260408893845273,1132,1132,41008,0.05,0.05,0.0,True,0.2,0.08,800,96,0.0,0.0,0.0,1.1405673027038574,C:/Users/efasllija/dev/gossip-poc/out_nb_incremental_clean0104/scenario_groups_effect/permanent_fork_sth_proof_n12000_pg0p2_a0p1_ff0p05_s41008_drop0_pc0p05_pgc0p05
permanent_fork,sth_proof,12000,6.0,5.0,0.2,0.1,0.05,3.0,True,0.0,0.0,0.0,0.0,,,,,352645.0,,,,20.48665274099903,20.48665274099903,997.0,0.0011713068589004048,997,997,41009,0.05,0.05,0.0,True,0.2,0.08,800,96,0.0,0.0,0.0,1.107003927230835,C:/Users/efasllija/dev/gossip-poc/out_nb_incremental_clean0104/scenario_groups_effect/permanent_fork_sth_proof_n12000_pg0p2_a0p1_ff0p05_s41009_drop0_pc0p05_pgc0p05
permanent_fork,sth_proof,12000,6.0,5.0,0.2,0.1,0.05,3.0,True,0.0,0.0,0.0,0.0,,,,,353344.0,,,,18.302797514091633,18.302797514091633,699.0,0.0008082092787975141,699,699,41010,0.05,0.05,0.0,True,0.2,0.08,800,96,0.0,0.0,0.0,1.1332554817199707,C:/Users/efasllija/dev/gossip-poc/out_nb_incremental_clean0104/scenario_groups_effect/permanent_fork_sth_proof_n12000_pg0p2_a0p1_ff0p05_s41010_drop0_pc0p05_pgc0p05
permanent_fork,sth_proof,12000,6.0,5.0,0.2,0.1,0.05,3.0,True,0.0,0.0,0.0,0.0,,,,,345471.0,,,,19.493643103583423,19.493643103583423,1120.0,0.0013103384534028436,1120,1120,41011,0.05,0.05,0.0,True,0.2,0.08,800,96,0.0,0.0,0.0,1.2070696353912354,C:/Users/efasllija/dev/gossip-poc/out_nb_incremental_clean0104/scenario_groups_effect/permanent_fork_sth_proof_n12000_pg0p2_a0p1_ff0p05_s41011_drop0_pc0p05_pgc0p05
permanent_fork,sth_proof,12000,6.0,5.0,0.2,0.1,0.05,3.0,True,0.0,0.0,0.0,0.0,,,,,334850.0,,,,13.714218644548557,13.714218644548557,534.0,0.0006528819726327527,534,534,41012,0.05,0.05,0.0,True,0.2,0.08,800,96,0.0,0.0,0.0,1.186234474182129,C:/Users/efasllija/dev/gossip-poc/out_nb_incremental_clean0104/scenario_groups_effect/permanent_fork_sth_proof_n12000_pg0p2_a0p1_ff0p05_s41012_drop0_pc0p05_pgc0p05
permanent_fork,sth_proof,12000,6.0,5.0,0.2,0.1,0.05,3.0,True,0.0,0.0,0.0,0.0,,,,,344000.0,,,,17.760211319277992,17.760211319277992,1226.0,0.0014278959150064174,1226,1226,41013,0.05,0.05,0.0,True,0.2,0.08,800,96,0.0,0.0,0.0,1.136169672012329,C:/Users/efasllija/dev/gossip-poc/out_nb_incremental_clean0104/scenario_groups_effect/permanent_fork_sth_proof_n12000_pg0p2_a0p1_ff0p05_s41013_drop0_pc0p05_pgc0p05
permanent_fork,sth_proof,12000,6.0,5.0,0.2,0.1,0.05,3.0,True,0.0,0.0,0.0,0.0,,,,,336852.0,,,,19.036413636205133,19.036413636205133,1008.0,0.001212064369275611,1008,1008,41014,0.05,0.05,0.0,True,0.2,0.08,800,96,0.0,0.0,0.0,1.1409578323364258,C:/Users/efasllija/dev/gossip-poc/out_nb_incremental_clean0104/scenario_groups_effect/permanent_fork_sth_proof_n12000_pg0p2_a0p1_ff0p05_s41014_drop0_pc0p05_pgc0p05
permanent_fork,sth_proof,12000,6.0,5.0,0.2,0.1,0.05,3.0,True,0.0,0.0,0.0,0.0,,,,,511697.0,,,,17.0240246398504,17.0240246398504,1752.0,0.0013765630708670697,1752,1752,41000,0.05,0.05,0.0,True,0.2,0.12,800,96,0.0,0.0,0.0,1.281874418258667,C:/Users/efasllija/dev/gossip-poc/out_nb_incremental_clean0104/scenario_groups_effect/permanent_fork_sth_proof_n12000_pg0p2_a0p1_ff0p05_s41000_drop0_pc0p05_pgc0p05
permanent_fork,sth_proof,12000,6.0,5.0,0.2,0.1,0.05,3.0,True,0.0,0.0,0.0,0.0,165.0,,165.0,,520770.0,1231067.0,,,17.880381178390003,17.880381178390003,1894.0,0.001463099608192122,1894,1894,41001,0.05,0.05,0.0,True,0.2,0.12,800,96,0.0,0.0,0.0,1.291771650314331,C:/Users/efasllija/dev/gossip-poc/out_nb_incremental_clean0104/scenario_groups_effect/permanent_fork_sth_proof_n12000_pg0p2_a0p1_ff0p05_s41001_drop0_pc0p05_pgc0p05
permanent_fork,sth_proof,12000,6.0,5.0,0.2,0.1,0.05,3.0,True,0.0,0.0,0.0,0.0,,,,,512541.0,,,,16.57862582876418,16.57862582876418,1248.0,0.0009673113859060871,1248,1248,41002,0.05,0.05,0.0,True,0.2,0.12,800,96,0.0,0.0,0.0,1.2899432182312012,C:/Users/efasllija/dev/gossip-poc/out_nb_incremental_clean0104/scenario_groups_effect/permanent_fork_sth_proof_n12000_pg0p2_a0p1_ff0p05_s41002_drop0_pc0p05_pgc0p05
permanent_fork,sth_proof,12000,6.0,5.0,0.2,0.1,0.05,3.0,True,0.0,0.0,0.0,0.0,,,,,486587.0,,,,17.340696682368637,17.340696682368637,1521.0,0.0012300103107373188,1521,1521,41003,0.05,0.05,0.0,True,0.2,0.12,800,96,0.0,0.0,0.0,1.260094165802002,C:/Users/efasllija/dev/gossip-poc/out_nb_incremental_clean0104/scenario_groups_effect/permanent_fork_sth_proof_n12000_pg0p2_a0p1_ff0p05_s41003_drop0_pc0p05_pgc0p05
permanent_fork,sth_proof,12000,6.0,5.0,0.2,0.1,0.05,3.0,True,0.0,0.0,0.0,0.0,,,,,499931.0,,,,15.084565680923461,15.084565680923461,974.0,0.0007881629895167848,974,974,41004,0.05,0.05,0.0,True,0.2,0.12,800,96,0.0,0.0,0.0,1.2430305480957031,C:/Users/efasllija/dev/gossip-poc/out_nb_incremental_clean0104/scenario_groups_effect/permanent_fork_sth_proof_n12000_pg0p2_a0p1_ff0p05_s41004_drop0_pc0p05_pgc0p05
permanent_fork,sth_proof,12000,6.0,5.0,0.2,0.1,0.05,3.0,True,0.0,0.0,0.0,0.0,130.0,,130.0,,505301.0,998381.0,,,16.71371562962287,16.71371562962287,1897.0,0.001504701697052863,1897,1897,41005,0.05,0.05,0.0,True,0.2,0.12,800,96,0.0,0.0,0.0,1.2579808235168457,C:/Users/efasllija/dev/gossip-poc/out_nb_incremental_clean0104/scenario_groups_effect/permanent_fork_sth_proof_n12000_pg0p2_a0p1_ff0p05_s41005_drop0_pc0p05_pgc0p05
permanent_fork,sth_proof,12000,6.0,5.0,0.2,0.1,0.05,3.0,True,0.0,0.0,0.0,0.0,,,,,509439.0,,,,19.20713108533786,19.20713108533786,1516.0,0.001197148008083118,1516,1516,41006,0.05,0.05,0.0,True,0.2,0.12,800,96,0.0,0.0,0.0,1.2706942558288574,C:/Users/efasllija/dev/gossip-poc/out_nb_incremental_clean0104/scenario_groups_effect/permanent_fork_sth_proof_n12000_pg0p2_a0p1_ff0p05_s41006_drop0_pc0p05_pgc0p05
permanent_fork,sth_proof,12000,6.0,5.0,0.2,0.1,0.05,3.0,True,0.0,0.0,0.0,0.0,,,,,491404.0,,,,16.31820504877209,16.31820504877209,893.0,0.0007021356560683234,893,893,41007,0.05,0.05,0.0,True,0.2,0.12,800,96,0.0,0.0,0.0,1.2283992767333984,C:/Users/efasllija/dev/gossip-poc/out_nb_incremental_clean0104/scenario_groups_effect/permanent_fork_sth_proof_n12000_pg0p2_a0p1_ff0p05_s41007_drop0_pc0p05_pgc0p05
permanent_fork,sth_proof,12000,6.0,5.0,0.2,0.1,0.05,3.0,True,0.0,0.0,0.0,0.0,160.0,,160.0,,495361.0,1183498.0,,,17.267134851009626,17.267134851009626,1715.0,0.0013410580361436645,1715,1715,41008,0.05,0.05,0.0,True,0.2,0.12,800,96,0.0,0.0,0.0,1.2546875476837158,C:/Users/efasllija/dev/gossip-poc/out_nb_incremental_clean0104/scenario_groups_effect/permanent_fork_sth_proof_n12000_pg0p2_a0p1_ff0p05_s41008_drop0_pc0p05_pgc0p05
permanent_fork,sth_proof,12000,6.0,5.0,0.2,0.1,0.05,3.0,True,0.0,0.0,0.0,0.0,,,,,507235.0,,,,18.94489082174075,18.94489082174075,1466.0,0.001171107983185893,1466,1466,41009,0.05,0.05,0.0,True,0.2,0.12,800,96,0.0,0.0,0.0,1.3069167137145996,C:/Users/efasllija/dev/gossip-poc/out_nb_incremental_clean0104/scenario_groups_effect/permanent_fork_sth_proof_n12000_pg0p2_a0p1_ff0p05_s41009_drop0_pc0p05_pgc0p05
permanent_fork,sth_proof,12000,6.0,5.0,0.2,0.1,0.05,3.0,True,0.0,0.0,0.0,0.0,,,,,517306.0,,,,20.24219797291372,20.24219797291372,1559.0,0.0012207306531026448,1559,1559,41010,0.05,0.05,0.0,True,0.2,0.12,800,96,0.0,0.0,0.0,1.2711915969848633,C:/Users/efasllija/dev/gossip-poc/out_nb_incremental_clean0104/scenario_groups_effect/permanent_fork_sth_proof_n12000_pg0p2_a0p1_ff0p05_s41010_drop0_pc0p05_pgc0p05
permanent_fork,sth_proof,12000,6.0,5.0,0.2,0.1,0.05,3.0,True,0.0,0.0,0.0,0.0,,,,,507515.0,,,,19.817051422949145,19.817051422949145,1237.0,0.0009752274873819596,1237,1237,41011,0.05,0.05,0.0,True,0.2,0.12,800,96,0.0,0.0,0.0,1.2569992542266846,C:/Users/efasllija/dev/gossip-poc/out_nb_incremental_clean0104/scenario_groups_effect/permanent_fork_sth_proof_n12000_pg0p2_a0p1_ff0p05_s41011_drop0_pc0p05_pgc0p05
permanent_fork,sth_proof,12000,6.0,5.0,0.2,0.1,0.05,3.0,True,0.0,0.0,0.0,0.0,,,,,495632.0,,,,13.866403331193732,13.866403331193732,741.0,0.0006097862045129117,741,741,41012,0.05,0.05,0.0,True,0.2,0.12,800,96,0.0,0.0,0.0,1.3267371654510498,C:/Users/efasllija/dev/gossip-poc/out_nb_incremental_clean0104/scenario_groups_effect/permanent_fork_sth_proof_n12000_pg0p2_a0p1_ff0p05_s41012_drop0_pc0p05_pgc0p05
permanent_fork,sth_proof,12000,6.0,5.0,0.2,0.1,0.05,3.0,True,0.0,0.0,0.0,0.0,,,,,511868.0,,,,17.0483240655171,17.0483240655171,1060.0,0.0008358382195699691,1060,1060,41013,0.05,0.05,0.0,True,0.2,0.12,800,96,0.0,0.0,0.0,1.3664233684539795,C:/Users/efasllija/dev/gossip-poc/out_nb_incremental_clean0104/scenario_groups_effect/permanent_fork_sth_proof_n12000_pg0p2_a0p1_ff0p05_s41013_drop0_pc0p05_pgc0p05
permanent_fork,sth_proof,12000,6.0,5.0,0.2,0.1,0.05,3.0,True,0.0,0.0,0.0,0.0,145.0,,145.0,,506990.0,1064791.0,,,17.77705610861834,17.77705610861834,2154.0,0.0017280482120637661,2154,2154,41014,0.05,0.05,0.0,True,0.2,0.12,800,96,0.0,0.0,0.0,1.264453411102295,C:/Users/efasllija/dev/gossip-poc/out_nb_incremental_clean0104/scenario_groups_effect/permanent_fork_sth_proof_n12000_pg0p2_a0p1_ff0p05_s41014_drop0_pc0p05_pgc0p05
permanent_fork,sth_proof,12000,6.0,5.0,0.2,0.2,0.05,3.0,True,5.0,5.0,0.0,0.0,,,,,8805.0,,,,34.14048816843674,34.14048816843674,42.0,0.001956400223588597,42,42,41000,0.05,0.05,0.0,True,0.2,0.0,800,8,0.0,0.0,0.0,0.8571412563323975,C:/Users/efasllija/dev/gossip-poc/out_nb_incremental_clean0104/scenario_groups_effect/permanent_fork_sth_proof_n12000_pg0p2_a0p2_ff0p05_s41000_drop0_pc0p05_pgc0p05
permanent_fork,sth_proof,12000,6.0,5.0,0.2,0.2,0.05,3.0,True,5.0,5.0,0.0,0.0,,,,,9054.0,,,,34.7496231327943,34.7496231327943,52.0,0.0023754054177515874,52,52,41001,0.05,0.05,0.0,True,0.2,0.0,800,8,0.0,0.0,0.0,0.8813624382019043,C:/Users/efasllija/dev/gossip-poc/out_nb_incremental_clean0104/scenario_groups_effect/permanent_fork_sth_proof_n12000_pg0p2_a0p2_ff0p05_s41001_drop0_pc0p05_pgc0p05
permanent_fork,sth_proof,12000,6.0,5.0,0.2,0.2,0.05,3.0,True,0.0,0.0,0.0,0.0,,,,,8802.0,,,,37.39122502964517,37.39122502964517,48.0,0.0021891817933047523,48,48,41002,0.05,0.05,0.0,True,0.2,0.0,800,8,0.0,0.0,0.0,0.8938310146331787,C:/Users/efasllija/dev/gossip-poc/out_nb_incremental_clean0104/scenario_groups_effect/permanent_fork_sth_proof_n12000_pg0p2_a0p2_ff0p05_s41002_drop0_pc0p05_pgc0p05
permanent_fork,sth_proof,12000,6.0,5.0,0.2,0.2,0.05,3.0,True,5.0,5.0,0.0,0.0,,,,,8684.0,,,,34.98285549632618,34.98285549632618,41.0,0.00196897661239975,41,41,41003,0.05,0.05,0.0,True,0.2,0.0,800,8,0.0,0.0,0.0,0.8569979667663574,C:/Users/efasllija/dev/gossip-poc/out_nb_incremental_clean0104/scenario_groups_effect/permanent_fork_sth_proof_n12000_pg0p2_a0p2_ff0p05_s41003_drop0_pc0p05_pgc0p05
permanent_fork,sth_proof,12000,6.0,5.0,0.2,0.2,0.05,3.0,True,0.0,0.0,0.0,0.0,,,,,8442.0,,,,35.22823168392789,35.22823168392789,57.0,0.0027330264672036824,57,57,41004,0.05,0.05,0.0,True,0.2,0.0,800,8,0.0,0.0,0.0,0.8686935901641846,C:/Users/efasllija/dev/gossip-poc/out_nb_incremental_clean0104/scenario_groups_effect/permanent_fork_sth_proof_n12000_pg0p2_a0p2_ff0p05_s41004_drop0_pc0p05_pgc0p05
permanent_fork,sth_proof,12000,6.0,5.0,0.2,0.2,0.05,3.0,True,5.0,5.0,0.0,0.0,,,,,8930.0,,,,34.65723328989015,34.65723328989015,55.0,0.0025600446844163097,55,55,41005,0.05,0.05,0.0,True,0.2,0.0,800,8,0.0,0.0,0.0,0.86897873878479,C:/Users/efasllija/dev/gossip-poc/out_nb_incremental_clean0104/scenario_groups_effect/permanent_fork_sth_proof_n12000_pg0p2_a0p2_ff0p05_s41005_drop0_pc0p05_pgc0p05
permanent_fork,sth_proof,12000,6.0,5.0,0.2,0.2,0.05,3.0,True,5.0,5.0,0.0,0.0,,,,,8869.0,,,,37.620220349967596,37.620220349967596,52.0,0.0024071845199518565,52,52,41006,0.05,0.05,0.0,True,0.2,0.0,800,8,0.0,0.0,0.0,0.8550570011138916,C:/Users/efasllija/dev/gossip-poc/out_nb_incremental_clean0104/scenario_groups_effect/permanent_fork_sth_proof_n12000_pg0p2_a0p2_ff0p05_s41006_drop0_pc0p05_pgc0p05
permanent_fork,sth_proof,12000,6.0,5.0,0.2,0.2,0.05,3.0,True,0.0,0.0,0.0,0.0,,,,,8433.0,,,,30.55499344200862,30.55499344200862,52.0,0.0024358253700580853,52,52,41007,0.05,0.05,0.0,True,0.2,0.0,800,8,0.0,0.0,0.0,0.8813469409942627,C:/Users/efasllija/dev/gossip-poc/out_nb_incremental_clean0104/scenario_groups_effect/permanent_fork_sth_proof_n12000_pg0p2_a0p2_ff0p05_s41007_drop0_pc0p05_pgc0p05
permanent_fork,sth_proof,12000,6.0,5.0,0.2,0.2,0.05,3.0,True,5.0,5.0,0.0,0.0,,,,,8502.0,,,,36.29653912799138,36.29653912799138,51.0,0.002388423172387955,51,51,41008,0.05,0.05,0.0,True,0.2,0.0,800,8,0.0,0.0,0.0,0.8706951141357422,C:/Users/efasllija/dev/gossip-poc/out_nb_incremental_clean0104/scenario_groups_effect/permanent_fork_sth_proof_n12000_pg0p2_a0p2_ff0p05_s41008_drop0_pc0p05_pgc0p05
permanent_fork,sth_proof,12000,6.0,5.0,0.2,0.2,0.05,3.0,True,0.0,0.0,0.0,0.0,,,,,8503.0,,,,36.86346300533943,36.86346300533943,52.0,0.002479023646071701,52,52,41009,0.05,0.05,0.0,True,0.2,0.0,800,8,0.0,0.0,0.0,0.8627238273620605,C:/Users/efasllija/dev/gossip-poc/out_nb_incremental_clean0104/scenario_groups_effect/permanent_fork_sth_proof_n12000_pg0p2_a0p2_ff0p05_s41009_drop0_pc0p05_pgc0p05
permanent_fork,sth_proof,12000,6.0,5.0,0.2,0.2,0.05,3.0,True,0.0,0.0,0.0,0.0,,,,,8825.0,,,,36.89557750900194,36.89557750900194,60.0,0.002769827347428677,60,60,41010,0.05,0.05,0.0,True,0.2,0.0,800,8,0.0,0.0,0.0,0.8878331184387207,C:/Users/efasllija/dev/gossip-poc/out_nb_incremental_clean0104/scenario_groups_effect/permanent_fork_sth_proof_n12000_pg0p2_a0p2_ff0p05_s41010_drop0_pc0p05_pgc0p05
permanent_fork,sth_proof,12000,6.0,5.0,0.2,0.2,0.05,3.0,True,0.0,0.0,0.0,0.0,,,,,8326.0,,,,35.98992251746922,35.98992251746922,51.0,0.0024243000427817654,51,51,41011,0.05,0.05,0.0,True,0.2,0.0,800,8,0.0,0.0,0.0,0.8919429779052734,C:/Users/efasllija/dev/gossip-poc/out_nb_incremental_clean0104/scenario_groups_effect/permanent_fork_sth_proof_n12000_pg0p2_a0p2_ff0p05_s41011_drop0_pc0p05_pgc0p05
permanent_fork,sth_proof,12000,6.0,5.0,0.2,0.2,0.05,3.0,True,10.0,10.0,0.0,0.0,,,,,8792.0,,,,34.222373210385825,34.222373210385825,44.0,0.0021354040281485074,44,44,41012,0.05,0.05,0.0,True,0.2,0.0,800,8,0.0,0.0,0.0,0.8531396389007568,C:/Users/efasllija/dev/gossip-poc/out_nb_incremental_clean0104/scenario_groups_effect/permanent_fork_sth_proof_n12000_pg0p2_a0p2_ff0p05_s41012_drop0_pc0p05_pgc0p05
permanent_fork,sth_proof,12000,6.0,5.0,0.2,0.2,0.05,3.0,True,0.0,0.0,0.0,0.0,,,,,8605.0,,,,37.82009192383454,37.82009192383454,58.0,0.0027201951036488134,58,58,41013,0.05,0.05,0.0,True,0.2,0.0,800,8,0.0,0.0,0.0,0.8463554382324219,C:/Users/efasllija/dev/gossip-poc/out_nb_incremental_clean0104/scenario_groups_effect/permanent_fork_sth_proof_n12000_pg0p2_a0p2_ff0p05_s41013_drop0_pc0p05_pgc0p05
permanent_fork,sth_proof,12000,6.0,5.0,0.2,0.2,0.05,3.0,True,10.0,10.0,0.0,0.0,,,,,8944.0,,,,37.1416619129112,37.1416619129112,44.0,0.002091652405400266,44,44,41014,0.05,0.05,0.0,True,0.2,0.0,800,8,0.0,0.0,0.0,0.8609812259674072,C:/Users/efasllija/dev/gossip-poc/out_nb_incremental_clean0104/scenario_groups_effect/permanent_fork_sth_proof_n12000_pg0p2_a0p2_ff0p05_s41014_drop0_pc0p05_pgc0p05
permanent_fork,sth_proof,12000,6.0,5.0,0.2,0.2,0.05,3.0,True,0.0,0.0,0.0,0.0,,,,,15419.0,,,,35.89822603044834,35.89822603044834,56.0,0.0014673898802505044,56,56,41000,0.05,0.05,0.0,True,0.2,0.04,800,8,0.0,0.0,0.0,0.8602476119995117,C:/Users/efasllija/dev/gossip-poc/out_nb_incremental_clean0104/scenario_groups_effect/permanent_fork_sth_proof_n12000_pg0p2_a0p2_ff0p05_s41000_drop0_pc0p05_pgc0p05
permanent_fork,sth_proof,12000,6.0,5.0,0.2,0.2,0.05,3.0,True,0.0,0.0,0.0,0.0,,,,,15323.0,,,,37.619663377221684,37.619663377221684,87.0,0.002277308064811664,87,87,41001,0.05,0.05,0.0,True,0.2,0.04,800,8,0.0,0.0,0.0,0.858875036239624,C:/Users/efasllija/dev/gossip-poc/out_nb_incremental_clean0104/scenario_groups_effect/permanent_fork_sth_proof_n12000_pg0p2_a0p2_ff0p05_s41001_drop0_pc0p05_pgc0p05
permanent_fork,sth_proof,12000,6.0,5.0,0.2,0.2,0.05,3.0,True,0.0,0.0,0.0,0.0,,,,,15409.0,,,,33.612856099342586,33.612856099342586,82.0,0.0021392048419075446,82,82,41002,0.05,0.05,0.0,True,0.2,0.04,800,8,0.0,0.0,0.0,0.8835294246673584,C:/Users/efasllija/dev/gossip-poc/out_nb_incremental_clean0104/scenario_groups_effect/permanent_fork_sth_proof_n12000_pg0p2_a0p2_ff0p05_s41002_drop0_pc0p05_pgc0p05
permanent_fork,sth_proof,12000,6.0,5.0,0.2,0.2,0.05,3.0,True,5.0,5.0,0.0,0.0,,,,,15575.0,,,,39.47398715961921,39.47398715961921,88.0,0.0024352446313925173,88,88,41003,0.05,0.05,0.0,True,0.2,0.04,800,8,0.0,0.0,0.0,0.8646383285522461,C:/Users/efasllija/dev/gossip-poc/out_nb_incremental_clean0104/scenario_groups_effect/permanent_fork_sth_proof_n12000_pg0p2_a0p2_ff0p05_s41003_drop0_pc0p05_pgc0p05
permanent_fork,sth_proof,12000,6.0,5.0,0.2,0.2,0.05,3.0,True,0.0,0.0,0.0,0.0,,,,,14177.0,,,,35.33605125218404,35.33605125218404,90.0,0.002496047924120143,90,90,41004,0.05,0.05,0.0,True,0.2,0.04,800,8,0.0,0.0,0.0,0.8713023662567139,C:/Users/efasllija/dev/gossip-poc/out_nb_incremental_clean0104/scenario_groups_effect/permanent_fork_sth_proof_n12000_pg0p2_a0p2_ff0p05_s41004_drop0_pc0p05_pgc0p05
permanent_fork,sth_proof,12000,6.0,5.0,0.2,0.2,0.05,3.0,True,0.0,0.0,0.0,0.0,,,,,15606.0,,,,37.21566322987339,37.21566322987339,92.0,0.002457396228431006,92,92,41005,0.05,0.05,0.0,True,0.2,0.04,800,8,0.0,0.0,0.0,0.8964135646820068,C:/Users/efasllija/dev/gossip-poc/out_nb_incremental_clean0104/scenario_groups_effect/permanent_fork_sth_proof_n12000_pg0p2_a0p2_ff0p05_s41005_drop0_pc0p05_pgc0p05
permanent_fork,sth_proof,12000,6.0,5.0,0.2,0.2,0.05,3.0,True,5.0,5.0,0.0,0.0,,,,,15150.0,,,,37.84113987125273,37.84113987125273,84.0,0.002262504376868586,84,84,41006,0.05,0.05,0.0,True,0.2,0.04,800,8,0.0,0.0,0.0,0.9233100414276123,C:/Users/efasllija/dev/gossip-poc/out_nb_incremental_clean0104/scenario_groups_effect/permanent_fork_sth_proof_n12000_pg0p2_a0p2_ff0p05_s41006_drop0_pc0p05_pgc0p05
permanent_fork,sth_proof,12000,6.0,5.0,0.2,0.2,0.05,3.0,True,0.0,0.0,0.0,0.0,,,,,14279.0,,,,32.37363465160075,32.37363465160075,84.0,0.0022598870056497176,84,84,41007,0.05,0.05,0.0,True,0.2,0.04,800,8,0.0,0.0,0.0,0.8591475486755371,C:/Users/efasllija/dev/gossip-poc/out_nb_incremental_clean0104/scenario_groups_effect/permanent_fork_sth_proof_n12000_pg0p2_a0p2_ff0p05_s41007_drop0_pc0p05_pgc0p05
permanent_fork,sth_proof,12000,6.0,5.0,0.2,0.2,0.05,3.0,True,0.0,0.0,0.0,0.0,,,,,14570.0,,,,39.884327667785676,39.884327667785676,90.0,0.002379001348100764,90,90,41008,0.05,0.05,0.0,True,0.2,0.04,800,8,0.0,0.0,0.0,0.8575389385223389,C:/Users/efasllija/dev/gossip-poc/out_nb_incremental_clean0104/scenario_groups_effect/permanent_fork_sth_proof_n12000_pg0p2_a0p2_ff0p05_s41008_drop0_pc0p05_pgc0p05
permanent_fork,sth_proof,12000,6.0,5.0,0.2,0.2,0.05,3.0,True,0.0,0.0,0.0,0.0,,,,,15434.0,,,,38.814071424758446,38.814071424758446,82.0,0.0021886510436128757,82,82,41009,0.05,0.05,0.0,True,0.2,0.04,800,8,0.0,0.0,0.0,0.8808660507202148,C:/Users/efasllija/dev/gossip-poc/out_nb_incremental_clean0104/scenario_groups_effect/permanent_fork_sth_proof_n12000_pg0p2_a0p2_ff0p05_s41009_drop0_pc0p05_pgc0p05
permanent_fork,sth_proof,12000,6.0,5.0,0.2,0.2,0.05,3.0,True,0.0,0.0,0.0,0.0,,,,,16004.0,,,,37.68386746333515,37.68386746333515,95.0,0.0024572566669253254,95,95,41010,0.05,0.05,0.0,True,0.2,0.04,800,8,0.0,0.0,0.0,0.8639917373657227,C:/Users/efasllija/dev/gossip-poc/out_nb_incremental_clean0104/scenario_groups_effect/permanent_fork_sth_proof_n12000_pg0p2_a0p2_ff0p05_s41010_drop0_pc0p05_pgc0p05
permanent_fork,sth_proof,12000,6.0,5.0,0.2,0.2,0.05,3.0,True,0.0,0.0,0.0,0.0,,,,,15090.0,,,,36.94967373788075,36.94967373788075,65.0,0.0017171690486883471,65,65,41011,0.05,0.05,0.0,True,0.2,0.04,800,8,0.0,0.0,0.0,0.8555917739868164,C:/Users/efasllija/dev/gossip-poc/out_nb_incremental_clean0104/scenario_groups_effect/permanent_fork_sth_proof_n12000_pg0p2_a0p2_ff0p05_s41011_drop0_pc0p05_pgc0p05
permanent_fork,sth_proof,12000,6.0,5.0,0.2,0.2,0.05,3.0,True,0.0,0.0,0.0,0.0,,,,,14116.0,,,,32.22397996927104,32.22397996927104,71.0,0.002020144539919194,71,71,41012,0.05,0.05,0.0,True,0.2,0.04,800,8,0.0,0.0,0.0,0.849931001663208,C:/Users/efasllija/dev/gossip-poc/out_nb_incremental_clean0104/scenario_groups_effect/permanent_fork_sth_proof_n12000_pg0p2_a0p2_ff0p05_s41012_drop0_pc0p05_pgc0p05
permanent_fork,sth_proof,12000,6.0,5.0,0.2,0.2,0.05,3.0,True,0.0,0.0,0.0,0.0,,,,,15129.0,,,,33.874782142378336,33.874782142378336,84.0,0.002252312642445368,84,84,41013,0.05,0.05,0.0,True,0.2,0.04,800,8,0.0,0.0,0.0,0.8458325862884521,C:/Users/efasllija/dev/gossip-poc/out_nb_incremental_clean0104/scenario_groups_effect/permanent_fork_sth_proof_n12000_pg0p2_a0p2_ff0p05_s41013_drop0_pc0p05_pgc0p05
permanent_fork,sth_proof,12000,6.0,5.0,0.2,0.2,0.05,3.0,True,0.0,0.0,0.0,0.0,,,,,14407.0,,,,35.76753463209377,35.76753463209377,56.0,0.0015300964507226973,56,56,41014,0.05,0.05,0.0,True,0.2,0.04,800,8,0.0,0.0,0.0,0.8817012310028076,C:/Users/efasllija/dev/gossip-poc/out_nb_incremental_clean0104/scenario_groups_effect/permanent_fork_sth_proof_n12000_pg0p2_a0p2_ff0p05_s41014_drop0_pc0p05_pgc0p05
permanent_fork,sth_proof,12000,6.0,5.0,0.2,0.2,0.05,3.0,True,0.0,0.0,0.0,0.0,,,,,21592.0,,,,35.70597756320813,35.70597756320813,103.0,0.0019162434187270933,103,103,41000,0.05,0.05,0.0,True,0.2,0.08,800,8,0.0,0.0,0.0,0.8782267570495605,C:/Users/efasllija/dev/gossip-poc/out_nb_incremental_clean0104/scenario_groups_effect/permanent_fork_sth_proof_n12000_pg0p2_a0p2_ff0p05_s41000_drop0_pc0p05_pgc0p05
permanent_fork,sth_proof,12000,6.0,5.0,0.2,0.2,0.05,3.0,True,0.0,0.0,0.0,0.0,,,,,21570.0,,,,33.795418495702535,33.795418495702535,129.0,0.002379283632741894,129,129,41001,0.05,0.05,0.0,True,0.2,0.08,800,8,0.0,0.0,0.0,0.9287583827972412,C:/Users/efasllija/dev/gossip-poc/out_nb_incremental_clean0104/scenario_groups_effect/permanent_fork_sth_proof_n12000_pg0p2_a0p2_ff0p05_s41001_drop0_pc0p05_pgc0p05
permanent_fork,sth_proof,12000,6.0,5.0,0.2,0.2,0.05,3.0,True,0.0,0.0,0.0,0.0,,,,,21715.0,,,,38.07979474021809,38.07979474021809,209.0,0.0038302941445981856,209,209,41002,0.05,0.05,0.0,True,0.2,0.08,800,8,0.0,0.0,0.0,0.8912007808685303,C:/Users/efasllija/dev/gossip-poc/out_nb_incremental_clean0104/scenario_groups_effect/permanent_fork_sth_proof_n12000_pg0p2_a0p2_ff0p05_s41002_drop0_pc0p05_pgc0p05
permanent_fork,sth_proof,12000,6.0,5.0,0.2,0.2,0.05,3.0,True,5.0,5.0,0.0,0.0,,,,,21036.0,,,,38.41458295856569,38.41458295856569,114.0,0.0022785872758889487,114,114,41003,0.05,0.05,0.0,True,0.2,0.08,800,8,0.0,0.0,0.0,0.8749642372131348,C:/Users/efasllija/dev/gossip-poc/out_nb_incremental_clean0104/scenario_groups_effect/permanent_fork_sth_proof_n12000_pg0p2_a0p2_ff0p05_s41003_drop0_pc0p05_pgc0p05
permanent_fork,sth_proof,12000,6.0,5.0,0.2,0.2,0.05,3.0,True,0.0,0.0,0.0,0.0,,,,,20023.0,,,,34.755665430572726,34.755665430572726,142.0,0.0027861165067592755,142,142,41004,0.05,0.05,0.0,True,0.2,0.08,800,8,0.0,0.0,0.0,0.8931186199188232,C:/Users/efasllija/dev/gossip-poc/out_nb_incremental_clean0104/scenario_groups_effect/permanent_fork_sth_proof_n12000_pg0p2_a0p2_ff0p05_s41004_drop0_pc0p05_pgc0p05
permanent_fork,sth_proof,12000,6.0,5.0,0.2,0.2,0.05,3.0,True,0.0,0.0,0.0,0.0,,,,,23171.0,,,,34.127177637511274,34.127177637511274,118.0,0.0021280432822362487,118,118,41005,0.05,0.05,0.0,True,0.2,0.08,800,8,0.0,0.0,0.0,0.9011321067810059,C:/Users/efasllija/dev/gossip-poc/out_nb_incremental_clean0104/scenario_groups_effect/permanent_fork_sth_proof_n12000_pg0p2_a0p2_ff0p05_s41005_drop0_pc0p05_pgc0p05
permanent_fork,sth_proof,12000,6.0,5.0,0.2,0.2,0.05,3.0,True,0.0,0.0,0.0,0.0,,,,,20462.0,,,,38.62616053140374,38.62616053140374,145.0,0.0027757039759566606,145,145,41006,0.05,0.05,0.0,True,0.2,0.08,800,8,0.0,0.0,0.0,0.8641343116760254,C:/Users/efasllija/dev/gossip-poc/out_nb_incremental_clean0104/scenario_groups_effect/permanent_fork_sth_proof_n12000_pg0p2_a0p2_ff0p05_s41006_drop0_pc0p05_pgc0p05
permanent_fork,sth_proof,12000,6.0,5.0,0.2,0.2,0.05,3.0,True,0.0,0.0,0.0,0.0,,,,,20749.0,,,,34.77947794779478,34.77947794779478,119.0,0.0022314731473147315,119,119,41007,0.05,0.05,0.0,True,0.2,0.08,800,8,0.0,0.0,0.0,0.9085500240325928,C:/Users/efasllija/dev/gossip-poc/out_nb_incremental_clean0104/scenario_groups_effect/permanent_fork_sth_proof_n12000_pg0p2_a0p2_ff0p05_s41007_drop0_pc0p05_pgc0p05
permanent_fork,sth_proof,12000,6.0,5.0,0.2,0.2,0.05,3.0,True,10.0,10.0,0.0,0.0,,,,,22477.0,,,,39.12144777963515,39.12144777963515,125.0,0.002271240642488553,125,125,41008,0.05,0.05,0.0,True,0.2,0.08,800,8,0.0,0.0,0.0,0.8951654434204102,C:/Users/efasllija/dev/gossip-poc/out_nb_incremental_clean0104/scenario_groups_effect/permanent_fork_sth_proof_n12000_pg0p2_a0p2_ff0p05_s41008_drop0_pc0p05_pgc0p05
permanent_fork,sth_proof,12000,6.0,5.0,0.2,0.2,0.05,3.0,True,0.0,0.0,0.0,0.0,,,,,21326.0,,,,38.32483880871968,38.32483880871968,90.0,0.0017270494319926312,90,90,41009,0.05,0.05,0.0,True,0.2,0.08,800,8,0.0,0.0,0.0,0.9068477153778076,C:/Users/efasllija/dev/gossip-poc/out_nb_incremental_clean0104/scenario_groups_effect/permanent_fork_sth_proof_n12000_pg0p2_a0p2_ff0p05_s41009_drop0_pc0p05_pgc0p05
permanent_fork,sth_proof,12000,6.0,5.0,0.2,0.2,0.05,3.0,True,0.0,0.0,0.0,0.0,,,,,22922.0,,,,34.35204405846219,34.35204405846219,115.0,0.002029937160206171,115,115,41010,0.05,0.05,0.0,True,0.2,0.08,800,8,0.0,0.0,0.0,0.8861417770385742,C:/Users/efasllija/dev/gossip-poc/out_nb_incremental_clean0104/scenario_groups_effect/permanent_fork_sth_proof_n12000_pg0p2_a0p2_ff0p05_s41010_drop0_pc0p05_pgc0p05
permanent_fork,sth_proof,12000,6.0,5.0,0.2,0.2,0.05,3.0,True,0.0,0.0,0.0,0.0,,,,,21486.0,,,,37.95373085695666,37.95373085695666,161.0,0.002914449151008291,161,161,41011,0.05,0.05,0.0,True,0.2,0.08,800,8,0.0,0.0,0.0,0.9043552875518799,C:/Users/efasllija/dev/gossip-poc/out_nb_incremental_clean0104/scenario_groups_effect/permanent_fork_sth_proof_n12000_pg0p2_a0p2_ff0p05_s41011_drop0_pc0p05_pgc0p05
permanent_fork,sth_proof,12000,6.0,5.0,0.2,0.2,0.05,3.0,True,0.0,0.0,0.0,0.0,,,,,20187.0,,,,35.23374340949034,35.23374340949034,144.0,0.0028758587633807317,144,144,41012,0.05,0.05,0.0,True,0.2,0.08,800,8,0.0,0.0,0.0,0.851773738861084,C:/Users/efasllija/dev/gossip-poc/out_nb_incremental_clean0104/scenario_groups_effect/permanent_fork_sth_proof_n12000_pg0p2_a0p2_ff0p05_s41012_drop0_pc0p05_pgc0p05
permanent_fork,sth_proof,12000,6.0,5.0,0.2,0.2,0.05,3.0,True,0.0,0.0,0.0,0.0,,,,,21580.0,,,,36.387999925139894,36.387999925139894,117.0,0.0021896580764695973,117,117,41013,0.05,0.05,0.0,True,0.2,0.08,800,8,0.0,0.0,0.0,0.9156012535095215,C:/Users/efasllija/dev/gossip-poc/out_nb_incremental_clean0104/scenario_groups_effect/permanent_fork_sth_proof_n12000_pg0p2_a0p2_ff0p05_s41013_drop0_pc0p05_pgc0p05
permanent_fork,sth_proof,12000,6.0,5.0,0.2,0.2,0.05,3.0,True,10.0,10.0,0.0,0.0,,,,,22632.0,,,,38.865142601831856,38.865142601831856,131.0,0.0024387519547248494,131,131,41014,0.05,0.05,0.0,True,0.2,0.08,800,8,0.0,0.0,0.0,0.8917670249938965,C:/Users/efasllija/dev/gossip-poc/out_nb_incremental_clean0104/scenario_groups_effect/permanent_fork_sth_proof_n12000_pg0p2_a0p2_ff0p05_s41014_drop0_pc0p05_pgc0p05
permanent_fork,sth_proof,12000,6.0,5.0,0.2,0.2,0.05,3.0,True,5.0,5.0,0.0,0.0,,,,,28916.0,,,,37.133724088634736,37.133724088634736,122.0,0.0017441029306647605,122,122,41000,0.05,0.05,0.0,True,0.2,0.12,800,8,0.0,0.0,0.0,0.919713020324707,C:/Users/efasllija/dev/gossip-poc/out_nb_incremental_clean0104/scenario_groups_effect/permanent_fork_sth_proof_n12000_pg0p2_a0p2_ff0p05_s41000_drop0_pc0p05_pgc0p05
permanent_fork,sth_proof,12000,6.0,5.0,0.2,0.2,0.05,3.0,True,0.0,0.0,0.0,0.0,,,,,28731.0,,,,38.01219716891401,38.01219716891401,165.0,0.0023079505399205506,165,165,41001,0.05,0.05,0.0,True,0.2,0.12,800,8,0.0,0.0,0.0,0.9237260818481445,C:/Users/efasllija/dev/gossip-poc/out_nb_incremental_clean0104/scenario_groups_effect/permanent_fork_sth_proof_n12000_pg0p2_a0p2_ff0p05_s41001_drop0_pc0p05_pgc0p05
permanent_fork,sth_proof,12000,6.0,5.0,0.2,0.2,0.05,3.0,True,0.0,0.0,0.0,0.0,,,,,28261.0,,,,31.927486970314977,31.927486970314977,157.0,0.0022235440743258554,157,157,41002,0.05,0.05,0.0,True,0.2,0.12,800,8,0.0,0.0,0.0,0.9140994548797607,C:/Users/efasllija/dev/gossip-poc/out_nb_incremental_clean0104/scenario_groups_effect/permanent_fork_sth_proof_n12000_pg0p2_a0p2_ff0p05_s41002_drop0_pc0p05_pgc0p05
permanent_fork,sth_proof,12000,6.0,5.0,0.2,0.2,0.05,3.0,True,0.0,0.0,0.0,0.0,,,,,26615.0,,,,36.40393907884274,36.40393907884274,165.0,0.0025230900972536548,165,165,41003,0.05,0.05,0.0,True,0.2,0.12,800,8,0.0,0.0,0.0,0.8913383483886719,C:/Users/efasllija/dev/gossip-poc/out_nb_incremental_clean0104/scenario_groups_effect/permanent_fork_sth_proof_n12000_pg0p2_a0p2_ff0p05_s41003_drop0_pc0p05_pgc0p05
permanent_fork,sth_proof,12000,6.0,5.0,0.2,0.2,0.05,3.0,True,0.0,0.0,0.0,0.0,,,,,26198.0,,,,36.2021558897168,36.2021558897168,161.0,0.002413756915188678,161,161,41004,0.05,0.05,0.0,True,0.2,0.12,800,8,0.0,0.0,0.0,0.923616886138916,C:/Users/efasllija/dev/gossip-poc/out_nb_incremental_clean0104/scenario_groups_effect/permanent_fork_sth_proof_n12000_pg0p2_a0p2_ff0p05_s41004_drop0_pc0p05_pgc0p05
permanent_fork,sth_proof,12000,6.0,5.0,0.2,0.2,0.05,3.0,True,0.0,0.0,0.0,0.0,,,,,29713.0,,,,36.710360008520915,36.710360008520915,176.0,0.0024994674430164027,176,176,41005,0.05,0.05,0.0,True,0.2,0.12,800,8,0.0,0.0,0.0,0.9336545467376709,C:/Users/efasllija/dev/gossip-poc/out_nb_incremental_clean0104/scenario_groups_effect/permanent_fork_sth_proof_n12000_pg0p2_a0p2_ff0p05_s41005_drop0_pc0p05_pgc0p05
permanent_fork,sth_proof,12000,6.0,5.0,0.2,0.2,0.05,3.0,True,5.0,5.0,0.0,0.0,,,,,28388.0,,,,41.27049156612563,41.27049156612563,215.0,0.003110262419350172,215,215,41006,0.05,0.05,0.0,True,0.2,0.12,800,8,0.0,0.0,0.0,0.9162013530731201,C:/Users/efasllija/dev/gossip-poc/out_nb_incremental_clean0104/scenario_groups_effect/permanent_fork_sth_proof_n12000_pg0p2_a0p2_ff0p05_s41006_drop0_pc0p05_pgc0p05
permanent_fork,sth_proof,12000,6.0,5.0,0.2,0.2,0.05,3.0,True,0.0,0.0,0.0,0.0,,,,,27092.0,,,,36.13764906303237,36.13764906303237,150.0,0.002129471890971039,150,150,41007,0.05,0.05,0.0,True,0.2,0.12,800,8,0.0,0.0,0.0,0.9198200702667236,C:/Users/efasllija/dev/gossip-poc/out_nb_incremental_clean0104/scenario_groups_effect/permanent_fork_sth_proof_n12000_pg0p2_a0p2_ff0p05_s41007_drop0_pc0p05_pgc0p05
permanent_fork,sth_proof,12000,6.0,5.0,0.2,0.2,0.05,3.0,True,0.0,0.0,0.0,0.0,,,,,27091.0,,,,35.76325696611759,35.76325696611759,222.0,0.0031069374273998292,222,222,41008,0.05,0.05,0.0,True,0.2,0.12,800,8,0.0,0.0,0.0,0.937361478805542,C:/Users/efasllija/dev/gossip-poc/out_nb_incremental_clean0104/scenario_groups_effect/permanent_fork_sth_proof_n12000_pg0p2_a0p2_ff0p05_s41008_drop0_pc0p05_pgc0p05
permanent_fork,sth_proof,12000,6.0,5.0,0.2,0.2,0.05,3.0,True,0.0,0.0,0.0,0.0,,,,,28230.0,,,,37.756973219907174,37.756973219907174,129.0,0.0018888091717059313,129,129,41009,0.05,0.05,0.0,True,0.2,0.12,800,8,0.0,0.0,0.0,0.8956203460693359,C:/Users/efasllija/dev/gossip-poc/out_nb_incremental_clean0104/scenario_groups_effect/permanent_fork_sth_proof_n12000_pg0p2_a0p2_ff0p05_s41009_drop0_pc0p05_pgc0p05
permanent_fork,sth_proof,12000,6.0,5.0,0.2,0.2,0.05,3.0,True,0.0,0.0,0.0,0.0,,,,,29638.0,,,,35.781201722605786,35.781201722605786,178.0,0.0024335224553968145,178,178,41010,0.05,0.05,0.0,True,0.2,0.12,800,8,0.0,0.0,0.0,1.0424365997314453,C:/Users/efasllija/dev/gossip-poc/out_nb_incremental_clean0104/scenario_groups_effect/permanent_fork_sth_proof_n12000_pg0p2_a0p2_ff0p05_s41010_drop0_pc0p05_pgc0p05
permanent_fork,sth_proof,12000,6.0,5.0,0.2,0.2,0.05,3.0,True,0.0,0.0,0.0,0.0,,,,,27883.0,,,,32.93951375452175,32.93951375452175,125.0,0.0017526149014329378,125,125,41011,0.05,0.05,0.0,True,0.2,0.12,800,8,0.0,0.0,0.0,0.943368673324585,C:/Users/efasllija/dev/gossip-poc/out_nb_incremental_clean0104/scenario_groups_effect/permanent_fork_sth_proof_n12000_pg0p2_a0p2_ff0p05_s41011_drop0_pc0p05_pgc0p05
permanent_fork,sth_proof,12000,6.0,5.0,0.2,0.2,0.05,3.0,True,0.0,0.0,0.0,0.0,,,,,26123.0,,,,36.526113623691224,36.526113623691224,144.0,0.0022303450839477107,144,144,41012,0.05,0.05,0.0,True,0.2,0.12,800,8,0.0,0.0,0.0,0.9626190662384033,C:/Users/efasllija/dev/gossip-poc/out_nb_incremental_clean0104/scenario_groups_effect/permanent_fork_sth_proof_n12000_pg0p2_a0p2_ff0p05_s41012_drop0_pc0p05_pgc0p05
permanent_fork,sth_proof,12000,6.0,5.0,0.2,0.2,0.05,3.0,True,0.0,0.0,0.0,0.0,,,,,27456.0,,,,34.68488123152207,34.68488123152207,123.0,0.0017913577909500023,123,123,41013,0.05,0.05,0.0,True,0.2,0.12,800,8,0.0,0.0,0.0,0.917818546295166,C:/Users/efasllija/dev/gossip-poc/out_nb_incremental_clean0104/scenario_groups_effect/permanent_fork_sth_proof_n12000_pg0p2_a0p2_ff0p05_s41013_drop0_pc0p05_pgc0p05
permanent_fork,sth_proof,12000,6.0,5.0,0.2,0.2,0.05,3.0,True,0.0,0.0,0.0,0.0,,,,,28056.0,,,,39.91647998647449,39.91647998647449,154.0,0.0021697169505614494,154,154,41014,0.05,0.05,0.0,True,0.2,0.12,800,8,0.0,0.0,0.0,0.9253716468811035,C:/Users/efasllija/dev/gossip-poc/out_nb_incremental_clean0104/scenario_groups_effect/permanent_fork_sth_proof_n12000_pg0p2_a0p2_ff0p05_s41014_drop0_pc0p05_pgc0p05
permanent_fork,sth_proof,12000,6.0,5.0,0.2,0.2,0.05,3.0,True,0.0,0.0,0.0,0.0,,,,,8519.0,,,,33.54458033797031,33.54458033797031,51.0,0.0023807300905611052,51,51,41000,0.05,0.05,0.0,True,0.2,0.0,800,16,0.0,0.0,0.0,0.9019324779510498,C:/Users/efasllija/dev/gossip-poc/out_nb_incremental_clean0104/scenario_groups_effect/permanent_fork_sth_proof_n12000_pg0p2_a0p2_ff0p05_s41000_drop0_pc0p05_pgc0p05
permanent_fork,sth_proof,12000,6.0,5.0,0.2,0.2,0.05,3.0,True,5.0,5.0,0.0,0.0,,,,,9023.0,,,,33.72945314998401,33.72945314998401,54.0,0.0024669925533372925,54,54,41001,0.05,0.05,0.0,True,0.2,0.0,800,16,0.0,0.0,0.0,0.8917882442474365,C:/Users/efasllija/dev/gossip-poc/out_nb_incremental_clean0104/scenario_groups_effect/permanent_fork_sth_proof_n12000_pg0p2_a0p2_ff0p05_s41001_drop0_pc0p05_pgc0p05
permanent_fork,sth_proof,12000,6.0,5.0,0.2,0.2,0.05,3.0,True,15.0,15.0,0.0,0.0,,,,,9400.0,,,,36.18958648165957,36.18958648165957,57.0,0.0026102486605302927,57,57,41002,0.05,0.05,0.0,True,0.2,0.0,800,16,0.0,0.0,0.0,0.9371709823608398,C:/Users/efasllija/dev/gossip-poc/out_nb_incremental_clean0104/scenario_groups_effect/permanent_fork_sth_proof_n12000_pg0p2_a0p2_ff0p05_s41002_drop0_pc0p05_pgc0p05
permanent_fork,sth_proof,12000,6.0,5.0,0.2,0.2,0.05,3.0,True,10.0,10.0,0.0,0.0,,,,,8816.0,,,,35.5367530407192,35.5367530407192,44.0,0.0021152829190904283,44,44,41003,0.05,0.05,0.0,True,0.2,0.0,800,16,0.0,0.0,0.0,0.9444999694824219,C:/Users/efasllija/dev/gossip-poc/out_nb_incremental_clean0104/scenario_groups_effect/permanent_fork_sth_proof_n12000_pg0p2_a0p2_ff0p05_s41003_drop0_pc0p05_pgc0p05
permanent_fork,sth_proof,12000,6.0,5.0,0.2,0.2,0.05,3.0,True,0.0,0.0,0.0,0.0,,,,,8337.0,,,,34.45987131730443,34.45987131730443,58.0,0.0028058632867302017,58,58,41004,0.05,0.05,0.0,True,0.2,0.0,800,16,0.0,0.0,0.0,0.8997547626495361,C:/Users/efasllija/dev/gossip-poc/out_nb_incremental_clean0104/scenario_groups_effect/permanent_fork_sth_proof_n12000_pg0p2_a0p2_ff0p05_s41004_drop0_pc0p05_pgc0p05
permanent_fork,sth_proof,12000,6.0,5.0,0.2,0.2,0.05,3.0,True,5.0,5.0,0.0,0.0,,,,,8846.0,,,,34.62923451244619,34.62923451244619,36.0,0.0016844469399213925,36,36,41005,0.05,0.05,0.0,True,0.2,0.0,800,16,0.0,0.0,0.0,0.9180550575256348,C:/Users/efasllija/dev/gossip-poc/out_nb_incremental_clean0104/scenario_groups_effect/permanent_fork_sth_proof_n12000_pg0p2_a0p2_ff0p05_s41005_drop0_pc0p05_pgc0p05
permanent_fork,sth_proof,12000,6.0,5.0,0.2,0.2,0.05,3.0,True,0.0,0.0,0.0,0.0,,,,,8573.0,,,,39.64083158140621,39.64083158140621,51.0,0.0023826208829712684,51,51,41006,0.05,0.05,0.0,True,0.2,0.0,800,16,0.0,0.0,0.0,0.9816107749938965,C:/Users/efasllija/dev/gossip-poc/out_nb_incremental_clean0104/scenario_groups_effect/permanent_fork_sth_proof_n12000_pg0p2_a0p2_ff0p05_s41006_drop0_pc0p05_pgc0p05
permanent_fork,sth_proof,12000,6.0,5.0,0.2,0.2,0.05,3.0,True,5.0,5.0,0.0,0.0,,,,,8549.0,,,,32.4166037735849,32.4166037735849,53.0,0.0025,53,53,41007,0.05,0.05,0.0,True,0.2,0.0,800,16,0.0,0.0,0.0,0.8954687118530273,C:/Users/efasllija/dev/gossip-poc/out_nb_incremental_clean0104/scenario_groups_effect/permanent_fork_sth_proof_n12000_pg0p2_a0p2_ff0p05_s41007_drop0_pc0p05_pgc0p05
permanent_fork,sth_proof,12000,6.0,5.0,0.2,0.2,0.05,3.0,True,0.0,0.0,0.0,0.0,,,,,8299.0,,,,35.540885221305324,35.540885221305324,63.0,0.0029538634658664666,63,63,41008,0.05,0.05,0.0,True,0.2,0.0,800,16,0.0,0.0,0.0,0.8759489059448242,C:/Users/efasllija/dev/gossip-poc/out_nb_incremental_clean0104/scenario_groups_effect/permanent_fork_sth_proof_n12000_pg0p2_a0p2_ff0p05_s41008_drop0_pc0p05_pgc0p05
permanent_fork,sth_proof,12000,6.0,5.0,0.2,0.2,0.05,3.0,True,0.0,0.0,0.0,0.0,,,,,8538.0,,,,36.869631174741635,36.869631174741635,40.0,0.001896273821939888,40,40,41009,0.05,0.05,0.0,True,0.2,0.0,800,16,0.0,0.0,0.0,0.8526813983917236,C:/Users/efasllija/dev/gossip-poc/out_nb_incremental_clean0104/scenario_groups_effect/permanent_fork_sth_proof_n12000_pg0p2_a0p2_ff0p05_s41009_drop0_pc0p05_pgc0p05
permanent_fork,sth_proof,12000,6.0,5.0,0.2,0.2,0.05,3.0,True,0.0,0.0,0.0,0.0,,,,,8836.0,,,,33.5609756097561,33.5609756097561,53.0,0.0024298551256189253,53,53,41010,0.05,0.05,0.0,True,0.2,0.0,800,16,0.0,0.0,0.0,0.8346288204193115,C:/Users/efasllija/dev/gossip-poc/out_nb_incremental_clean0104/scenario_groups_effect/permanent_fork_sth_proof_n12000_pg0p2_a0p2_ff0p05_s41010_drop0_pc0p05_pgc0p05
permanent_fork,sth_proof,12000,6.0,5.0,0.2,0.2,0.05,3.0,True,0.0,0.0,0.0,0.0,,,,,8311.0,,,,36.65396493562028,36.65396493562028,61.0,0.002898275288639711,61,61,41011,0.05,0.05,0.0,True,0.2,0.0,800,16,0.0,0.0,0.0,0.8509540557861328,C:/Users/efasllija/dev/gossip-poc/out_nb_incremental_clean0104/scenario_groups_effect/permanent_fork_sth_proof_n12000_pg0p2_a0p2_ff0p05_s41011_drop0_pc0p05_pgc0p05
permanent_fork,sth_proof,12000,6.0,5.0,0.2,0.2,0.05,3.0,True,15.0,15.0,0.0,0.0,,,,,9013.0,,,,35.11327744199649,35.11327744199649,40.0,0.0019496977968414895,40,40,41012,0.05,0.05,0.0,True,0.2,0.0,800,16,0.0,0.0,0.0,0.8773941993713379,C:/Users/efasllija/dev/gossip-poc/out_nb_incremental_clean0104/scenario_groups_effect/permanent_fork_sth_proof_n12000_pg0p2_a0p2_ff0p05_s41012_drop0_pc0p05_pgc0p05
permanent_fork,sth_proof,12000,6.0,5.0,0.2,0.2,0.05,3.0,True,5.0,5.0,0.0,0.0,,,,,8910.0,,,,34.456736798105055,34.456736798105055,36.0,0.0016720078027030792,36,36,41013,0.05,0.05,0.0,True,0.2,0.0,800,16,0.0,0.0,0.0,0.8563501834869385,C:/Users/efasllija/dev/gossip-poc/out_nb_incremental_clean0104/scenario_groups_effect/permanent_fork_sth_proof_n12000_pg0p2_a0p2_ff0p05_s41013_drop0_pc0p05_pgc0p05
permanent_fork,sth_proof,12000,6.0,5.0,0.2,0.2,0.05,3.0,True,0.0,0.0,0.0,0.0,,,,,8470.0,,,,37.8,37.8,63.0,0.0029829545454545456,63,63,41014,0.05,0.05,0.0,True,0.2,0.0,800,16,0.0,0.0,0.0,0.8940203189849854,C:/Users/efasllija/dev/gossip-poc/out_nb_incremental_clean0104/scenario_groups_effect/permanent_fork_sth_proof_n12000_pg0p2_a0p2_ff0p05_s41014_drop0_pc0p05_pgc0p05
permanent_fork,sth_proof,12000,6.0,5.0,0.2,0.2,0.05,3.0,True,0.0,0.0,0.0,0.0,,,,,28262.0,,,,32.208446962738975,32.208446962738975,132.0,0.001865170762035297,132,132,41000,0.05,0.05,0.0,True,0.2,0.04,800,16,0.0,0.0,0.0,0.9239399433135986,C:/Users/efasllija/dev/gossip-poc/out_nb_incremental_clean0104/scenario_groups_effect/permanent_fork_sth_proof_n12000_pg0p2_a0p2_ff0p05_s41000_drop0_pc0p05_pgc0p05
permanent_fork,sth_proof,12000,6.0,5.0,0.2,0.2,0.05,3.0,True,0.0,0.0,0.0,0.0,,,,,28295.0,,,,31.850786516853933,31.850786516853933,181.0,0.0025421348314606743,181,181,41001,0.05,0.05,0.0,True,0.2,0.04,800,16,0.0,0.0,0.0,0.919175386428833,C:/Users/efasllija/dev/gossip-poc/out_nb_incremental_clean0104/scenario_groups_effect/permanent_fork_sth_proof_n12000_pg0p2_a0p2_ff0p05_s41001_drop0_pc0p05_pgc0p05
permanent_fork,sth_proof,12000,6.0,5.0,0.2,0.2,0.05,3.0,True,0.0,0.0,0.0,0.0,,,,,28617.0,,,,31.2674344031453,31.2674344031453,132.0,0.0018403368374090288,132,132,41002,0.05,0.05,0.0,True,0.2,0.04,800,16,0.0,0.0,0.0,0.9392712116241455,C:/Users/efasllija/dev/gossip-poc/out_nb_incremental_clean0104/scenario_groups_effect/permanent_fork_sth_proof_n12000_pg0p2_a0p2_ff0p05_s41002_drop0_pc0p05_pgc0p05
permanent_fork,sth_proof,12000,6.0,5.0,0.2,0.2,0.05,3.0,True,0.0,0.0,0.0,0.0,,,,,26426.0,,,,38.86949433962264,38.86949433962264,137.0,0.0020679245283018867,137,137,41003,0.05,0.05,0.0,True,0.2,0.04,800,16,0.0,0.0,0.0,0.9289951324462891,C:/Users/efasllija/dev/gossip-poc/out_nb_incremental_clean0104/scenario_groups_effect/permanent_fork_sth_proof_n12000_pg0p2_a0p2_ff0p05_s41003_drop0_pc0p05_pgc0p05
permanent_fork,sth_proof,12000,6.0,5.0,0.2,0.2,0.05,3.0,True,0.0,0.0,0.0,0.0,,,,,28862.0,,,,30.800713860797146,30.800713860797146,157.0,0.0022237330387241154,157,157,41004,0.05,0.05,0.0,True,0.2,0.04,800,16,0.0,0.0,0.0,0.8912787437438965,C:/Users/efasllija/dev/gossip-poc/out_nb_incremental_clean0104/scenario_groups_effect/permanent_fork_sth_proof_n12000_pg0p2_a0p2_ff0p05_s41004_drop0_pc0p05_pgc0p05
permanent_fork,sth_proof,12000,6.0,5.0,0.2,0.2,0.05,3.0,True,0.0,0.0,0.0,0.0,,,,,28941.0,,,,40.031237620960894,40.031237620960894,146.0,0.0020655310961462284,146,146,41005,0.05,0.05,0.0,True,0.2,0.04,800,16,0.0,0.0,0.0,0.9237856864929199,C:/Users/efasllija/dev/gossip-poc/out_nb_incremental_clean0104/scenario_groups_effect/permanent_fork_sth_proof_n12000_pg0p2_a0p2_ff0p05_s41005_drop0_pc0p05_pgc0p05
permanent_fork,sth_proof,12000,6.0,5.0,0.2,0.2,0.05,3.0,True,0.0,0.0,0.0,0.0,,,,,26638.0,,,,35.82558970693352,35.82558970693352,128.0,0.0019061234214915416,128,128,41006,0.05,0.05,0.0,True,0.2,0.04,800,16,0.0,0.0,0.0,0.8945138454437256,C:/Users/efasllija/dev/gossip-poc/out_nb_incremental_clean0104/scenario_groups_effect/permanent_fork_sth_proof_n12000_pg0p2_a0p2_ff0p05_s41006_drop0_pc0p05_pgc0p05
permanent_fork,sth_proof,12000,6.0,5.0,0.2,0.2,0.05,3.0,True,0.0,0.0,0.0,0.0,,,,,27207.0,,,,31.683077232675473,31.683077232675473,153.0,0.002199255415486783,153,153,41007,0.05,0.05,0.0,True,0.2,0.04,800,16,0.0,0.0,0.0,0.9050769805908203,C:/Users/efasllija/dev/gossip-poc/out_nb_incremental_clean0104/scenario_groups_effect/permanent_fork_sth_proof_n12000_pg0p2_a0p2_ff0p05_s41007_drop0_pc0p05_pgc0p05
permanent_fork,sth_proof,12000,6.0,5.0,0.2,0.2,0.05,3.0,True,5.0,5.0,0.0,0.0,,,,,27399.0,,,,36.864358559110606,36.864358559110606,143.0,0.0020863424811426736,143,143,41008,0.05,0.05,0.0,True,0.2,0.04,800,16,0.0,0.0,0.0,0.9202501773834229,C:/Users/efasllija/dev/gossip-poc/out_nb_incremental_clean0104/scenario_groups_effect/permanent_fork_sth_proof_n12000_pg0p2_a0p2_ff0p05_s41008_drop0_pc0p05_pgc0p05
permanent_fork,sth_proof,12000,6.0,5.0,0.2,0.2,0.05,3.0,True,5.0,5.0,0.0,0.0,,,,,28879.0,,,,37.70199548744396,37.70199548744396,109.0,0.001596976001406511,109,109,41009,0.05,0.05,0.0,True,0.2,0.04,800,16,0.0,0.0,0.0,0.924583911895752,C:/Users/efasllija/dev/gossip-poc/out_nb_incremental_clean0104/scenario_groups_effect/permanent_fork_sth_proof_n12000_pg0p2_a0p2_ff0p05_s41009_drop0_pc0p05_pgc0p05
permanent_fork,sth_proof,12000,6.0,5.0,0.2,0.2,0.05,3.0,True,0.0,0.0,0.0,0.0,,,,,27535.0,,,,35.60803759333468,35.60803759333468,150.0,0.0021621933289128494,150,150,41010,0.05,0.05,0.0,True,0.2,0.04,800,16,0.0,0.0,0.0,0.912926435470581,C:/Users/efasllija/dev/gossip-poc/out_nb_incremental_clean0104/scenario_groups_effect/permanent_fork_sth_proof_n12000_pg0p2_a0p2_ff0p05_s41010_drop0_pc0p05_pgc0p05
permanent_fork,sth_proof,12000,6.0,5.0,0.2,0.2,0.05,3.0,True,0.0,0.0,0.0,0.0,,,,,28139.0,,,,36.25512743857502,36.25512743857502,111.0,0.0015434459168207795,111,111,41011,0.05,0.05,0.0,True,0.2,0.04,800,16,0.0,0.0,0.0,0.9056396484375,C:/Users/efasllija/dev/gossip-poc/out_nb_incremental_clean0104/scenario_groups_effect/permanent_fork_sth_proof_n12000_pg0p2_a0p2_ff0p05_s41011_drop0_pc0p05_pgc0p05
permanent_fork,sth_proof,12000,6.0,5.0,0.2,0.2,0.05,3.0,True,0.0,0.0,0.0,0.0,,,,,26938.0,,,,33.14455026455026,33.14455026455026,140.0,0.0021164021164021165,140,140,41012,0.05,0.05,0.0,True,0.2,0.04,800,16,0.0,0.0,0.0,0.8863325119018555,C:/Users/efasllija/dev/gossip-poc/out_nb_incremental_clean0104/scenario_groups_effect/permanent_fork_sth_proof_n12000_pg0p2_a0p2_ff0p05_s41012_drop0_pc0p05_pgc0p05
permanent_fork,sth_proof,12000,6.0,5.0,0.2,0.2,0.05,3.0,True,0.0,0.0,0.0,0.0,,,,,28394.0,,,,32.985368783878485,32.985368783878485,94.0,0.001344412820549493,94,94,41013,0.05,0.05,0.0,True,0.2,0.04,800,16,0.0,0.0,0.0,0.9370777606964111,C:/Users/efasllija/dev/gossip-poc/out_nb_incremental_clean0104/scenario_groups_effect/permanent_fork_sth_proof_n12000_pg0p2_a0p2_ff0p05_s41013_drop0_pc0p05_pgc0p05
permanent_fork,sth_proof,12000,6.0,5.0,0.2,0.2,0.05,3.0,True,5.0,5.0,0.0,0.0,,,,,27555.0,,,,36.83958973445548,36.83958973445548,141.0,0.002092888631607071,141,141,41014,0.05,0.05,0.0,True,0.2,0.04,800,16,0.0,0.0,0.0,0.9360179901123047,C:/Users/efasllija/dev/gossip-poc/out_nb_incremental_clean0104/scenario_groups_effect/permanent_fork_sth_proof_n12000_pg0p2_a0p2_ff0p05_s41014_drop0_pc0p05_pgc0p05
permanent_fork,sth_proof,12000,6.0,5.0,0.2,0.2,0.05,3.0,True,0.0,0.0,0.0,0.0,,,,,48619.0,,,,32.62316910785619,32.62316910785619,323.0,0.0026880825565912115,323,323,41000,0.05,0.05,0.0,True,0.2,0.08,800,16,0.0,0.0,0.0,0.9612767696380615,C:/Users/efasllija/dev/gossip-poc/out_nb_incremental_clean0104/scenario_groups_effect/permanent_fork_sth_proof_n12000_pg0p2_a0p2_ff0p05_s41000_drop0_pc0p05_pgc0p05
permanent_fork,sth_proof,12000,6.0,5.0,0.2,0.2,0.05,3.0,True,0.0,0.0,0.0,0.0,,,,,48526.0,,,,35.10024327238984,35.10024327238984,229.0,0.0019144115901320025,229,229,41001,0.05,0.05,0.0,True,0.2,0.08,800,16,0.0,0.0,0.0,0.9474279880523682,C:/Users/efasllija/dev/gossip-poc/out_nb_incremental_clean0104/scenario_groups_effect/permanent_fork_sth_proof_n12000_pg0p2_a0p2_ff0p05_s41001_drop0_pc0p05_pgc0p05
permanent_fork,sth_proof,12000,6.0,5.0,0.2,0.2,0.05,3.0,True,0.0,0.0,0.0,0.0,,,,,48676.0,,,,34.962345035337734,34.962345035337734,279.0,0.0023089527781915684,279,279,41002,0.05,0.05,0.0,True,0.2,0.08,800,16,0.0,0.0,0.0,0.9317812919616699,C:/Users/efasllija/dev/gossip-poc/out_nb_incremental_clean0104/scenario_groups_effect/permanent_fork_sth_proof_n12000_pg0p2_a0p2_ff0p05_s41002_drop0_pc0p05_pgc0p05
permanent_fork,sth_proof,12000,6.0,5.0,0.2,0.2,0.05,3.0,True,0.0,0.0,0.0,0.0,,,,,45212.0,,,,35.452667327012875,35.452667327012875,276.0,0.0024409225979906608,276,276,41003,0.05,0.05,0.0,True,0.2,0.08,800,16,0.0,0.0,0.0,0.9516124725341797,C:/Users/efasllija/dev/gossip-poc/out_nb_incremental_clean0104/scenario_groups_effect/permanent_fork_sth_proof_n12000_pg0p2_a0p2_ff0p05_s41003_drop0_pc0p05_pgc0p05
permanent_fork,sth_proof,12000,6.0,5.0,0.2,0.2,0.05,3.0,True,0.0,0.0,0.0,0.0,,,,,46590.0,,,,29.81974114808031,29.81974114808031,250.0,0.0021701200510412235,250,250,41004,0.05,0.05,0.0,True,0.2,0.08,800,16,0.0,0.0,0.0,0.9343113899230957,C:/Users/efasllija/dev/gossip-poc/out_nb_incremental_clean0104/scenario_groups_effect/permanent_fork_sth_proof_n12000_pg0p2_a0p2_ff0p05_s41004_drop0_pc0p05_pgc0p05
permanent_fork,sth_proof,12000,6.0,5.0,0.2,0.2,0.05,3.0,True,0.0,0.0,0.0,0.0,,,,,49551.0,,,,32.4628924031426,32.4628924031426,210.0,0.001770239741039215,210,210,41005,0.05,0.05,0.0,True,0.2,0.08,800,16,0.0,0.0,0.0,0.9264469146728516,C:/Users/efasllija/dev/gossip-poc/out_nb_incremental_clean0104/scenario_groups_effect/permanent_fork_sth_proof_n12000_pg0p2_a0p2_ff0p05_s41005_drop0_pc0p05_pgc0p05
permanent_fork,sth_proof,12000,6.0,5.0,0.2,0.2,0.05,3.0,True,0.0,0.0,0.0,0.0,,,,,45967.0,,,,37.99830364715861,37.99830364715861,164.0,0.0014340302370521934,164,164,41006,0.05,0.05,0.0,True,0.2,0.08,800,16,0.0,0.0,0.0,0.9554791450500488,C:/Users/efasllija/dev/gossip-poc/out_nb_incremental_clean0104/scenario_groups_effect/permanent_fork_sth_proof_n12000_pg0p2_a0p2_ff0p05_s41006_drop0_pc0p05_pgc0p05
permanent_fork,sth_proof,12000,6.0,5.0,0.2,0.2,0.05,3.0,True,0.0,0.0,0.0,0.0,,,,,45722.0,,,,32.00658368480609,32.00658368480609,328.0,0.0028117820526008985,328,328,41007,0.05,0.05,0.0,True,0.2,0.08,800,16,0.0,0.0,0.0,0.9323461055755615,C:/Users/efasllija/dev/gossip-poc/out_nb_incremental_clean0104/scenario_groups_effect/permanent_fork_sth_proof_n12000_pg0p2_a0p2_ff0p05_s41007_drop0_pc0p05_pgc0p05
permanent_fork,sth_proof,12000,6.0,5.0,0.2,0.2,0.05,3.0,True,0.0,0.0,0.0,0.0,,,,,45247.0,,,,35.65845478277406,35.65845478277406,160.0,0.0013830541292809847,160,160,41008,0.05,0.05,0.0,True,0.2,0.08,800,16,0.0,0.0,0.0,0.9204084873199463,C:/Users/efasllija/dev/gossip-poc/out_nb_incremental_clean0104/scenario_groups_effect/permanent_fork_sth_proof_n12000_pg0p2_a0p2_ff0p05_s41008_drop0_pc0p05_pgc0p05
permanent_fork,sth_proof,12000,6.0,5.0,0.2,0.2,0.05,3.0,True,0.0,0.0,0.0,0.0,,,,,47231.0,,,,38.12567056470895,38.12567056470895,216.0,0.0018780159109681345,216,216,41009,0.05,0.05,0.0,True,0.2,0.08,800,16,0.0,0.0,0.0,0.9597856998443604,C:/Users/efasllija/dev/gossip-poc/out_nb_incremental_clean0104/scenario_groups_effect/permanent_fork_sth_proof_n12000_pg0p2_a0p2_ff0p05_s41009_drop0_pc0p05_pgc0p05
permanent_fork,sth_proof,12000,6.0,5.0,0.2,0.2,0.05,3.0,True,0.0,0.0,0.0,0.0,,,,,48612.0,,,,37.57528400754559,37.57528400754559,328.0,0.00274994760008384,328,328,41010,0.05,0.05,0.0,True,0.2,0.08,800,16,0.0,0.0,0.0,0.9590258598327637,C:/Users/efasllija/dev/gossip-poc/out_nb_incremental_clean0104/scenario_groups_effect/permanent_fork_sth_proof_n12000_pg0p2_a0p2_ff0p05_s41010_drop0_pc0p05_pgc0p05
permanent_fork,sth_proof,12000,6.0,5.0,0.2,0.2,0.05,3.0,True,0.0,0.0,0.0,0.0,,,,,46921.0,,,,36.866998535871154,36.866998535871154,285.0,0.002384438402007948,285,285,41011,0.05,0.05,0.0,True,0.2,0.08,800,16,0.0,0.0,0.0,0.9356656074523926,C:/Users/efasllija/dev/gossip-poc/out_nb_incremental_clean0104/scenario_groups_effect/permanent_fork_sth_proof_n12000_pg0p2_a0p2_ff0p05_s41011_drop0_pc0p05_pgc0p05
permanent_fork,sth_proof,12000,6.0,5.0,0.2,0.2,0.05,3.0,True,0.0,0.0,0.0,0.0,,,,,44454.0,,,,34.90384320516637,34.90384320516637,320.0,0.0028862371584995176,320,320,41012,0.05,0.05,0.0,True,0.2,0.08,800,16,0.0,0.0,0.0,0.9153144359588623,C:/Users/efasllija/dev/gossip-poc/out_nb_incremental_clean0104/scenario_groups_effect/permanent_fork_sth_proof_n12000_pg0p2_a0p2_ff0p05_s41012_drop0_pc0p05_pgc0p05
permanent_fork,sth_proof,12000,6.0,5.0,0.2,0.2,0.05,3.0,True,0.0,0.0,0.0,0.0,,,,,46856.0,,,,35.081990691013246,35.081990691013246,297.0,0.002531839803590609,297,297,41013,0.05,0.05,0.0,True,0.2,0.08,800,16,0.0,0.0,0.0,0.9518885612487793,C:/Users/efasllija/dev/gossip-poc/out_nb_incremental_clean0104/scenario_groups_effect/permanent_fork_sth_proof_n12000_pg0p2_a0p2_ff0p05_s41013_drop0_pc0p05_pgc0p05
permanent_fork,sth_proof,12000,6.0,5.0,0.2,0.2,0.05,3.0,True,0.0,0.0,0.0,0.0,,,,,46398.0,,,,34.61196321664568,34.61196321664568,210.0,0.0018115629474991805,210,210,41014,0.05,0.05,0.0,True,0.2,0.08,800,16,0.0,0.0,0.0,0.9402568340301514,C:/Users/efasllija/dev/gossip-poc/out_nb_incremental_clean0104/scenario_groups_effect/permanent_fork_sth_proof_n12000_pg0p2_a0p2_ff0p05_s41014_drop0_pc0p05_pgc0p05
permanent_fork,sth_proof,12000,6.0,5.0,0.2,0.2,0.05,3.0,True,0.0,0.0,0.0,0.0,,,,,68756.0,,,,33.928564279785,33.928564279785,356.0,0.0020958559746613366,356,356,41000,0.05,0.05,0.0,True,0.2,0.12,800,16,0.0,0.0,0.0,0.9649112224578857,C:/Users/efasllija/dev/gossip-poc/out_nb_incremental_clean0104/scenario_groups_effect/permanent_fork_sth_proof_n12000_pg0p2_a0p2_ff0p05_s41000_drop0_pc0p05_pgc0p05
permanent_fork,sth_proof,12000,6.0,5.0,0.2,0.2,0.05,3.0,True,0.0,0.0,0.0,0.0,,,,,67783.0,,,,34.03078976216577,34.03078976216577,332.0,0.001977980077212716,332,332,41001,0.05,0.05,0.0,True,0.2,0.12,800,16,0.0,0.0,0.0,0.9871132373809814,C:/Users/efasllija/dev/gossip-poc/out_nb_incremental_clean0104/scenario_groups_effect/permanent_fork_sth_proof_n12000_pg0p2_a0p2_ff0p05_s41001_drop0_pc0p05_pgc0p05
permanent_fork,sth_proof,12000,6.0,5.0,0.2,0.2,0.05,3.0,True,0.0,0.0,0.0,0.0,,,,,70779.0,,,,41.22860191122991,41.22860191122991,576.0,0.003303926854730466,576,576,41002,0.05,0.05,0.0,True,0.2,0.12,800,16,0.0,0.0,0.0,1.020597219467163,C:/Users/efasllija/dev/gossip-poc/out_nb_incremental_clean0104/scenario_groups_effect/permanent_fork_sth_proof_n12000_pg0p2_a0p2_ff0p05_s41002_drop0_pc0p05_pgc0p05
permanent_fork,sth_proof,12000,6.0,5.0,0.2,0.2,0.05,3.0,True,0.0,0.0,0.0,0.0,,,,,64881.0,,,,36.03357701095626,36.03357701095626,296.0,0.0018229631773755489,296,296,41003,0.05,0.05,0.0,True,0.2,0.12,800,16,0.0,0.0,0.0,0.9540066719055176,C:/Users/efasllija/dev/gossip-poc/out_nb_incremental_clean0104/scenario_groups_effect/permanent_fork_sth_proof_n12000_pg0p2_a0p2_ff0p05_s41003_drop0_pc0p05_pgc0p05
permanent_fork,sth_proof,12000,6.0,5.0,0.2,0.2,0.05,3.0,True,0.0,0.0,0.0,0.0,,,,,66039.0,,,,35.0228371661516,35.0228371661516,329.0,0.0020213687554143807,329,329,41004,0.05,0.05,0.0,True,0.2,0.12,800,16,0.0,0.0,0.0,0.9642245769500732,C:/Users/efasllija/dev/gossip-poc/out_nb_incremental_clean0104/scenario_groups_effect/permanent_fork_sth_proof_n12000_pg0p2_a0p2_ff0p05_s41004_drop0_pc0p05_pgc0p05
permanent_fork,sth_proof,12000,6.0,5.0,0.2,0.2,0.05,3.0,True,0.0,0.0,0.0,0.0,,,,,70120.0,,,,37.835819568657435,37.835819568657435,363.0,0.0021513788382554275,363,363,41005,0.05,0.05,0.0,True,0.2,0.12,800,16,0.0,0.0,0.0,1.0051217079162598,C:/Users/efasllija/dev/gossip-poc/out_nb_incremental_clean0104/scenario_groups_effect/permanent_fork_sth_proof_n12000_pg0p2_a0p2_ff0p05_s41005_drop0_pc0p05_pgc0p05
permanent_fork,sth_proof,12000,6.0,5.0,0.2,0.2,0.05,3.0,True,0.0,0.0,0.0,0.0,,,,,64014.0,,,,37.047355197768916,37.047355197768916,359.0,0.002205281618762708,359,359,41006,0.05,0.05,0.0,True,0.2,0.12,800,16,0.0,0.0,0.0,0.9378724098205566,C:/Users/efasllija/dev/gossip-poc/out_nb_incremental_clean0104/scenario_groups_effect/permanent_fork_sth_proof_n12000_pg0p2_a0p2_ff0p05_s41006_drop0_pc0p05_pgc0p05
permanent_fork,sth_proof,12000,6.0,5.0,0.2,0.2,0.05,3.0,True,0.0,0.0,0.0,0.0,,,,,63634.0,,,,31.79567647165325,31.79567647165325,315.0,0.001901048896184625,315,315,41007,0.05,0.05,0.0,True,0.2,0.12,800,16,0.0,0.0,0.0,0.9713027477264404,C:/Users/efasllija/dev/gossip-poc/out_nb_incremental_clean0104/scenario_groups_effect/permanent_fork_sth_proof_n12000_pg0p2_a0p2_ff0p05_s41007_drop0_pc0p05_pgc0p05
permanent_fork,sth_proof,12000,6.0,5.0,0.2,0.2,0.05,3.0,True,0.0,0.0,0.0,0.0,,,,,62956.0,,,,38.323947300439166,38.323947300439166,343.0,0.002109704641350211,343,343,41008,0.05,0.05,0.0,True,0.2,0.12,800,16,0.0,0.0,0.0,1.013780117034912,C:/Users/efasllija/dev/gossip-poc/out_nb_incremental_clean0104/scenario_groups_effect/permanent_fork_sth_proof_n12000_pg0p2_a0p2_ff0p05_s41008_drop0_pc0p05_pgc0p05
permanent_fork,sth_proof,12000,6.0,5.0,0.2,0.2,0.05,3.0,True,0.0,0.0,0.0,0.0,,,,,67790.0,,,,36.01128862057965,36.01128862057965,364.0,0.0022331836364082552,364,364,41009,0.05,0.05,0.0,True,0.2,0.12,800,16,0.0,0.0,0.0,0.9728608131408691,C:/Users/efasllija/dev/gossip-poc/out_nb_incremental_clean0104/scenario_groups_effect/permanent_fork_sth_proof_n12000_pg0p2_a0p2_ff0p05_s41009_drop0_pc0p05_pgc0p05
permanent_fork,sth_proof,12000,6.0,5.0,0.2,0.2,0.05,3.0,True,0.0,0.0,0.0,0.0,,,,,67767.0,,,,37.56741264278834,37.56741264278834,314.0,0.001855583592858958,314,314,41010,0.05,0.05,0.0,True,0.2,0.12,800,16,0.0,0.0,0.0,0.99725341796875,C:/Users/efasllija/dev/gossip-poc/out_nb_incremental_clean0104/scenario_groups_effect/permanent_fork_sth_proof_n12000_pg0p2_a0p2_ff0p05_s41010_drop0_pc0p05_pgc0p05
permanent_fork,sth_proof,12000,6.0,5.0,0.2,0.2,0.05,3.0,True,0.0,0.0,0.0,0.0,,,,,66070.0,,,,39.260829821333175,39.260829821333175,605.0,0.0035911438238262006,605,605,41011,0.05,0.05,0.0,True,0.2,0.12,800,16,0.0,0.0,0.0,0.9649310111999512,C:/Users/efasllija/dev/gossip-poc/out_nb_incremental_clean0104/scenario_groups_effect/permanent_fork_sth_proof_n12000_pg0p2_a0p2_ff0p05_s41011_drop0_pc0p05_pgc0p05
permanent_fork,sth_proof,12000,6.0,5.0,0.2,0.2,0.05,3.0,True,0.0,0.0,0.0,0.0,,,,,63631.0,,,,33.20161803764703,33.20161803764703,308.0,0.00198074560924005,308,308,41012,0.05,0.05,0.0,True,0.2,0.12,800,16,0.0,0.0,0.0,0.9523963928222656,C:/Users/efasllija/dev/gossip-poc/out_nb_incremental_clean0104/scenario_groups_effect/permanent_fork_sth_proof_n12000_pg0p2_a0p2_ff0p05_s41012_drop0_pc0p05_pgc0p05
permanent_fork,sth_proof,12000,6.0,5.0,0.2,0.2,0.05,3.0,True,0.0,0.0,0.0,0.0,,,,,65443.0,,,,33.802386543115716,33.802386543115716,358.0,0.002149930637712666,358,358,41013,0.05,0.05,0.0,True,0.2,0.12,800,16,0.0,0.0,0.0,0.9463915824890137,C:/Users/efasllija/dev/gossip-poc/out_nb_incremental_clean0104/scenario_groups_effect/permanent_fork_sth_proof_n12000_pg0p2_a0p2_ff0p05_s41013_drop0_pc0p05_pgc0p05
permanent_fork,sth_proof,12000,6.0,5.0,0.2,0.2,0.05,3.0,True,0.0,0.0,0.0,0.0,,,,,64167.0,,,,38.74588518667202,38.74588518667202,431.0,0.0027034825371336814,431,431,41014,0.05,0.05,0.0,True,0.2,0.12,800,16,0.0,0.0,0.0,0.9903278350830078,C:/Users/efasllija/dev/gossip-poc/out_nb_incremental_clean0104/scenario_groups_effect/permanent_fork_sth_proof_n12000_pg0p2_a0p2_ff0p05_s41014_drop0_pc0p05_pgc0p05
permanent_fork,sth_proof,12000,6.0,5.0,0.2,0.2,0.05,3.0,True,10.0,10.0,0.0,0.0,,,,,8967.0,,,,33.41187479530249,33.41187479530249,50.0,0.0023394001777944135,50,50,41000,0.05,0.05,0.0,True,0.2,0.0,800,32,0.0,0.0,0.0,0.9317092895507812,C:/Users/efasllija/dev/gossip-poc/out_nb_incremental_clean0104/scenario_groups_effect/permanent_fork_sth_proof_n12000_pg0p2_a0p2_ff0p05_s41000_drop0_pc0p05_pgc0p05
permanent_fork,sth_proof,12000,6.0,5.0,0.2,0.2,0.05,3.0,True,5.0,5.0,0.0,0.0,,,,,9053.0,,,,35.79254930606282,35.79254930606282,44.0,0.0020087655222790356,44,44,41001,0.05,0.05,0.0,True,0.2,0.0,800,32,0.0,0.0,0.0,0.9358842372894287,C:/Users/efasllija/dev/gossip-poc/out_nb_incremental_clean0104/scenario_groups_effect/permanent_fork_sth_proof_n12000_pg0p2_a0p2_ff0p05_s41001_drop0_pc0p05_pgc0p05
permanent_fork,sth_proof,12000,6.0,5.0,0.2,0.2,0.05,3.0,True,5.0,5.0,0.0,0.0,,,,,9024.0,,,,36.950131710418745,36.950131710418745,50.0,0.0022708692887637386,50,50,41002,0.05,0.05,0.0,True,0.2,0.0,800,32,0.0,0.0,0.0,0.9167509078979492,C:/Users/efasllija/dev/gossip-poc/out_nb_incremental_clean0104/scenario_groups_effect/permanent_fork_sth_proof_n12000_pg0p2_a0p2_ff0p05_s41002_drop0_pc0p05_pgc0p05
permanent_fork,sth_proof,12000,6.0,5.0,0.2,0.2,0.05,3.0,True,10.0,10.0,0.0,0.0,,,,,8989.0,,,,36.676112780878775,36.676112780878775,46.0,0.0021945517866514,46,46,41003,0.05,0.05,0.0,True,0.2,0.0,800,32,0.0,0.0,0.0,0.8382189273834229,C:/Users/efasllija/dev/gossip-poc/out_nb_incremental_clean0104/scenario_groups_effect/permanent_fork_sth_proof_n12000_pg0p2_a0p2_ff0p05_s41003_drop0_pc0p05_pgc0p05
permanent_fork,sth_proof,12000,6.0,5.0,0.2,0.2,0.05,3.0,True,0.0,0.0,0.0,0.0,,,,,8456.0,,,,33.277662999087106,33.277662999087106,45.0,0.0021621102195743046,45,45,41004,0.05,0.05,0.0,True,0.2,0.0,800,32,0.0,0.0,0.0,0.8531172275543213,C:/Users/efasllija/dev/gossip-poc/out_nb_incremental_clean0104/scenario_groups_effect/permanent_fork_sth_proof_n12000_pg0p2_a0p2_ff0p05_s41004_drop0_pc0p05_pgc0p05
permanent_fork,sth_proof,12000,6.0,5.0,0.2,0.2,0.05,3.0,True,0.0,0.0,0.0,0.0,,,,,8707.0,,,,38.31949685534591,38.31949685534591,68.0,0.0031679478220358725,68,68,41005,0.05,0.05,0.0,True,0.2,0.0,800,32,0.0,0.0,0.0,0.8774299621582031,C:/Users/efasllija/dev/gossip-poc/out_nb_incremental_clean0104/scenario_groups_effect/permanent_fork_sth_proof_n12000_pg0p2_a0p2_ff0p05_s41005_drop0_pc0p05_pgc0p05
permanent_fork,sth_proof,12000,6.0,5.0,0.2,0.2,0.05,3.0,True,15.0,15.0,0.0,0.0,,,,,9273.0,,,,38.561070309210834,38.561070309210834,45.0,0.0021050661926369464,45,45,41006,0.05,0.05,0.0,True,0.2,0.0,800,32,0.0,0.0,0.0,0.870542049407959,C:/Users/efasllija/dev/gossip-poc/out_nb_incremental_clean0104/scenario_groups_effect/permanent_fork_sth_proof_n12000_pg0p2_a0p2_ff0p05_s41006_drop0_pc0p05_pgc0p05
permanent_fork,sth_proof,12000,6.0,5.0,0.2,0.2,0.05,3.0,True,0.0,0.0,0.0,0.0,,,,,8289.0,,,,32.180192116594895,32.180192116594895,47.0,0.002224009842426537,47,47,41007,0.05,0.05,0.0,True,0.2,0.0,800,32,0.0,0.0,0.0,0.8444855213165283,C:/Users/efasllija/dev/gossip-poc/out_nb_incremental_clean0104/scenario_groups_effect/permanent_fork_sth_proof_n12000_pg0p2_a0p2_ff0p05_s41007_drop0_pc0p05_pgc0p05
permanent_fork,sth_proof,12000,6.0,5.0,0.2,0.2,0.05,3.0,True,0.0,0.0,0.0,0.0,,,,,8318.0,,,,37.86801460263971,37.86801460263971,51.0,0.002386969952260601,51,51,41008,0.05,0.05,0.0,True,0.2,0.0,800,32,0.0,0.0,0.0,0.8681502342224121,C:/Users/efasllija/dev/gossip-poc/out_nb_incremental_clean0104/scenario_groups_effect/permanent_fork_sth_proof_n12000_pg0p2_a0p2_ff0p05_s41008_drop0_pc0p05_pgc0p05
permanent_fork,sth_proof,12000,6.0,5.0,0.2,0.2,0.05,3.0,True,0.0,0.0,0.0,0.0,,,,,8538.0,,,,39.17079184447606,39.17079184447606,43.0,0.002038880986249407,43,43,41009,0.05,0.05,0.0,True,0.2,0.0,800,32,0.0,0.0,0.0,0.8758194446563721,C:/Users/efasllija/dev/gossip-poc/out_nb_incremental_clean0104/scenario_groups_effect/permanent_fork_sth_proof_n12000_pg0p2_a0p2_ff0p05_s41009_drop0_pc0p05_pgc0p05
permanent_fork,sth_proof,12000,6.0,5.0,0.2,0.2,0.05,3.0,True,0.0,0.0,0.0,0.0,,,,,8813.0,,,,33.99278245581567,33.99278245581567,54.0,0.0024983806791894145,54,54,41010,0.05,0.05,0.0,True,0.2,0.0,800,32,0.0,0.0,0.0,0.8680753707885742,C:/Users/efasllija/dev/gossip-poc/out_nb_incremental_clean0104/scenario_groups_effect/permanent_fork_sth_proof_n12000_pg0p2_a0p2_ff0p05_s41010_drop0_pc0p05_pgc0p05
permanent_fork,sth_proof,12000,6.0,5.0,0.2,0.2,0.05,3.0,True,5.0,5.0,0.0,0.0,,,,,8672.0,,,,38.2358896721389,38.2358896721389,49.0,0.002318209774329375,49,49,41011,0.05,0.05,0.0,True,0.2,0.0,800,32,0.0,0.0,0.0,0.8488686084747314,C:/Users/efasllija/dev/gossip-poc/out_nb_incremental_clean0104/scenario_groups_effect/permanent_fork_sth_proof_n12000_pg0p2_a0p2_ff0p05_s41011_drop0_pc0p05_pgc0p05
permanent_fork,sth_proof,12000,6.0,5.0,0.2,0.2,0.05,3.0,True,0.0,0.0,0.0,0.0,,,,,8359.0,,,,34.93498452012384,34.93498452012384,53.0,0.002563854489164087,53,53,41012,0.05,0.05,0.0,True,0.2,0.0,800,32,0.0,0.0,0.0,0.8973739147186279,C:/Users/efasllija/dev/gossip-poc/out_nb_incremental_clean0104/scenario_groups_effect/permanent_fork_sth_proof_n12000_pg0p2_a0p2_ff0p05_s41012_drop0_pc0p05_pgc0p05
permanent_fork,sth_proof,12000,6.0,5.0,0.2,0.2,0.05,3.0,True,0.0,0.0,0.0,0.0,,,,,8687.0,,,,36.17365269461078,36.17365269461078,56.0,0.002619760479041916,56,56,41013,0.05,0.05,0.0,True,0.2,0.0,800,32,0.0,0.0,0.0,0.8589847087860107,C:/Users/efasllija/dev/gossip-poc/out_nb_incremental_clean0104/scenario_groups_effect/permanent_fork_sth_proof_n12000_pg0p2_a0p2_ff0p05_s41013_drop0_pc0p05_pgc0p05
permanent_fork,sth_proof,12000,6.0,5.0,0.2,0.2,0.05,3.0,True,0.0,0.0,0.0,0.0,,,,,8547.0,,,,37.24515824279641,37.24515824279641,53.0,0.0025035427491733584,53,53,41014,0.05,0.05,0.0,True,0.2,0.0,800,32,0.0,0.0,0.0,0.880028247833252,C:/Users/efasllija/dev/gossip-poc/out_nb_incremental_clean0104/scenario_groups_effect/permanent_fork_sth_proof_n12000_pg0p2_a0p2_ff0p05_s41014_drop0_pc0p05_pgc0p05
permanent_fork,sth_proof,12000,6.0,5.0,0.2,0.2,0.05,3.0,True,0.0,0.0,0.0,0.0,,,,,58907.0,,,,35.26916811542621,35.26916811542621,205.0,0.0014031293206116274,205,205,41000,0.05,0.05,0.0,True,0.2,0.04,800,32,0.0,0.0,0.0,0.9430315494537354,C:/Users/efasllija/dev/gossip-poc/out_nb_incremental_clean0104/scenario_groups_effect/permanent_fork_sth_proof_n12000_pg0p2_a0p2_ff0p05_s41000_drop0_pc0p05_pgc0p05
permanent_fork,sth_proof,12000,6.0,5.0,0.2,0.2,0.05,3.0,True,0.0,0.0,0.0,0.0,,,,,60971.0,,,,34.77732295261792,34.77732295261792,213.0,0.00142467292720122,213,213,41001,0.05,0.05,0.0,True,0.2,0.04,800,32,0.0,0.0,0.0,0.9579496383666992,C:/Users/efasllija/dev/gossip-poc/out_nb_incremental_clean0104/scenario_groups_effect/permanent_fork_sth_proof_n12000_pg0p2_a0p2_ff0p05_s41001_drop0_pc0p05_pgc0p05
permanent_fork,sth_proof,12000,6.0,5.0,0.2,0.2,0.05,3.0,True,0.0,0.0,0.0,0.0,,,,,58572.0,,,,35.891891891891895,35.891891891891895,219.0,0.001467985842985843,219,219,41002,0.05,0.05,0.0,True,0.2,0.04,800,32,0.0,0.0,0.0,0.9276900291442871,C:/Users/efasllija/dev/gossip-poc/out_nb_incremental_clean0104/scenario_groups_effect/permanent_fork_sth_proof_n12000_pg0p2_a0p2_ff0p05_s41002_drop0_pc0p05_pgc0p05
permanent_fork,sth_proof,12000,6.0,5.0,0.2,0.2,0.05,3.0,True,0.0,0.0,0.0,0.0,,,,,54544.0,,,,39.09408126573175,39.09408126573175,245.0,0.0017619561308881697,245,245,41003,0.05,0.05,0.0,True,0.2,0.04,800,32,0.0,0.0,0.0,0.9201297760009766,C:/Users/efasllija/dev/gossip-poc/out_nb_incremental_clean0104/scenario_groups_effect/permanent_fork_sth_proof_n12000_pg0p2_a0p2_ff0p05_s41003_drop0_pc0p05_pgc0p05
permanent_fork,sth_proof,12000,6.0,5.0,0.2,0.2,0.05,3.0,True,0.0,0.0,0.0,0.0,,,,,55451.0,,,,32.26421729284177,32.26421729284177,284.0,0.0019973837086633,284,284,41004,0.05,0.05,0.0,True,0.2,0.04,800,32,0.0,0.0,0.0,0.8878800868988037,C:/Users/efasllija/dev/gossip-poc/out_nb_incremental_clean0104/scenario_groups_effect/permanent_fork_sth_proof_n12000_pg0p2_a0p2_ff0p05_s41004_drop0_pc0p05_pgc0p05
permanent_fork,sth_proof,12000,6.0,5.0,0.2,0.2,0.05,3.0,True,0.0,0.0,0.0,0.0,,,,,62725.0,,,,37.34416629296473,37.34416629296473,636.0,0.004194254662481205,636,636,41005,0.05,0.05,0.0,True,0.2,0.04,800,32,0.0,0.0,0.0,0.9276344776153564,C:/Users/efasllija/dev/gossip-poc/out_nb_incremental_clean0104/scenario_groups_effect/permanent_fork_sth_proof_n12000_pg0p2_a0p2_ff0p05_s41005_drop0_pc0p05_pgc0p05
permanent_fork,sth_proof,12000,6.0,5.0,0.2,0.2,0.05,3.0,True,0.0,0.0,0.0,0.0,,,,,56437.0,,,,34.83146225387162,34.83146225387162,244.0,0.0017152538083555356,244,244,41006,0.05,0.05,0.0,True,0.2,0.04,800,32,0.0,0.0,0.0,0.9334042072296143,C:/Users/efasllija/dev/gossip-poc/out_nb_incremental_clean0104/scenario_groups_effect/permanent_fork_sth_proof_n12000_pg0p2_a0p2_ff0p05_s41006_drop0_pc0p05_pgc0p05
permanent_fork,sth_proof,12000,6.0,5.0,0.2,0.2,0.05,3.0,True,0.0,0.0,0.0,0.0,,,,,54960.0,,,,35.43499326122266,35.43499326122266,249.0,0.0017209800601306286,249,249,41007,0.05,0.05,0.0,True,0.2,0.04,800,32,0.0,0.0,0.0,0.9199173450469971,C:/Users/efasllija/dev/gossip-poc/out_nb_incremental_clean0104/scenario_groups_effect/permanent_fork_sth_proof_n12000_pg0p2_a0p2_ff0p05_s41007_drop0_pc0p05_pgc0p05
permanent_fork,sth_proof,12000,6.0,5.0,0.2,0.2,0.05,3.0,True,0.0,0.0,0.0,0.0,,,,,58500.0,,,,36.34681957309168,36.34681957309168,431.0,0.002880361415186388,431,431,41008,0.05,0.05,0.0,True,0.2,0.04,800,32,0.0,0.0,0.0,0.9481387138366699,C:/Users/efasllija/dev/gossip-poc/out_nb_incremental_clean0104/scenario_groups_effect/permanent_fork_sth_proof_n12000_pg0p2_a0p2_ff0p05_s41008_drop0_pc0p05_pgc0p05
permanent_fork,sth_proof,12000,6.0,5.0,0.2,0.2,0.05,3.0,True,0.0,0.0,0.0,0.0,,,,,58454.0,,,,38.60030684258975,38.60030684258975,470.0,0.003204800381848556,470,470,41009,0.05,0.05,0.0,True,0.2,0.04,800,32,0.0,0.0,0.0,0.9758284091949463,C:/Users/efasllija/dev/gossip-poc/out_nb_incremental_clean0104/scenario_groups_effect/permanent_fork_sth_proof_n12000_pg0p2_a0p2_ff0p05_s41009_drop0_pc0p05_pgc0p05
permanent_fork,sth_proof,12000,6.0,5.0,0.2,0.2,0.05,3.0,True,0.0,0.0,0.0,0.0,,,,,59527.0,,,,34.732745192732814,34.732745192732814,413.0,0.0028091989361774487,413,413,41010,0.05,0.05,0.0,True,0.2,0.04,800,32,0.0,0.0,0.0,0.932004451751709,C:/Users/efasllija/dev/gossip-poc/out_nb_incremental_clean0104/scenario_groups_effect/permanent_fork_sth_proof_n12000_pg0p2_a0p2_ff0p05_s41010_drop0_pc0p05_pgc0p05
permanent_fork,sth_proof,12000,6.0,5.0,0.2,0.2,0.05,3.0,True,0.0,0.0,0.0,0.0,,,,,56875.0,,,,34.658990596814434,34.658990596814434,325.0,0.002227430983907668,325,325,41011,0.05,0.05,0.0,True,0.2,0.04,800,32,0.0,0.0,0.0,0.9423582553863525,C:/Users/efasllija/dev/gossip-poc/out_nb_incremental_clean0104/scenario_groups_effect/permanent_fork_sth_proof_n12000_pg0p2_a0p2_ff0p05_s41011_drop0_pc0p05_pgc0p05
permanent_fork,sth_proof,12000,6.0,5.0,0.2,0.2,0.05,3.0,True,0.0,0.0,0.0,0.0,,,,,56383.0,,,,33.03534643070357,33.03534643070357,400.0,0.0027448208661282245,400,400,41012,0.05,0.05,0.0,True,0.2,0.04,800,32,0.0,0.0,0.0,0.9333651065826416,C:/Users/efasllija/dev/gossip-poc/out_nb_incremental_clean0104/scenario_groups_effect/permanent_fork_sth_proof_n12000_pg0p2_a0p2_ff0p05_s41012_drop0_pc0p05_pgc0p05
permanent_fork,sth_proof,12000,6.0,5.0,0.2,0.2,0.05,3.0,True,0.0,0.0,0.0,0.0,,,,,59195.0,,,,33.190761702470894,33.190761702470894,313.0,0.002103890517032775,313,313,41013,0.05,0.05,0.0,True,0.2,0.04,800,32,0.0,0.0,0.0,0.9389743804931641,C:/Users/efasllija/dev/gossip-poc/out_nb_incremental_clean0104/scenario_groups_effect/permanent_fork_sth_proof_n12000_pg0p2_a0p2_ff0p05_s41013_drop0_pc0p05_pgc0p05
permanent_fork,sth_proof,12000,6.0,5.0,0.2,0.2,0.05,3.0,True,0.0,0.0,0.0,0.0,,,,,57993.0,,,,38.79080017295006,38.79080017295006,407.0,0.002838333542547108,407,407,41014,0.05,0.05,0.0,True,0.2,0.04,800,32,0.0,0.0,0.0,0.9772906303405762,C:/Users/efasllija/dev/gossip-poc/out_nb_incremental_clean0104/scenario_groups_effect/permanent_fork_sth_proof_n12000_pg0p2_a0p2_ff0p05_s41014_drop0_pc0p05_pgc0p05
permanent_fork,sth_proof,12000,6.0,5.0,0.2,0.2,0.05,3.0,True,0.0,0.0,0.0,0.0,,,,,109232.0,,,,37.245699998134086,37.245699998134086,701.0,0.0026160132853171123,701,701,41000,0.05,0.05,0.0,True,0.2,0.08,800,32,0.0,0.0,0.0,1.015178918838501,C:/Users/efasllija/dev/gossip-poc/out_nb_incremental_clean0104/scenario_groups_effect/permanent_fork_sth_proof_n12000_pg0p2_a0p2_ff0p05_s41000_drop0_pc0p05_pgc0p05
permanent_fork,sth_proof,12000,6.0,5.0,0.2,0.2,0.05,3.0,True,10.0,10.0,0.0,0.0,,,,,117845.0,,,,33.025957731455534,33.025957731455534,470.0,0.0016994196662629038,470,470,41001,0.05,0.05,0.0,True,0.2,0.08,800,32,0.0,0.0,0.0,0.9858043193817139,C:/Users/efasllija/dev/gossip-poc/out_nb_incremental_clean0104/scenario_groups_effect/permanent_fork_sth_proof_n12000_pg0p2_a0p2_ff0p05_s41001_drop0_pc0p05_pgc0p05
permanent_fork,sth_proof,12000,6.0,5.0,0.2,0.2,0.05,3.0,True,0.0,0.0,0.0,0.0,,,,,110527.0,,,,35.666639976124095,35.666639976124095,489.0,0.0017797739068403007,489,489,41002,0.05,0.05,0.0,True,0.2,0.08,800,32,0.0,0.0,0.0,1.0409626960754395,C:/Users/efasllija/dev/gossip-poc/out_nb_incremental_clean0104/scenario_groups_effect/permanent_fork_sth_proof_n12000_pg0p2_a0p2_ff0p05_s41002_drop0_pc0p05_pgc0p05
permanent_fork,sth_proof,12000,6.0,5.0,0.2,0.2,0.05,3.0,True,5.0,5.0,0.0,0.0,,,,,107217.0,,,,38.31062156755212,38.31062156755212,559.0,0.002158917992013162,559,559,41003,0.05,0.05,0.0,True,0.2,0.08,800,32,0.0,0.0,0.0,1.0088722705841064,C:/Users/efasllija/dev/gossip-poc/out_nb_incremental_clean0104/scenario_groups_effect/permanent_fork_sth_proof_n12000_pg0p2_a0p2_ff0p05_s41003_drop0_pc0p05_pgc0p05
permanent_fork,sth_proof,12000,6.0,5.0,0.2,0.2,0.05,3.0,True,0.0,0.0,0.0,0.0,,,,,104893.0,,,,37.12362393265364,37.12362393265364,746.0,0.002808608044817252,746,746,41004,0.05,0.05,0.0,True,0.2,0.08,800,32,0.0,0.0,0.0,1.0445234775543213,C:/Users/efasllija/dev/gossip-poc/out_nb_incremental_clean0104/scenario_groups_effect/permanent_fork_sth_proof_n12000_pg0p2_a0p2_ff0p05_s41004_drop0_pc0p05_pgc0p05
permanent_fork,sth_proof,12000,6.0,5.0,0.2,0.2,0.05,3.0,True,0.0,0.0,0.0,0.0,,,,,113474.0,,,,35.546354779807054,35.546354779807054,656.0,0.0023909058107029484,656,656,41005,0.05,0.05,0.0,True,0.2,0.08,800,32,0.0,0.0,0.0,1.0490057468414307,C:/Users/efasllija/dev/gossip-poc/out_nb_incremental_clean0104/scenario_groups_effect/permanent_fork_sth_proof_n12000_pg0p2_a0p2_ff0p05_s41005_drop0_pc0p05_pgc0p05
permanent_fork,sth_proof,12000,6.0,5.0,0.2,0.2,0.05,3.0,True,0.0,0.0,0.0,0.0,,,,,107274.0,,,,37.543304276713194,37.543304276713194,654.0,0.002431091203092764,654,654,41006,0.05,0.05,0.0,True,0.2,0.08,800,32,0.0,0.0,0.0,1.0015571117401123,C:/Users/efasllija/dev/gossip-poc/out_nb_incremental_clean0104/scenario_groups_effect/permanent_fork_sth_proof_n12000_pg0p2_a0p2_ff0p05_s41006_drop0_pc0p05_pgc0p05
permanent_fork,sth_proof,12000,6.0,5.0,0.2,0.2,0.05,3.0,True,0.0,0.0,0.0,0.0,,,,,106265.0,,,,33.46163101211961,33.46163101211961,617.0,0.0022632567420841038,617,617,41007,0.05,0.05,0.0,True,0.2,0.08,800,32,0.0,0.0,0.0,1.011573076248169,C:/Users/efasllija/dev/gossip-poc/out_nb_incremental_clean0104/scenario_groups_effect/permanent_fork_sth_proof_n12000_pg0p2_a0p2_ff0p05_s41007_drop0_pc0p05_pgc0p05
permanent_fork,sth_proof,12000,6.0,5.0,0.2,0.2,0.05,3.0,True,0.0,0.0,0.0,0.0,,,,,107162.0,,,,35.04845585791291,35.04845585791291,765.0,0.002763848143705652,765,765,41008,0.05,0.05,0.0,True,0.2,0.08,800,32,0.0,0.0,0.0,0.9759385585784912,C:/Users/efasllija/dev/gossip-poc/out_nb_incremental_clean0104/scenario_groups_effect/permanent_fork_sth_proof_n12000_pg0p2_a0p2_ff0p05_s41008_drop0_pc0p05_pgc0p05
permanent_fork,sth_proof,12000,6.0,5.0,0.2,0.2,0.05,3.0,True,0.0,0.0,0.0,0.0,,,,,110749.0,,,,38.17871523032027,38.17871523032027,738.0,0.002726164530309187,738,738,41009,0.05,0.05,0.0,True,0.2,0.08,800,32,0.0,0.0,0.0,1.011350393295288,C:/Users/efasllija/dev/gossip-poc/out_nb_incremental_clean0104/scenario_groups_effect/permanent_fork_sth_proof_n12000_pg0p2_a0p2_ff0p05_s41009_drop0_pc0p05_pgc0p05
permanent_fork,sth_proof,12000,6.0,5.0,0.2,0.2,0.05,3.0,True,0.0,0.0,0.0,0.0,,,,,111868.0,,,,36.52463660190843,36.52463660190843,864.0,0.003153952296471516,864,864,41010,0.05,0.05,0.0,True,0.2,0.08,800,32,0.0,0.0,0.0,1.0051751136779785,C:/Users/efasllija/dev/gossip-poc/out_nb_incremental_clean0104/scenario_groups_effect/permanent_fork_sth_proof_n12000_pg0p2_a0p2_ff0p05_s41010_drop0_pc0p05_pgc0p05
permanent_fork,sth_proof,12000,6.0,5.0,0.2,0.2,0.05,3.0,True,0.0,0.0,0.0,0.0,,,,,107228.0,,,,36.22167148764916,36.22167148764916,699.0,0.002585575521738809,699,699,41011,0.05,0.05,0.0,True,0.2,0.08,800,32,0.0,0.0,0.0,1.010178565979004,C:/Users/efasllija/dev/gossip-poc/out_nb_incremental_clean0104/scenario_groups_effect/permanent_fork_sth_proof_n12000_pg0p2_a0p2_ff0p05_s41011_drop0_pc0p05_pgc0p05
permanent_fork,sth_proof,12000,6.0,5.0,0.2,0.2,0.05,3.0,True,0.0,0.0,0.0,0.0,,,,,104186.0,,,,35.04209130862528,35.04209130862528,684.0,0.0025981820322797528,684,684,41012,0.05,0.05,0.0,True,0.2,0.08,800,32,0.0,0.0,0.0,0.9988043308258057,C:/Users/efasllija/dev/gossip-poc/out_nb_incremental_clean0104/scenario_groups_effect/permanent_fork_sth_proof_n12000_pg0p2_a0p2_ff0p05_s41012_drop0_pc0p05_pgc0p05
permanent_fork,sth_proof,12000,6.0,5.0,0.2,0.2,0.05,3.0,True,0.0,0.0,0.0,0.0,,,,,108861.0,,,,33.69785582832107,33.69785582832107,585.0,0.0021234813478480242,585,585,41013,0.05,0.05,0.0,True,0.2,0.08,800,32,0.0,0.0,0.0,0.9870052337646484,C:/Users/efasllija/dev/gossip-poc/out_nb_incremental_clean0104/scenario_groups_effect/permanent_fork_sth_proof_n12000_pg0p2_a0p2_ff0p05_s41013_drop0_pc0p05_pgc0p05
permanent_fork,sth_proof,12000,6.0,5.0,0.2,0.2,0.05,3.0,True,0.0,0.0,0.0,0.0,,,,,111182.0,,,,37.42096799831434,37.42096799831434,1130.0,0.0041771866463105834,1130,1130,41014,0.05,0.05,0.0,True,0.2,0.08,800,32,0.0,0.0,0.0,1.021672248840332,C:/Users/efasllija/dev/gossip-poc/out_nb_incremental_clean0104/scenario_groups_effect/permanent_fork_sth_proof_n12000_pg0p2_a0p2_ff0p05_s41014_drop0_pc0p05_pgc0p05
permanent_fork,sth_proof,12000,6.0,5.0,0.2,0.2,0.05,3.0,True,0.0,0.0,0.0,0.0,,,,,160204.0,,,,34.63157706651283,34.63157706651283,931.0,0.0023764610385466575,931,931,41000,0.05,0.05,0.0,True,0.2,0.12,800,32,0.0,0.0,0.0,1.1206231117248535,C:/Users/efasllija/dev/gossip-poc/out_nb_incremental_clean0104/scenario_groups_effect/permanent_fork_sth_proof_n12000_pg0p2_a0p2_ff0p05_s41000_drop0_pc0p05_pgc0p05
permanent_fork,sth_proof,12000,6.0,5.0,0.2,0.2,0.05,3.0,True,0.0,0.0,0.0,0.0,,,,,159923.0,,,,35.54302459113769,35.54302459113769,662.0,0.001638419197719083,662,662,41001,0.05,0.05,0.0,True,0.2,0.12,800,32,0.0,0.0,0.0,1.0844664573669434,C:/Users/efasllija/dev/gossip-poc/out_nb_incremental_clean0104/scenario_groups_effect/permanent_fork_sth_proof_n12000_pg0p2_a0p2_ff0p05_s41001_drop0_pc0p05_pgc0p05
permanent_fork,sth_proof,12000,6.0,5.0,0.2,0.2,0.05,3.0,True,0.0,0.0,0.0,0.0,,,,,159269.0,,,,38.76581751911572,38.76581751911572,840.0,0.0020799492888554337,840,840,41002,0.05,0.05,0.0,True,0.2,0.12,800,32,0.0,0.0,0.0,1.062237024307251,C:/Users/efasllija/dev/gossip-poc/out_nb_incremental_clean0104/scenario_groups_effect/permanent_fork_sth_proof_n12000_pg0p2_a0p2_ff0p05_s41002_drop0_pc0p05_pgc0p05
permanent_fork,sth_proof,12000,6.0,5.0,0.2,0.2,0.05,3.0,True,0.0,0.0,0.0,0.0,,,,,151079.0,,,,38.911236321847625,38.911236321847625,998.0,0.0026487113408902112,998,998,41003,0.05,0.05,0.0,True,0.2,0.12,800,32,0.0,0.0,0.0,1.0705337524414062,C:/Users/efasllija/dev/gossip-poc/out_nb_incremental_clean0104/scenario_groups_effect/permanent_fork_sth_proof_n12000_pg0p2_a0p2_ff0p05_s41003_drop0_pc0p05_pgc0p05
permanent_fork,sth_proof,12000,6.0,5.0,0.2,0.2,0.05,3.0,True,0.0,0.0,0.0,0.0,,,,,153833.0,,,,34.183090379008746,34.183090379008746,759.0,0.0019757392753019577,759,759,41004,0.05,0.05,0.0,True,0.2,0.12,800,32,0.0,0.0,0.0,1.042220115661621,C:/Users/efasllija/dev/gossip-poc/out_nb_incremental_clean0104/scenario_groups_effect/permanent_fork_sth_proof_n12000_pg0p2_a0p2_ff0p05_s41004_drop0_pc0p05_pgc0p05
permanent_fork,sth_proof,12000,6.0,5.0,0.2,0.2,0.05,3.0,True,0.0,0.0,0.0,0.0,,,,,164177.0,,,,33.66828222691301,33.66828222691301,882.0,0.0022137609589952235,882,882,41005,0.05,0.05,0.0,True,0.2,0.12,800,32,0.0,0.0,0.0,1.0471909046173096,C:/Users/efasllija/dev/gossip-poc/out_nb_incremental_clean0104/scenario_groups_effect/permanent_fork_sth_proof_n12000_pg0p2_a0p2_ff0p05_s41005_drop0_pc0p05_pgc0p05
permanent_fork,sth_proof,12000,6.0,5.0,0.2,0.2,0.05,3.0,True,0.0,0.0,0.0,0.0,,,,,157050.0,,,,38.46833822132265,38.46833822132265,834.0,0.002153124870915775,834,834,41006,0.05,0.05,0.0,True,0.2,0.12,800,32,0.0,0.0,0.0,1.0454604625701904,C:/Users/efasllija/dev/gossip-poc/out_nb_incremental_clean0104/scenario_groups_effect/permanent_fork_sth_proof_n12000_pg0p2_a0p2_ff0p05_s41006_drop0_pc0p05_pgc0p05
permanent_fork,sth_proof,12000,6.0,5.0,0.2,0.2,0.05,3.0,True,0.0,0.0,0.0,0.0,,,,,152656.0,,,,32.02582728006457,32.02582728006457,613.0,0.0015365025892449832,613,613,41007,0.05,0.05,0.0,True,0.2,0.12,800,32,0.0,0.0,0.0,1.1010892391204834,C:/Users/efasllija/dev/gossip-poc/out_nb_incremental_clean0104/scenario_groups_effect/permanent_fork_sth_proof_n12000_pg0p2_a0p2_ff0p05_s41007_drop0_pc0p05_pgc0p05
permanent_fork,sth_proof,12000,6.0,5.0,0.2,0.2,0.05,3.0,True,0.0,0.0,0.0,0.0,,,,,155950.0,,,,36.95783602290732,36.95783602290732,1082.0,0.002687090541540632,1082,1082,41008,0.05,0.05,0.0,True,0.2,0.12,800,32,0.0,0.0,0.0,1.0813989639282227,C:/Users/efasllija/dev/gossip-poc/out_nb_incremental_clean0104/scenario_groups_effect/permanent_fork_sth_proof_n12000_pg0p2_a0p2_ff0p05_s41008_drop0_pc0p05_pgc0p05
permanent_fork,sth_proof,12000,6.0,5.0,0.2,0.2,0.05,3.0,True,0.0,0.0,0.0,0.0,,,,,159984.0,,,,35.630448972391285,35.630448972391285,888.0,0.0022379314255471967,888,888,41009,0.05,0.05,0.0,True,0.2,0.12,800,32,0.0,0.0,0.0,1.107123613357544,C:/Users/efasllija/dev/gossip-poc/out_nb_incremental_clean0104/scenario_groups_effect/permanent_fork_sth_proof_n12000_pg0p2_a0p2_ff0p05_s41009_drop0_pc0p05_pgc0p05
permanent_fork,sth_proof,12000,6.0,5.0,0.2,0.2,0.05,3.0,True,0.0,0.0,0.0,0.0,,,,,163676.0,,,,38.03491667042816,38.03491667042816,1193.0,0.0029916394585458575,1193,1193,41010,0.05,0.05,0.0,True,0.2,0.12,800,32,0.0,0.0,0.0,1.0930843353271484,C:/Users/efasllija/dev/gossip-poc/out_nb_incremental_clean0104/scenario_groups_effect/permanent_fork_sth_proof_n12000_pg0p2_a0p2_ff0p05_s41010_drop0_pc0p05_pgc0p05
permanent_fork,sth_proof,12000,6.0,5.0,0.2,0.2,0.05,3.0,True,0.0,0.0,0.0,0.0,,,,,154966.0,,,,36.30104814553,36.30104814553,800.0,0.002034246540509477,800,800,41011,0.05,0.05,0.0,True,0.2,0.12,800,32,0.0,0.0,0.0,1.0950665473937988,C:/Users/efasllija/dev/gossip-poc/out_nb_incremental_clean0104/scenario_groups_effect/permanent_fork_sth_proof_n12000_pg0p2_a0p2_ff0p05_s41011_drop0_pc0p05_pgc0p05
permanent_fork,sth_proof,12000,6.0,5.0,0.2,0.2,0.05,3.0,True,0.0,0.0,0.0,0.0,,,,,154136.0,,,,34.66483456879407,34.66483456879407,1015.0,0.0026215874163804014,1015,1015,41012,0.05,0.05,0.0,True,0.2,0.12,800,32,0.0,0.0,0.0,1.0288732051849365,C:/Users/efasllija/dev/gossip-poc/out_nb_incremental_clean0104/scenario_groups_effect/permanent_fork_sth_proof_n12000_pg0p2_a0p2_ff0p05_s41012_drop0_pc0p05_pgc0p05
permanent_fork,sth_proof,12000,6.0,5.0,0.2,0.2,0.05,3.0,True,0.0,0.0,0.0,0.0,,,,,158879.0,,,,34.186884642440226,34.186884642440226,949.0,0.0023927245038689524,949,949,41013,0.05,0.05,0.0,True,0.2,0.12,800,32,0.0,0.0,0.0,1.0578908920288086,C:/Users/efasllija/dev/gossip-poc/out_nb_incremental_clean0104/scenario_groups_effect/permanent_fork_sth_proof_n12000_pg0p2_a0p2_ff0p05_s41013_drop0_pc0p05_pgc0p05
permanent_fork,sth_proof,12000,6.0,5.0,0.2,0.2,0.05,3.0,True,0.0,0.0,0.0,0.0,,,,,153747.0,,,,38.994532774577664,38.994532774577664,1192.0,0.003118149618863759,1192,1192,41014,0.05,0.05,0.0,True,0.2,0.12,800,32,0.0,0.0,0.0,1.0617778301239014,C:/Users/efasllija/dev/gossip-poc/out_nb_incremental_clean0104/scenario_groups_effect/permanent_fork_sth_proof_n12000_pg0p2_a0p2_ff0p05_s41014_drop0_pc0p05_pgc0p05
permanent_fork,sth_proof,12000,6.0,5.0,0.2,0.2,0.05,3.0,True,0.0,0.0,0.0,0.0,,,,,8547.0,,,,34.33591924478923,34.33591924478923,41.0,0.0019160669221422563,41,41,41000,0.05,0.05,0.0,True,0.2,0.0,800,64,0.0,0.0,0.0,0.8763201236724854,C:/Users/efasllija/dev/gossip-poc/out_nb_incremental_clean0104/scenario_groups_effect/permanent_fork_sth_proof_n12000_pg0p2_a0p2_ff0p05_s41000_drop0_pc0p05_pgc0p05
permanent_fork,sth_proof,12000,6.0,5.0,0.2,0.2,0.05,3.0,True,15.0,15.0,0.0,0.0,,,,,9541.0,,,,37.78684391473757,37.78684391473757,51.0,0.002337840935136374,51,51,41001,0.05,0.05,0.0,True,0.2,0.0,800,64,0.0,0.0,0.0,0.880014181137085,C:/Users/efasllija/dev/gossip-poc/out_nb_incremental_clean0104/scenario_groups_effect/permanent_fork_sth_proof_n12000_pg0p2_a0p2_ff0p05_s41001_drop0_pc0p05_pgc0p05
permanent_fork,sth_proof,12000,6.0,5.0,0.2,0.2,0.05,3.0,True,5.0,5.0,0.0,0.0,,,,,9113.0,,,,34.990749601275915,34.990749601275915,45.0,0.002050580997949419,45,45,41002,0.05,0.05,0.0,True,0.2,0.0,800,64,0.0,0.0,0.0,0.884864091873169,C:/Users/efasllija/dev/gossip-poc/out_nb_incremental_clean0104/scenario_groups_effect/permanent_fork_sth_proof_n12000_pg0p2_a0p2_ff0p05_s41002_drop0_pc0p05_pgc0p05
permanent_fork,sth_proof,12000,6.0,5.0,0.2,0.2,0.05,3.0,True,10.0,10.0,0.0,0.0,,,,,8793.0,,,,35.9588580217245,35.9588580217245,46.0,0.0022109007017206573,46,46,41003,0.05,0.05,0.0,True,0.2,0.0,800,64,0.0,0.0,0.0,0.8576598167419434,C:/Users/efasllija/dev/gossip-poc/out_nb_incremental_clean0104/scenario_groups_effect/permanent_fork_sth_proof_n12000_pg0p2_a0p2_ff0p05_s41003_drop0_pc0p05_pgc0p05
permanent_fork,sth_proof,12000,6.0,5.0,0.2,0.2,0.05,3.0,True,0.0,0.0,0.0,0.0,,,,,8416.0,,,,34.851606714628296,34.851606714628296,44.0,0.00211031175059952,44,44,41004,0.05,0.05,0.0,True,0.2,0.0,800,64,0.0,0.0,0.0,0.8645660877227783,C:/Users/efasllija/dev/gossip-poc/out_nb_incremental_clean0104/scenario_groups_effect/permanent_fork_sth_proof_n12000_pg0p2_a0p2_ff0p05_s41004_drop0_pc0p05_pgc0p05
permanent_fork,sth_proof,12000,6.0,5.0,0.2,0.2,0.05,3.0,True,0.0,0.0,0.0,0.0,,,,,8677.0,,,,34.04867090977162,34.04867090977162,69.0,0.003229127667540247,69,69,41005,0.05,0.05,0.0,True,0.2,0.0,800,64,0.0,0.0,0.0,0.8803198337554932,C:/Users/efasllija/dev/gossip-poc/out_nb_incremental_clean0104/scenario_groups_effect/permanent_fork_sth_proof_n12000_pg0p2_a0p2_ff0p05_s41005_drop0_pc0p05_pgc0p05
permanent_fork,sth_proof,12000,6.0,5.0,0.2,0.2,0.05,3.0,True,10.0,10.0,0.0,0.0,,,,,9069.0,,,,39.08022788829737,39.08022788829737,40.0,0.0018679368637340057,40,40,41006,0.05,0.05,0.0,True,0.2,0.0,800,64,0.0,0.0,0.0,0.905271053314209,C:/Users/efasllija/dev/gossip-poc/out_nb_incremental_clean0104/scenario_groups_effect/permanent_fork_sth_proof_n12000_pg0p2_a0p2_ff0p05_s41006_drop0_pc0p05_pgc0p05
permanent_fork,sth_proof,12000,6.0,5.0,0.2,0.2,0.05,3.0,True,0.0,0.0,0.0,0.0,,,,,8409.0,,,,31.650691028343875,31.650691028343875,46.0,0.00215507144530335,46,46,41007,0.05,0.05,0.0,True,0.2,0.0,800,64,0.0,0.0,0.0,0.9006545543670654,C:/Users/efasllija/dev/gossip-poc/out_nb_incremental_clean0104/scenario_groups_effect/permanent_fork_sth_proof_n12000_pg0p2_a0p2_ff0p05_s41007_drop0_pc0p05_pgc0p05
permanent_fork,sth_proof,12000,6.0,5.0,0.2,0.2,0.05,3.0,True,0.0,0.0,0.0,0.0,,,,,8309.0,,,,38.1294347704628,38.1294347704628,50.0,0.002327963497532359,50,50,41008,0.05,0.05,0.0,True,0.2,0.0,800,64,0.0,0.0,0.0,0.8520753383636475,C:/Users/efasllija/dev/gossip-poc/out_nb_incremental_clean0104/scenario_groups_effect/permanent_fork_sth_proof_n12000_pg0p2_a0p2_ff0p05_s41008_drop0_pc0p05_pgc0p05
permanent_fork,sth_proof,12000,6.0,5.0,0.2,0.2,0.05,3.0,True,5.0,5.0,0.0,0.0,,,,,8856.0,,,,37.65027270571496,37.65027270571496,50.0,0.0023713540431586438,50,50,41009,0.05,0.05,0.0,True,0.2,0.0,800,64,0.0,0.0,0.0,0.8830356597900391,C:/Users/efasllija/dev/gossip-poc/out_nb_incremental_clean0104/scenario_groups_effect/permanent_fork_sth_proof_n12000_pg0p2_a0p2_ff0p05_s41009_drop0_pc0p05_pgc0p05
permanent_fork,sth_proof,12000,6.0,5.0,0.2,0.2,0.05,3.0,True,5.0,5.0,0.0,0.0,,,,,8940.0,,,,37.506783125813044,37.506783125813044,39.0,0.001811930867868426,39,39,41010,0.05,0.05,0.0,True,0.2,0.0,800,64,0.0,0.0,0.0,0.8696174621582031,C:/Users/efasllija/dev/gossip-poc/out_nb_incremental_clean0104/scenario_groups_effect/permanent_fork_sth_proof_n12000_pg0p2_a0p2_ff0p05_s41010_drop0_pc0p05_pgc0p05
permanent_fork,sth_proof,12000,6.0,5.0,0.2,0.2,0.05,3.0,True,0.0,0.0,0.0,0.0,,,,,8294.0,,,,35.569721115537845,35.569721115537845,57.0,0.002703471826977803,57,57,41011,0.05,0.05,0.0,True,0.2,0.0,800,64,0.0,0.0,0.0,0.8550741672515869,C:/Users/efasllija/dev/gossip-poc/out_nb_incremental_clean0104/scenario_groups_effect/permanent_fork_sth_proof_n12000_pg0p2_a0p2_ff0p05_s41011_drop0_pc0p05_pgc0p05
permanent_fork,sth_proof,12000,6.0,5.0,0.2,0.2,0.05,3.0,True,5.0,5.0,0.0,0.0,,,,,8542.0,,,,35.29418655732904,35.29418655732904,51.0,0.0024893835114950945,51,51,41012,0.05,0.05,0.0,True,0.2,0.0,800,64,0.0,0.0,0.0,0.8649849891662598,C:/Users/efasllija/dev/gossip-poc/out_nb_incremental_clean0104/scenario_groups_effect/permanent_fork_sth_proof_n12000_pg0p2_a0p2_ff0p05_s41012_drop0_pc0p05_pgc0p05
permanent_fork,sth_proof,12000,6.0,5.0,0.2,0.2,0.05,3.0,True,5.0,5.0,0.0,0.0,,,,,8841.0,,,,34.06557683325549,34.06557683325549,38.0,0.0017748715553479683,38,38,41013,0.05,0.05,0.0,True,0.2,0.0,800,64,0.0,0.0,0.0,0.8687741756439209,C:/Users/efasllija/dev/gossip-poc/out_nb_incremental_clean0104/scenario_groups_effect/permanent_fork_sth_proof_n12000_pg0p2_a0p2_ff0p05_s41013_drop0_pc0p05_pgc0p05
permanent_fork,sth_proof,12000,6.0,5.0,0.2,0.2,0.05,3.0,True,5.0,5.0,0.0,0.0,,,,,8747.0,,,,36.4852121731676,36.4852121731676,51.0,0.0024289184169167025,51,51,41014,0.05,0.05,0.0,True,0.2,0.0,800,64,0.0,0.0,0.0,0.8569395542144775,C:/Users/efasllija/dev/gossip-poc/out_nb_incremental_clean0104/scenario_groups_effect/permanent_fork_sth_proof_n12000_pg0p2_a0p2_ff0p05_s41014_drop0_pc0p05_pgc0p05
permanent_fork,sth_proof,12000,6.0,5.0,0.2,0.2,0.05,3.0,True,0.0,0.0,0.0,0.0,,,,,118638.0,,,,36.2323878171828,36.2323878171828,659.0,0.002244848600461233,659,659,41000,0.05,0.05,0.0,True,0.2,0.04,800,64,0.0,0.0,0.0,0.9992325305938721,C:/Users/efasllija/dev/gossip-poc/out_nb_incremental_clean0104/scenario_groups_effect/permanent_fork_sth_proof_n12000_pg0p2_a0p2_ff0p05_s41000_drop0_pc0p05_pgc0p05
permanent_fork,sth_proof,12000,6.0,5.0,0.2,0.2,0.05,3.0,True,0.0,0.0,0.0,0.0,,,,,126052.0,,,,31.810804377336154,31.810804377336154,675.0,0.002171297696172726,675,675,41001,0.05,0.05,0.0,True,0.2,0.04,800,64,0.0,0.0,0.0,1.0441312789916992,C:/Users/efasllija/dev/gossip-poc/out_nb_incremental_clean0104/scenario_groups_effect/permanent_fork_sth_proof_n12000_pg0p2_a0p2_ff0p05_s41001_drop0_pc0p05_pgc0p05
permanent_fork,sth_proof,12000,6.0,5.0,0.2,0.2,0.05,3.0,True,0.0,0.0,0.0,0.0,,,,,120351.0,,,,41.17670931442952,41.17670931442952,738.0,0.002431054247427299,738,738,41002,0.05,0.05,0.0,True,0.2,0.04,800,64,0.0,0.0,0.0,1.0457465648651123,C:/Users/efasllija/dev/gossip-poc/out_nb_incremental_clean0104/scenario_groups_effect/permanent_fork_sth_proof_n12000_pg0p2_a0p2_ff0p05_s41002_drop0_pc0p05_pgc0p05
permanent_fork,sth_proof,12000,6.0,5.0,0.2,0.2,0.05,3.0,True,0.0,0.0,0.0,0.0,,,,,111067.0,,,,36.56254479298749,36.56254479298749,629.0,0.002167291471415183,629,629,41003,0.05,0.05,0.0,True,0.2,0.04,800,64,0.0,0.0,0.0,0.9821076393127441,C:/Users/efasllija/dev/gossip-poc/out_nb_incremental_clean0104/scenario_groups_effect/permanent_fork_sth_proof_n12000_pg0p2_a0p2_ff0p05_s41003_drop0_pc0p05_pgc0p05
permanent_fork,sth_proof,12000,6.0,5.0,0.2,0.2,0.05,3.0,True,0.0,0.0,0.0,0.0,,,,,114007.0,,,,29.90258756135204,29.90258756135204,624.0,0.0021690465927893107,624,624,41004,0.05,0.05,0.0,True,0.2,0.04,800,64,0.0,0.0,0.0,0.9680862426757812,C:/Users/efasllija/dev/gossip-poc/out_nb_incremental_clean0104/scenario_groups_effect/permanent_fork_sth_proof_n12000_pg0p2_a0p2_ff0p05_s41004_drop0_pc0p05_pgc0p05
permanent_fork,sth_proof,12000,6.0,5.0,0.2,0.2,0.05,3.0,True,0.0,0.0,0.0,0.0,,,,,118101.0,,,,38.47428860732331,38.47428860732331,523.0,0.0017535448092726644,523,523,41005,0.05,0.05,0.0,True,0.2,0.04,800,64,0.0,0.0,0.0,0.9861245155334473,C:/Users/efasllija/dev/gossip-poc/out_nb_incremental_clean0104/scenario_groups_effect/permanent_fork_sth_proof_n12000_pg0p2_a0p2_ff0p05_s41005_drop0_pc0p05_pgc0p05
permanent_fork,sth_proof,12000,6.0,5.0,0.2,0.2,0.05,3.0,True,0.0,0.0,0.0,0.0,,,,,117757.0,,,,41.95773141441356,41.95773141441356,1016.0,0.003438891972759643,1016,1016,41006,0.05,0.05,0.0,True,0.2,0.04,800,64,0.0,0.0,0.0,1.0150842666625977,C:/Users/efasllija/dev/gossip-poc/out_nb_incremental_clean0104/scenario_groups_effect/permanent_fork_sth_proof_n12000_pg0p2_a0p2_ff0p05_s41006_drop0_pc0p05_pgc0p05
permanent_fork,sth_proof,12000,6.0,5.0,0.2,0.2,0.05,3.0,True,0.0,0.0,0.0,0.0,,,,,108259.0,,,,40.499972371111234,40.499972371111234,941.0,0.0032498480411117863,941,941,41007,0.05,0.05,0.0,True,0.2,0.04,800,64,0.0,0.0,0.0,1.0148303508758545,C:/Users/efasllija/dev/gossip-poc/out_nb_incremental_clean0104/scenario_groups_effect/permanent_fork_sth_proof_n12000_pg0p2_a0p2_ff0p05_s41007_drop0_pc0p05_pgc0p05
permanent_fork,sth_proof,12000,6.0,5.0,0.2,0.2,0.05,3.0,True,0.0,0.0,0.0,0.0,,,,,115299.0,,,,35.18419826702693,35.18419826702693,451.0,0.0015007120895502522,451,451,41008,0.05,0.05,0.0,True,0.2,0.04,800,64,0.0,0.0,0.0,0.9942135810852051,C:/Users/efasllija/dev/gossip-poc/out_nb_incremental_clean0104/scenario_groups_effect/permanent_fork_sth_proof_n12000_pg0p2_a0p2_ff0p05_s41008_drop0_pc0p05_pgc0p05
permanent_fork,sth_proof,12000,6.0,5.0,0.2,0.2,0.05,3.0,True,0.0,0.0,0.0,0.0,,,,,118347.0,,,,39.119556261871686,39.119556261871686,825.0,0.00284403321830799,825,825,41009,0.05,0.05,0.0,True,0.2,0.04,800,64,0.0,0.0,0.0,0.9810006618499756,C:/Users/efasllija/dev/gossip-poc/out_nb_incremental_clean0104/scenario_groups_effect/permanent_fork_sth_proof_n12000_pg0p2_a0p2_ff0p05_s41009_drop0_pc0p05_pgc0p05
permanent_fork,sth_proof,12000,6.0,5.0,0.2,0.2,0.05,3.0,True,0.0,0.0,0.0,0.0,,,,,121586.0,,,,36.79911798606819,36.79911798606819,620.0,0.0020713963550106074,620,620,41010,0.05,0.05,0.0,True,0.2,0.04,800,64,0.0,0.0,0.0,0.999748945236206,C:/Users/efasllija/dev/gossip-poc/out_nb_incremental_clean0104/scenario_groups_effect/permanent_fork_sth_proof_n12000_pg0p2_a0p2_ff0p05_s41010_drop0_pc0p05_pgc0p05
permanent_fork,sth_proof,12000,6.0,5.0,0.2,0.2,0.05,3.0,True,5.0,5.0,0.0,0.0,,,,,121776.0,,,,38.19550654401673,38.19550654401673,814.0,0.0027722246251196247,814,814,41011,0.05,0.05,0.0,True,0.2,0.04,800,64,0.0,0.0,0.0,0.9786276817321777,C:/Users/efasllija/dev/gossip-poc/out_nb_incremental_clean0104/scenario_groups_effect/permanent_fork_sth_proof_n12000_pg0p2_a0p2_ff0p05_s41011_drop0_pc0p05_pgc0p05
permanent_fork,sth_proof,12000,6.0,5.0,0.2,0.2,0.05,3.0,True,0.0,0.0,0.0,0.0,,,,,110510.0,,,,28.074062239264347,28.074062239264347,695.0,0.002467557827839023,695,695,41012,0.05,0.05,0.0,True,0.2,0.04,800,64,0.0,0.0,0.0,0.9669907093048096,C:/Users/efasllija/dev/gossip-poc/out_nb_incremental_clean0104/scenario_groups_effect/permanent_fork_sth_proof_n12000_pg0p2_a0p2_ff0p05_s41012_drop0_pc0p05_pgc0p05
permanent_fork,sth_proof,12000,6.0,5.0,0.2,0.2,0.05,3.0,True,0.0,0.0,0.0,0.0,,,,,122074.0,,,,34.57713595820889,34.57713595820889,439.0,0.0014681734116805067,439,439,41013,0.05,0.05,0.0,True,0.2,0.04,800,64,0.0,0.0,0.0,0.9832742214202881,C:/Users/efasllija/dev/gossip-poc/out_nb_incremental_clean0104/scenario_groups_effect/permanent_fork_sth_proof_n12000_pg0p2_a0p2_ff0p05_s41013_drop0_pc0p05_pgc0p05
permanent_fork,sth_proof,12000,6.0,5.0,0.2,0.2,0.05,3.0,True,0.0,0.0,0.0,0.0,,,,,115897.0,,,,36.207450775009626,36.207450775009626,643.0,0.002230168667344157,643,643,41014,0.05,0.05,0.0,True,0.2,0.04,800,64,0.0,0.0,0.0,0.9883325099945068,C:/Users/efasllija/dev/gossip-poc/out_nb_incremental_clean0104/scenario_groups_effect/permanent_fork_sth_proof_n12000_pg0p2_a0p2_ff0p05_s41014_drop0_pc0p05_pgc0p05
permanent_fork,sth_proof,12000,6.0,5.0,0.2,0.2,0.05,3.0,True,0.0,0.0,0.0,0.0,,,,,231817.0,,,,31.541748320942897,31.541748320942897,1260.0,0.002206635668689416,1260,1260,41000,0.05,0.05,0.0,True,0.2,0.08,800,64,0.0,0.0,0.0,1.094693660736084,C:/Users/efasllija/dev/gossip-poc/out_nb_incremental_clean0104/scenario_groups_effect/permanent_fork_sth_proof_n12000_pg0p2_a0p2_ff0p05_s41000_drop0_pc0p05_pgc0p05
permanent_fork,sth_proof,12000,6.0,5.0,0.2,0.2,0.05,3.0,True,0.0,0.0,0.0,0.0,,,,,235705.0,,,,35.7248697255078,35.7248697255078,1394.0,0.0023531278538427387,1394,1394,41001,0.05,0.05,0.0,True,0.2,0.08,800,64,0.0,0.0,0.0,1.1459510326385498,C:/Users/efasllija/dev/gossip-poc/out_nb_incremental_clean0104/scenario_groups_effect/permanent_fork_sth_proof_n12000_pg0p2_a0p2_ff0p05_s41001_drop0_pc0p05_pgc0p05
permanent_fork,sth_proof,12000,6.0,5.0,0.2,0.2,0.05,3.0,True,0.0,0.0,0.0,0.0,170.0,,170.0,,227680.0,560307.0,,,37.901618580180006,37.901618580180006,1690.0,0.0029403423672017858,1690,1690,41002,0.05,0.05,0.0,True,0.2,0.08,800,64,0.0,0.0,0.0,1.1282727718353271,C:/Users/efasllija/dev/gossip-poc/out_nb_incremental_clean0104/scenario_groups_effect/permanent_fork_sth_proof_n12000_pg0p2_a0p2_ff0p05_s41002_drop0_pc0p05_pgc0p05
permanent_fork,sth_proof,12000,6.0,5.0,0.2,0.2,0.05,3.0,True,0.0,0.0,0.0,0.0,,,,,219818.0,,,,38.62122801593415,38.62122801593415,1109.0,0.0019819391550040836,1109,1109,41003,0.05,0.05,0.0,True,0.2,0.08,800,64,0.0,0.0,0.0,1.111057996749878,C:/Users/efasllija/dev/gossip-poc/out_nb_incremental_clean0104/scenario_groups_effect/permanent_fork_sth_proof_n12000_pg0p2_a0p2_ff0p05_s41003_drop0_pc0p05_pgc0p05
permanent_fork,sth_proof,12000,6.0,5.0,0.2,0.2,0.05,3.0,True,0.0,0.0,0.0,0.0,,,,,220524.0,,,,36.77545649548461,36.77545649548461,1434.0,0.0025848549849487173,1434,1434,41004,0.05,0.05,0.0,True,0.2,0.08,800,64,0.0,0.0,0.0,1.1121106147766113,C:/Users/efasllija/dev/gossip-poc/out_nb_incremental_clean0104/scenario_groups_effect/permanent_fork_sth_proof_n12000_pg0p2_a0p2_ff0p05_s41004_drop0_pc0p05_pgc0p05
permanent_fork,sth_proof,12000,6.0,5.0,0.2,0.2,0.05,3.0,True,0.0,0.0,0.0,0.0,,,,,238607.0,,,,39.35855840847407,39.35855840847407,1424.0,0.002471141097991851,1424,1424,41005,0.05,0.05,0.0,True,0.2,0.08,800,64,0.0,0.0,0.0,1.1011865139007568,C:/Users/efasllija/dev/gossip-poc/out_nb_incremental_clean0104/scenario_groups_effect/permanent_fork_sth_proof_n12000_pg0p2_a0p2_ff0p05_s41005_drop0_pc0p05_pgc0p05
permanent_fork,sth_proof,12000,6.0,5.0,0.2,0.2,0.05,3.0,True,0.0,0.0,0.0,0.0,,,,,233354.0,,,,40.8982948580676,40.8982948580676,1379.0,0.0024047767690542374,1379,1379,41006,0.05,0.05,0.0,True,0.2,0.08,800,64,0.0,0.0,0.0,1.1153192520141602,C:/Users/efasllija/dev/gossip-poc/out_nb_incremental_clean0104/scenario_groups_effect/permanent_fork_sth_proof_n12000_pg0p2_a0p2_ff0p05_s41006_drop0_pc0p05_pgc0p05
permanent_fork,sth_proof,12000,6.0,5.0,0.2,0.2,0.05,3.0,True,0.0,0.0,0.0,0.0,,,,,217503.0,,,,34.43450487082786,34.43450487082786,1345.0,0.002360390368203348,1345,1345,41007,0.05,0.05,0.0,True,0.2,0.08,800,64,0.0,0.0,0.0,1.1093010902404785,C:/Users/efasllija/dev/gossip-poc/out_nb_incremental_clean0104/scenario_groups_effect/permanent_fork_sth_proof_n12000_pg0p2_a0p2_ff0p05_s41007_drop0_pc0p05_pgc0p05
permanent_fork,sth_proof,12000,6.0,5.0,0.2,0.2,0.05,3.0,True,0.0,0.0,0.0,0.0,,,,,230695.0,,,,35.5448502471249,35.5448502471249,1533.0,0.002634509496607618,1533,1533,41008,0.05,0.05,0.0,True,0.2,0.08,800,64,0.0,0.0,0.0,1.1530532836914062,C:/Users/efasllija/dev/gossip-poc/out_nb_incremental_clean0104/scenario_groups_effect/permanent_fork_sth_proof_n12000_pg0p2_a0p2_ff0p05_s41008_drop0_pc0p05_pgc0p05
permanent_fork,sth_proof,12000,6.0,5.0,0.2,0.2,0.05,3.0,True,0.0,0.0,0.0,0.0,,,,,231215.0,,,,37.73641219863769,37.73641219863769,1501.0,0.0026514937395777393,1501,1501,41009,0.05,0.05,0.0,True,0.2,0.08,800,64,0.0,0.0,0.0,1.0947504043579102,C:/Users/efasllija/dev/gossip-poc/out_nb_incremental_clean0104/scenario_groups_effect/permanent_fork_sth_proof_n12000_pg0p2_a0p2_ff0p05_s41009_drop0_pc0p05_pgc0p05
permanent_fork,sth_proof,12000,6.0,5.0,0.2,0.2,0.05,3.0,True,0.0,0.0,0.0,0.0,,,,,236676.0,,,,35.757358857650686,35.757358857650686,1111.0,0.0019060886751568534,1111,1111,41010,0.05,0.05,0.0,True,0.2,0.08,800,64,0.0,0.0,0.0,1.0881500244140625,C:/Users/efasllija/dev/gossip-poc/out_nb_incremental_clean0104/scenario_groups_effect/permanent_fork_sth_proof_n12000_pg0p2_a0p2_ff0p05_s41010_drop0_pc0p05_pgc0p05
permanent_fork,sth_proof,12000,6.0,5.0,0.2,0.2,0.05,3.0,True,0.0,0.0,0.0,0.0,150.0,,150.0,,225154.0,504601.0,,,37.0651466138316,37.0651466138316,1784.0,0.003106033435126731,1784,1784,41011,0.05,0.05,0.0,True,0.2,0.08,800,64,0.0,0.0,0.0,1.1451730728149414,C:/Users/efasllija/dev/gossip-poc/out_nb_incremental_clean0104/scenario_groups_effect/permanent_fork_sth_proof_n12000_pg0p2_a0p2_ff0p05_s41011_drop0_pc0p05_pgc0p05
permanent_fork,sth_proof,12000,6.0,5.0,0.2,0.2,0.05,3.0,True,5.0,5.0,0.0,0.0,,,,,224704.0,,,,32.67523011050432,32.67523011050432,985.0,0.0018038905432182872,985,985,41012,0.05,0.05,0.0,True,0.2,0.08,800,64,0.0,0.0,0.0,1.1448099613189697,C:/Users/efasllija/dev/gossip-poc/out_nb_incremental_clean0104/scenario_groups_effect/permanent_fork_sth_proof_n12000_pg0p2_a0p2_ff0p05_s41012_drop0_pc0p05_pgc0p05
permanent_fork,sth_proof,12000,6.0,5.0,0.2,0.2,0.05,3.0,True,0.0,0.0,0.0,0.0,,,,,227883.0,,,,36.019600494176764,36.019600494176764,1344.0,0.002332070128680298,1344,1344,41013,0.05,0.05,0.0,True,0.2,0.08,800,64,0.0,0.0,0.0,1.092689037322998,C:/Users/efasllija/dev/gossip-poc/out_nb_incremental_clean0104/scenario_groups_effect/permanent_fork_sth_proof_n12000_pg0p2_a0p2_ff0p05_s41013_drop0_pc0p05_pgc0p05
permanent_fork,sth_proof,12000,6.0,5.0,0.2,0.2,0.05,3.0,True,0.0,0.0,0.0,0.0,175.0,,175.0,,228110.0,554664.0,,,33.09938990091298,33.09938990091298,1541.0,0.0027782585493199485,1541,1541,41014,0.05,0.05,0.0,True,0.2,0.08,800,64,0.0,0.0,0.0,1.1071922779083252,C:/Users/efasllija/dev/gossip-poc/out_nb_incremental_clean0104/scenario_groups_effect/permanent_fork_sth_proof_n12000_pg0p2_a0p2_ff0p05_s41014_drop0_pc0p05_pgc0p05
permanent_fork,sth_proof,12000,6.0,5.0,0.2,0.2,0.05,3.0,True,0.0,0.0,0.0,0.0,165.0,,165.0,,336831.0,796389.0,,,34.249065996552474,34.249065996552474,1909.0,0.0022757020821064728,1909,1909,41000,0.05,0.05,0.0,True,0.2,0.12,800,64,0.0,0.0,0.0,1.295013666152954,C:/Users/efasllija/dev/gossip-poc/out_nb_incremental_clean0104/scenario_groups_effect/permanent_fork_sth_proof_n12000_pg0p2_a0p2_ff0p05_s41000_drop0_pc0p05_pgc0p05
permanent_fork,sth_proof,12000,6.0,5.0,0.2,0.2,0.05,3.0,True,0.0,0.0,0.0,0.0,,,,,351862.0,,,,36.99750853515112,36.99750853515112,1941.0,0.0022162847257904293,1941,1941,41001,0.05,0.05,0.0,True,0.2,0.12,800,64,0.0,0.0,0.0,1.3245537281036377,C:/Users/efasllija/dev/gossip-poc/out_nb_incremental_clean0104/scenario_groups_effect/permanent_fork_sth_proof_n12000_pg0p2_a0p2_ff0p05_s41001_drop0_pc0p05_pgc0p05
permanent_fork,sth_proof,12000,6.0,5.0,0.2,0.2,0.05,3.0,True,0.0,0.0,0.0,0.0,165.0,,165.0,,341593.0,818529.0,,,33.269318506176305,33.269318506176305,2139.0,0.002481893432903015,2139,2139,41002,0.05,0.05,0.0,True,0.2,0.12,800,64,0.0,0.0,0.0,1.223522663116455,C:/Users/efasllija/dev/gossip-poc/out_nb_incremental_clean0104/scenario_groups_effect/permanent_fork_sth_proof_n12000_pg0p2_a0p2_ff0p05_s41002_drop0_pc0p05_pgc0p05
permanent_fork,sth_proof,12000,6.0,5.0,0.2,0.2,0.05,3.0,True,0.0,0.0,0.0,0.0,,,,,325506.0,,,,35.3461476391496,35.3461476391496,1703.0,0.0020664190523108582,1703,1703,41003,0.05,0.05,0.0,True,0.2,0.12,800,64,0.0,0.0,0.0,1.2203729152679443,C:/Users/efasllija/dev/gossip-poc/out_nb_incremental_clean0104/scenario_groups_effect/permanent_fork_sth_proof_n12000_pg0p2_a0p2_ff0p05_s41003_drop0_pc0p05_pgc0p05
permanent_fork,sth_proof,12000,6.0,5.0,0.2,0.2,0.05,3.0,True,0.0,0.0,0.0,0.0,,,,,331494.0,,,,33.33781402381632,33.33781402381632,1506.0,0.0018290350200695909,1506,1506,41004,0.05,0.05,0.0,True,0.2,0.12,800,64,0.0,0.0,0.0,1.1914918422698975,C:/Users/efasllija/dev/gossip-poc/out_nb_incremental_clean0104/scenario_groups_effect/permanent_fork_sth_proof_n12000_pg0p2_a0p2_ff0p05_s41004_drop0_pc0p05_pgc0p05
permanent_fork,sth_proof,12000,6.0,5.0,0.2,0.2,0.05,3.0,True,0.0,0.0,0.0,0.0,120.0,,120.0,,341381.0,639941.0,,,34.5995011714912,34.5995011714912,2253.0,0.0026606549013679995,2253,2253,41005,0.05,0.05,0.0,True,0.2,0.12,800,64,0.0,0.0,0.0,1.246091365814209,C:/Users/efasllija/dev/gossip-poc/out_nb_incremental_clean0104/scenario_groups_effect/permanent_fork_sth_proof_n12000_pg0p2_a0p2_ff0p05_s41005_drop0_pc0p05_pgc0p05
permanent_fork,sth_proof,12000,6.0,5.0,0.2,0.2,0.05,3.0,True,0.0,0.0,0.0,0.0,,,,,341107.0,,,,38.19767239881883,38.19767239881883,1701.0,0.002009975433633589,1701,1701,41006,0.05,0.05,0.0,True,0.2,0.12,800,64,0.0,0.0,0.0,1.2112529277801514,C:/Users/efasllija/dev/gossip-poc/out_nb_incremental_clean0104/scenario_groups_effect/permanent_fork_sth_proof_n12000_pg0p2_a0p2_ff0p05_s41006_drop0_pc0p05_pgc0p05
permanent_fork,sth_proof,12000,6.0,5.0,0.2,0.2,0.05,3.0,True,0.0,0.0,0.0,0.0,,,,,329715.0,,,,34.28209503837842,34.28209503837842,1555.0,0.001840223619713943,1555,1555,41007,0.05,0.05,0.0,True,0.2,0.12,800,64,0.0,0.0,0.0,1.2203404903411865,C:/Users/efasllija/dev/gossip-poc/out_nb_incremental_clean0104/scenario_groups_effect/permanent_fork_sth_proof_n12000_pg0p2_a0p2_ff0p05_s41007_drop0_pc0p05_pgc0p05
permanent_fork,sth_proof,12000,6.0,5.0,0.2,0.2,0.05,3.0,True,0.0,0.0,0.0,0.0,115.0,,115.0,,327970.0,612563.0,,,38.80551818708404,38.80551818708404,2753.0,0.003254406392963957,2753,2753,41008,0.05,0.05,0.0,True,0.2,0.12,800,64,0.0,0.0,0.0,1.245331048965454,C:/Users/efasllija/dev/gossip-poc/out_nb_incremental_clean0104/scenario_groups_effect/permanent_fork_sth_proof_n12000_pg0p2_a0p2_ff0p05_s41008_drop0_pc0p05_pgc0p05
permanent_fork,sth_proof,12000,6.0,5.0,0.2,0.2,0.05,3.0,True,0.0,0.0,0.0,0.0,160.0,,160.0,,344798.0,778744.0,,,37.143270398139464,37.143270398139464,2064.0,0.0024591072154065926,2064,2064,41009,0.05,0.05,0.0,True,0.2,0.12,800,64,0.0,0.0,0.0,1.2556629180908203,C:/Users/efasllija/dev/gossip-poc/out_nb_incremental_clean0104/scenario_groups_effect/permanent_fork_sth_proof_n12000_pg0p2_a0p2_ff0p05_s41009_drop0_pc0p05_pgc0p05
permanent_fork,sth_proof,12000,6.0,5.0,0.2,0.2,0.05,3.0,True,0.0,0.0,0.0,0.0,170.0,,170.0,,345727.0,834608.0,,,37.88791030395048,37.88791030395048,1833.0,0.002140792431895822,1833,1833,41010,0.05,0.05,0.0,True,0.2,0.12,800,64,0.0,0.0,0.0,1.2144403457641602,C:/Users/efasllija/dev/gossip-poc/out_nb_incremental_clean0104/scenario_groups_effect/permanent_fork_sth_proof_n12000_pg0p2_a0p2_ff0p05_s41010_drop0_pc0p05_pgc0p05
permanent_fork,sth_proof,12000,6.0,5.0,0.2,0.2,0.05,3.0,True,0.0,0.0,0.0,0.0,105.0,,105.0,,329730.0,583641.0,,,35.93042347665919,35.93042347665919,2527.0,0.003008759574273022,2527,2527,41011,0.05,0.05,0.0,True,0.2,0.12,800,64,0.0,0.0,0.0,1.2262613773345947,C:/Users/efasllija/dev/gossip-poc/out_nb_incremental_clean0104/scenario_groups_effect/permanent_fork_sth_proof_n12000_pg0p2_a0p2_ff0p05_s41011_drop0_pc0p05_pgc0p05
permanent_fork,sth_proof,12000,6.0,5.0,0.2,0.2,0.05,3.0,True,0.0,0.0,0.0,0.0,160.0,,160.0,,328646.0,757535.0,,,33.732898290378955,33.732898290378955,2017.0,0.002464836064572106,2017,2017,41012,0.05,0.05,0.0,True,0.2,0.12,800,64,0.0,0.0,0.0,1.2002654075622559,C:/Users/efasllija/dev/gossip-poc/out_nb_incremental_clean0104/scenario_groups_effect/permanent_fork_sth_proof_n12000_pg0p2_a0p2_ff0p05_s41012_drop0_pc0p05_pgc0p05
permanent_fork,sth_proof,12000,6.0,5.0,0.2,0.2,0.05,3.0,True,0.0,0.0,0.0,0.0,,,,,341012.0,,,,34.04953981185887,34.04953981185887,1951.0,0.0023059639484816212,1951,1951,41013,0.05,0.05,0.0,True,0.2,0.12,800,64,0.0,0.0,0.0,1.253441572189331,C:/Users/efasllija/dev/gossip-poc/out_nb_incremental_clean0104/scenario_groups_effect/permanent_fork_sth_proof_n12000_pg0p2_a0p2_ff0p05_s41013_drop0_pc0p05_pgc0p05
permanent_fork,sth_proof,12000,6.0,5.0,0.2,0.2,0.05,3.0,True,0.0,0.0,0.0,0.0,125.0,,125.0,,339621.0,645472.0,,,36.03418745955577,36.03418745955577,2271.0,0.0027264967218409075,2271,2271,41014,0.05,0.05,0.0,True,0.2,0.12,800,64,0.0,0.0,0.0,1.2458219528198242,C:/Users/efasllija/dev/gossip-poc/out_nb_incremental_clean0104/scenario_groups_effect/permanent_fork_sth_proof_n12000_pg0p2_a0p2_ff0p05_s41014_drop0_pc0p05_pgc0p05
permanent_fork,sth_proof,12000,6.0,5.0,0.2,0.2,0.05,3.0,True,0.0,0.0,0.0,0.0,,,,,8531.0,,,,34.93079649319157,34.93079649319157,59.0,0.0027513523596343964,59,59,41000,0.05,0.05,0.0,True,0.2,0.0,800,96,0.0,0.0,0.0,0.861182689666748,C:/Users/efasllija/dev/gossip-poc/out_nb_incremental_clean0104/scenario_groups_effect/permanent_fork_sth_proof_n12000_pg0p2_a0p2_ff0p05_s41000_drop0_pc0p05_pgc0p05
permanent_fork,sth_proof,12000,6.0,5.0,0.2,0.2,0.05,3.0,True,0.0,0.0,0.0,0.0,,,,,8766.0,,,,32.695047784535184,32.695047784535184,61.0,0.0027893365037267364,61,61,41001,0.05,0.05,0.0,True,0.2,0.0,800,96,0.0,0.0,0.0,0.8580493927001953,C:/Users/efasllija/dev/gossip-poc/out_nb_incremental_clean0104/scenario_groups_effect/permanent_fork_sth_proof_n12000_pg0p2_a0p2_ff0p05_s41001_drop0_pc0p05_pgc0p05
permanent_fork,sth_proof,12000,6.0,5.0,0.2,0.2,0.05,3.0,True,5.0,5.0,0.0,0.0,,,,,8916.0,,,,37.82181330620926,37.82181330620926,48.0,0.002219242683434278,48,48,41002,0.05,0.05,0.0,True,0.2,0.0,800,96,0.0,0.0,0.0,0.8901569843292236,C:/Users/efasllija/dev/gossip-poc/out_nb_incremental_clean0104/scenario_groups_effect/permanent_fork_sth_proof_n12000_pg0p2_a0p2_ff0p05_s41002_drop0_pc0p05_pgc0p05
permanent_fork,sth_proof,12000,6.0,5.0,0.2,0.2,0.05,3.0,True,5.0,5.0,0.0,0.0,,,,,8609.0,,,,36.647098450582234,36.647098450582234,46.0,0.002213453950534116,46,46,41003,0.05,0.05,0.0,True,0.2,0.0,800,96,0.0,0.0,0.0,0.8915836811065674,C:/Users/efasllija/dev/gossip-poc/out_nb_incremental_clean0104/scenario_groups_effect/permanent_fork_sth_proof_n12000_pg0p2_a0p2_ff0p05_s41003_drop0_pc0p05_pgc0p05
permanent_fork,sth_proof,12000,6.0,5.0,0.2,0.2,0.05,3.0,True,15.0,15.0,0.0,0.0,,,,,9177.0,,,,33.338148640942784,33.338148640942784,30.0,0.0014255844896407528,30,30,41004,0.05,0.05,0.0,True,0.2,0.0,800,96,0.0,0.0,0.0,0.8743648529052734,C:/Users/efasllija/dev/gossip-poc/out_nb_incremental_clean0104/scenario_groups_effect/permanent_fork_sth_proof_n12000_pg0p2_a0p2_ff0p05_s41004_drop0_pc0p05_pgc0p05
permanent_fork,sth_proof,12000,6.0,5.0,0.2,0.2,0.05,3.0,True,10.0,10.0,0.0,0.0,,,,,9136.0,,,,34.71926708422922,34.71926708422922,60.0,0.002804524633074694,60,60,41005,0.05,0.05,0.0,True,0.2,0.0,800,96,0.0,0.0,0.0,0.881880521774292,C:/Users/efasllija/dev/gossip-poc/out_nb_incremental_clean0104/scenario_groups_effect/permanent_fork_sth_proof_n12000_pg0p2_a0p2_ff0p05_s41005_drop0_pc0p05_pgc0p05
permanent_fork,sth_proof,12000,6.0,5.0,0.2,0.2,0.05,3.0,True,0.0,0.0,0.0,0.0,,,,,8553.0,,,,36.21222801823394,36.21222801823394,51.0,0.0023967291696038347,51,51,41006,0.05,0.05,0.0,True,0.2,0.0,800,96,0.0,0.0,0.0,0.8883655071258545,C:/Users/efasllija/dev/gossip-poc/out_nb_incremental_clean0104/scenario_groups_effect/permanent_fork_sth_proof_n12000_pg0p2_a0p2_ff0p05_s41006_drop0_pc0p05_pgc0p05
permanent_fork,sth_proof,12000,6.0,5.0,0.2,0.2,0.05,3.0,True,10.0,10.0,0.0,0.0,,,,,8801.0,,,,32.0582171012735,32.0582171012735,37.0,0.001725987778140598,37,37,41007,0.05,0.05,0.0,True,0.2,0.0,800,96,0.0,0.0,0.0,0.8439080715179443,C:/Users/efasllija/dev/gossip-poc/out_nb_incremental_clean0104/scenario_groups_effect/permanent_fork_sth_proof_n12000_pg0p2_a0p2_ff0p05_s41007_drop0_pc0p05_pgc0p05
permanent_fork,sth_proof,12000,6.0,5.0,0.2,0.2,0.05,3.0,True,0.0,0.0,0.0,0.0,,,,,8237.0,,,,37.96006546644845,37.96006546644845,58.0,0.002712181435585691,58,58,41008,0.05,0.05,0.0,True,0.2,0.0,800,96,0.0,0.0,0.0,0.8570387363433838,C:/Users/efasllija/dev/gossip-poc/out_nb_incremental_clean0104/scenario_groups_effect/permanent_fork_sth_proof_n12000_pg0p2_a0p2_ff0p05_s41008_drop0_pc0p05_pgc0p05
permanent_fork,sth_proof,12000,6.0,5.0,0.2,0.2,0.05,3.0,True,5.0,5.0,0.0,0.0,,,,,8911.0,,,,38.225399811853244,38.225399811853244,45.0,0.0021166509877704608,45,45,41009,0.05,0.05,0.0,True,0.2,0.0,800,96,0.0,0.0,0.0,0.8755497932434082,C:/Users/efasllija/dev/gossip-poc/out_nb_incremental_clean0104/scenario_groups_effect/permanent_fork_sth_proof_n12000_pg0p2_a0p2_ff0p05_s41009_drop0_pc0p05_pgc0p05
permanent_fork,sth_proof,12000,6.0,5.0,0.2,0.2,0.05,3.0,True,0.0,0.0,0.0,0.0,,,,,8658.0,,,,34.57808663423674,34.57808663423674,45.0,0.0020847810979847115,45,45,41010,0.05,0.05,0.0,True,0.2,0.0,800,96,0.0,0.0,0.0,0.8690636157989502,C:/Users/efasllija/dev/gossip-poc/out_nb_incremental_clean0104/scenario_groups_effect/permanent_fork_sth_proof_n12000_pg0p2_a0p2_ff0p05_s41010_drop0_pc0p05_pgc0p05
permanent_fork,sth_proof,12000,6.0,5.0,0.2,0.2,0.05,3.0,True,0.0,0.0,0.0,0.0,,,,,8358.0,,,,36.54809282979628,36.54809282979628,40.0,0.0018906272155787684,40,40,41011,0.05,0.05,0.0,True,0.2,0.0,800,96,0.0,0.0,0.0,0.8754997253417969,C:/Users/efasllija/dev/gossip-poc/out_nb_incremental_clean0104/scenario_groups_effect/permanent_fork_sth_proof_n12000_pg0p2_a0p2_ff0p05_s41011_drop0_pc0p05_pgc0p05
permanent_fork,sth_proof,12000,6.0,5.0,0.2,0.2,0.05,3.0,True,0.0,0.0,0.0,0.0,,,,,8229.0,,,,33.27134669083427,33.27134669083427,35.0,0.0017145936413070103,35,35,41012,0.05,0.05,0.0,True,0.2,0.0,800,96,0.0,0.0,0.0,0.8390178680419922,C:/Users/efasllija/dev/gossip-poc/out_nb_incremental_clean0104/scenario_groups_effect/permanent_fork_sth_proof_n12000_pg0p2_a0p2_ff0p05_s41012_drop0_pc0p05_pgc0p05
permanent_fork,sth_proof,12000,6.0,5.0,0.2,0.2,0.05,3.0,True,0.0,0.0,0.0,0.0,,,,,8506.0,,,,35.610472782068186,35.610472782068186,55.0,0.0025899416085891883,55,55,41013,0.05,0.05,0.0,True,0.2,0.0,800,96,0.0,0.0,0.0,0.8796935081481934,C:/Users/efasllija/dev/gossip-poc/out_nb_incremental_clean0104/scenario_groups_effect/permanent_fork_sth_proof_n12000_pg0p2_a0p2_ff0p05_s41013_drop0_pc0p05_pgc0p05
permanent_fork,sth_proof,12000,6.0,5.0,0.2,0.2,0.05,3.0,True,5.0,5.0,0.0,0.0,,,,,8692.0,,,,37.625836040512134,37.625836040512134,44.0,0.0021020447162239633,44,44,41014,0.05,0.05,0.0,True,0.2,0.0,800,96,0.0,0.0,0.0,0.8415961265563965,C:/Users/efasllija/dev/gossip-poc/out_nb_incremental_clean0104/scenario_groups_effect/permanent_fork_sth_proof_n12000_pg0p2_a0p2_ff0p05_s41014_drop0_pc0p05_pgc0p05
permanent_fork,sth_proof,12000,6.0,5.0,0.2,0.2,0.05,3.0,True,0.0,0.0,0.0,0.0,,,,,174023.0,,,,32.65709058063321,32.65709058063321,1132.0,0.0026217662181253908,1132,1132,41000,0.05,0.05,0.0,True,0.2,0.04,800,96,0.0,0.0,0.0,1.0640757083892822,C:/Users/efasllija/dev/gossip-poc/out_nb_incremental_clean0104/scenario_groups_effect/permanent_fork_sth_proof_n12000_pg0p2_a0p2_ff0p05_s41000_drop0_pc0p05_pgc0p05
permanent_fork,sth_proof,12000,6.0,5.0,0.2,0.2,0.05,3.0,True,0.0,0.0,0.0,0.0,,,,,178547.0,,,,33.25026610731952,33.25026610731952,997.0,0.002229487374437597,997,997,41001,0.05,0.05,0.0,True,0.2,0.04,800,96,0.0,0.0,0.0,1.014197826385498,C:/Users/efasllija/dev/gossip-poc/out_nb_incremental_clean0104/scenario_groups_effect/permanent_fork_sth_proof_n12000_pg0p2_a0p2_ff0p05_s41001_drop0_pc0p05_pgc0p05
permanent_fork,sth_proof,12000,6.0,5.0,0.2,0.2,0.05,3.0,True,0.0,0.0,0.0,0.0,,,,,177946.0,,,,29.968489275289315,29.968489275289315,858.0,0.0019295034114879665,858,858,41002,0.05,0.05,0.0,True,0.2,0.04,800,96,0.0,0.0,0.0,1.06868577003479,C:/Users/efasllija/dev/gossip-poc/out_nb_incremental_clean0104/scenario_groups_effect/permanent_fork_sth_proof_n12000_pg0p2_a0p2_ff0p05_s41002_drop0_pc0p05_pgc0p05
permanent_fork,sth_proof,12000,6.0,5.0,0.2,0.2,0.05,3.0,True,0.0,0.0,0.0,0.0,,,,,165103.0,,,,33.314020269877346,33.314020269877346,685.0,0.001593397518952126,685,685,41003,0.05,0.05,0.0,True,0.2,0.04,800,96,0.0,0.0,0.0,1.0316522121429443,C:/Users/efasllija/dev/gossip-poc/out_nb_incremental_clean0104/scenario_groups_effect/permanent_fork_sth_proof_n12000_pg0p2_a0p2_ff0p05_s41003_drop0_pc0p05_pgc0p05
permanent_fork,sth_proof,12000,6.0,5.0,0.2,0.2,0.05,3.0,True,0.0,0.0,0.0,0.0,,,,,169195.0,,,,33.152435710403616,33.152435710403616,722.0,0.0017210637222651295,722,722,41004,0.05,0.05,0.0,True,0.2,0.04,800,96,0.0,0.0,0.0,1.0235130786895752,C:/Users/efasllija/dev/gossip-poc/out_nb_incremental_clean0104/scenario_groups_effect/permanent_fork_sth_proof_n12000_pg0p2_a0p2_ff0p05_s41004_drop0_pc0p05_pgc0p05
permanent_fork,sth_proof,12000,6.0,5.0,0.2,0.2,0.05,3.0,True,0.0,0.0,0.0,0.0,,,,,177150.0,,,,33.66421585160202,33.66421585160202,1352.0,0.0030399100618324904,1352,1352,41005,0.05,0.05,0.0,True,0.2,0.04,800,96,0.0,0.0,0.0,1.032428503036499,C:/Users/efasllija/dev/gossip-poc/out_nb_incremental_clean0104/scenario_groups_effect/permanent_fork_sth_proof_n12000_pg0p2_a0p2_ff0p05_s41005_drop0_pc0p05_pgc0p05
permanent_fork,sth_proof,12000,6.0,5.0,0.2,0.2,0.05,3.0,True,0.0,0.0,0.0,0.0,,,,,174635.0,,,,38.74081395295383,38.74081395295383,1512.0,0.0034753667293397263,1512,1512,41006,0.05,0.05,0.0,True,0.2,0.04,800,96,0.0,0.0,0.0,1.074648141860962,C:/Users/efasllija/dev/gossip-poc/out_nb_incremental_clean0104/scenario_groups_effect/permanent_fork_sth_proof_n12000_pg0p2_a0p2_ff0p05_s41006_drop0_pc0p05_pgc0p05
permanent_fork,sth_proof,12000,6.0,5.0,0.2,0.2,0.05,3.0,True,0.0,0.0,0.0,0.0,,,,,162911.0,,,,31.67828971618135,31.67828971618135,826.0,0.0019028750460744564,826,826,41007,0.05,0.05,0.0,True,0.2,0.04,800,96,0.0,0.0,0.0,1.0449175834655762,C:/Users/efasllija/dev/gossip-poc/out_nb_incremental_clean0104/scenario_groups_effect/permanent_fork_sth_proof_n12000_pg0p2_a0p2_ff0p05_s41007_drop0_pc0p05_pgc0p05
permanent_fork,sth_proof,12000,6.0,5.0,0.2,0.2,0.05,3.0,True,0.0,0.0,0.0,0.0,,,,,175706.0,,,,37.259389949053514,37.259389949053514,1240.0,0.002794057670251623,1240,1240,41008,0.05,0.05,0.0,True,0.2,0.04,800,96,0.0,0.0,0.0,1.0443928241729736,C:/Users/efasllija/dev/gossip-poc/out_nb_incremental_clean0104/scenario_groups_effect/permanent_fork_sth_proof_n12000_pg0p2_a0p2_ff0p05_s41008_drop0_pc0p05_pgc0p05
permanent_fork,sth_proof,12000,6.0,5.0,0.2,0.2,0.05,3.0,True,0.0,0.0,0.0,0.0,,,,,178024.0,,,,31.782799942116736,31.782799942116736,598.0,0.0013735790462583754,598,598,41009,0.05,0.05,0.0,True,0.2,0.04,800,96,0.0,0.0,0.0,1.0117080211639404,C:/Users/efasllija/dev/gossip-poc/out_nb_incremental_clean0104/scenario_groups_effect/permanent_fork_sth_proof_n12000_pg0p2_a0p2_ff0p05_s41009_drop0_pc0p05_pgc0p05
permanent_fork,sth_proof,12000,6.0,5.0,0.2,0.2,0.05,3.0,True,0.0,0.0,0.0,0.0,,,,,181319.0,,,,40.15462376244282,40.15462376244282,1081.0,0.002423000800195454,1081,1081,41010,0.05,0.05,0.0,True,0.2,0.04,800,96,0.0,0.0,0.0,1.053438663482666,C:/Users/efasllija/dev/gossip-poc/out_nb_incremental_clean0104/scenario_groups_effect/permanent_fork_sth_proof_n12000_pg0p2_a0p2_ff0p05_s41010_drop0_pc0p05_pgc0p05
permanent_fork,sth_proof,12000,6.0,5.0,0.2,0.2,0.05,3.0,True,0.0,0.0,0.0,0.0,,,,,176207.0,,,,36.10278985307874,36.10278985307874,1063.0,0.0024372237201709494,1063,1063,41011,0.05,0.05,0.0,True,0.2,0.04,800,96,0.0,0.0,0.0,1.0451569557189941,C:/Users/efasllija/dev/gossip-poc/out_nb_incremental_clean0104/scenario_groups_effect/permanent_fork_sth_proof_n12000_pg0p2_a0p2_ff0p05_s41011_drop0_pc0p05_pgc0p05
permanent_fork,sth_proof,12000,6.0,5.0,0.2,0.2,0.05,3.0,True,0.0,0.0,0.0,0.0,,,,,166140.0,,,,28.87256130128672,28.87256130128672,901.0,0.002187424132070891,901,901,41012,0.05,0.05,0.0,True,0.2,0.04,800,96,0.0,0.0,0.0,0.9814932346343994,C:/Users/efasllija/dev/gossip-poc/out_nb_incremental_clean0104/scenario_groups_effect/permanent_fork_sth_proof_n12000_pg0p2_a0p2_ff0p05_s41012_drop0_pc0p05_pgc0p05
permanent_fork,sth_proof,12000,6.0,5.0,0.2,0.2,0.05,3.0,True,0.0,0.0,0.0,0.0,,,,,177908.0,,,,31.814509046197085,31.814509046197085,795.0,0.0018135737440146363,795,795,41013,0.05,0.05,0.0,True,0.2,0.04,800,96,0.0,0.0,0.0,1.0407848358154297,C:/Users/efasllija/dev/gossip-poc/out_nb_incremental_clean0104/scenario_groups_effect/permanent_fork_sth_proof_n12000_pg0p2_a0p2_ff0p05_s41013_drop0_pc0p05_pgc0p05
permanent_fork,sth_proof,12000,6.0,5.0,0.2,0.2,0.05,3.0,True,0.0,0.0,0.0,0.0,,,,,171587.0,,,,32.78511222340177,32.78511222340177,1103.0,0.0026078671051729396,1103,1103,41014,0.05,0.05,0.0,True,0.2,0.04,800,96,0.0,0.0,0.0,1.0359418392181396,C:/Users/efasllija/dev/gossip-poc/out_nb_incremental_clean0104/scenario_groups_effect/permanent_fork_sth_proof_n12000_pg0p2_a0p2_ff0p05_s41014_drop0_pc0p05_pgc0p05
permanent_fork,sth_proof,12000,6.0,5.0,0.2,0.2,0.05,3.0,True,0.0,0.0,0.0,0.0,,,,,341854.0,,,,35.638636623958895,35.638636623958895,1725.0,0.002016171448207185,1725,1725,41000,0.05,0.05,0.0,True,0.2,0.08,800,96,0.0,0.0,0.0,1.242314338684082,C:/Users/efasllija/dev/gossip-poc/out_nb_incremental_clean0104/scenario_groups_effect/permanent_fork_sth_proof_n12000_pg0p2_a0p2_ff0p05_s41000_drop0_pc0p05_pgc0p05
permanent_fork,sth_proof,12000,6.0,5.0,0.2,0.2,0.05,3.0,True,0.0,0.0,0.0,0.0,135.0,,135.0,,347744.0,706019.0,,,31.836422009011592,31.836422009011592,1832.0,0.0021187420778475802,1832,1832,41001,0.05,0.05,0.0,True,0.2,0.08,800,96,0.0,0.0,0.0,1.224663257598877,C:/Users/efasllija/dev/gossip-poc/out_nb_incremental_clean0104/scenario_groups_effect/permanent_fork_sth_proof_n12000_pg0p2_a0p2_ff0p05_s41001_drop0_pc0p05_pgc0p05
permanent_fork,sth_proof,12000,6.0,5.0,0.2,0.2,0.05,3.0,True,0.0,0.0,0.0,0.0,140.0,,140.0,,348816.0,725205.0,,,36.70481396760509,36.70481396760509,2112.0,0.0024143571945443756,2112,2112,41002,0.05,0.05,0.0,True,0.2,0.08,800,96,0.0,0.0,0.0,1.209852933883667,C:/Users/efasllija/dev/gossip-poc/out_nb_incremental_clean0104/scenario_groups_effect/permanent_fork_sth_proof_n12000_pg0p2_a0p2_ff0p05_s41002_drop0_pc0p05_pgc0p05
permanent_fork,sth_proof,12000,6.0,5.0,0.2,0.2,0.05,3.0,True,0.0,0.0,0.0,0.0,175.0,,175.0,,321299.0,831731.0,,,36.82329022243971,36.82329022243971,1853.0,0.002227883774922421,1853,1853,41003,0.05,0.05,0.0,True,0.2,0.08,800,96,0.0,0.0,0.0,1.2069830894470215,C:/Users/efasllija/dev/gossip-poc/out_nb_incremental_clean0104/scenario_groups_effect/permanent_fork_sth_proof_n12000_pg0p2_a0p2_ff0p05_s41003_drop0_pc0p05_pgc0p05
permanent_fork,sth_proof,12000,6.0,5.0,0.2,0.2,0.05,3.0,True,0.0,0.0,0.0,0.0,,,,,333277.0,,,,33.43648608172217,33.43648608172217,1406.0,0.0016981168536286076,1406,1406,41004,0.05,0.05,0.0,True,0.2,0.08,800,96,0.0,0.0,0.0,1.18216872215271,C:/Users/efasllija/dev/gossip-poc/out_nb_incremental_clean0104/scenario_groups_effect/permanent_fork_sth_proof_n12000_pg0p2_a0p2_ff0p05_s41004_drop0_pc0p05_pgc0p05
permanent_fork,sth_proof,12000,6.0,5.0,0.2,0.2,0.05,3.0,True,0.0,0.0,0.0,0.0,145.0,,145.0,,341471.0,728269.0,,,39.55536461744689,39.55536461744689,2282.0,0.002678611253923426,2282,2282,41005,0.05,0.05,0.0,True,0.2,0.08,800,96,0.0,0.0,0.0,1.2812554836273193,C:/Users/efasllija/dev/gossip-poc/out_nb_incremental_clean0104/scenario_groups_effect/permanent_fork_sth_proof_n12000_pg0p2_a0p2_ff0p05_s41005_drop0_pc0p05_pgc0p05
permanent_fork,sth_proof,12000,6.0,5.0,0.2,0.2,0.05,3.0,True,0.0,0.0,0.0,0.0,,,,,348975.0,,,,39.097393305087124,39.097393305087124,1705.0,0.001993368687860677,1705,1705,41006,0.05,0.05,0.0,True,0.2,0.08,800,96,0.0,0.0,0.0,1.238046646118164,C:/Users/efasllija/dev/gossip-poc/out_nb_incremental_clean0104/scenario_groups_effect/permanent_fork_sth_proof_n12000_pg0p2_a0p2_ff0p05_s41006_drop0_pc0p05_pgc0p05
permanent_fork,sth_proof,12000,6.0,5.0,0.2,0.2,0.05,3.0,True,0.0,0.0,0.0,0.0,,,,,325407.0,,,,35.1806618531606,35.1806618531606,1606.0,0.0018904036706318846,1606,1606,41007,0.05,0.05,0.0,True,0.2,0.08,800,96,0.0,0.0,0.0,1.1871540546417236,C:/Users/efasllija/dev/gossip-poc/out_nb_incremental_clean0104/scenario_groups_effect/permanent_fork_sth_proof_n12000_pg0p2_a0p2_ff0p05_s41007_drop0_pc0p05_pgc0p05
permanent_fork,sth_proof,12000,6.0,5.0,0.2,0.2,0.05,3.0,True,0.0,0.0,0.0,0.0,115.0,,115.0,,335337.0,623423.0,,,35.384873301770035,35.384873301770035,2364.0,0.002744567173397667,2364,2364,41008,0.05,0.05,0.0,True,0.2,0.08,800,96,0.0,0.0,0.0,1.2186603546142578,C:/Users/efasllija/dev/gossip-poc/out_nb_incremental_clean0104/scenario_groups_effect/permanent_fork_sth_proof_n12000_pg0p2_a0p2_ff0p05_s41008_drop0_pc0p05_pgc0p05
permanent_fork,sth_proof,12000,6.0,5.0,0.2,0.2,0.05,3.0,True,0.0,0.0,0.0,0.0,,,,,345905.0,,,,37.411621168217174,37.411621168217174,1377.0,0.0016406607442427939,1377,1377,41009,0.05,0.05,0.0,True,0.2,0.08,800,96,0.0,0.0,0.0,1.218092918395996,C:/Users/efasllija/dev/gossip-poc/out_nb_incremental_clean0104/scenario_groups_effect/permanent_fork_sth_proof_n12000_pg0p2_a0p2_ff0p05_s41009_drop0_pc0p05_pgc0p05
permanent_fork,sth_proof,12000,6.0,5.0,0.2,0.2,0.05,3.0,True,0.0,0.0,0.0,0.0,170.0,,170.0,,352120.0,837782.0,,,34.15051830812123,34.15051830812123,1980.0,0.002304885075869134,1980,1980,41010,0.05,0.05,0.0,True,0.2,0.08,800,96,0.0,0.0,0.0,1.2157173156738281,C:/Users/efasllija/dev/gossip-poc/out_nb_incremental_clean0104/scenario_groups_effect/permanent_fork_sth_proof_n12000_pg0p2_a0p2_ff0p05_s41010_drop0_pc0p05_pgc0p05
permanent_fork,sth_proof,12000,6.0,5.0,0.2,0.2,0.05,3.0,True,0.0,0.0,0.0,0.0,140.0,,140.0,,340159.0,708339.0,,,35.0415846776412,35.0415846776412,2222.0,0.002601017697923751,2222,2222,41011,0.05,0.05,0.0,True,0.2,0.08,800,96,0.0,0.0,0.0,1.2229881286621094,C:/Users/efasllija/dev/gossip-poc/out_nb_incremental_clean0104/scenario_groups_effect/permanent_fork_sth_proof_n12000_pg0p2_a0p2_ff0p05_s41011_drop0_pc0p05_pgc0p05
permanent_fork,sth_proof,12000,6.0,5.0,0.2,0.2,0.05,3.0,True,0.0,0.0,0.0,0.0,,,,,330105.0,,,,33.17413390327551,33.17413390327551,1405.0,0.0017458621203837168,1405,1405,41012,0.05,0.05,0.0,True,0.2,0.08,800,96,0.0,0.0,0.0,1.179382085800171,C:/Users/efasllija/dev/gossip-poc/out_nb_incremental_clean0104/scenario_groups_effect/permanent_fork_sth_proof_n12000_pg0p2_a0p2_ff0p05_s41012_drop0_pc0p05_pgc0p05
permanent_fork,sth_proof,12000,6.0,5.0,0.2,0.2,0.05,3.0,True,0.0,0.0,0.0,0.0,145.0,,145.0,,347185.0,739170.0,,,35.17438895721972,35.17438895721972,2049.0,0.0023887940029495604,2049,2049,41013,0.05,0.05,0.0,True,0.2,0.08,800,96,0.0,0.0,0.0,1.2321228981018066,C:/Users/efasllija/dev/gossip-poc/out_nb_incremental_clean0104/scenario_groups_effect/permanent_fork_sth_proof_n12000_pg0p2_a0p2_ff0p05_s41013_drop0_pc0p05_pgc0p05
permanent_fork,sth_proof,12000,6.0,5.0,0.2,0.2,0.05,3.0,True,0.0,0.0,0.0,0.0,,,,,350957.0,,,,32.75306243155719,32.75306243155719,1689.0,0.001978180284956343,1689,1689,41014,0.05,0.05,0.0,True,0.2,0.08,800,96,0.0,0.0,0.0,1.2170381546020508,C:/Users/efasllija/dev/gossip-poc/out_nb_incremental_clean0104/scenario_groups_effect/permanent_fork_sth_proof_n12000_pg0p2_a0p2_ff0p05_s41014_drop0_pc0p05_pgc0p05
permanent_fork,sth_proof,12000,6.0,5.0,0.2,0.2,0.05,3.0,True,0.0,0.0,0.0,0.0,120.0,,120.0,,509901.0,950613.0,,,34.626423872808296,34.626423872808296,2865.0,0.002251632728444448,2865,2865,41000,0.05,0.05,0.0,True,0.2,0.12,800,96,0.0,0.0,0.0,1.3646249771118164,C:/Users/efasllija/dev/gossip-poc/out_nb_incremental_clean0104/scenario_groups_effect/permanent_fork_sth_proof_n12000_pg0p2_a0p2_ff0p05_s41000_drop0_pc0p05_pgc0p05
permanent_fork,sth_proof,12000,6.0,5.0,0.2,0.2,0.05,3.0,True,0.0,0.0,0.0,0.0,95.0,,95.0,,509898.0,842085.0,,,37.32235479612331,37.32235479612331,3241.0,0.0025347719721949356,3241,3241,41001,0.05,0.05,0.0,True,0.2,0.12,800,96,0.0,0.0,0.0,1.3845577239990234,C:/Users/efasllija/dev/gossip-poc/out_nb_incremental_clean0104/scenario_groups_effect/permanent_fork_sth_proof_n12000_pg0p2_a0p2_ff0p05_s41001_drop0_pc0p05_pgc0p05
permanent_fork,sth_proof,12000,6.0,5.0,0.2,0.2,0.05,3.0,True,0.0,0.0,0.0,0.0,105.0,,105.0,,515355.0,900288.0,,,34.56807658403056,34.56807658403056,3017.0,0.0023329363913332612,3017,3017,41002,0.05,0.05,0.0,True,0.2,0.12,800,96,0.0,0.0,0.0,1.4155514240264893,C:/Users/efasllija/dev/gossip-poc/out_nb_incremental_clean0104/scenario_groups_effect/permanent_fork_sth_proof_n12000_pg0p2_a0p2_ff0p05_s41002_drop0_pc0p05_pgc0p05
permanent_fork,sth_proof,12000,6.0,5.0,0.2,0.2,0.05,3.0,True,0.0,0.0,0.0,0.0,90.0,,90.0,,489540.0,785374.0,,,35.95645875611552,35.95645875611552,3233.0,0.0026296204415777722,3233,3233,41003,0.05,0.05,0.0,True,0.2,0.12,800,96,0.0,0.0,0.0,1.3735768795013428,C:/Users/efasllija/dev/gossip-poc/out_nb_incremental_clean0104/scenario_groups_effect/permanent_fork_sth_proof_n12000_pg0p2_a0p2_ff0p05_s41003_drop0_pc0p05_pgc0p05
permanent_fork,sth_proof,12000,6.0,5.0,0.2,0.2,0.05,3.0,True,0.0,0.0,0.0,0.0,150.0,,150.0,,491586.0,1079389.0,,,33.63021183407101,33.63021183407101,2287.0,0.001854267693986643,2287,2287,41004,0.05,0.05,0.0,True,0.2,0.12,800,96,0.0,0.0,0.0,1.3779792785644531,C:/Users/efasllija/dev/gossip-poc/out_nb_incremental_clean0104/scenario_groups_effect/permanent_fork_sth_proof_n12000_pg0p2_a0p2_ff0p05_s41004_drop0_pc0p05_pgc0p05
permanent_fork,sth_proof,12000,6.0,5.0,0.2,0.2,0.05,3.0,True,0.0,0.0,0.0,0.0,80.0,,80.0,,511524.0,784044.0,,,37.98669627947733,37.98669627947733,3896.0,0.0030673035362955067,3896,3896,41005,0.05,0.05,0.0,True,0.2,0.12,800,96,0.0,0.0,0.0,1.372753381729126,C:/Users/efasllija/dev/gossip-poc/out_nb_incremental_clean0104/scenario_groups_effect/permanent_fork_sth_proof_n12000_pg0p2_a0p2_ff0p05_s41005_drop0_pc0p05_pgc0p05
permanent_fork,sth_proof,12000,6.0,5.0,0.2,0.2,0.05,3.0,True,0.0,0.0,0.0,0.0,90.0,,90.0,,514248.0,816580.0,,,38.16031736992958,38.16031736992958,3404.0,0.0026922030509525527,3404,3404,41006,0.05,0.05,0.0,True,0.2,0.12,800,96,0.0,0.0,0.0,1.3881027698516846,C:/Users/efasllija/dev/gossip-poc/out_nb_incremental_clean0104/scenario_groups_effect/permanent_fork_sth_proof_n12000_pg0p2_a0p2_ff0p05_s41006_drop0_pc0p05_pgc0p05
permanent_fork,sth_proof,12000,6.0,5.0,0.2,0.2,0.05,3.0,True,0.0,0.0,0.0,0.0,165.0,,165.0,,494503.0,1205045.0,,,33.70277496503221,33.70277496503221,2167.0,0.0017076101731644372,2167,2167,41007,0.05,0.05,0.0,True,0.2,0.12,800,96,0.0,0.0,0.0,1.3495080471038818,C:/Users/efasllija/dev/gossip-poc/out_nb_incremental_clean0104/scenario_groups_effect/permanent_fork_sth_proof_n12000_pg0p2_a0p2_ff0p05_s41007_drop0_pc0p05_pgc0p05
permanent_fork,sth_proof,12000,6.0,5.0,0.2,0.2,0.05,3.0,True,0.0,0.0,0.0,0.0,125.0,,125.0,,489680.0,963005.0,,,37.188105148210866,37.188105148210866,3273.0,0.0025899314732460792,3273,3273,41008,0.05,0.05,0.0,True,0.2,0.12,800,96,0.0,0.0,0.0,1.3610880374908447,C:/Users/efasllija/dev/gossip-poc/out_nb_incremental_clean0104/scenario_groups_effect/permanent_fork_sth_proof_n12000_pg0p2_a0p2_ff0p05_s41008_drop0_pc0p05_pgc0p05
permanent_fork,sth_proof,12000,6.0,5.0,0.2,0.2,0.05,3.0,True,0.0,0.0,0.0,0.0,135.0,,135.0,,508684.0,1010993.0,,,37.59843623042982,37.59843623042982,2918.0,0.0023405209303370175,2918,2918,41009,0.05,0.05,0.0,True,0.2,0.12,800,96,0.0,0.0,0.0,1.3641939163208008,C:/Users/efasllija/dev/gossip-poc/out_nb_incremental_clean0104/scenario_groups_effect/permanent_fork_sth_proof_n12000_pg0p2_a0p2_ff0p05_s41009_drop0_pc0p05_pgc0p05
permanent_fork,sth_proof,12000,6.0,5.0,0.2,0.2,0.05,3.0,True,0.0,0.0,0.0,0.0,145.0,,145.0,,520953.0,1098095.0,,,35.17614517091981,35.17614517091981,3067.0,0.0023998491389259913,3067,3067,41010,0.05,0.05,0.0,True,0.2,0.12,800,96,0.0,0.0,0.0,1.391921043395996,C:/Users/efasllija/dev/gossip-poc/out_nb_incremental_clean0104/scenario_groups_effect/permanent_fork_sth_proof_n12000_pg0p2_a0p2_ff0p05_s41010_drop0_pc0p05_pgc0p05
permanent_fork,sth_proof,12000,6.0,5.0,0.2,0.2,0.05,3.0,True,0.0,0.0,0.0,0.0,105.0,,105.0,,496182.0,867473.0,,,38.4257316760411,38.4257316760411,3088.0,0.0024594955803947617,3088,3088,41011,0.05,0.05,0.0,True,0.2,0.12,800,96,0.0,0.0,0.0,1.399543285369873,C:/Users/efasllija/dev/gossip-poc/out_nb_incremental_clean0104/scenario_groups_effect/permanent_fork_sth_proof_n12000_pg0p2_a0p2_ff0p05_s41011_drop0_pc0p05_pgc0p05
permanent_fork,sth_proof,12000,6.0,5.0,0.2,0.2,0.05,3.0,True,0.0,0.0,0.0,0.0,145.0,,145.0,,493804.0,1038922.0,,,35.41127946614879,35.41127946614879,2472.0,0.002042848583765469,2472,2472,41012,0.05,0.05,0.0,True,0.2,0.12,800,96,0.0,0.0,0.0,1.3394157886505127,C:/Users/efasllija/dev/gossip-poc/out_nb_incremental_clean0104/scenario_groups_effect/permanent_fork_sth_proof_n12000_pg0p2_a0p2_ff0p05_s41012_drop0_pc0p05_pgc0p05
permanent_fork,sth_proof,12000,6.0,5.0,0.2,0.2,0.05,3.0,True,0.0,0.0,0.0,0.0,75.0,,75.0,,507323.0,748477.0,,,34.846815088595896,34.846815088595896,3588.0,0.0028384863304890457,3588,3588,41013,0.05,0.05,0.0,True,0.2,0.12,800,96,0.0,0.0,0.0,1.4017653465270996,C:/Users/efasllija/dev/gossip-poc/out_nb_incremental_clean0104/scenario_groups_effect/permanent_fork_sth_proof_n12000_pg0p2_a0p2_ff0p05_s41013_drop0_pc0p05_pgc0p05
permanent_fork,sth_proof,12000,6.0,5.0,0.2,0.2,0.05,3.0,True,0.0,0.0,0.0,0.0,130.0,,130.0,,501190.0,984260.0,,,37.08054958671709,37.08054958671709,2853.0,0.002292623265666259,2853,2853,41014,0.05,0.05,0.0,True,0.2,0.12,800,96,0.0,0.0,0.0,1.3527939319610596,C:/Users/efasllija/dev/gossip-poc/out_nb_incremental_clean0104/scenario_groups_effect/permanent_fork_sth_proof_n12000_pg0p2_a0p2_ff0p05_s41014_drop0_pc0p05_pgc0p05
permanent_fork,sth_proof,12000,6.0,5.0,0.2,0.3,0.05,3.0,True,0.0,0.0,0.0,0.0,,,,,8587.0,,,,53.68301111422434,53.68301111422434,79.0,0.0036891753058746614,79,79,41000,0.05,0.05,0.0,True,0.2,0.0,800,8,0.0,0.0,0.0,0.918463945388794,C:/Users/efasllija/dev/gossip-poc/out_nb_incremental_clean0104/scenario_groups_effect/permanent_fork_sth_proof_n12000_pg0p2_a0p3_ff0p05_s41000_drop0_pc0p05_pgc0p05
permanent_fork,sth_proof,12000,6.0,5.0,0.2,0.3,0.05,3.0,True,0.0,0.0,0.0,0.0,,,,,8842.0,,,,52.64830913476856,52.64830913476856,94.0,0.0042783669382367665,94,94,41001,0.05,0.05,0.0,True,0.2,0.0,800,8,0.0,0.0,0.0,0.9099869728088379,C:/Users/efasllija/dev/gossip-poc/out_nb_incremental_clean0104/scenario_groups_effect/permanent_fork_sth_proof_n12000_pg0p2_a0p3_ff0p05_s41001_drop0_pc0p05_pgc0p05
permanent_fork,sth_proof,12000,6.0,5.0,0.2,0.3,0.05,3.0,True,5.0,5.0,0.0,0.0,,,,,8962.0,,,,55.97955458196422,55.97955458196422,78.0,0.0035596933187294635,78,78,41002,0.05,0.05,0.0,True,0.2,0.0,800,8,0.0,0.0,0.0,0.9364068508148193,C:/Users/efasllija/dev/gossip-poc/out_nb_incremental_clean0104/scenario_groups_effect/permanent_fork_sth_proof_n12000_pg0p2_a0p3_ff0p05_s41002_drop0_pc0p05_pgc0p05
permanent_fork,sth_proof,12000,6.0,5.0,0.2,0.3,0.05,3.0,True,0.0,0.0,0.0,0.0,,,,,8424.0,,,,55.266328774983265,55.266328774983265,77.0,0.0036817442861241272,77,77,41003,0.05,0.05,0.0,True,0.2,0.0,800,8,0.0,0.0,0.0,0.9286496639251709,C:/Users/efasllija/dev/gossip-poc/out_nb_incremental_clean0104/scenario_groups_effect/permanent_fork_sth_proof_n12000_pg0p2_a0p3_ff0p05_s41003_drop0_pc0p05_pgc0p05
permanent_fork,sth_proof,12000,6.0,5.0,0.2,0.3,0.05,3.0,True,0.0,0.0,0.0,0.0,,,,,8449.0,,,,52.8,52.8,70.0,0.0033783783783783786,70,70,41004,0.05,0.05,0.0,True,0.2,0.0,800,8,0.0,0.0,0.0,0.8650531768798828,C:/Users/efasllija/dev/gossip-poc/out_nb_incremental_clean0104/scenario_groups_effect/permanent_fork_sth_proof_n12000_pg0p2_a0p3_ff0p05_s41004_drop0_pc0p05_pgc0p05
permanent_fork,sth_proof,12000,6.0,5.0,0.2,0.3,0.05,3.0,True,5.0,5.0,0.0,0.0,,,,,8974.0,,,,55.4714512662368,55.4714512662368,61.0,0.0028502009158022615,61,61,41005,0.05,0.05,0.0,True,0.2,0.0,800,8,0.0,0.0,0.0,0.8935887813568115,C:/Users/efasllija/dev/gossip-poc/out_nb_incremental_clean0104/scenario_groups_effect/permanent_fork_sth_proof_n12000_pg0p2_a0p3_ff0p05_s41005_drop0_pc0p05_pgc0p05
permanent_fork,sth_proof,12000,6.0,5.0,0.2,0.3,0.05,3.0,True,0.0,0.0,0.0,0.0,,,,,8498.0,,,,56.269318765466686,56.269318765466686,91.0,0.004248961105663725,91,91,41006,0.05,0.05,0.0,True,0.2,0.0,800,8,0.0,0.0,0.0,0.894298791885376,C:/Users/efasllija/dev/gossip-poc/out_nb_incremental_clean0104/scenario_groups_effect/permanent_fork_sth_proof_n12000_pg0p2_a0p3_ff0p05_s41006_drop0_pc0p05_pgc0p05
permanent_fork,sth_proof,12000,6.0,5.0,0.2,0.3,0.05,3.0,True,5.0,5.0,0.0,0.0,,,,,8497.0,,,,53.89537299338999,53.89537299338999,76.0,0.0035882908404154864,76,76,41007,0.05,0.05,0.0,True,0.2,0.0,800,8,0.0,0.0,0.0,0.9066903591156006,C:/Users/efasllija/dev/gossip-poc/out_nb_incremental_clean0104/scenario_groups_effect/permanent_fork_sth_proof_n12000_pg0p2_a0p3_ff0p05_s41007_drop0_pc0p05_pgc0p05
permanent_fork,sth_proof,12000,6.0,5.0,0.2,0.3,0.05,3.0,True,0.0,0.0,0.0,0.0,,,,,8325.0,,,,58.18944608325139,58.18944608325139,79.0,0.0036990213981364425,79,79,41008,0.05,0.05,0.0,True,0.2,0.0,800,8,0.0,0.0,0.0,0.868201732635498,C:/Users/efasllija/dev/gossip-poc/out_nb_incremental_clean0104/scenario_groups_effect/permanent_fork_sth_proof_n12000_pg0p2_a0p3_ff0p05_s41008_drop0_pc0p05_pgc0p05
permanent_fork,sth_proof,12000,6.0,5.0,0.2,0.3,0.05,3.0,True,5.0,5.0,0.0,0.0,,,,,8748.0,,,,52.29109183141326,52.29109183141326,67.0,0.003176409235291329,67,67,41009,0.05,0.05,0.0,True,0.2,0.0,800,8,0.0,0.0,0.0,0.8835761547088623,C:/Users/efasllija/dev/gossip-poc/out_nb_incremental_clean0104/scenario_groups_effect/permanent_fork_sth_proof_n12000_pg0p2_a0p3_ff0p05_s41009_drop0_pc0p05_pgc0p05
permanent_fork,sth_proof,12000,6.0,5.0,0.2,0.3,0.05,3.0,True,5.0,5.0,0.0,0.0,,,,,9205.0,,,,54.16665905666408,54.16665905666408,69.0,0.0031505410711839643,69,69,41010,0.05,0.05,0.0,True,0.2,0.0,800,8,0.0,0.0,0.0,0.9319295883178711,C:/Users/efasllija/dev/gossip-poc/out_nb_incremental_clean0104/scenario_groups_effect/permanent_fork_sth_proof_n12000_pg0p2_a0p3_ff0p05_s41010_drop0_pc0p05_pgc0p05
permanent_fork,sth_proof,12000,6.0,5.0,0.2,0.3,0.05,3.0,True,0.0,0.0,0.0,0.0,,,,,8302.0,,,,53.83800151400454,53.83800151400454,72.0,0.0034065102195306586,72,72,41011,0.05,0.05,0.0,True,0.2,0.0,800,8,0.0,0.0,0.0,0.8725903034210205,C:/Users/efasllija/dev/gossip-poc/out_nb_incremental_clean0104/scenario_groups_effect/permanent_fork_sth_proof_n12000_pg0p2_a0p3_ff0p05_s41011_drop0_pc0p05_pgc0p05
permanent_fork,sth_proof,12000,6.0,5.0,0.2,0.3,0.05,3.0,True,0.0,0.0,0.0,0.0,,,,,8386.0,,,,51.80188861052226,51.80188861052226,70.0,0.0033725187897475427,70,70,41012,0.05,0.05,0.0,True,0.2,0.0,800,8,0.0,0.0,0.0,0.8502006530761719,C:/Users/efasllija/dev/gossip-poc/out_nb_incremental_clean0104/scenario_groups_effect/permanent_fork_sth_proof_n12000_pg0p2_a0p3_ff0p05_s41012_drop0_pc0p05_pgc0p05
permanent_fork,sth_proof,12000,6.0,5.0,0.2,0.3,0.05,3.0,True,0.0,0.0,0.0,0.0,,,,,8653.0,,,,53.34578566425403,53.34578566425403,80.0,0.0037356992762082653,80,80,41013,0.05,0.05,0.0,True,0.2,0.0,800,8,0.0,0.0,0.0,0.881601095199585,C:/Users/efasllija/dev/gossip-poc/out_nb_incremental_clean0104/scenario_groups_effect/permanent_fork_sth_proof_n12000_pg0p2_a0p3_ff0p05_s41013_drop0_pc0p05_pgc0p05
permanent_fork,sth_proof,12000,6.0,5.0,0.2,0.3,0.05,3.0,True,0.0,0.0,0.0,0.0,,,,,8557.0,,,,53.61339421613394,53.61339421613394,80.0,0.00380517503805175,80,80,41014,0.05,0.05,0.0,True,0.2,0.0,800,8,0.0,0.0,0.0,0.8526859283447266,C:/Users/efasllija/dev/gossip-poc/out_nb_incremental_clean0104/scenario_groups_effect/permanent_fork_sth_proof_n12000_pg0p2_a0p3_ff0p05_s41014_drop0_pc0p05_pgc0p05
permanent_fork,sth_proof,12000,6.0,5.0,0.2,0.3,0.05,3.0,True,0.0,0.0,0.0,0.0,,,,,15431.0,,,,56.001478079552356,56.001478079552356,141.0,0.003721593158603215,141,141,41000,0.05,0.05,0.0,True,0.2,0.04,800,8,0.0,0.0,0.0,0.8866543769836426,C:/Users/efasllija/dev/gossip-poc/out_nb_incremental_clean0104/scenario_groups_effect/permanent_fork_sth_proof_n12000_pg0p2_a0p3_ff0p05_s41000_drop0_pc0p05_pgc0p05
permanent_fork,sth_proof,12000,6.0,5.0,0.2,0.3,0.05,3.0,True,0.0,0.0,0.0,0.0,,,,,15288.0,,,,52.68941819601718,52.68941819601718,127.0,0.0033060002603149813,127,127,41001,0.05,0.05,0.0,True,0.2,0.04,800,8,0.0,0.0,0.0,0.8860156536102295,C:/Users/efasllija/dev/gossip-poc/out_nb_incremental_clean0104/scenario_groups_effect/permanent_fork_sth_proof_n12000_pg0p2_a0p3_ff0p05_s41001_drop0_pc0p05_pgc0p05
permanent_fork,sth_proof,12000,6.0,5.0,0.2,0.3,0.05,3.0,True,5.0,5.0,0.0,0.0,,,,,16066.0,,,,48.94791153517073,48.94791153517073,106.0,0.0027483211905934817,106,106,41002,0.05,0.05,0.0,True,0.2,0.04,800,8,0.0,0.0,0.0,0.9370114803314209,C:/Users/efasllija/dev/gossip-poc/out_nb_incremental_clean0104/scenario_groups_effect/permanent_fork_sth_proof_n12000_pg0p2_a0p3_ff0p05_s41002_drop0_pc0p05_pgc0p05
permanent_fork,sth_proof,12000,6.0,5.0,0.2,0.3,0.05,3.0,True,0.0,0.0,0.0,0.0,,,,,14596.0,,,,49.8756542690188,49.8756542690188,113.0,0.003129413719571298,113,113,41003,0.05,0.05,0.0,True,0.2,0.04,800,8,0.0,0.0,0.0,0.8867642879486084,C:/Users/efasllija/dev/gossip-poc/out_nb_incremental_clean0104/scenario_groups_effect/permanent_fork_sth_proof_n12000_pg0p2_a0p3_ff0p05_s41003_drop0_pc0p05_pgc0p05
permanent_fork,sth_proof,12000,6.0,5.0,0.2,0.3,0.05,3.0,True,0.0,0.0,0.0,0.0,,,,,14402.0,,,,52.9935860694888,52.9935860694888,162.0,0.004421518054532056,162,162,41004,0.05,0.05,0.0,True,0.2,0.04,800,8,0.0,0.0,0.0,0.8770058155059814,C:/Users/efasllija/dev/gossip-poc/out_nb_incremental_clean0104/scenario_groups_effect/permanent_fork_sth_proof_n12000_pg0p2_a0p3_ff0p05_s41004_drop0_pc0p05_pgc0p05
permanent_fork,sth_proof,12000,6.0,5.0,0.2,0.3,0.05,3.0,True,10.0,10.0,0.0,0.0,,,,,16694.0,,,,53.08206750503281,53.08206750503281,120.0,0.003137336923841146,120,120,41005,0.05,0.05,0.0,True,0.2,0.04,800,8,0.0,0.0,0.0,0.9189622402191162,C:/Users/efasllija/dev/gossip-poc/out_nb_incremental_clean0104/scenario_groups_effect/permanent_fork_sth_proof_n12000_pg0p2_a0p3_ff0p05_s41005_drop0_pc0p05_pgc0p05
permanent_fork,sth_proof,12000,6.0,5.0,0.2,0.3,0.05,3.0,True,0.0,0.0,0.0,0.0,,,,,14545.0,,,,59.751203459435935,59.751203459435935,139.0,0.0037803584541325572,139,139,41006,0.05,0.05,0.0,True,0.2,0.04,800,8,0.0,0.0,0.0,0.8927218914031982,C:/Users/efasllija/dev/gossip-poc/out_nb_incremental_clean0104/scenario_groups_effect/permanent_fork_sth_proof_n12000_pg0p2_a0p3_ff0p05_s41006_drop0_pc0p05_pgc0p05
permanent_fork,sth_proof,12000,6.0,5.0,0.2,0.3,0.05,3.0,True,5.0,5.0,0.0,0.0,,,,,14984.0,,,,58.774366458803236,58.774366458803236,160.0,0.0042457211091946395,160,160,41007,0.05,0.05,0.0,True,0.2,0.04,800,8,0.0,0.0,0.0,0.8789982795715332,C:/Users/efasllija/dev/gossip-poc/out_nb_incremental_clean0104/scenario_groups_effect/permanent_fork_sth_proof_n12000_pg0p2_a0p3_ff0p05_s41007_drop0_pc0p05_pgc0p05
permanent_fork,sth_proof,12000,6.0,5.0,0.2,0.3,0.05,3.0,True,5.0,5.0,0.0,0.0,,,,,14860.0,,,,57.834181701889506,57.834181701889506,164.0,0.004370652666364629,164,164,41008,0.05,0.05,0.0,True,0.2,0.04,800,8,0.0,0.0,0.0,0.8893849849700928,C:/Users/efasllija/dev/gossip-poc/out_nb_incremental_clean0104/scenario_groups_effect/permanent_fork_sth_proof_n12000_pg0p2_a0p3_ff0p05_s41008_drop0_pc0p05_pgc0p05
permanent_fork,sth_proof,12000,6.0,5.0,0.2,0.3,0.05,3.0,True,0.0,0.0,0.0,0.0,,,,,15008.0,,,,54.48794167134044,54.48794167134044,136.0,0.003632187591806212,136,136,41009,0.05,0.05,0.0,True,0.2,0.04,800,8,0.0,0.0,0.0,0.9148733615875244,C:/Users/efasllija/dev/gossip-poc/out_nb_incremental_clean0104/scenario_groups_effect/permanent_fork_sth_proof_n12000_pg0p2_a0p3_ff0p05_s41009_drop0_pc0p05_pgc0p05
permanent_fork,sth_proof,12000,6.0,5.0,0.2,0.3,0.05,3.0,True,5.0,5.0,0.0,0.0,,,,,16233.0,,,,53.08667167309734,53.08667167309734,131.0,0.0033922883704068157,131,131,41010,0.05,0.05,0.0,True,0.2,0.04,800,8,0.0,0.0,0.0,0.9043567180633545,C:/Users/efasllija/dev/gossip-poc/out_nb_incremental_clean0104/scenario_groups_effect/permanent_fork_sth_proof_n12000_pg0p2_a0p3_ff0p05_s41010_drop0_pc0p05_pgc0p05
permanent_fork,sth_proof,12000,6.0,5.0,0.2,0.3,0.05,3.0,True,0.0,0.0,0.0,0.0,,,,,15358.0,,,,53.50578908939188,53.50578908939188,154.0,0.0040158548033795765,154,154,41011,0.05,0.05,0.0,True,0.2,0.04,800,8,0.0,0.0,0.0,0.9047694206237793,C:/Users/efasllija/dev/gossip-poc/out_nb_incremental_clean0104/scenario_groups_effect/permanent_fork_sth_proof_n12000_pg0p2_a0p3_ff0p05_s41011_drop0_pc0p05_pgc0p05
permanent_fork,sth_proof,12000,6.0,5.0,0.2,0.3,0.05,3.0,True,0.0,0.0,0.0,0.0,,,,,14895.0,,,,56.29097779877185,56.29097779877185,124.0,0.003445497235266331,124,124,41012,0.05,0.05,0.0,True,0.2,0.04,800,8,0.0,0.0,0.0,0.8860468864440918,C:/Users/efasllija/dev/gossip-poc/out_nb_incremental_clean0104/scenario_groups_effect/permanent_fork_sth_proof_n12000_pg0p2_a0p3_ff0p05_s41012_drop0_pc0p05_pgc0p05
permanent_fork,sth_proof,12000,6.0,5.0,0.2,0.3,0.05,3.0,True,0.0,0.0,0.0,0.0,,,,,14874.0,,,,51.01434215511176,51.01434215511176,111.0,0.0030037343724630622,111,111,41013,0.05,0.05,0.0,True,0.2,0.04,800,8,0.0,0.0,0.0,0.8899326324462891,C:/Users/efasllija/dev/gossip-poc/out_nb_incremental_clean0104/scenario_groups_effect/permanent_fork_sth_proof_n12000_pg0p2_a0p3_ff0p05_s41013_drop0_pc0p05_pgc0p05
permanent_fork,sth_proof,12000,6.0,5.0,0.2,0.3,0.05,3.0,True,0.0,0.0,0.0,0.0,,,,,14666.0,,,,57.256010099653494,57.256010099653494,122.0,0.0032770152300625856,122,122,41014,0.05,0.05,0.0,True,0.2,0.04,800,8,0.0,0.0,0.0,0.9195971488952637,C:/Users/efasllija/dev/gossip-poc/out_nb_incremental_clean0104/scenario_groups_effect/permanent_fork_sth_proof_n12000_pg0p2_a0p3_ff0p05_s41014_drop0_pc0p05_pgc0p05
permanent_fork,sth_proof,12000,6.0,5.0,0.2,0.3,0.05,3.0,True,0.0,0.0,0.0,0.0,,,,,22037.0,,,,53.3488861408981,53.3488861408981,154.0,0.0028423248002067145,154,154,41000,0.05,0.05,0.0,True,0.2,0.08,800,8,0.0,0.0,0.0,0.9034013748168945,C:/Users/efasllija/dev/gossip-poc/out_nb_incremental_clean0104/scenario_groups_effect/permanent_fork_sth_proof_n12000_pg0p2_a0p3_ff0p05_s41000_drop0_pc0p05_pgc0p05
permanent_fork,sth_proof,12000,6.0,5.0,0.2,0.3,0.05,3.0,True,0.0,0.0,0.0,0.0,,,,,22303.0,,,,58.10071522405488,58.10071522405488,207.0,0.0037768209020580938,207,207,41001,0.05,0.05,0.0,True,0.2,0.08,800,8,0.0,0.0,0.0,0.9213500022888184,C:/Users/efasllija/dev/gossip-poc/out_nb_incremental_clean0104/scenario_groups_effect/permanent_fork_sth_proof_n12000_pg0p2_a0p3_ff0p05_s41001_drop0_pc0p05_pgc0p05
permanent_fork,sth_proof,12000,6.0,5.0,0.2,0.3,0.05,3.0,True,0.0,0.0,0.0,0.0,,,,,21718.0,,,,51.98707392328337,51.98707392328337,224.0,0.0040896061928322345,224,224,41002,0.05,0.05,0.0,True,0.2,0.08,800,8,0.0,0.0,0.0,0.9582333564758301,C:/Users/efasllija/dev/gossip-poc/out_nb_incremental_clean0104/scenario_groups_effect/permanent_fork_sth_proof_n12000_pg0p2_a0p3_ff0p05_s41002_drop0_pc0p05_pgc0p05
permanent_fork,sth_proof,12000,6.0,5.0,0.2,0.3,0.05,3.0,True,0.0,0.0,0.0,0.0,,,,,20229.0,,,,56.93129740439072,56.93129740439072,118.0,0.002361464107746803,118,118,41003,0.05,0.05,0.0,True,0.2,0.08,800,8,0.0,0.0,0.0,0.9135599136352539,C:/Users/efasllija/dev/gossip-poc/out_nb_incremental_clean0104/scenario_groups_effect/permanent_fork_sth_proof_n12000_pg0p2_a0p3_ff0p05_s41003_drop0_pc0p05_pgc0p05
permanent_fork,sth_proof,12000,6.0,5.0,0.2,0.3,0.05,3.0,True,0.0,0.0,0.0,0.0,,,,,20545.0,,,,52.22175675935356,52.22175675935356,220.0,0.004227598531870328,220,220,41004,0.05,0.05,0.0,True,0.2,0.08,800,8,0.0,0.0,0.0,0.926999568939209,C:/Users/efasllija/dev/gossip-poc/out_nb_incremental_clean0104/scenario_groups_effect/permanent_fork_sth_proof_n12000_pg0p2_a0p3_ff0p05_s41004_drop0_pc0p05_pgc0p05
permanent_fork,sth_proof,12000,6.0,5.0,0.2,0.3,0.05,3.0,True,0.0,0.0,0.0,0.0,,,,,22509.0,,,,56.75224035032612,56.75224035032612,202.0,0.003732377450527522,202,202,41005,0.05,0.05,0.0,True,0.2,0.08,800,8,0.0,0.0,0.0,0.9208450317382812,C:/Users/efasllija/dev/gossip-poc/out_nb_incremental_clean0104/scenario_groups_effect/permanent_fork_sth_proof_n12000_pg0p2_a0p3_ff0p05_s41005_drop0_pc0p05_pgc0p05
permanent_fork,sth_proof,12000,6.0,5.0,0.2,0.3,0.05,3.0,True,0.0,0.0,0.0,0.0,,,,,21445.0,,,,62.09668544477925,62.09668544477925,205.0,0.003836723999176508,205,205,41006,0.05,0.05,0.0,True,0.2,0.08,800,8,0.0,0.0,0.0,0.92281174659729,C:/Users/efasllija/dev/gossip-poc/out_nb_incremental_clean0104/scenario_groups_effect/permanent_fork_sth_proof_n12000_pg0p2_a0p3_ff0p05_s41006_drop0_pc0p05_pgc0p05
permanent_fork,sth_proof,12000,6.0,5.0,0.2,0.3,0.05,3.0,True,0.0,0.0,0.0,0.0,,,,,20941.0,,,,55.264804763067445,55.264804763067445,199.0,0.003737580527017636,199,199,41007,0.05,0.05,0.0,True,0.2,0.08,800,8,0.0,0.0,0.0,0.9337964057922363,C:/Users/efasllija/dev/gossip-poc/out_nb_incremental_clean0104/scenario_groups_effect/permanent_fork_sth_proof_n12000_pg0p2_a0p3_ff0p05_s41007_drop0_pc0p05_pgc0p05
permanent_fork,sth_proof,12000,6.0,5.0,0.2,0.3,0.05,3.0,True,0.0,0.0,0.0,0.0,,,,,20855.0,,,,53.6610089150608,53.6610089150608,172.0,0.003135767807332592,172,172,41008,0.05,0.05,0.0,True,0.2,0.08,800,8,0.0,0.0,0.0,0.9433152675628662,C:/Users/efasllija/dev/gossip-poc/out_nb_incremental_clean0104/scenario_groups_effect/permanent_fork_sth_proof_n12000_pg0p2_a0p3_ff0p05_s41008_drop0_pc0p05_pgc0p05
permanent_fork,sth_proof,12000,6.0,5.0,0.2,0.3,0.05,3.0,True,0.0,0.0,0.0,0.0,,,,,21492.0,,,,51.67426362788218,51.67426362788218,209.0,0.003979360636697702,209,209,41009,0.05,0.05,0.0,True,0.2,0.08,800,8,0.0,0.0,0.0,0.951678991317749,C:/Users/efasllija/dev/gossip-poc/out_nb_incremental_clean0104/scenario_groups_effect/permanent_fork_sth_proof_n12000_pg0p2_a0p3_ff0p05_s41009_drop0_pc0p05_pgc0p05
permanent_fork,sth_proof,12000,6.0,5.0,0.2,0.3,0.05,3.0,True,0.0,0.0,0.0,0.0,,,,,23028.0,,,,53.10877392121739,53.10877392121739,220.0,0.0039018853200432756,220,220,41010,0.05,0.05,0.0,True,0.2,0.08,800,8,0.0,0.0,0.0,0.9289484024047852,C:/Users/efasllija/dev/gossip-poc/out_nb_incremental_clean0104/scenario_groups_effect/permanent_fork_sth_proof_n12000_pg0p2_a0p3_ff0p05_s41010_drop0_pc0p05_pgc0p05
permanent_fork,sth_proof,12000,6.0,5.0,0.2,0.3,0.05,3.0,True,0.0,0.0,0.0,0.0,,,,,21171.0,,,,54.35318457218856,54.35318457218856,174.0,0.0032141273828875426,174,174,41011,0.05,0.05,0.0,True,0.2,0.08,800,8,0.0,0.0,0.0,0.9129683971405029,C:/Users/efasllija/dev/gossip-poc/out_nb_incremental_clean0104/scenario_groups_effect/permanent_fork_sth_proof_n12000_pg0p2_a0p3_ff0p05_s41011_drop0_pc0p05_pgc0p05
permanent_fork,sth_proof,12000,6.0,5.0,0.2,0.3,0.05,3.0,True,0.0,0.0,0.0,0.0,,,,,19996.0,,,,54.93442294596002,54.93442294596002,182.0,0.003645395184873613,182,182,41012,0.05,0.05,0.0,True,0.2,0.08,800,8,0.0,0.0,0.0,0.8910856246948242,C:/Users/efasllija/dev/gossip-poc/out_nb_incremental_clean0104/scenario_groups_effect/permanent_fork_sth_proof_n12000_pg0p2_a0p3_ff0p05_s41012_drop0_pc0p05_pgc0p05
permanent_fork,sth_proof,12000,6.0,5.0,0.2,0.3,0.05,3.0,True,0.0,0.0,0.0,0.0,,,,,22238.0,,,,50.91634481982827,50.91634481982827,147.0,0.0027560088492256927,147,147,41013,0.05,0.05,0.0,True,0.2,0.08,800,8,0.0,0.0,0.0,0.9448447227478027,C:/Users/efasllija/dev/gossip-poc/out_nb_incremental_clean0104/scenario_groups_effect/permanent_fork_sth_proof_n12000_pg0p2_a0p3_ff0p05_s41013_drop0_pc0p05_pgc0p05
permanent_fork,sth_proof,12000,6.0,5.0,0.2,0.3,0.05,3.0,True,5.0,5.0,0.0,0.0,,,,,22328.0,,,,56.670795475616536,56.670795475616536,203.0,0.0037641386983126275,203,203,41014,0.05,0.05,0.0,True,0.2,0.08,800,8,0.0,0.0,0.0,0.9496791362762451,C:/Users/efasllija/dev/gossip-poc/out_nb_incremental_clean0104/scenario_groups_effect/permanent_fork_sth_proof_n12000_pg0p2_a0p3_ff0p05_s41014_drop0_pc0p05_pgc0p05
permanent_fork,sth_proof,12000,6.0,5.0,0.2,0.3,0.05,3.0,True,0.0,0.0,0.0,0.0,,,,,28005.0,,,,53.812960426728175,53.812960426728175,182.0,0.0026238016290636487,182,182,41000,0.05,0.05,0.0,True,0.2,0.12,800,8,0.0,0.0,0.0,0.9304437637329102,C:/Users/efasllija/dev/gossip-poc/out_nb_incremental_clean0104/scenario_groups_effect/permanent_fork_sth_proof_n12000_pg0p2_a0p3_ff0p05_s41000_drop0_pc0p05_pgc0p05
permanent_fork,sth_proof,12000,6.0,5.0,0.2,0.3,0.05,3.0,True,0.0,0.0,0.0,0.0,,,,,27961.0,,,,54.17561821879044,54.17561821879044,201.0,0.002858239836184463,201,201,41001,0.05,0.05,0.0,True,0.2,0.12,800,8,0.0,0.0,0.0,0.9567928314208984,C:/Users/efasllija/dev/gossip-poc/out_nb_incremental_clean0104/scenario_groups_effect/permanent_fork_sth_proof_n12000_pg0p2_a0p3_ff0p05_s41001_drop0_pc0p05_pgc0p05
permanent_fork,sth_proof,12000,6.0,5.0,0.2,0.3,0.05,3.0,True,5.0,5.0,0.0,0.0,,,,,29874.0,,,,52.40529514611606,52.40529514611606,224.0,0.003108261871062637,224,224,41002,0.05,0.05,0.0,True,0.2,0.12,800,8,0.0,0.0,0.0,0.9399473667144775,C:/Users/efasllija/dev/gossip-poc/out_nb_incremental_clean0104/scenario_groups_effect/permanent_fork_sth_proof_n12000_pg0p2_a0p3_ff0p05_s41002_drop0_pc0p05_pgc0p05
permanent_fork,sth_proof,12000,6.0,5.0,0.2,0.3,0.05,3.0,True,0.0,0.0,0.0,0.0,,,,,27087.0,,,,57.08900970045838,57.08900970045838,211.0,0.0032131816589763503,211,211,41003,0.05,0.05,0.0,True,0.2,0.12,800,8,0.0,0.0,0.0,0.9183762073516846,C:/Users/efasllija/dev/gossip-poc/out_nb_incremental_clean0104/scenario_groups_effect/permanent_fork_sth_proof_n12000_pg0p2_a0p3_ff0p05_s41003_drop0_pc0p05_pgc0p05
permanent_fork,sth_proof,12000,6.0,5.0,0.2,0.3,0.05,3.0,True,0.0,0.0,0.0,0.0,,,,,27256.0,,,,50.169193792469066,50.169193792469066,254.0,0.003768434171092846,254,254,41004,0.05,0.05,0.0,True,0.2,0.12,800,8,0.0,0.0,0.0,0.928173303604126,C:/Users/efasllija/dev/gossip-poc/out_nb_incremental_clean0104/scenario_groups_effect/permanent_fork_sth_proof_n12000_pg0p2_a0p3_ff0p05_s41004_drop0_pc0p05_pgc0p05
permanent_fork,sth_proof,12000,6.0,5.0,0.2,0.3,0.05,3.0,True,0.0,0.0,0.0,0.0,,,,,29173.0,,,,55.40968887626083,55.40968887626083,244.0,0.003466401477482597,244,244,41005,0.05,0.05,0.0,True,0.2,0.12,800,8,0.0,0.0,0.0,0.966301441192627,C:/Users/efasllija/dev/gossip-poc/out_nb_incremental_clean0104/scenario_groups_effect/permanent_fork_sth_proof_n12000_pg0p2_a0p3_ff0p05_s41005_drop0_pc0p05_pgc0p05
permanent_fork,sth_proof,12000,6.0,5.0,0.2,0.3,0.05,3.0,True,0.0,0.0,0.0,0.0,,,,,27864.0,,,,57.79175263723809,57.79175263723809,242.0,0.0035163174566272414,242,242,41006,0.05,0.05,0.0,True,0.2,0.12,800,8,0.0,0.0,0.0,0.956580638885498,C:/Users/efasllija/dev/gossip-poc/out_nb_incremental_clean0104/scenario_groups_effect/permanent_fork_sth_proof_n12000_pg0p2_a0p3_ff0p05_s41006_drop0_pc0p05_pgc0p05
permanent_fork,sth_proof,12000,6.0,5.0,0.2,0.3,0.05,3.0,True,0.0,0.0,0.0,0.0,,,,,26973.0,,,,50.10799629074827,50.10799629074827,245.0,0.003495256437691704,245,245,41007,0.05,0.05,0.0,True,0.2,0.12,800,8,0.0,0.0,0.0,0.9524283409118652,C:/Users/efasllija/dev/gossip-poc/out_nb_incremental_clean0104/scenario_groups_effect/permanent_fork_sth_proof_n12000_pg0p2_a0p3_ff0p05_s41007_drop0_pc0p05_pgc0p05
permanent_fork,sth_proof,12000,6.0,5.0,0.2,0.3,0.05,3.0,True,0.0,0.0,0.0,0.0,,,,,27278.0,,,,53.20082536741483,53.20082536741483,317.0,0.00444968487247512,317,317,41008,0.05,0.05,0.0,True,0.2,0.12,800,8,0.0,0.0,0.0,0.9298784732818604,C:/Users/efasllija/dev/gossip-poc/out_nb_incremental_clean0104/scenario_groups_effect/permanent_fork_sth_proof_n12000_pg0p2_a0p3_ff0p05_s41008_drop0_pc0p05_pgc0p05
permanent_fork,sth_proof,12000,6.0,5.0,0.2,0.3,0.05,3.0,True,0.0,0.0,0.0,0.0,,,,,28126.0,,,,54.295876696087475,54.295876696087475,221.0,0.003234824865703538,221,221,41009,0.05,0.05,0.0,True,0.2,0.12,800,8,0.0,0.0,0.0,0.9700925350189209,C:/Users/efasllija/dev/gossip-poc/out_nb_incremental_clean0104/scenario_groups_effect/permanent_fork_sth_proof_n12000_pg0p2_a0p3_ff0p05_s41009_drop0_pc0p05_pgc0p05
permanent_fork,sth_proof,12000,6.0,5.0,0.2,0.3,0.05,3.0,True,0.0,0.0,0.0,0.0,,,,,29957.0,,,,53.96634189548273,53.96634189548273,203.0,0.0027662328813790283,203,203,41010,0.05,0.05,0.0,True,0.2,0.12,800,8,0.0,0.0,0.0,0.9596867561340332,C:/Users/efasllija/dev/gossip-poc/out_nb_incremental_clean0104/scenario_groups_effect/permanent_fork_sth_proof_n12000_pg0p2_a0p3_ff0p05_s41010_drop0_pc0p05_pgc0p05
permanent_fork,sth_proof,12000,6.0,5.0,0.2,0.3,0.05,3.0,True,0.0,0.0,0.0,0.0,,,,,27875.0,,,,51.339871112356406,51.339871112356406,179.0,0.0025077052395629028,179,179,41011,0.05,0.05,0.0,True,0.2,0.12,800,8,0.0,0.0,0.0,0.9437894821166992,C:/Users/efasllija/dev/gossip-poc/out_nb_incremental_clean0104/scenario_groups_effect/permanent_fork_sth_proof_n12000_pg0p2_a0p3_ff0p05_s41011_drop0_pc0p05_pgc0p05
permanent_fork,sth_proof,12000,6.0,5.0,0.2,0.3,0.05,3.0,True,0.0,0.0,0.0,0.0,,,,,26693.0,,,,52.68807959221274,52.68807959221274,275.0,0.004222194927224713,275,275,41012,0.05,0.05,0.0,True,0.2,0.12,800,8,0.0,0.0,0.0,0.9518399238586426,C:/Users/efasllija/dev/gossip-poc/out_nb_incremental_clean0104/scenario_groups_effect/permanent_fork_sth_proof_n12000_pg0p2_a0p3_ff0p05_s41012_drop0_pc0p05_pgc0p05
permanent_fork,sth_proof,12000,6.0,5.0,0.2,0.3,0.05,3.0,True,0.0,0.0,0.0,0.0,,,,,27655.0,,,,50.99124020285846,50.99124020285846,176.0,0.0025357307514983865,176,176,41013,0.05,0.05,0.0,True,0.2,0.12,800,8,0.0,0.0,0.0,0.9318881034851074,C:/Users/efasllija/dev/gossip-poc/out_nb_incremental_clean0104/scenario_groups_effect/permanent_fork_sth_proof_n12000_pg0p2_a0p3_ff0p05_s41013_drop0_pc0p05_pgc0p05
permanent_fork,sth_proof,12000,6.0,5.0,0.2,0.3,0.05,3.0,True,0.0,0.0,0.0,0.0,,,,,27583.0,,,,55.858304861835805,55.858304861835805,274.0,0.003916915643360542,274,274,41014,0.05,0.05,0.0,True,0.2,0.12,800,8,0.0,0.0,0.0,0.9926025867462158,C:/Users/efasllija/dev/gossip-poc/out_nb_incremental_clean0104/scenario_groups_effect/permanent_fork_sth_proof_n12000_pg0p2_a0p3_ff0p05_s41014_drop0_pc0p05_pgc0p05
permanent_fork,sth_proof,12000,6.0,5.0,0.2,0.3,0.05,3.0,True,0.0,0.0,0.0,0.0,,,,,8679.0,,,,51.79118844872269,51.79118844872269,96.0,0.004442798963346909,96,96,41000,0.05,0.05,0.0,True,0.2,0.0,800,16,0.0,0.0,0.0,0.8973231315612793,C:/Users/efasllija/dev/gossip-poc/out_nb_incremental_clean0104/scenario_groups_effect/permanent_fork_sth_proof_n12000_pg0p2_a0p3_ff0p05_s41000_drop0_pc0p05_pgc0p05
permanent_fork,sth_proof,12000,6.0,5.0,0.2,0.3,0.05,3.0,True,0.0,0.0,0.0,0.0,,,,,8689.0,,,,50.50479233226837,50.50479233226837,56.0,0.0025559105431309905,56,56,41001,0.05,0.05,0.0,True,0.2,0.0,800,16,0.0,0.0,0.0,0.902569055557251,C:/Users/efasllija/dev/gossip-poc/out_nb_incremental_clean0104/scenario_groups_effect/permanent_fork_sth_proof_n12000_pg0p2_a0p3_ff0p05_s41001_drop0_pc0p05_pgc0p05
permanent_fork,sth_proof,12000,6.0,5.0,0.2,0.3,0.05,3.0,True,5.0,5.0,0.0,0.0,,,,,8997.0,,,,52.27176336746302,52.27176336746302,69.0,0.0031399317406143345,69,69,41002,0.05,0.05,0.0,True,0.2,0.0,800,16,0.0,0.0,0.0,0.9490840435028076,C:/Users/efasllija/dev/gossip-poc/out_nb_incremental_clean0104/scenario_groups_effect/permanent_fork_sth_proof_n12000_pg0p2_a0p3_ff0p05_s41002_drop0_pc0p05_pgc0p05
permanent_fork,sth_proof,12000,6.0,5.0,0.2,0.3,0.05,3.0,True,0.0,0.0,0.0,0.0,,,,,8368.0,,,,54.61685290873339,54.61685290873339,68.0,0.0032612344731667545,68,68,41003,0.05,0.05,0.0,True,0.2,0.0,800,16,0.0,0.0,0.0,0.9002580642700195,C:/Users/efasllija/dev/gossip-poc/out_nb_incremental_clean0104/scenario_groups_effect/permanent_fork_sth_proof_n12000_pg0p2_a0p3_ff0p05_s41003_drop0_pc0p05_pgc0p05
permanent_fork,sth_proof,12000,6.0,5.0,0.2,0.3,0.05,3.0,True,10.0,10.0,0.0,0.0,,,,,8861.0,,,,51.78246051936831,51.78246051936831,81.0,0.003888062208995344,81,81,41004,0.05,0.05,0.0,True,0.2,0.0,800,16,0.0,0.0,0.0,0.916856050491333,C:/Users/efasllija/dev/gossip-poc/out_nb_incremental_clean0104/scenario_groups_effect/permanent_fork_sth_proof_n12000_pg0p2_a0p3_ff0p05_s41004_drop0_pc0p05_pgc0p05
permanent_fork,sth_proof,12000,6.0,5.0,0.2,0.3,0.05,3.0,True,0.0,0.0,0.0,0.0,,,,,8698.0,,,,52.17712659231954,52.17712659231954,60.0,0.0027996827026270355,60,60,41005,0.05,0.05,0.0,True,0.2,0.0,800,16,0.0,0.0,0.0,0.9095656871795654,C:/Users/efasllija/dev/gossip-poc/out_nb_incremental_clean0104/scenario_groups_effect/permanent_fork_sth_proof_n12000_pg0p2_a0p3_ff0p05_s41005_drop0_pc0p05_pgc0p05
permanent_fork,sth_proof,12000,6.0,5.0,0.2,0.3,0.05,3.0,True,0.0,0.0,0.0,0.0,,,,,8604.0,,,,54.52383623107123,54.52383623107123,61.0,0.002851000186950832,61,61,41006,0.05,0.05,0.0,True,0.2,0.0,800,16,0.0,0.0,0.0,0.9145982265472412,C:/Users/efasllija/dev/gossip-poc/out_nb_incremental_clean0104/scenario_groups_effect/permanent_fork_sth_proof_n12000_pg0p2_a0p3_ff0p05_s41006_drop0_pc0p05_pgc0p05
permanent_fork,sth_proof,12000,6.0,5.0,0.2,0.3,0.05,3.0,True,0.0,0.0,0.0,0.0,,,,,8303.0,,,,52.73326720513911,52.73326720513911,69.0,0.0032591752869491285,69,69,41007,0.05,0.05,0.0,True,0.2,0.0,800,16,0.0,0.0,0.0,0.8881163597106934,C:/Users/efasllija/dev/gossip-poc/out_nb_incremental_clean0104/scenario_groups_effect/permanent_fork_sth_proof_n12000_pg0p2_a0p3_ff0p05_s41007_drop0_pc0p05_pgc0p05
permanent_fork,sth_proof,12000,6.0,5.0,0.2,0.3,0.05,3.0,True,0.0,0.0,0.0,0.0,,,,,8329.0,,,,56.57129425038785,56.57129425038785,72.0,0.003384890226129472,72,72,41008,0.05,0.05,0.0,True,0.2,0.0,800,16,0.0,0.0,0.0,0.8814823627471924,C:/Users/efasllija/dev/gossip-poc/out_nb_incremental_clean0104/scenario_groups_effect/permanent_fork_sth_proof_n12000_pg0p2_a0p3_ff0p05_s41008_drop0_pc0p05_pgc0p05
permanent_fork,sth_proof,12000,6.0,5.0,0.2,0.3,0.05,3.0,True,0.0,0.0,0.0,0.0,,,,,8626.0,,,,54.261922785768355,54.261922785768355,89.0,0.0042108251324753975,89,89,41009,0.05,0.05,0.0,True,0.2,0.0,800,16,0.0,0.0,0.0,0.9051883220672607,C:/Users/efasllija/dev/gossip-poc/out_nb_incremental_clean0104/scenario_groups_effect/permanent_fork_sth_proof_n12000_pg0p2_a0p3_ff0p05_s41009_drop0_pc0p05_pgc0p05
permanent_fork,sth_proof,12000,6.0,5.0,0.2,0.3,0.05,3.0,True,0.0,0.0,0.0,0.0,,,,,8779.0,,,,56.527229093594244,56.527229093594244,86.0,0.003968986523906221,86,86,41010,0.05,0.05,0.0,True,0.2,0.0,800,16,0.0,0.0,0.0,0.9278111457824707,C:/Users/efasllija/dev/gossip-poc/out_nb_incremental_clean0104/scenario_groups_effect/permanent_fork_sth_proof_n12000_pg0p2_a0p3_ff0p05_s41010_drop0_pc0p05_pgc0p05
permanent_fork,sth_proof,12000,6.0,5.0,0.2,0.3,0.05,3.0,True,0.0,0.0,0.0,0.0,,,,,8382.0,,,,55.03685503685504,55.03685503685504,88.0,0.004158004158004158,88,88,41011,0.05,0.05,0.0,True,0.2,0.0,800,16,0.0,0.0,0.0,0.9009566307067871,C:/Users/efasllija/dev/gossip-poc/out_nb_incremental_clean0104/scenario_groups_effect/permanent_fork_sth_proof_n12000_pg0p2_a0p3_ff0p05_s41011_drop0_pc0p05_pgc0p05
permanent_fork,sth_proof,12000,6.0,5.0,0.2,0.3,0.05,3.0,True,5.0,5.0,0.0,0.0,,,,,8597.0,,,,54.56424070421858,54.56424070421858,67.0,0.003222858242339699,67,67,41012,0.05,0.05,0.0,True,0.2,0.0,800,16,0.0,0.0,0.0,0.859032392501831,C:/Users/efasllija/dev/gossip-poc/out_nb_incremental_clean0104/scenario_groups_effect/permanent_fork_sth_proof_n12000_pg0p2_a0p3_ff0p05_s41012_drop0_pc0p05_pgc0p05
permanent_fork,sth_proof,12000,6.0,5.0,0.2,0.3,0.05,3.0,True,0.0,0.0,0.0,0.0,,,,,8622.0,,,,53.03113604488079,53.03113604488079,60.0,0.002805049088359046,60,60,41013,0.05,0.05,0.0,True,0.2,0.0,800,16,0.0,0.0,0.0,0.8660461902618408,C:/Users/efasllija/dev/gossip-poc/out_nb_incremental_clean0104/scenario_groups_effect/permanent_fork_sth_proof_n12000_pg0p2_a0p3_ff0p05_s41013_drop0_pc0p05_pgc0p05
permanent_fork,sth_proof,12000,6.0,5.0,0.2,0.3,0.05,3.0,True,0.0,0.0,0.0,0.0,,,,,8472.0,,,,54.77524181636251,54.77524181636251,80.0,0.0038118835469576405,80,80,41014,0.05,0.05,0.0,True,0.2,0.0,800,16,0.0,0.0,0.0,0.9248642921447754,C:/Users/efasllija/dev/gossip-poc/out_nb_incremental_clean0104/scenario_groups_effect/permanent_fork_sth_proof_n12000_pg0p2_a0p3_ff0p05_s41014_drop0_pc0p05_pgc0p05
permanent_fork,sth_proof,12000,6.0,5.0,0.2,0.3,0.05,3.0,True,0.0,0.0,0.0,0.0,,,,,28862.0,,,,60.98715866339039,60.98715866339039,264.0,0.0036649868810128693,264,264,41000,0.05,0.05,0.0,True,0.2,0.04,800,16,0.0,0.0,0.0,1.4103047847747803,C:/Users/efasllija/dev/gossip-poc/out_nb_incremental_clean0104/scenario_groups_effect/permanent_fork_sth_proof_n12000_pg0p2_a0p3_ff0p05_s41000_drop0_pc0p05_pgc0p05
permanent_fork,sth_proof,12000,6.0,5.0,0.2,0.3,0.05,3.0,True,0.0,0.0,0.0,0.0,,,,,28406.0,,,,48.285470013595145,48.285470013595145,239.0,0.003349731601003518,239,239,41001,0.05,0.05,0.0,True,0.2,0.04,800,16,0.0,0.0,0.0,1.1431396007537842,C:/Users/efasllija/dev/gossip-poc/out_nb_incremental_clean0104/scenario_groups_effect/permanent_fork_sth_proof_n12000_pg0p2_a0p3_ff0p05_s41001_drop0_pc0p05_pgc0p05
permanent_fork,sth_proof,12000,6.0,5.0,0.2,0.3,0.05,3.0,True,5.0,5.0,0.0,0.0,,,,,29554.0,,,,53.51133185061878,53.51133185061878,232.0,0.0031655500825499053,232,232,41002,0.05,0.05,0.0,True,0.2,0.04,800,16,0.0,0.0,0.0,1.0161328315734863,C:/Users/efasllija/dev/gossip-poc/out_nb_incremental_clean0104/scenario_groups_effect/permanent_fork_sth_proof_n12000_pg0p2_a0p3_ff0p05_s41002_drop0_pc0p05_pgc0p05
permanent_fork,sth_proof,12000,6.0,5.0,0.2,0.3,0.05,3.0,True,0.0,0.0,0.0,0.0,,,,,25890.0,,,,48.1171246849874,48.1171246849874,256.0,0.0038401536061442457,256,256,41003,0.05,0.05,0.0,True,0.2,0.04,800,16,0.0,0.0,0.0,0.9543251991271973,C:/Users/efasllija/dev/gossip-poc/out_nb_incremental_clean0104/scenario_groups_effect/permanent_fork_sth_proof_n12000_pg0p2_a0p3_ff0p05_s41003_drop0_pc0p05_pgc0p05
permanent_fork,sth_proof,12000,6.0,5.0,0.2,0.3,0.05,3.0,True,0.0,0.0,0.0,0.0,,,,,27337.0,,,,48.902227961585844,48.902227961585844,265.0,0.003933443172878538,265,265,41004,0.05,0.05,0.0,True,0.2,0.04,800,16,0.0,0.0,0.0,0.9444754123687744,C:/Users/efasllija/dev/gossip-poc/out_nb_incremental_clean0104/scenario_groups_effect/permanent_fork_sth_proof_n12000_pg0p2_a0p3_ff0p05_s41004_drop0_pc0p05_pgc0p05
permanent_fork,sth_proof,12000,6.0,5.0,0.2,0.3,0.05,3.0,True,0.0,0.0,0.0,0.0,,,,,28956.0,,,,53.277333942022366,53.277333942022366,231.0,0.0032954804839077836,231,231,41005,0.05,0.05,0.0,True,0.2,0.04,800,16,0.0,0.0,0.0,1.0004706382751465,C:/Users/efasllija/dev/gossip-poc/out_nb_incremental_clean0104/scenario_groups_effect/permanent_fork_sth_proof_n12000_pg0p2_a0p3_ff0p05_s41005_drop0_pc0p05_pgc0p05
permanent_fork,sth_proof,12000,6.0,5.0,0.2,0.3,0.05,3.0,True,0.0,0.0,0.0,0.0,,,,,27062.0,,,,52.65572210325958,52.65572210325958,139.0,0.0020669759695455627,139,139,41006,0.05,0.05,0.0,True,0.2,0.04,800,16,0.0,0.0,0.0,0.9515635967254639,C:/Users/efasllija/dev/gossip-poc/out_nb_incremental_clean0104/scenario_groups_effect/permanent_fork_sth_proof_n12000_pg0p2_a0p3_ff0p05_s41006_drop0_pc0p05_pgc0p05
permanent_fork,sth_proof,12000,6.0,5.0,0.2,0.3,0.05,3.0,True,0.0,0.0,0.0,0.0,,,,,27573.0,,,,50.61170858505791,50.61170858505791,206.0,0.002942142622505963,206,206,41007,0.05,0.05,0.0,True,0.2,0.04,800,16,0.0,0.0,0.0,0.9607353210449219,C:/Users/efasllija/dev/gossip-poc/out_nb_incremental_clean0104/scenario_groups_effect/permanent_fork_sth_proof_n12000_pg0p2_a0p3_ff0p05_s41007_drop0_pc0p05_pgc0p05
permanent_fork,sth_proof,12000,6.0,5.0,0.2,0.3,0.05,3.0,True,0.0,0.0,0.0,0.0,,,,,27635.0,,,,53.885763391578344,53.885763391578344,191.0,0.002735605843597823,191,191,41008,0.05,0.05,0.0,True,0.2,0.04,800,16,0.0,0.0,0.0,1.117189645767212,C:/Users/efasllija/dev/gossip-poc/out_nb_incremental_clean0104/scenario_groups_effect/permanent_fork_sth_proof_n12000_pg0p2_a0p3_ff0p05_s41008_drop0_pc0p05_pgc0p05
permanent_fork,sth_proof,12000,6.0,5.0,0.2,0.3,0.05,3.0,True,0.0,0.0,0.0,0.0,,,,,27966.0,,,,51.193632399847836,51.193632399847836,247.0,0.003613964240774881,247,247,41009,0.05,0.05,0.0,True,0.2,0.04,800,16,0.0,0.0,0.0,0.9971218109130859,C:/Users/efasllija/dev/gossip-poc/out_nb_incremental_clean0104/scenario_groups_effect/permanent_fork_sth_proof_n12000_pg0p2_a0p3_ff0p05_s41009_drop0_pc0p05_pgc0p05
permanent_fork,sth_proof,12000,6.0,5.0,0.2,0.3,0.05,3.0,True,0.0,0.0,0.0,0.0,,,,,27723.0,,,,52.58847707054884,52.58847707054884,274.0,0.00393774341433971,274,274,41010,0.05,0.05,0.0,True,0.2,0.04,800,16,0.0,0.0,0.0,1.005708932876587,C:/Users/efasllija/dev/gossip-poc/out_nb_incremental_clean0104/scenario_groups_effect/permanent_fork_sth_proof_n12000_pg0p2_a0p3_ff0p05_s41010_drop0_pc0p05_pgc0p05
permanent_fork,sth_proof,12000,6.0,5.0,0.2,0.3,0.05,3.0,True,0.0,0.0,0.0,0.0,,,,,27544.0,,,,55.07540561789722,55.07540561789722,291.0,0.004159817025230506,291,291,41011,0.05,0.05,0.0,True,0.2,0.04,800,16,0.0,0.0,0.0,1.0160908699035645,C:/Users/efasllija/dev/gossip-poc/out_nb_incremental_clean0104/scenario_groups_effect/permanent_fork_sth_proof_n12000_pg0p2_a0p3_ff0p05_s41011_drop0_pc0p05_pgc0p05
permanent_fork,sth_proof,12000,6.0,5.0,0.2,0.3,0.05,3.0,True,0.0,0.0,0.0,0.0,,,,,26657.0,,,,49.865545458655454,49.865545458655454,178.0,0.0026824600268246,178,178,41012,0.05,0.05,0.0,True,0.2,0.04,800,16,0.0,0.0,0.0,1.047529935836792,C:/Users/efasllija/dev/gossip-poc/out_nb_incremental_clean0104/scenario_groups_effect/permanent_fork_sth_proof_n12000_pg0p2_a0p3_ff0p05_s41012_drop0_pc0p05_pgc0p05
permanent_fork,sth_proof,12000,6.0,5.0,0.2,0.3,0.05,3.0,True,0.0,0.0,0.0,0.0,,,,,28639.0,,,,55.044065105200474,55.044065105200474,195.0,0.002764702546361935,195,195,41013,0.05,0.05,0.0,True,0.2,0.04,800,16,0.0,0.0,0.0,0.9710133075714111,C:/Users/efasllija/dev/gossip-poc/out_nb_incremental_clean0104/scenario_groups_effect/permanent_fork_sth_proof_n12000_pg0p2_a0p3_ff0p05_s41013_drop0_pc0p05_pgc0p05
permanent_fork,sth_proof,12000,6.0,5.0,0.2,0.3,0.05,3.0,True,0.0,0.0,0.0,0.0,,,,,26950.0,,,,52.84376056317329,52.84376056317329,181.0,0.00266008259482974,181,181,41014,0.05,0.05,0.0,True,0.2,0.04,800,16,0.0,0.0,0.0,0.9741742610931396,C:/Users/efasllija/dev/gossip-poc/out_nb_incremental_clean0104/scenario_groups_effect/permanent_fork_sth_proof_n12000_pg0p2_a0p3_ff0p05_s41014_drop0_pc0p05_pgc0p05
permanent_fork,sth_proof,12000,6.0,5.0,0.2,0.3,0.05,3.0,True,0.0,0.0,0.0,0.0,,,,,47032.0,,,,55.79888381190039,55.79888381190039,453.0,0.0038189819420324064,453,453,41000,0.05,0.05,0.0,True,0.2,0.08,800,16,0.0,0.0,0.0,1.0158450603485107,C:/Users/efasllija/dev/gossip-poc/out_nb_incremental_clean0104/scenario_groups_effect/permanent_fork_sth_proof_n12000_pg0p2_a0p3_ff0p05_s41000_drop0_pc0p05_pgc0p05
permanent_fork,sth_proof,12000,6.0,5.0,0.2,0.3,0.05,3.0,True,0.0,0.0,0.0,0.0,,,,,47428.0,,,,46.199049558723694,46.199049558723694,372.0,0.003156822810590631,372,372,41001,0.05,0.05,0.0,True,0.2,0.08,800,16,0.0,0.0,0.0,1.025848627090454,C:/Users/efasllija/dev/gossip-poc/out_nb_incremental_clean0104/scenario_groups_effect/permanent_fork_sth_proof_n12000_pg0p2_a0p3_ff0p05_s41001_drop0_pc0p05_pgc0p05
permanent_fork,sth_proof,12000,6.0,5.0,0.2,0.3,0.05,3.0,True,0.0,0.0,0.0,0.0,,,,,49255.0,,,,53.28231154638172,53.28231154638172,368.0,0.002983477372594166,368,368,41002,0.05,0.05,0.0,True,0.2,0.08,800,16,0.0,0.0,0.0,1.0089893341064453,C:/Users/efasllija/dev/gossip-poc/out_nb_incremental_clean0104/scenario_groups_effect/permanent_fork_sth_proof_n12000_pg0p2_a0p3_ff0p05_s41002_drop0_pc0p05_pgc0p05
permanent_fork,sth_proof,12000,6.0,5.0,0.2,0.3,0.05,3.0,True,0.0,0.0,0.0,0.0,,,,,46145.0,,,,55.08397161622031,55.08397161622031,345.0,0.0030373461518144844,345,345,41003,0.05,0.05,0.0,True,0.2,0.08,800,16,0.0,0.0,0.0,1.0393614768981934,C:/Users/efasllija/dev/gossip-poc/out_nb_incremental_clean0104/scenario_groups_effect/permanent_fork_sth_proof_n12000_pg0p2_a0p3_ff0p05_s41003_drop0_pc0p05_pgc0p05
permanent_fork,sth_proof,12000,6.0,5.0,0.2,0.3,0.05,3.0,True,0.0,0.0,0.0,0.0,,,,,48204.0,,,,51.79163933860333,51.79163933860333,398.0,0.0034347060651040767,398,398,41004,0.05,0.05,0.0,True,0.2,0.08,800,16,0.0,0.0,0.0,0.9787330627441406,C:/Users/efasllija/dev/gossip-poc/out_nb_incremental_clean0104/scenario_groups_effect/permanent_fork_sth_proof_n12000_pg0p2_a0p3_ff0p05_s41004_drop0_pc0p05_pgc0p05
permanent_fork,sth_proof,12000,6.0,5.0,0.2,0.3,0.05,3.0,True,0.0,0.0,0.0,0.0,,,,,49918.0,,,,54.028055569656665,54.028055569656665,305.0,0.0025805032404352165,305,305,41005,0.05,0.05,0.0,True,0.2,0.08,800,16,0.0,0.0,0.0,0.9878597259521484,C:/Users/efasllija/dev/gossip-poc/out_nb_incremental_clean0104/scenario_groups_effect/permanent_fork_sth_proof_n12000_pg0p2_a0p3_ff0p05_s41005_drop0_pc0p05_pgc0p05
permanent_fork,sth_proof,12000,6.0,5.0,0.2,0.3,0.05,3.0,True,0.0,0.0,0.0,0.0,,,,,45809.0,,,,53.83508638824706,53.83508638824706,335.0,0.002888229816877608,335,335,41006,0.05,0.05,0.0,True,0.2,0.08,800,16,0.0,0.0,0.0,1.0383808612823486,C:/Users/efasllija/dev/gossip-poc/out_nb_incremental_clean0104/scenario_groups_effect/permanent_fork_sth_proof_n12000_pg0p2_a0p3_ff0p05_s41006_drop0_pc0p05_pgc0p05
permanent_fork,sth_proof,12000,6.0,5.0,0.2,0.3,0.05,3.0,True,0.0,0.0,0.0,0.0,,,,,46415.0,,,,53.89724537722676,53.89724537722676,451.0,0.0038166969914949435,451,451,41007,0.05,0.05,0.0,True,0.2,0.08,800,16,0.0,0.0,0.0,1.0237672328948975,C:/Users/efasllija/dev/gossip-poc/out_nb_incremental_clean0104/scenario_groups_effect/permanent_fork_sth_proof_n12000_pg0p2_a0p3_ff0p05_s41007_drop0_pc0p05_pgc0p05
permanent_fork,sth_proof,12000,6.0,5.0,0.2,0.3,0.05,3.0,True,0.0,0.0,0.0,0.0,,,,,46778.0,,,,53.64680032957978,53.64680032957978,337.0,0.0028924059324361437,337,337,41008,0.05,0.05,0.0,True,0.2,0.08,800,16,0.0,0.0,0.0,1.008838176727295,C:/Users/efasllija/dev/gossip-poc/out_nb_incremental_clean0104/scenario_groups_effect/permanent_fork_sth_proof_n12000_pg0p2_a0p3_ff0p05_s41008_drop0_pc0p05_pgc0p05
permanent_fork,sth_proof,12000,6.0,5.0,0.2,0.3,0.05,3.0,True,0.0,0.0,0.0,0.0,,,,,48847.0,,,,58.46299201737901,58.46299201737901,456.0,0.003930966707470561,456,456,41009,0.05,0.05,0.0,True,0.2,0.08,800,16,0.0,0.0,0.0,1.0076837539672852,C:/Users/efasllija/dev/gossip-poc/out_nb_incremental_clean0104/scenario_groups_effect/permanent_fork_sth_proof_n12000_pg0p2_a0p3_ff0p05_s41009_drop0_pc0p05_pgc0p05
permanent_fork,sth_proof,12000,6.0,5.0,0.2,0.3,0.05,3.0,True,0.0,0.0,0.0,0.0,,,,,47967.0,,,,56.04035596373326,56.04035596373326,532.0,0.00445792622634869,532,532,41010,0.05,0.05,0.0,True,0.2,0.08,800,16,0.0,0.0,0.0,1.007328748703003,C:/Users/efasllija/dev/gossip-poc/out_nb_incremental_clean0104/scenario_groups_effect/permanent_fork_sth_proof_n12000_pg0p2_a0p3_ff0p05_s41010_drop0_pc0p05_pgc0p05
permanent_fork,sth_proof,12000,6.0,5.0,0.2,0.3,0.05,3.0,True,0.0,0.0,0.0,0.0,,,,,46195.0,,,,55.31059535822401,55.31059535822401,499.0,0.004196098217288934,499,499,41011,0.05,0.05,0.0,True,0.2,0.08,800,16,0.0,0.0,0.0,1.0404777526855469,C:/Users/efasllija/dev/gossip-poc/out_nb_incremental_clean0104/scenario_groups_effect/permanent_fork_sth_proof_n12000_pg0p2_a0p3_ff0p05_s41011_drop0_pc0p05_pgc0p05
permanent_fork,sth_proof,12000,6.0,5.0,0.2,0.3,0.05,3.0,True,0.0,0.0,0.0,0.0,,,,,45085.0,,,,56.041266018440304,56.041266018440304,281.0,0.0025252071388774063,281,281,41012,0.05,0.05,0.0,True,0.2,0.08,800,16,0.0,0.0,0.0,0.9797518253326416,C:/Users/efasllija/dev/gossip-poc/out_nb_incremental_clean0104/scenario_groups_effect/permanent_fork_sth_proof_n12000_pg0p2_a0p3_ff0p05_s41012_drop0_pc0p05_pgc0p05
permanent_fork,sth_proof,12000,6.0,5.0,0.2,0.3,0.05,3.0,True,0.0,0.0,0.0,0.0,,,,,46918.0,,,,54.04369513677037,54.04369513677037,389.0,0.0033056025289134,389,389,41013,0.05,0.05,0.0,True,0.2,0.08,800,16,0.0,0.0,0.0,1.0259480476379395,C:/Users/efasllija/dev/gossip-poc/out_nb_incremental_clean0104/scenario_groups_effect/permanent_fork_sth_proof_n12000_pg0p2_a0p3_ff0p05_s41013_drop0_pc0p05_pgc0p05
permanent_fork,sth_proof,12000,6.0,5.0,0.2,0.3,0.05,3.0,True,0.0,0.0,0.0,0.0,,,,,45052.0,,,,53.99505684626792,53.99505684626792,367.0,0.0032395311065602714,367,367,41014,0.05,0.05,0.0,True,0.2,0.08,800,16,0.0,0.0,0.0,1.0209393501281738,C:/Users/efasllija/dev/gossip-poc/out_nb_incremental_clean0104/scenario_groups_effect/permanent_fork_sth_proof_n12000_pg0p2_a0p3_ff0p05_s41014_drop0_pc0p05_pgc0p05
permanent_fork,sth_proof,12000,6.0,5.0,0.2,0.3,0.05,3.0,True,0.0,0.0,0.0,0.0,,,,,68081.0,,,,51.90338026495574,51.90338026495574,577.0,0.0034277906493197885,577,577,41000,0.05,0.05,0.0,True,0.2,0.12,800,16,0.0,0.0,0.0,1.0861237049102783,C:/Users/efasllija/dev/gossip-poc/out_nb_incremental_clean0104/scenario_groups_effect/permanent_fork_sth_proof_n12000_pg0p2_a0p3_ff0p05_s41000_drop0_pc0p05_pgc0p05
permanent_fork,sth_proof,12000,6.0,5.0,0.2,0.3,0.05,3.0,True,0.0,0.0,0.0,0.0,,,,,67791.0,,,,48.204616404507924,48.204616404507924,428.0,0.0025794009522087627,428,428,41001,0.05,0.05,0.0,True,0.2,0.12,800,16,0.0,0.0,0.0,1.0642619132995605,C:/Users/efasllija/dev/gossip-poc/out_nb_incremental_clean0104/scenario_groups_effect/permanent_fork_sth_proof_n12000_pg0p2_a0p3_ff0p05_s41001_drop0_pc0p05_pgc0p05
permanent_fork,sth_proof,12000,6.0,5.0,0.2,0.3,0.05,3.0,True,0.0,0.0,0.0,0.0,,,,,70064.0,,,,53.60860771782218,53.60860771782218,631.0,0.0036462607047511183,631,631,41002,0.05,0.05,0.0,True,0.2,0.12,800,16,0.0,0.0,0.0,1.1367597579956055,C:/Users/efasllija/dev/gossip-poc/out_nb_incremental_clean0104/scenario_groups_effect/permanent_fork_sth_proof_n12000_pg0p2_a0p3_ff0p05_s41002_drop0_pc0p05_pgc0p05
permanent_fork,sth_proof,12000,6.0,5.0,0.2,0.3,0.05,3.0,True,0.0,0.0,0.0,0.0,,,,,63626.0,,,,55.67138419054194,55.67138419054194,540.0,0.0033890858882229266,540,540,41003,0.05,0.05,0.0,True,0.2,0.12,800,16,0.0,0.0,0.0,1.032893419265747,C:/Users/efasllija/dev/gossip-poc/out_nb_incremental_clean0104/scenario_groups_effect/permanent_fork_sth_proof_n12000_pg0p2_a0p3_ff0p05_s41003_drop0_pc0p05_pgc0p05
permanent_fork,sth_proof,12000,6.0,5.0,0.2,0.3,0.05,3.0,True,0.0,0.0,0.0,0.0,,,,,65971.0,,,,50.86057365035171,50.86057365035171,496.0,0.003041806440534524,496,496,41004,0.05,0.05,0.0,True,0.2,0.12,800,16,0.0,0.0,0.0,1.0561447143554688,C:/Users/efasllija/dev/gossip-poc/out_nb_incremental_clean0104/scenario_groups_effect/permanent_fork_sth_proof_n12000_pg0p2_a0p3_ff0p05_s41004_drop0_pc0p05_pgc0p05
permanent_fork,sth_proof,12000,6.0,5.0,0.2,0.3,0.05,3.0,True,0.0,0.0,0.0,0.0,,,,,67941.0,,,,52.61408580171506,52.61408580171506,462.0,0.002793938001185307,462,462,41005,0.05,0.05,0.0,True,0.2,0.12,800,16,0.0,0.0,0.0,1.0561988353729248,C:/Users/efasllija/dev/gossip-poc/out_nb_incremental_clean0104/scenario_groups_effect/permanent_fork_sth_proof_n12000_pg0p2_a0p3_ff0p05_s41005_drop0_pc0p05_pgc0p05
permanent_fork,sth_proof,12000,6.0,5.0,0.2,0.3,0.05,3.0,True,0.0,0.0,0.0,0.0,,,,,64120.0,,,,54.082958259407974,54.082958259407974,398.0,0.002477666760046067,398,398,41006,0.05,0.05,0.0,True,0.2,0.12,800,16,0.0,0.0,0.0,1.0215232372283936,C:/Users/efasllija/dev/gossip-poc/out_nb_incremental_clean0104/scenario_groups_effect/permanent_fork_sth_proof_n12000_pg0p2_a0p3_ff0p05_s41006_drop0_pc0p05_pgc0p05
permanent_fork,sth_proof,12000,6.0,5.0,0.2,0.3,0.05,3.0,True,0.0,0.0,0.0,0.0,,,,,65696.0,,,,51.56049232312736,51.56049232312736,649.0,0.003875760670285636,649,649,41007,0.05,0.05,0.0,True,0.2,0.12,800,16,0.0,0.0,0.0,1.0350821018218994,C:/Users/efasllija/dev/gossip-poc/out_nb_incremental_clean0104/scenario_groups_effect/permanent_fork_sth_proof_n12000_pg0p2_a0p3_ff0p05_s41007_drop0_pc0p05_pgc0p05
permanent_fork,sth_proof,12000,6.0,5.0,0.2,0.3,0.05,3.0,True,0.0,0.0,0.0,0.0,,,,,63641.0,,,,55.267829247685675,55.267829247685675,522.0,0.0031728858065025924,522,522,41008,0.05,0.05,0.0,True,0.2,0.12,800,16,0.0,0.0,0.0,1.033189296722412,C:/Users/efasllija/dev/gossip-poc/out_nb_incremental_clean0104/scenario_groups_effect/permanent_fork_sth_proof_n12000_pg0p2_a0p3_ff0p05_s41008_drop0_pc0p05_pgc0p05
permanent_fork,sth_proof,12000,6.0,5.0,0.2,0.3,0.05,3.0,True,0.0,0.0,0.0,0.0,,,,,67547.0,,,,55.32250711200408,55.32250711200408,558.0,0.0034285082302630368,558,558,41009,0.05,0.05,0.0,True,0.2,0.12,800,16,0.0,0.0,0.0,1.0150187015533447,C:/Users/efasllija/dev/gossip-poc/out_nb_incremental_clean0104/scenario_groups_effect/permanent_fork_sth_proof_n12000_pg0p2_a0p3_ff0p05_s41009_drop0_pc0p05_pgc0p05
permanent_fork,sth_proof,12000,6.0,5.0,0.2,0.3,0.05,3.0,True,0.0,0.0,0.0,0.0,,,,,67382.0,,,,52.08561682706381,52.08561682706381,573.0,0.003423000412193767,573,573,41010,0.05,0.05,0.0,True,0.2,0.12,800,16,0.0,0.0,0.0,1.034724473953247,C:/Users/efasllija/dev/gossip-poc/out_nb_incremental_clean0104/scenario_groups_effect/permanent_fork_sth_proof_n12000_pg0p2_a0p3_ff0p05_s41010_drop0_pc0p05_pgc0p05
permanent_fork,sth_proof,12000,6.0,5.0,0.2,0.3,0.05,3.0,True,0.0,0.0,0.0,0.0,,,,,66718.0,,,,54.939407788137956,54.939407788137956,636.0,0.0037747719408619063,636,636,41011,0.05,0.05,0.0,True,0.2,0.12,800,16,0.0,0.0,0.0,1.0224459171295166,C:/Users/efasllija/dev/gossip-poc/out_nb_incremental_clean0104/scenario_groups_effect/permanent_fork_sth_proof_n12000_pg0p2_a0p3_ff0p05_s41011_drop0_pc0p05_pgc0p05
permanent_fork,sth_proof,12000,6.0,5.0,0.2,0.3,0.05,3.0,True,0.0,0.0,0.0,0.0,,,,,63105.0,,,,50.9022602951801,50.9022602951801,450.0,0.002902776344307978,450,450,41012,0.05,0.05,0.0,True,0.2,0.12,800,16,0.0,0.0,0.0,1.0560343265533447,C:/Users/efasllija/dev/gossip-poc/out_nb_incremental_clean0104/scenario_groups_effect/permanent_fork_sth_proof_n12000_pg0p2_a0p3_ff0p05_s41012_drop0_pc0p05_pgc0p05
permanent_fork,sth_proof,12000,6.0,5.0,0.2,0.3,0.05,3.0,True,0.0,0.0,0.0,0.0,,,,,64364.0,,,,54.31778355448803,54.31778355448803,512.0,0.0031614110266558818,512,512,41013,0.05,0.05,0.0,True,0.2,0.12,800,16,0.0,0.0,0.0,1.0367965698242188,C:/Users/efasllija/dev/gossip-poc/out_nb_incremental_clean0104/scenario_groups_effect/permanent_fork_sth_proof_n12000_pg0p2_a0p3_ff0p05_s41013_drop0_pc0p05_pgc0p05
permanent_fork,sth_proof,12000,6.0,5.0,0.2,0.3,0.05,3.0,True,0.0,0.0,0.0,0.0,,,,,63515.0,,,,55.859546560810514,55.859546560810514,506.0,0.0031335732023755705,506,506,41014,0.05,0.05,0.0,True,0.2,0.12,800,16,0.0,0.0,0.0,1.0219955444335938,C:/Users/efasllija/dev/gossip-poc/out_nb_incremental_clean0104/scenario_groups_effect/permanent_fork_sth_proof_n12000_pg0p2_a0p3_ff0p05_s41014_drop0_pc0p05_pgc0p05
permanent_fork,sth_proof,12000,6.0,5.0,0.2,0.3,0.05,3.0,True,5.0,5.0,0.0,0.0,,,,,8836.0,,,,52.0920564216778,52.0920564216778,65.0,0.003015961395694135,65,65,41000,0.05,0.05,0.0,True,0.2,0.0,800,32,0.0,0.0,0.0,0.914330244064331,C:/Users/efasllija/dev/gossip-poc/out_nb_incremental_clean0104/scenario_groups_effect/permanent_fork_sth_proof_n12000_pg0p2_a0p3_ff0p05_s41000_drop0_pc0p05_pgc0p05
permanent_fork,sth_proof,12000,6.0,5.0,0.2,0.3,0.05,3.0,True,0.0,0.0,0.0,0.0,,,,,8818.0,,,,48.8786717752235,48.8786717752235,63.0,0.0028735632183908046,63,63,41001,0.05,0.05,0.0,True,0.2,0.0,800,32,0.0,0.0,0.0,0.9865520000457764,C:/Users/efasllija/dev/gossip-poc/out_nb_incremental_clean0104/scenario_groups_effect/permanent_fork_sth_proof_n12000_pg0p2_a0p3_ff0p05_s41001_drop0_pc0p05_pgc0p05
permanent_fork,sth_proof,12000,6.0,5.0,0.2,0.3,0.05,3.0,True,0.0,0.0,0.0,0.0,,,,,8800.0,,,,51.636792666878435,51.636792666878435,74.0,0.0033579888369560285,74,74,41002,0.05,0.05,0.0,True,0.2,0.0,800,32,0.0,0.0,0.0,0.9364497661590576,C:/Users/efasllija/dev/gossip-poc/out_nb_incremental_clean0104/scenario_groups_effect/permanent_fork_sth_proof_n12000_pg0p2_a0p3_ff0p05_s41002_drop0_pc0p05_pgc0p05
permanent_fork,sth_proof,12000,6.0,5.0,0.2,0.3,0.05,3.0,True,0.0,0.0,0.0,0.0,,,,,8396.0,,,,52.653002723233485,52.653002723233485,74.0,0.003535425923271702,74,74,41003,0.05,0.05,0.0,True,0.2,0.0,800,32,0.0,0.0,0.0,0.8882520198822021,C:/Users/efasllija/dev/gossip-poc/out_nb_incremental_clean0104/scenario_groups_effect/permanent_fork_sth_proof_n12000_pg0p2_a0p3_ff0p05_s41003_drop0_pc0p05_pgc0p05
permanent_fork,sth_proof,12000,6.0,5.0,0.2,0.3,0.05,3.0,True,5.0,5.0,0.0,0.0,,,,,8634.0,,,,51.099227113436704,51.099227113436704,69.0,0.0033123709855503816,69,69,41004,0.05,0.05,0.0,True,0.2,0.0,800,32,0.0,0.0,0.0,0.9044263362884521,C:/Users/efasllija/dev/gossip-poc/out_nb_incremental_clean0104/scenario_groups_effect/permanent_fork_sth_proof_n12000_pg0p2_a0p3_ff0p05_s41004_drop0_pc0p05_pgc0p05
permanent_fork,sth_proof,12000,6.0,5.0,0.2,0.3,0.05,3.0,True,5.0,5.0,0.0,0.0,,,,,8876.0,,,,54.80661327338298,54.80661327338298,70.0,0.0032785349632335724,70,70,41005,0.05,0.05,0.0,True,0.2,0.0,800,32,0.0,0.0,0.0,0.936758279800415,C:/Users/efasllija/dev/gossip-poc/out_nb_incremental_clean0104/scenario_groups_effect/permanent_fork_sth_proof_n12000_pg0p2_a0p3_ff0p05_s41005_drop0_pc0p05_pgc0p05
permanent_fork,sth_proof,12000,6.0,5.0,0.2,0.3,0.05,3.0,True,0.0,0.0,0.0,0.0,,,,,8516.0,,,,58.12254054306678,58.12254054306678,80.0,0.003738841893723419,80,80,41006,0.05,0.05,0.0,True,0.2,0.0,800,32,0.0,0.0,0.0,0.9208543300628662,C:/Users/efasllija/dev/gossip-poc/out_nb_incremental_clean0104/scenario_groups_effect/permanent_fork_sth_proof_n12000_pg0p2_a0p3_ff0p05_s41006_drop0_pc0p05_pgc0p05
permanent_fork,sth_proof,12000,6.0,5.0,0.2,0.3,0.05,3.0,True,5.0,5.0,0.0,0.0,,,,,8578.0,,,,51.198796030663594,51.198796030663594,65.0,0.0030569533932182664,65,65,41007,0.05,0.05,0.0,True,0.2,0.0,800,32,0.0,0.0,0.0,0.9020707607269287,C:/Users/efasllija/dev/gossip-poc/out_nb_incremental_clean0104/scenario_groups_effect/permanent_fork_sth_proof_n12000_pg0p2_a0p3_ff0p05_s41007_drop0_pc0p05_pgc0p05
permanent_fork,sth_proof,12000,6.0,5.0,0.2,0.3,0.05,3.0,True,5.0,5.0,0.0,0.0,,,,,8451.0,,,,55.02048451968946,55.02048451968946,66.0,0.0030867084463567485,66,66,41008,0.05,0.05,0.0,True,0.2,0.0,800,32,0.0,0.0,0.0,0.9369220733642578,C:/Users/efasllija/dev/gossip-poc/out_nb_incremental_clean0104/scenario_groups_effect/permanent_fork_sth_proof_n12000_pg0p2_a0p3_ff0p05_s41008_drop0_pc0p05_pgc0p05
permanent_fork,sth_proof,12000,6.0,5.0,0.2,0.3,0.05,3.0,True,0.0,0.0,0.0,0.0,,,,,8525.0,,,,55.17713633553664,55.17713633553664,59.0,0.0028056493413857056,59,59,41009,0.05,0.05,0.0,True,0.2,0.0,800,32,0.0,0.0,0.0,0.9228384494781494,C:/Users/efasllija/dev/gossip-poc/out_nb_incremental_clean0104/scenario_groups_effect/permanent_fork_sth_proof_n12000_pg0p2_a0p3_ff0p05_s41009_drop0_pc0p05_pgc0p05
permanent_fork,sth_proof,12000,6.0,5.0,0.2,0.3,0.05,3.0,True,5.0,5.0,0.0,0.0,,,,,9133.0,,,,53.25830919873121,53.25830919873121,74.0,0.003401829632694341,74,74,41010,0.05,0.05,0.0,True,0.2,0.0,800,32,0.0,0.0,0.0,0.933051347732544,C:/Users/efasllija/dev/gossip-poc/out_nb_incremental_clean0104/scenario_groups_effect/permanent_fork_sth_proof_n12000_pg0p2_a0p3_ff0p05_s41010_drop0_pc0p05_pgc0p05
permanent_fork,sth_proof,12000,6.0,5.0,0.2,0.3,0.05,3.0,True,0.0,0.0,0.0,0.0,,,,,8285.0,,,,53.476663026446985,53.476663026446985,72.0,0.003418641090166659,72,72,41011,0.05,0.05,0.0,True,0.2,0.0,800,32,0.0,0.0,0.0,0.9130713939666748,C:/Users/efasllija/dev/gossip-poc/out_nb_incremental_clean0104/scenario_groups_effect/permanent_fork_sth_proof_n12000_pg0p2_a0p3_ff0p05_s41011_drop0_pc0p05_pgc0p05
permanent_fork,sth_proof,12000,6.0,5.0,0.2,0.3,0.05,3.0,True,0.0,0.0,0.0,0.0,,,,,8357.0,,,,52.262697530565895,52.262697530565895,68.0,0.003286135408109022,68,68,41012,0.05,0.05,0.0,True,0.2,0.0,800,32,0.0,0.0,0.0,0.9186394214630127,C:/Users/efasllija/dev/gossip-poc/out_nb_incremental_clean0104/scenario_groups_effect/permanent_fork_sth_proof_n12000_pg0p2_a0p3_ff0p05_s41012_drop0_pc0p05_pgc0p05
permanent_fork,sth_proof,12000,6.0,5.0,0.2,0.3,0.05,3.0,True,5.0,5.0,0.0,0.0,,,,,8814.0,,,,53.024205253054916,53.024205253054916,80.0,0.003745493702888712,80,80,41013,0.05,0.05,0.0,True,0.2,0.0,800,32,0.0,0.0,0.0,0.9229116439819336,C:/Users/efasllija/dev/gossip-poc/out_nb_incremental_clean0104/scenario_groups_effect/permanent_fork_sth_proof_n12000_pg0p2_a0p3_ff0p05_s41013_drop0_pc0p05_pgc0p05
permanent_fork,sth_proof,12000,6.0,5.0,0.2,0.3,0.05,3.0,True,0.0,0.0,0.0,0.0,,,,,8444.0,,,,53.87812396263101,53.87812396263101,86.0,0.004078342106511121,86,86,41014,0.05,0.05,0.0,True,0.2,0.0,800,32,0.0,0.0,0.0,0.9202120304107666,C:/Users/efasllija/dev/gossip-poc/out_nb_incremental_clean0104/scenario_groups_effect/permanent_fork_sth_proof_n12000_pg0p2_a0p3_ff0p05_s41014_drop0_pc0p05_pgc0p05
permanent_fork,sth_proof,12000,6.0,5.0,0.2,0.3,0.05,3.0,True,0.0,0.0,0.0,0.0,,,,,57860.0,,,,46.964245223018004,46.964245223018004,531.0,0.0036708790752979564,531,531,41000,0.05,0.05,0.0,True,0.2,0.04,800,32,0.0,0.0,0.0,0.9551331996917725,C:/Users/efasllija/dev/gossip-poc/out_nb_incremental_clean0104/scenario_groups_effect/permanent_fork_sth_proof_n12000_pg0p2_a0p3_ff0p05_s41000_drop0_pc0p05_pgc0p05
permanent_fork,sth_proof,12000,6.0,5.0,0.2,0.3,0.05,3.0,True,0.0,0.0,0.0,0.0,,,,,59664.0,,,,52.83292145405797,52.83292145405797,441.0,0.002985842637291211,441,441,41001,0.05,0.05,0.0,True,0.2,0.04,800,32,0.0,0.0,0.0,1.011289119720459,C:/Users/efasllija/dev/gossip-poc/out_nb_incremental_clean0104/scenario_groups_effect/permanent_fork_sth_proof_n12000_pg0p2_a0p3_ff0p05_s41001_drop0_pc0p05_pgc0p05
permanent_fork,sth_proof,12000,6.0,5.0,0.2,0.3,0.05,3.0,True,5.0,5.0,0.0,0.0,,,,,60967.0,,,,59.59007361513607,59.59007361513607,508.0,0.0033842976583058526,508,508,41002,0.05,0.05,0.0,True,0.2,0.04,800,32,0.0,0.0,0.0,0.9957668781280518,C:/Users/efasllija/dev/gossip-poc/out_nb_incremental_clean0104/scenario_groups_effect/permanent_fork_sth_proof_n12000_pg0p2_a0p3_ff0p05_s41002_drop0_pc0p05_pgc0p05
permanent_fork,sth_proof,12000,6.0,5.0,0.2,0.3,0.05,3.0,True,0.0,0.0,0.0,0.0,,,,,55876.0,,,,59.6411516108252,59.6411516108252,435.0,0.003079362607335254,435,435,41003,0.05,0.05,0.0,True,0.2,0.04,800,32,0.0,0.0,0.0,0.9974515438079834,C:/Users/efasllija/dev/gossip-poc/out_nb_incremental_clean0104/scenario_groups_effect/permanent_fork_sth_proof_n12000_pg0p2_a0p3_ff0p05_s41003_drop0_pc0p05_pgc0p05
permanent_fork,sth_proof,12000,6.0,5.0,0.2,0.3,0.05,3.0,True,0.0,0.0,0.0,0.0,,,,,57219.0,,,,48.40608236419334,48.40608236419334,417.0,0.002890093286943986,417,417,41004,0.05,0.05,0.0,True,0.2,0.04,800,32,0.0,0.0,0.0,1.0337042808532715,C:/Users/efasllija/dev/gossip-poc/out_nb_incremental_clean0104/scenario_groups_effect/permanent_fork_sth_proof_n12000_pg0p2_a0p3_ff0p05_s41004_drop0_pc0p05_pgc0p05
permanent_fork,sth_proof,12000,6.0,5.0,0.2,0.3,0.05,3.0,True,0.0,0.0,0.0,0.0,,,,,62458.0,,,,52.46104943228195,52.46104943228195,614.0,0.004074563178955611,614,614,41005,0.05,0.05,0.0,True,0.2,0.04,800,32,0.0,0.0,0.0,0.9984750747680664,C:/Users/efasllija/dev/gossip-poc/out_nb_incremental_clean0104/scenario_groups_effect/permanent_fork_sth_proof_n12000_pg0p2_a0p3_ff0p05_s41005_drop0_pc0p05_pgc0p05
permanent_fork,sth_proof,12000,6.0,5.0,0.2,0.3,0.05,3.0,True,0.0,0.0,0.0,0.0,,,,,57139.0,,,,54.78099924353291,54.78099924353291,367.0,0.0025946114092204146,367,367,41006,0.05,0.05,0.0,True,0.2,0.04,800,32,0.0,0.0,0.0,0.9639673233032227,C:/Users/efasllija/dev/gossip-poc/out_nb_incremental_clean0104/scenario_groups_effect/permanent_fork_sth_proof_n12000_pg0p2_a0p3_ff0p05_s41006_drop0_pc0p05_pgc0p05
permanent_fork,sth_proof,12000,6.0,5.0,0.2,0.3,0.05,3.0,True,0.0,0.0,0.0,0.0,,,,,56014.0,,,,53.11662603404805,53.11662603404805,350.0,0.0024310113701874656,350,350,41007,0.05,0.05,0.0,True,0.2,0.04,800,32,0.0,0.0,0.0,0.9742038249969482,C:/Users/efasllija/dev/gossip-poc/out_nb_incremental_clean0104/scenario_groups_effect/permanent_fork_sth_proof_n12000_pg0p2_a0p3_ff0p05_s41007_drop0_pc0p05_pgc0p05
permanent_fork,sth_proof,12000,6.0,5.0,0.2,0.3,0.05,3.0,True,0.0,0.0,0.0,0.0,,,,,57000.0,,,,55.9561092943434,55.9561092943434,492.0,0.0033242344801491853,492,492,41008,0.05,0.05,0.0,True,0.2,0.04,800,32,0.0,0.0,0.0,0.9742698669433594,C:/Users/efasllija/dev/gossip-poc/out_nb_incremental_clean0104/scenario_groups_effect/permanent_fork_sth_proof_n12000_pg0p2_a0p3_ff0p05_s41008_drop0_pc0p05_pgc0p05
permanent_fork,sth_proof,12000,6.0,5.0,0.2,0.3,0.05,3.0,True,0.0,0.0,0.0,0.0,,,,,58475.0,,,,49.77434056069604,49.77434056069604,369.0,0.0025479906090319017,369,369,41009,0.05,0.05,0.0,True,0.2,0.04,800,32,0.0,0.0,0.0,0.9845349788665771,C:/Users/efasllija/dev/gossip-poc/out_nb_incremental_clean0104/scenario_groups_effect/permanent_fork_sth_proof_n12000_pg0p2_a0p3_ff0p05_s41009_drop0_pc0p05_pgc0p05
permanent_fork,sth_proof,12000,6.0,5.0,0.2,0.3,0.05,3.0,True,0.0,0.0,0.0,0.0,,,,,60129.0,,,,48.850391160577466,48.850391160577466,670.0,0.004503051321343119,670,670,41010,0.05,0.05,0.0,True,0.2,0.04,800,32,0.0,0.0,0.0,0.9998455047607422,C:/Users/efasllija/dev/gossip-poc/out_nb_incremental_clean0104/scenario_groups_effect/permanent_fork_sth_proof_n12000_pg0p2_a0p3_ff0p05_s41010_drop0_pc0p05_pgc0p05
permanent_fork,sth_proof,12000,6.0,5.0,0.2,0.3,0.05,3.0,True,0.0,0.0,0.0,0.0,,,,,59464.0,,,,52.47437774524158,52.47437774524158,537.0,0.0036232128519475613,537,537,41011,0.05,0.05,0.0,True,0.2,0.04,800,32,0.0,0.0,0.0,0.9997866153717041,C:/Users/efasllija/dev/gossip-poc/out_nb_incremental_clean0104/scenario_groups_effect/permanent_fork_sth_proof_n12000_pg0p2_a0p3_ff0p05_s41011_drop0_pc0p05_pgc0p05
permanent_fork,sth_proof,12000,6.0,5.0,0.2,0.3,0.05,3.0,True,0.0,0.0,0.0,0.0,,,,,56427.0,,,,51.08704919430471,51.08704919430471,496.0,0.0035240287606218205,496,496,41012,0.05,0.05,0.0,True,0.2,0.04,800,32,0.0,0.0,0.0,0.9960639476776123,C:/Users/efasllija/dev/gossip-poc/out_nb_incremental_clean0104/scenario_groups_effect/permanent_fork_sth_proof_n12000_pg0p2_a0p3_ff0p05_s41012_drop0_pc0p05_pgc0p05
permanent_fork,sth_proof,12000,6.0,5.0,0.2,0.3,0.05,3.0,True,0.0,0.0,0.0,0.0,,,,,58913.0,,,,53.23197121140598,53.23197121140598,583.0,0.003988533820440723,583,583,41013,0.05,0.05,0.0,True,0.2,0.04,800,32,0.0,0.0,0.0,1.026216983795166,C:/Users/efasllija/dev/gossip-poc/out_nb_incremental_clean0104/scenario_groups_effect/permanent_fork_sth_proof_n12000_pg0p2_a0p3_ff0p05_s41013_drop0_pc0p05_pgc0p05
permanent_fork,sth_proof,12000,6.0,5.0,0.2,0.3,0.05,3.0,True,0.0,0.0,0.0,0.0,,,,,56254.0,,,,60.60590663702763,60.60590663702763,597.0,0.004212977664867153,597,597,41014,0.05,0.05,0.0,True,0.2,0.04,800,32,0.0,0.0,0.0,0.9835035800933838,C:/Users/efasllija/dev/gossip-poc/out_nb_incremental_clean0104/scenario_groups_effect/permanent_fork_sth_proof_n12000_pg0p2_a0p3_ff0p05_s41014_drop0_pc0p05_pgc0p05
permanent_fork,sth_proof,12000,6.0,5.0,0.2,0.3,0.05,3.0,True,0.0,0.0,0.0,0.0,,,,,109235.0,,,,49.33844657700141,49.33844657700141,929.0,0.0034092368667314995,929,929,41000,0.05,0.05,0.0,True,0.2,0.08,800,32,0.0,0.0,0.0,1.0444135665893555,C:/Users/efasllija/dev/gossip-poc/out_nb_incremental_clean0104/scenario_groups_effect/permanent_fork_sth_proof_n12000_pg0p2_a0p3_ff0p05_s41000_drop0_pc0p05_pgc0p05
permanent_fork,sth_proof,12000,6.0,5.0,0.2,0.3,0.05,3.0,True,0.0,0.0,0.0,0.0,,,,,111688.0,,,,49.56388377629783,49.56388377629783,545.0,0.001962994845787845,545,545,41001,0.05,0.05,0.0,True,0.2,0.08,800,32,0.0,0.0,0.0,1.0787477493286133,C:/Users/efasllija/dev/gossip-poc/out_nb_incremental_clean0104/scenario_groups_effect/permanent_fork_sth_proof_n12000_pg0p2_a0p3_ff0p05_s41001_drop0_pc0p05_pgc0p05
permanent_fork,sth_proof,12000,6.0,5.0,0.2,0.3,0.05,3.0,True,0.0,0.0,0.0,0.0,,,,,107612.0,,,,54.43608802742269,54.43608802742269,714.0,0.002609248580261802,714,714,41002,0.05,0.05,0.0,True,0.2,0.08,800,32,0.0,0.0,0.0,1.0670044422149658,C:/Users/efasllija/dev/gossip-poc/out_nb_incremental_clean0104/scenario_groups_effect/permanent_fork_sth_proof_n12000_pg0p2_a0p3_ff0p05_s41002_drop0_pc0p05_pgc0p05
permanent_fork,sth_proof,12000,6.0,5.0,0.2,0.3,0.05,3.0,True,0.0,0.0,0.0,0.0,,,,,103884.0,,,,55.69055516726069,55.69055516726069,828.0,0.003197318577270463,828,828,41003,0.05,0.05,0.0,True,0.2,0.08,800,32,0.0,0.0,0.0,1.041391372680664,C:/Users/efasllija/dev/gossip-poc/out_nb_incremental_clean0104/scenario_groups_effect/permanent_fork_sth_proof_n12000_pg0p2_a0p3_ff0p05_s41003_drop0_pc0p05_pgc0p05
permanent_fork,sth_proof,12000,6.0,5.0,0.2,0.3,0.05,3.0,True,0.0,0.0,0.0,0.0,,,,,104349.0,,,,53.013962879082904,53.013962879082904,741.0,0.00280164998657779,741,741,41004,0.05,0.05,0.0,True,0.2,0.08,800,32,0.0,0.0,0.0,1.0570971965789795,C:/Users/efasllija/dev/gossip-poc/out_nb_incremental_clean0104/scenario_groups_effect/permanent_fork_sth_proof_n12000_pg0p2_a0p3_ff0p05_s41004_drop0_pc0p05_pgc0p05
permanent_fork,sth_proof,12000,6.0,5.0,0.2,0.3,0.05,3.0,True,0.0,0.0,0.0,0.0,,,,,114953.0,,,,49.826385888998196,49.826385888998196,908.0,0.003296148805872082,908,908,41005,0.05,0.05,0.0,True,0.2,0.08,800,32,0.0,0.0,0.0,1.0732269287109375,C:/Users/efasllija/dev/gossip-poc/out_nb_incremental_clean0104/scenario_groups_effect/permanent_fork_sth_proof_n12000_pg0p2_a0p3_ff0p05_s41005_drop0_pc0p05_pgc0p05
permanent_fork,sth_proof,12000,6.0,5.0,0.2,0.3,0.05,3.0,True,0.0,0.0,0.0,0.0,,,,,106729.0,,,,55.10050792906391,55.10050792906391,832.0,0.0031466640444466295,832,832,41006,0.05,0.05,0.0,True,0.2,0.08,800,32,0.0,0.0,0.0,1.0570409297943115,C:/Users/efasllija/dev/gossip-poc/out_nb_incremental_clean0104/scenario_groups_effect/permanent_fork_sth_proof_n12000_pg0p2_a0p3_ff0p05_s41006_drop0_pc0p05_pgc0p05
permanent_fork,sth_proof,12000,6.0,5.0,0.2,0.3,0.05,3.0,True,0.0,0.0,0.0,0.0,,,,,103307.0,,,,49.94990918579212,49.94990918579212,697.0,0.002588854923838637,697,697,41007,0.05,0.05,0.0,True,0.2,0.08,800,32,0.0,0.0,0.0,1.0322022438049316,C:/Users/efasllija/dev/gossip-poc/out_nb_incremental_clean0104/scenario_groups_effect/permanent_fork_sth_proof_n12000_pg0p2_a0p3_ff0p05_s41007_drop0_pc0p05_pgc0p05
permanent_fork,sth_proof,12000,6.0,5.0,0.2,0.3,0.05,3.0,True,0.0,0.0,0.0,0.0,,,,,110200.0,,,,51.819773491631125,51.819773491631125,875.0,0.003107476054677373,875,875,41008,0.05,0.05,0.0,True,0.2,0.08,800,32,0.0,0.0,0.0,1.057157039642334,C:/Users/efasllija/dev/gossip-poc/out_nb_incremental_clean0104/scenario_groups_effect/permanent_fork_sth_proof_n12000_pg0p2_a0p3_ff0p05_s41008_drop0_pc0p05_pgc0p05
permanent_fork,sth_proof,12000,6.0,5.0,0.2,0.3,0.05,3.0,True,0.0,0.0,0.0,0.0,,,,,110823.0,,,,52.45133475207022,52.45133475207022,971.0,0.0035688951127087216,971,971,41009,0.05,0.05,0.0,True,0.2,0.08,800,32,0.0,0.0,0.0,1.1065149307250977,C:/Users/efasllija/dev/gossip-poc/out_nb_incremental_clean0104/scenario_groups_effect/permanent_fork_sth_proof_n12000_pg0p2_a0p3_ff0p05_s41009_drop0_pc0p05_pgc0p05
permanent_fork,sth_proof,12000,6.0,5.0,0.2,0.3,0.05,3.0,True,0.0,0.0,0.0,0.0,,,,,111664.0,,,,58.91113278363921,58.91113278363921,973.0,0.0035944380411975056,973,973,41010,0.05,0.05,0.0,True,0.2,0.08,800,32,0.0,0.0,0.0,1.0776922702789307,C:/Users/efasllija/dev/gossip-poc/out_nb_incremental_clean0104/scenario_groups_effect/permanent_fork_sth_proof_n12000_pg0p2_a0p3_ff0p05_s41010_drop0_pc0p05_pgc0p05
permanent_fork,sth_proof,12000,6.0,5.0,0.2,0.3,0.05,3.0,True,0.0,0.0,0.0,0.0,,,,,106447.0,,,,47.52458200820322,47.52458200820322,779.0,0.002870756973286114,779,779,41011,0.05,0.05,0.0,True,0.2,0.08,800,32,0.0,0.0,0.0,1.0640053749084473,C:/Users/efasllija/dev/gossip-poc/out_nb_incremental_clean0104/scenario_groups_effect/permanent_fork_sth_proof_n12000_pg0p2_a0p3_ff0p05_s41011_drop0_pc0p05_pgc0p05
permanent_fork,sth_proof,12000,6.0,5.0,0.2,0.3,0.05,3.0,True,0.0,0.0,0.0,0.0,,,,,105399.0,,,,53.95085870921801,53.95085870921801,959.0,0.0036714317435280965,959,959,41012,0.05,0.05,0.0,True,0.2,0.08,800,32,0.0,0.0,0.0,1.0470669269561768,C:/Users/efasllija/dev/gossip-poc/out_nb_incremental_clean0104/scenario_groups_effect/permanent_fork_sth_proof_n12000_pg0p2_a0p3_ff0p05_s41012_drop0_pc0p05_pgc0p05
permanent_fork,sth_proof,12000,6.0,5.0,0.2,0.3,0.05,3.0,True,0.0,0.0,0.0,0.0,,,,,109050.0,,,,52.24942637723749,52.24942637723749,1027.0,0.0037167859753758407,1027,1027,41013,0.05,0.05,0.0,True,0.2,0.08,800,32,0.0,0.0,0.0,1.0795326232910156,C:/Users/efasllija/dev/gossip-poc/out_nb_incremental_clean0104/scenario_groups_effect/permanent_fork_sth_proof_n12000_pg0p2_a0p3_ff0p05_s41013_drop0_pc0p05_pgc0p05
permanent_fork,sth_proof,12000,6.0,5.0,0.2,0.3,0.05,3.0,True,0.0,0.0,0.0,0.0,,,,,106084.0,,,,55.84810952501982,55.84810952501982,955.0,0.0036227623278239527,955,955,41014,0.05,0.05,0.0,True,0.2,0.08,800,32,0.0,0.0,0.0,1.0489120483398438,C:/Users/efasllija/dev/gossip-poc/out_nb_incremental_clean0104/scenario_groups_effect/permanent_fork_sth_proof_n12000_pg0p2_a0p3_ff0p05_s41014_drop0_pc0p05_pgc0p05
permanent_fork,sth_proof,12000,6.0,5.0,0.2,0.3,0.05,3.0,True,0.0,0.0,0.0,0.0,,,,,156976.0,,,,51.25331084792968,51.25331084792968,1218.0,0.0031121842781035606,1218,1218,41000,0.05,0.05,0.0,True,0.2,0.12,800,32,0.0,0.0,0.0,1.139319896697998,C:/Users/efasllija/dev/gossip-poc/out_nb_incremental_clean0104/scenario_groups_effect/permanent_fork_sth_proof_n12000_pg0p2_a0p3_ff0p05_s41000_drop0_pc0p05_pgc0p05
permanent_fork,sth_proof,12000,6.0,5.0,0.2,0.3,0.05,3.0,True,0.0,0.0,0.0,0.0,,,,,161141.0,,,,51.73571313795533,51.73571313795533,1108.0,0.0027390826050949905,1108,1108,41001,0.05,0.05,0.0,True,0.2,0.12,800,32,0.0,0.0,0.0,1.1667170524597168,C:/Users/efasllija/dev/gossip-poc/out_nb_incremental_clean0104/scenario_groups_effect/permanent_fork_sth_proof_n12000_pg0p2_a0p3_ff0p05_s41001_drop0_pc0p05_pgc0p05
permanent_fork,sth_proof,12000,6.0,5.0,0.2,0.3,0.05,3.0,True,0.0,0.0,0.0,0.0,,,,,156920.0,,,,55.39809510543086,55.39809510543086,1414.0,0.003517264195295224,1414,1414,41002,0.05,0.05,0.0,True,0.2,0.12,800,32,0.0,0.0,0.0,1.1257214546203613,C:/Users/efasllija/dev/gossip-poc/out_nb_incremental_clean0104/scenario_groups_effect/permanent_fork_sth_proof_n12000_pg0p2_a0p3_ff0p05_s41002_drop0_pc0p05_pgc0p05
permanent_fork,sth_proof,12000,6.0,5.0,0.2,0.3,0.05,3.0,True,0.0,0.0,0.0,0.0,,,,,150101.0,,,,57.860978434312976,57.860978434312976,1197.0,0.0031940271425598115,1197,1197,41003,0.05,0.05,0.0,True,0.2,0.12,800,32,0.0,0.0,0.0,1.1416282653808594,C:/Users/efasllija/dev/gossip-poc/out_nb_incremental_clean0104/scenario_groups_effect/permanent_fork_sth_proof_n12000_pg0p2_a0p3_ff0p05_s41003_drop0_pc0p05_pgc0p05
permanent_fork,sth_proof,12000,6.0,5.0,0.2,0.3,0.05,3.0,True,0.0,0.0,0.0,0.0,,,,,155180.0,,,,49.80035516332131,49.80035516332131,1412.0,0.0036182583672224743,1412,1412,41004,0.05,0.05,0.0,True,0.2,0.12,800,32,0.0,0.0,0.0,1.1050145626068115,C:/Users/efasllija/dev/gossip-poc/out_nb_incremental_clean0104/scenario_groups_effect/permanent_fork_sth_proof_n12000_pg0p2_a0p3_ff0p05_s41004_drop0_pc0p05_pgc0p05
permanent_fork,sth_proof,12000,6.0,5.0,0.2,0.3,0.05,3.0,True,0.0,0.0,0.0,0.0,,,,,162851.0,,,,51.53819185569555,51.53819185569555,1624.0,0.004049461277026539,1624,1624,41005,0.05,0.05,0.0,True,0.2,0.12,800,32,0.0,0.0,0.0,1.1328930854797363,C:/Users/efasllija/dev/gossip-poc/out_nb_incremental_clean0104/scenario_groups_effect/permanent_fork_sth_proof_n12000_pg0p2_a0p3_ff0p05_s41005_drop0_pc0p05_pgc0p05
permanent_fork,sth_proof,12000,6.0,5.0,0.2,0.3,0.05,3.0,True,0.0,0.0,0.0,0.0,,,,,158189.0,,,,57.67405207041398,57.67405207041398,1570.0,0.004006594292772308,1570,1570,41006,0.05,0.05,0.0,True,0.2,0.12,800,32,0.0,0.0,0.0,1.1390504837036133,C:/Users/efasllija/dev/gossip-poc/out_nb_incremental_clean0104/scenario_groups_effect/permanent_fork_sth_proof_n12000_pg0p2_a0p3_ff0p05_s41006_drop0_pc0p05_pgc0p05
permanent_fork,sth_proof,12000,6.0,5.0,0.2,0.3,0.05,3.0,True,0.0,0.0,0.0,0.0,,,,,151473.0,,,,54.09845607808341,54.09845607808341,1090.0,0.002763341361389276,1090,1090,41007,0.05,0.05,0.0,True,0.2,0.12,800,32,0.0,0.0,0.0,1.111557960510254,C:/Users/efasllija/dev/gossip-poc/out_nb_incremental_clean0104/scenario_groups_effect/permanent_fork_sth_proof_n12000_pg0p2_a0p3_ff0p05_s41007_drop0_pc0p05_pgc0p05
permanent_fork,sth_proof,12000,6.0,5.0,0.2,0.3,0.05,3.0,True,0.0,0.0,0.0,0.0,,,,,155103.0,,,,54.68828270272582,54.68828270272582,1323.0,0.0033289634921154143,1323,1323,41008,0.05,0.05,0.0,True,0.2,0.12,800,32,0.0,0.0,0.0,1.144538402557373,C:/Users/efasllija/dev/gossip-poc/out_nb_incremental_clean0104/scenario_groups_effect/permanent_fork_sth_proof_n12000_pg0p2_a0p3_ff0p05_s41008_drop0_pc0p05_pgc0p05
permanent_fork,sth_proof,12000,6.0,5.0,0.2,0.3,0.05,3.0,True,0.0,0.0,0.0,0.0,,,,,158629.0,,,,55.54159811145289,55.54159811145289,1432.0,0.0036585490480618888,1432,1432,41009,0.05,0.05,0.0,True,0.2,0.12,800,32,0.0,0.0,0.0,1.1320579051971436,C:/Users/efasllija/dev/gossip-poc/out_nb_incremental_clean0104/scenario_groups_effect/permanent_fork_sth_proof_n12000_pg0p2_a0p3_ff0p05_s41009_drop0_pc0p05_pgc0p05
permanent_fork,sth_proof,12000,6.0,5.0,0.2,0.3,0.05,3.0,True,0.0,0.0,0.0,0.0,,,,,163667.0,,,,55.98105538472414,55.98105538472414,1574.0,0.003973723939793286,1574,1574,41010,0.05,0.05,0.0,True,0.2,0.12,800,32,0.0,0.0,0.0,1.1513500213623047,C:/Users/efasllija/dev/gossip-poc/out_nb_incremental_clean0104/scenario_groups_effect/permanent_fork_sth_proof_n12000_pg0p2_a0p3_ff0p05_s41010_drop0_pc0p05_pgc0p05
permanent_fork,sth_proof,12000,6.0,5.0,0.2,0.3,0.05,3.0,True,0.0,0.0,0.0,0.0,,,,,157443.0,,,,55.77203659667083,55.77203659667083,1374.0,0.0034611664181209948,1374,1374,41011,0.05,0.05,0.0,True,0.2,0.12,800,32,0.0,0.0,0.0,1.1484925746917725,C:/Users/efasllija/dev/gossip-poc/out_nb_incremental_clean0104/scenario_groups_effect/permanent_fork_sth_proof_n12000_pg0p2_a0p3_ff0p05_s41011_drop0_pc0p05_pgc0p05
permanent_fork,sth_proof,12000,6.0,5.0,0.2,0.3,0.05,3.0,True,0.0,0.0,0.0,0.0,,,,,154718.0,,,,53.56414667270258,53.56414667270258,1446.0,0.0037405419388217035,1446,1446,41012,0.05,0.05,0.0,True,0.2,0.12,800,32,0.0,0.0,0.0,1.118302822113037,C:/Users/efasllija/dev/gossip-poc/out_nb_incremental_clean0104/scenario_groups_effect/permanent_fork_sth_proof_n12000_pg0p2_a0p3_ff0p05_s41012_drop0_pc0p05_pgc0p05
permanent_fork,sth_proof,12000,6.0,5.0,0.2,0.3,0.05,3.0,True,0.0,0.0,0.0,0.0,,,,,159399.0,,,,53.25367217640605,53.25367217640605,1394.0,0.0035242780791926017,1394,1394,41013,0.05,0.05,0.0,True,0.2,0.12,800,32,0.0,0.0,0.0,1.160271167755127,C:/Users/efasllija/dev/gossip-poc/out_nb_incremental_clean0104/scenario_groups_effect/permanent_fork_sth_proof_n12000_pg0p2_a0p3_ff0p05_s41013_drop0_pc0p05_pgc0p05
permanent_fork,sth_proof,12000,6.0,5.0,0.2,0.3,0.05,3.0,True,0.0,0.0,0.0,0.0,,,,,155070.0,,,,48.33216082731201,48.33216082731201,1176.0,0.0030282585968038483,1176,1176,41014,0.05,0.05,0.0,True,0.2,0.12,800,32,0.0,0.0,0.0,1.0964548587799072,C:/Users/efasllija/dev/gossip-poc/out_nb_incremental_clean0104/scenario_groups_effect/permanent_fork_sth_proof_n12000_pg0p2_a0p3_ff0p05_s41014_drop0_pc0p05_pgc0p05
permanent_fork,sth_proof,12000,6.0,5.0,0.2,0.3,0.05,3.0,True,0.0,0.0,0.0,0.0,,,,,8662.0,,,,50.52663053634834,50.52663053634834,81.0,0.0037843393758176043,81,81,41000,0.05,0.05,0.0,True,0.2,0.0,800,64,0.0,0.0,0.0,0.8930175304412842,C:/Users/efasllija/dev/gossip-poc/out_nb_incremental_clean0104/scenario_groups_effect/permanent_fork_sth_proof_n12000_pg0p2_a0p3_ff0p05_s41000_drop0_pc0p05_pgc0p05
permanent_fork,sth_proof,12000,6.0,5.0,0.2,0.3,0.05,3.0,True,0.0,0.0,0.0,0.0,,,,,8894.0,,,,52.967730173199634,52.967730173199634,84.0,0.003828623518687329,84,84,41001,0.05,0.05,0.0,True,0.2,0.0,800,64,0.0,0.0,0.0,0.8854138851165771,C:/Users/efasllija/dev/gossip-poc/out_nb_incremental_clean0104/scenario_groups_effect/permanent_fork_sth_proof_n12000_pg0p2_a0p3_ff0p05_s41001_drop0_pc0p05_pgc0p05
permanent_fork,sth_proof,12000,6.0,5.0,0.2,0.3,0.05,3.0,True,0.0,0.0,0.0,0.0,,,,,8712.0,,,,52.52739005079859,52.52739005079859,59.0,0.0027001052583405794,59,59,41002,0.05,0.05,0.0,True,0.2,0.0,800,64,0.0,0.0,0.0,0.8886396884918213,C:/Users/efasllija/dev/gossip-poc/out_nb_incremental_clean0104/scenario_groups_effect/permanent_fork_sth_proof_n12000_pg0p2_a0p3_ff0p05_s41002_drop0_pc0p05_pgc0p05
permanent_fork,sth_proof,12000,6.0,5.0,0.2,0.3,0.05,3.0,True,0.0,0.0,0.0,0.0,,,,,8384.0,,,,55.89803545759463,55.89803545759463,62.0,0.0029707714422616193,62,62,41003,0.05,0.05,0.0,True,0.2,0.0,800,64,0.0,0.0,0.0,0.8664505481719971,C:/Users/efasllija/dev/gossip-poc/out_nb_incremental_clean0104/scenario_groups_effect/permanent_fork_sth_proof_n12000_pg0p2_a0p3_ff0p05_s41003_drop0_pc0p05_pgc0p05
permanent_fork,sth_proof,12000,6.0,5.0,0.2,0.3,0.05,3.0,True,0.0,0.0,0.0,0.0,,,,,8417.0,,,,50.68706962509564,50.68706962509564,62.0,0.0029648048967100228,62,62,41004,0.05,0.05,0.0,True,0.2,0.0,800,64,0.0,0.0,0.0,0.8607254028320312,C:/Users/efasllija/dev/gossip-poc/out_nb_incremental_clean0104/scenario_groups_effect/permanent_fork_sth_proof_n12000_pg0p2_a0p3_ff0p05_s41004_drop0_pc0p05_pgc0p05
permanent_fork,sth_proof,12000,6.0,5.0,0.2,0.3,0.05,3.0,True,0.0,0.0,0.0,0.0,,,,,8602.0,,,,52.50098360655738,52.50098360655738,77.0,0.0036065573770491803,77,77,41005,0.05,0.05,0.0,True,0.2,0.0,800,64,0.0,0.0,0.0,0.8903417587280273,C:/Users/efasllija/dev/gossip-poc/out_nb_incremental_clean0104/scenario_groups_effect/permanent_fork_sth_proof_n12000_pg0p2_a0p3_ff0p05_s41005_drop0_pc0p05_pgc0p05
permanent_fork,sth_proof,12000,6.0,5.0,0.2,0.3,0.05,3.0,True,0.0,0.0,0.0,0.0,,,,,8567.0,,,,55.196021394388666,55.196021394388666,78.0,0.0036595664821244254,78,78,41006,0.05,0.05,0.0,True,0.2,0.0,800,64,0.0,0.0,0.0,0.8775999546051025,C:/Users/efasllija/dev/gossip-poc/out_nb_incremental_clean0104/scenario_groups_effect/permanent_fork_sth_proof_n12000_pg0p2_a0p3_ff0p05_s41006_drop0_pc0p05_pgc0p05
permanent_fork,sth_proof,12000,6.0,5.0,0.2,0.3,0.05,3.0,True,0.0,0.0,0.0,0.0,,,,,8348.0,,,,49.51203521588461,49.51203521588461,55.0,0.002575629858574506,55,55,41007,0.05,0.05,0.0,True,0.2,0.0,800,64,0.0,0.0,0.0,0.8892428874969482,C:/Users/efasllija/dev/gossip-poc/out_nb_incremental_clean0104/scenario_groups_effect/permanent_fork_sth_proof_n12000_pg0p2_a0p3_ff0p05_s41007_drop0_pc0p05_pgc0p05
permanent_fork,sth_proof,12000,6.0,5.0,0.2,0.3,0.05,3.0,True,0.0,0.0,0.0,0.0,,,,,8309.0,,,,55.05093608478454,55.05093608478454,100.0,0.004668752042579018,100,100,41008,0.05,0.05,0.0,True,0.2,0.0,800,64,0.0,0.0,0.0,0.9033904075622559,C:/Users/efasllija/dev/gossip-poc/out_nb_incremental_clean0104/scenario_groups_effect/permanent_fork_sth_proof_n12000_pg0p2_a0p3_ff0p05_s41008_drop0_pc0p05_pgc0p05
permanent_fork,sth_proof,12000,6.0,5.0,0.2,0.3,0.05,3.0,True,0.0,0.0,0.0,0.0,,,,,8604.0,,,,55.06948640483384,55.06948640483384,72.0,0.0033987915407854984,72,72,41009,0.05,0.05,0.0,True,0.2,0.0,800,64,0.0,0.0,0.0,0.913161039352417,C:/Users/efasllija/dev/gossip-poc/out_nb_incremental_clean0104/scenario_groups_effect/permanent_fork_sth_proof_n12000_pg0p2_a0p3_ff0p05_s41009_drop0_pc0p05_pgc0p05
permanent_fork,sth_proof,12000,6.0,5.0,0.2,0.3,0.05,3.0,True,0.0,0.0,0.0,0.0,,,,,8651.0,,,,55.68266754086077,55.68266754086077,70.0,0.003278227883669742,70,70,41010,0.05,0.05,0.0,True,0.2,0.0,800,64,0.0,0.0,0.0,0.9040544033050537,C:/Users/efasllija/dev/gossip-poc/out_nb_incremental_clean0104/scenario_groups_effect/permanent_fork_sth_proof_n12000_pg0p2_a0p3_ff0p05_s41010_drop0_pc0p05_pgc0p05
permanent_fork,sth_proof,12000,6.0,5.0,0.2,0.3,0.05,3.0,True,0.0,0.0,0.0,0.0,,,,,8269.0,,,,53.26231691078562,53.26231691078562,88.0,0.004184896328704584,88,88,41011,0.05,0.05,0.0,True,0.2,0.0,800,64,0.0,0.0,0.0,0.9256739616394043,C:/Users/efasllija/dev/gossip-poc/out_nb_incremental_clean0104/scenario_groups_effect/permanent_fork_sth_proof_n12000_pg0p2_a0p3_ff0p05_s41011_drop0_pc0p05_pgc0p05
permanent_fork,sth_proof,12000,6.0,5.0,0.2,0.3,0.05,3.0,True,0.0,0.0,0.0,0.0,,,,,8345.0,,,,53.698107700539964,53.698107700539964,77.0,0.003745682735807754,77,77,41012,0.05,0.05,0.0,True,0.2,0.0,800,64,0.0,0.0,0.0,0.8567972183227539,C:/Users/efasllija/dev/gossip-poc/out_nb_incremental_clean0104/scenario_groups_effect/permanent_fork_sth_proof_n12000_pg0p2_a0p3_ff0p05_s41012_drop0_pc0p05_pgc0p05
permanent_fork,sth_proof,12000,6.0,5.0,0.2,0.3,0.05,3.0,True,0.0,0.0,0.0,0.0,,,,,8464.0,,,,55.28063759962494,55.28063759962494,73.0,0.0034224097515236757,73,73,41013,0.05,0.05,0.0,True,0.2,0.0,800,64,0.0,0.0,0.0,0.8865964412689209,C:/Users/efasllija/dev/gossip-poc/out_nb_incremental_clean0104/scenario_groups_effect/permanent_fork_sth_proof_n12000_pg0p2_a0p3_ff0p05_s41013_drop0_pc0p05_pgc0p05
permanent_fork,sth_proof,12000,6.0,5.0,0.2,0.3,0.05,3.0,True,0.0,0.0,0.0,0.0,,,,,8493.0,,,,54.93112475605693,54.93112475605693,73.0,0.003474701318482555,73,73,41014,0.05,0.05,0.0,True,0.2,0.0,800,64,0.0,0.0,0.0,0.8959343433380127,C:/Users/efasllija/dev/gossip-poc/out_nb_incremental_clean0104/scenario_groups_effect/permanent_fork_sth_proof_n12000_pg0p2_a0p3_ff0p05_s41014_drop0_pc0p05_pgc0p05
permanent_fork,sth_proof,12000,6.0,5.0,0.2,0.3,0.05,3.0,True,0.0,0.0,0.0,0.0,,,,,119616.0,,,,51.140767085640384,51.140767085640384,1034.0,0.0034824664214794755,1034,1034,41000,0.05,0.05,0.0,True,0.2,0.04,800,64,0.0,0.0,0.0,1.0311689376831055,C:/Users/efasllija/dev/gossip-poc/out_nb_incremental_clean0104/scenario_groups_effect/permanent_fork_sth_proof_n12000_pg0p2_a0p3_ff0p05_s41000_drop0_pc0p05_pgc0p05
permanent_fork,sth_proof,12000,6.0,5.0,0.2,0.3,0.05,3.0,True,0.0,0.0,0.0,0.0,,,,,123725.0,,,,50.716153356509814,50.716153356509814,1009.0,0.0032936721670012567,1009,1009,41001,0.05,0.05,0.0,True,0.2,0.04,800,64,0.0,0.0,0.0,1.0502660274505615,C:/Users/efasllija/dev/gossip-poc/out_nb_incremental_clean0104/scenario_groups_effect/permanent_fork_sth_proof_n12000_pg0p2_a0p3_ff0p05_s41001_drop0_pc0p05_pgc0p05
permanent_fork,sth_proof,12000,6.0,5.0,0.2,0.3,0.05,3.0,True,0.0,0.0,0.0,0.0,,,,,119248.0,,,,57.968055878928986,57.968055878928986,1185.0,0.003941460169632463,1185,1185,41002,0.05,0.05,0.0,True,0.2,0.04,800,64,0.0,0.0,0.0,1.073561429977417,C:/Users/efasllija/dev/gossip-poc/out_nb_incremental_clean0104/scenario_groups_effect/permanent_fork_sth_proof_n12000_pg0p2_a0p3_ff0p05_s41002_drop0_pc0p05_pgc0p05
permanent_fork,sth_proof,12000,6.0,5.0,0.2,0.3,0.05,3.0,True,0.0,0.0,0.0,0.0,,,,,107009.0,,,,59.773818437310375,59.773818437310375,823.0,0.0029204177297389366,823,823,41003,0.05,0.05,0.0,True,0.2,0.04,800,64,0.0,0.0,0.0,1.0693557262420654,C:/Users/efasllija/dev/gossip-poc/out_nb_incremental_clean0104/scenario_groups_effect/permanent_fork_sth_proof_n12000_pg0p2_a0p3_ff0p05_s41003_drop0_pc0p05_pgc0p05
permanent_fork,sth_proof,12000,6.0,5.0,0.2,0.3,0.05,3.0,True,0.0,0.0,0.0,0.0,,,,,115341.0,,,,50.77655564740994,50.77655564740994,704.0,0.002466056691280528,704,704,41004,0.05,0.05,0.0,True,0.2,0.04,800,64,0.0,0.0,0.0,1.0488553047180176,C:/Users/efasllija/dev/gossip-poc/out_nb_incremental_clean0104/scenario_groups_effect/permanent_fork_sth_proof_n12000_pg0p2_a0p3_ff0p05_s41004_drop0_pc0p05_pgc0p05
permanent_fork,sth_proof,12000,6.0,5.0,0.2,0.3,0.05,3.0,True,0.0,0.0,0.0,0.0,,,,,121244.0,,,,57.222918757935744,57.222918757935744,1125.0,0.0037393553019072373,1125,1125,41005,0.05,0.05,0.0,True,0.2,0.04,800,64,0.0,0.0,0.0,1.0636861324310303,C:/Users/efasllija/dev/gossip-poc/out_nb_incremental_clean0104/scenario_groups_effect/permanent_fork_sth_proof_n12000_pg0p2_a0p3_ff0p05_s41005_drop0_pc0p05_pgc0p05
permanent_fork,sth_proof,12000,6.0,5.0,0.2,0.3,0.05,3.0,True,0.0,0.0,0.0,0.0,,,,,114290.0,,,,55.40421670924763,55.40421670924763,1132.0,0.0038612804306078106,1132,1132,41006,0.05,0.05,0.0,True,0.2,0.04,800,64,0.0,0.0,0.0,1.0414083003997803,C:/Users/efasllija/dev/gossip-poc/out_nb_incremental_clean0104/scenario_groups_effect/permanent_fork_sth_proof_n12000_pg0p2_a0p3_ff0p05_s41006_drop0_pc0p05_pgc0p05
permanent_fork,sth_proof,12000,6.0,5.0,0.2,0.3,0.05,3.0,True,0.0,0.0,0.0,0.0,,,,,110150.0,,,,55.391505025134165,55.391505025134165,1047.0,0.00355854952569667,1047,1047,41007,0.05,0.05,0.0,True,0.2,0.04,800,64,0.0,0.0,0.0,1.0149621963500977,C:/Users/efasllija/dev/gossip-poc/out_nb_incremental_clean0104/scenario_groups_effect/permanent_fork_sth_proof_n12000_pg0p2_a0p3_ff0p05_s41007_drop0_pc0p05_pgc0p05
permanent_fork,sth_proof,12000,6.0,5.0,0.2,0.3,0.05,3.0,True,0.0,0.0,0.0,0.0,,,,,115051.0,,,,54.01811375598764,54.01811375598764,1195.0,0.003983426279946532,1195,1195,41008,0.05,0.05,0.0,True,0.2,0.04,800,64,0.0,0.0,0.0,1.0460014343261719,C:/Users/efasllija/dev/gossip-poc/out_nb_incremental_clean0104/scenario_groups_effect/permanent_fork_sth_proof_n12000_pg0p2_a0p3_ff0p05_s41008_drop0_pc0p05_pgc0p05
permanent_fork,sth_proof,12000,6.0,5.0,0.2,0.3,0.05,3.0,True,0.0,0.0,0.0,0.0,,,,,120640.0,,,,54.52675017024838,54.52675017024838,1138.0,0.003855575168469662,1138,1138,41009,0.05,0.05,0.0,True,0.2,0.04,800,64,0.0,0.0,0.0,1.0304696559906006,C:/Users/efasllija/dev/gossip-poc/out_nb_incremental_clean0104/scenario_groups_effect/permanent_fork_sth_proof_n12000_pg0p2_a0p3_ff0p05_s41009_drop0_pc0p05_pgc0p05
permanent_fork,sth_proof,12000,6.0,5.0,0.2,0.3,0.05,3.0,True,0.0,0.0,0.0,0.0,,,,,120662.0,,,,53.76747314540159,53.76747314540159,1168.0,0.003928136623820382,1168,1168,41010,0.05,0.05,0.0,True,0.2,0.04,800,64,0.0,0.0,0.0,1.0309884548187256,C:/Users/efasllija/dev/gossip-poc/out_nb_incremental_clean0104/scenario_groups_effect/permanent_fork_sth_proof_n12000_pg0p2_a0p3_ff0p05_s41010_drop0_pc0p05_pgc0p05
permanent_fork,sth_proof,12000,6.0,5.0,0.2,0.3,0.05,3.0,True,0.0,0.0,0.0,0.0,,,,,115935.0,,,,55.932301924722566,55.932301924722566,946.0,0.0032123986362586764,946,946,41011,0.05,0.05,0.0,True,0.2,0.04,800,64,0.0,0.0,0.0,1.0433239936828613,C:/Users/efasllija/dev/gossip-poc/out_nb_incremental_clean0104/scenario_groups_effect/permanent_fork_sth_proof_n12000_pg0p2_a0p3_ff0p05_s41011_drop0_pc0p05_pgc0p05
permanent_fork,sth_proof,12000,6.0,5.0,0.2,0.3,0.05,3.0,True,0.0,0.0,0.0,0.0,,,,,113709.0,,,,53.477992234220444,53.477992234220444,1161.0,0.004113170648754358,1161,1161,41012,0.05,0.05,0.0,True,0.2,0.04,800,64,0.0,0.0,0.0,1.0721094608306885,C:/Users/efasllija/dev/gossip-poc/out_nb_incremental_clean0104/scenario_groups_effect/permanent_fork_sth_proof_n12000_pg0p2_a0p3_ff0p05_s41012_drop0_pc0p05_pgc0p05
permanent_fork,sth_proof,12000,6.0,5.0,0.2,0.3,0.05,3.0,True,0.0,0.0,0.0,0.0,,,,,121787.0,,,,52.47039091903206,52.47039091903206,803.0,0.0026935642933335123,803,803,41013,0.05,0.05,0.0,True,0.2,0.04,800,64,0.0,0.0,0.0,1.0662479400634766,C:/Users/efasllija/dev/gossip-poc/out_nb_incremental_clean0104/scenario_groups_effect/permanent_fork_sth_proof_n12000_pg0p2_a0p3_ff0p05_s41013_drop0_pc0p05_pgc0p05
permanent_fork,sth_proof,12000,6.0,5.0,0.2,0.3,0.05,3.0,True,0.0,0.0,0.0,0.0,,,,,115068.0,,,,49.842847680494565,49.842847680494565,1135.0,0.00397769686094883,1135,1135,41014,0.05,0.05,0.0,True,0.2,0.04,800,64,0.0,0.0,0.0,1.0331008434295654,C:/Users/efasllija/dev/gossip-poc/out_nb_incremental_clean0104/scenario_groups_effect/permanent_fork_sth_proof_n12000_pg0p2_a0p3_ff0p05_s41014_drop0_pc0p05_pgc0p05
permanent_fork,sth_proof,12000,6.0,5.0,0.2,0.3,0.05,3.0,True,0.0,0.0,0.0,0.0,,,,,232535.0,,,,52.94674926189443,52.94674926189443,1727.0,0.0030332143114322496,1727,1727,41000,0.05,0.05,0.0,True,0.2,0.08,800,64,0.0,0.0,0.0,1.2067291736602783,C:/Users/efasllija/dev/gossip-poc/out_nb_incremental_clean0104/scenario_groups_effect/permanent_fork_sth_proof_n12000_pg0p2_a0p3_ff0p05_s41000_drop0_pc0p05_pgc0p05
permanent_fork,sth_proof,12000,6.0,5.0,0.2,0.3,0.05,3.0,True,0.0,0.0,0.0,0.0,145.0,,145.0,,235049.0,502138.0,,,48.95225316955727,48.95225316955727,2206.0,0.0037561339403990425,2206,2206,41001,0.05,0.05,0.0,True,0.2,0.08,800,64,0.0,0.0,0.0,1.1897270679473877,C:/Users/efasllija/dev/gossip-poc/out_nb_incremental_clean0104/scenario_groups_effect/permanent_fork_sth_proof_n12000_pg0p2_a0p3_ff0p05_s41001_drop0_pc0p05_pgc0p05
permanent_fork,sth_proof,12000,6.0,5.0,0.2,0.3,0.05,3.0,True,0.0,0.0,0.0,0.0,145.0,,145.0,,234466.0,504393.0,,,54.7246787771378,54.7246787771378,2389.0,0.004071095054701612,2389,2389,41002,0.05,0.05,0.0,True,0.2,0.08,800,64,0.0,0.0,0.0,1.2085387706756592,C:/Users/efasllija/dev/gossip-poc/out_nb_incremental_clean0104/scenario_groups_effect/permanent_fork_sth_proof_n12000_pg0p2_a0p3_ff0p05_s41002_drop0_pc0p05_pgc0p05
permanent_fork,sth_proof,12000,6.0,5.0,0.2,0.3,0.05,3.0,True,0.0,0.0,0.0,0.0,,,,,219673.0,,,,54.46237854910016,54.46237854910016,1553.0,0.0027932358009014617,1553,1553,41003,0.05,0.05,0.0,True,0.2,0.08,800,64,0.0,0.0,0.0,1.1732518672943115,C:/Users/efasllija/dev/gossip-poc/out_nb_incremental_clean0104/scenario_groups_effect/permanent_fork_sth_proof_n12000_pg0p2_a0p3_ff0p05_s41003_drop0_pc0p05_pgc0p05
permanent_fork,sth_proof,12000,6.0,5.0,0.2,0.3,0.05,3.0,True,0.0,0.0,0.0,0.0,,,,,222240.0,,,,51.24816770203175,51.24816770203175,1501.0,0.002712975832644998,1501,1501,41004,0.05,0.05,0.0,True,0.2,0.08,800,64,0.0,0.0,0.0,1.1467723846435547,C:/Users/efasllija/dev/gossip-poc/out_nb_incremental_clean0104/scenario_groups_effect/permanent_fork_sth_proof_n12000_pg0p2_a0p3_ff0p05_s41004_drop0_pc0p05_pgc0p05
permanent_fork,sth_proof,12000,6.0,5.0,0.2,0.3,0.05,3.0,True,0.0,0.0,0.0,0.0,125.0,,125.0,,233276.0,451890.0,,,53.52010308122476,53.52010308122476,2609.0,0.00450031652283708,2609,2609,41005,0.05,0.05,0.0,True,0.2,0.08,800,64,0.0,0.0,0.0,1.1969342231750488,C:/Users/efasllija/dev/gossip-poc/out_nb_incremental_clean0104/scenario_groups_effect/permanent_fork_sth_proof_n12000_pg0p2_a0p3_ff0p05_s41005_drop0_pc0p05_pgc0p05
permanent_fork,sth_proof,12000,6.0,5.0,0.2,0.3,0.05,3.0,True,0.0,0.0,0.0,0.0,175.0,,175.0,,227397.0,566510.0,,,58.125886568639565,58.125886568639565,1892.0,0.0033397468711938005,1892,1892,41006,0.05,0.05,0.0,True,0.2,0.08,800,64,0.0,0.0,0.0,1.1742322444915771,C:/Users/efasllija/dev/gossip-poc/out_nb_incremental_clean0104/scenario_groups_effect/permanent_fork_sth_proof_n12000_pg0p2_a0p3_ff0p05_s41006_drop0_pc0p05_pgc0p05
permanent_fork,sth_proof,12000,6.0,5.0,0.2,0.3,0.05,3.0,True,0.0,0.0,0.0,0.0,170.0,,170.0,,221531.0,559834.0,,,52.91208224972284,52.91208224972284,1719.0,0.002982350522475195,1719,1719,41007,0.05,0.05,0.0,True,0.2,0.08,800,64,0.0,0.0,0.0,1.194472312927246,C:/Users/efasllija/dev/gossip-poc/out_nb_incremental_clean0104/scenario_groups_effect/permanent_fork_sth_proof_n12000_pg0p2_a0p3_ff0p05_s41007_drop0_pc0p05_pgc0p05
permanent_fork,sth_proof,12000,6.0,5.0,0.2,0.3,0.05,3.0,True,0.0,0.0,0.0,0.0,100.0,,100.0,,224070.0,383204.0,,,52.08181176585679,52.08181176585679,2798.0,0.004887882662865368,2798,2798,41008,0.05,0.05,0.0,True,0.2,0.08,800,64,0.0,0.0,0.0,1.1964209079742432,C:/Users/efasllija/dev/gossip-poc/out_nb_incremental_clean0104/scenario_groups_effect/permanent_fork_sth_proof_n12000_pg0p2_a0p3_ff0p05_s41008_drop0_pc0p05_pgc0p05
permanent_fork,sth_proof,12000,6.0,5.0,0.2,0.3,0.05,3.0,True,0.0,0.0,0.0,0.0,,,,,234374.0,,,,53.45578190438003,53.45578190438003,1787.0,0.0031564797919938106,1787,1787,41009,0.05,0.05,0.0,True,0.2,0.08,800,64,0.0,0.0,0.0,1.1876299381256104,C:/Users/efasllija/dev/gossip-poc/out_nb_incremental_clean0104/scenario_groups_effect/permanent_fork_sth_proof_n12000_pg0p2_a0p3_ff0p05_s41009_drop0_pc0p05_pgc0p05
permanent_fork,sth_proof,12000,6.0,5.0,0.2,0.3,0.05,3.0,True,0.0,0.0,0.0,0.0,,,,,235077.0,,,,55.32363661706798,55.32363661706798,1828.0,0.0031850019165766455,1828,1828,41010,0.05,0.05,0.0,True,0.2,0.08,800,64,0.0,0.0,0.0,1.1866912841796875,C:/Users/efasllija/dev/gossip-poc/out_nb_incremental_clean0104/scenario_groups_effect/permanent_fork_sth_proof_n12000_pg0p2_a0p3_ff0p05_s41010_drop0_pc0p05_pgc0p05
permanent_fork,sth_proof,12000,6.0,5.0,0.2,0.3,0.05,3.0,True,0.0,0.0,0.0,0.0,145.0,,145.0,,223855.0,484366.0,,,53.49750118103384,53.49750118103384,2255.0,0.004004859110654879,2255,2255,41011,0.05,0.05,0.0,True,0.2,0.08,800,64,0.0,0.0,0.0,1.1860318183898926,C:/Users/efasllija/dev/gossip-poc/out_nb_incremental_clean0104/scenario_groups_effect/permanent_fork_sth_proof_n12000_pg0p2_a0p3_ff0p05_s41011_drop0_pc0p05_pgc0p05
permanent_fork,sth_proof,12000,6.0,5.0,0.2,0.3,0.05,3.0,True,0.0,0.0,0.0,0.0,155.0,,155.0,,217568.0,486122.0,,,55.305098742070825,55.305098742070825,2047.0,0.0037900809859024542,2047,2047,41012,0.05,0.05,0.0,True,0.2,0.08,800,64,0.0,0.0,0.0,1.1937975883483887,C:/Users/efasllija/dev/gossip-poc/out_nb_incremental_clean0104/scenario_groups_effect/permanent_fork_sth_proof_n12000_pg0p2_a0p3_ff0p05_s41012_drop0_pc0p05_pgc0p05
permanent_fork,sth_proof,12000,6.0,5.0,0.2,0.3,0.05,3.0,True,0.0,0.0,0.0,0.0,150.0,,150.0,,232225.0,510599.0,,,50.2100717833924,50.2100717833924,2025.0,0.0034976267954484217,2025,2025,41013,0.05,0.05,0.0,True,0.2,0.08,800,64,0.0,0.0,0.0,1.1947333812713623,C:/Users/efasllija/dev/gossip-poc/out_nb_incremental_clean0104/scenario_groups_effect/permanent_fork_sth_proof_n12000_pg0p2_a0p3_ff0p05_s41013_drop0_pc0p05_pgc0p05
permanent_fork,sth_proof,12000,6.0,5.0,0.2,0.3,0.05,3.0,True,0.0,0.0,0.0,0.0,170.0,,170.0,,231588.0,544036.0,,,53.42668619865029,53.42668619865029,1895.0,0.0033894788430340397,1895,1895,41014,0.05,0.05,0.0,True,0.2,0.08,800,64,0.0,0.0,0.0,1.195563793182373,C:/Users/efasllija/dev/gossip-poc/out_nb_incremental_clean0104/scenario_groups_effect/permanent_fork_sth_proof_n12000_pg0p2_a0p3_ff0p05_s41014_drop0_pc0p05_pgc0p05
permanent_fork,sth_proof,12000,6.0,5.0,0.2,0.3,0.05,3.0,True,0.0,0.0,0.0,0.0,160.0,,160.0,,337864.0,776360.0,,,51.415355936429535,51.415355936429535,2338.0,0.0027760132507732584,2338,2338,41000,0.05,0.05,0.0,True,0.2,0.12,800,64,0.0,0.0,0.0,1.298776626586914,C:/Users/efasllija/dev/gossip-poc/out_nb_incremental_clean0104/scenario_groups_effect/permanent_fork_sth_proof_n12000_pg0p2_a0p3_ff0p05_s41000_drop0_pc0p05_pgc0p05
permanent_fork,sth_proof,12000,6.0,5.0,0.2,0.3,0.05,3.0,True,0.0,0.0,0.0,0.0,95.0,,95.0,,348472.0,569374.0,,,53.29677836112648,53.29677836112648,3418.0,0.0039639877856292105,3418,3418,41001,0.05,0.05,0.0,True,0.2,0.12,800,64,0.0,0.0,0.0,1.3565902709960938,C:/Users/efasllija/dev/gossip-poc/out_nb_incremental_clean0104/scenario_groups_effect/permanent_fork_sth_proof_n12000_pg0p2_a0p3_ff0p05_s41001_drop0_pc0p05_pgc0p05
permanent_fork,sth_proof,12000,6.0,5.0,0.2,0.3,0.05,3.0,True,0.0,0.0,0.0,0.0,130.0,,130.0,,350962.0,695429.0,,,52.92577683130682,52.92577683130682,2920.0,0.0033431796844587943,2920,2920,41002,0.05,0.05,0.0,True,0.2,0.12,800,64,0.0,0.0,0.0,1.320941686630249,C:/Users/efasllija/dev/gossip-poc/out_nb_incremental_clean0104/scenario_groups_effect/permanent_fork_sth_proof_n12000_pg0p2_a0p3_ff0p05_s41002_drop0_pc0p05_pgc0p05
permanent_fork,sth_proof,12000,6.0,5.0,0.2,0.3,0.05,3.0,True,0.0,0.0,0.0,0.0,175.0,,175.0,,326026.0,822677.0,,,56.58561014833282,56.58561014833282,2429.0,0.002952556106467058,2429,2429,41003,0.05,0.05,0.0,True,0.2,0.12,800,64,0.0,0.0,0.0,1.2896132469177246,C:/Users/efasllija/dev/gossip-poc/out_nb_incremental_clean0104/scenario_groups_effect/permanent_fork_sth_proof_n12000_pg0p2_a0p3_ff0p05_s41003_drop0_pc0p05_pgc0p05
permanent_fork,sth_proof,12000,6.0,5.0,0.2,0.3,0.05,3.0,True,0.0,0.0,0.0,0.0,160.0,,160.0,,322259.0,758323.0,,,54.1533146943058,54.1533146943058,2527.0,0.0030651294522915694,2527,2527,41004,0.05,0.05,0.0,True,0.2,0.12,800,64,0.0,0.0,0.0,1.3041460514068604,C:/Users/efasllija/dev/gossip-poc/out_nb_incremental_clean0104/scenario_groups_effect/permanent_fork_sth_proof_n12000_pg0p2_a0p3_ff0p05_s41004_drop0_pc0p05_pgc0p05
permanent_fork,sth_proof,12000,6.0,5.0,0.2,0.3,0.05,3.0,True,0.0,0.0,0.0,0.0,90.0,,90.0,,340461.0,548609.0,,,54.08749523242592,54.08749523242592,3336.0,0.003963770001532752,3336,3336,41005,0.05,0.05,0.0,True,0.2,0.12,800,64,0.0,0.0,0.0,1.3343701362609863,C:/Users/efasllija/dev/gossip-poc/out_nb_incremental_clean0104/scenario_groups_effect/permanent_fork_sth_proof_n12000_pg0p2_a0p3_ff0p05_s41005_drop0_pc0p05_pgc0p05
permanent_fork,sth_proof,12000,6.0,5.0,0.2,0.3,0.05,3.0,True,0.0,0.0,0.0,0.0,115.0,,115.0,,339024.0,615751.0,,,57.027036467212774,57.027036467212774,3357.0,0.003988285821210267,3357,3357,41006,0.05,0.05,0.0,True,0.2,0.12,800,64,0.0,0.0,0.0,1.319331169128418,C:/Users/efasllija/dev/gossip-poc/out_nb_incremental_clean0104/scenario_groups_effect/permanent_fork_sth_proof_n12000_pg0p2_a0p3_ff0p05_s41006_drop0_pc0p05_pgc0p05
permanent_fork,sth_proof,12000,6.0,5.0,0.2,0.3,0.05,3.0,True,0.0,0.0,0.0,0.0,145.0,,145.0,,330416.0,726176.0,,,54.59420167356944,54.59420167356944,2509.0,0.0029454164670967985,2509,2509,41007,0.05,0.05,0.0,True,0.2,0.12,800,64,0.0,0.0,0.0,1.316230058670044,C:/Users/efasllija/dev/gossip-poc/out_nb_incremental_clean0104/scenario_groups_effect/permanent_fork_sth_proof_n12000_pg0p2_a0p3_ff0p05_s41007_drop0_pc0p05_pgc0p05
permanent_fork,sth_proof,12000,6.0,5.0,0.2,0.3,0.05,3.0,True,0.0,0.0,0.0,0.0,100.0,,100.0,,329521.0,564635.0,,,51.55884454328231,51.55884454328231,3227.0,0.0038172182923655634,3227,3227,41008,0.05,0.05,0.0,True,0.2,0.12,800,64,0.0,0.0,0.0,1.3485560417175293,C:/Users/efasllija/dev/gossip-poc/out_nb_incremental_clean0104/scenario_groups_effect/permanent_fork_sth_proof_n12000_pg0p2_a0p3_ff0p05_s41008_drop0_pc0p05_pgc0p05
permanent_fork,sth_proof,12000,6.0,5.0,0.2,0.3,0.05,3.0,True,0.0,0.0,0.0,0.0,100.0,,100.0,,339404.0,567680.0,,,56.12666505875478,56.12666505875478,3202.0,0.0038421894480182486,3202,3202,41009,0.05,0.05,0.0,True,0.2,0.12,800,64,0.0,0.0,0.0,1.3014891147613525,C:/Users/efasllija/dev/gossip-poc/out_nb_incremental_clean0104/scenario_groups_effect/permanent_fork_sth_proof_n12000_pg0p2_a0p3_ff0p05_s41009_drop0_pc0p05_pgc0p05
permanent_fork,sth_proof,12000,6.0,5.0,0.2,0.3,0.05,3.0,True,0.0,0.0,0.0,0.0,80.0,,80.0,,344058.0,529387.0,,,56.890327832980006,56.890327832980006,3335.0,0.003923501716458472,3335,3335,41010,0.05,0.05,0.0,True,0.2,0.12,800,64,0.0,0.0,0.0,1.3480041027069092,C:/Users/efasllija/dev/gossip-poc/out_nb_incremental_clean0104/scenario_groups_effect/permanent_fork_sth_proof_n12000_pg0p2_a0p3_ff0p05_s41010_drop0_pc0p05_pgc0p05
permanent_fork,sth_proof,12000,6.0,5.0,0.2,0.3,0.05,3.0,True,0.0,0.0,0.0,0.0,90.0,,90.0,,333993.0,541722.0,,,50.76586350417987,50.76586350417987,3117.0,0.0036877012737180593,3117,3117,41011,0.05,0.05,0.0,True,0.2,0.12,800,64,0.0,0.0,0.0,1.3135244846343994,C:/Users/efasllija/dev/gossip-poc/out_nb_incremental_clean0104/scenario_groups_effect/permanent_fork_sth_proof_n12000_pg0p2_a0p3_ff0p05_s41011_drop0_pc0p05_pgc0p05
permanent_fork,sth_proof,12000,6.0,5.0,0.2,0.3,0.05,3.0,True,0.0,0.0,0.0,0.0,125.0,,125.0,,329584.0,632669.0,,,51.8092070917078,51.8092070917078,2801.0,0.003424569605813821,2801,2801,41012,0.05,0.05,0.0,True,0.2,0.12,800,64,0.0,0.0,0.0,1.30149245262146,C:/Users/efasllija/dev/gossip-poc/out_nb_incremental_clean0104/scenario_groups_effect/permanent_fork_sth_proof_n12000_pg0p2_a0p3_ff0p05_s41012_drop0_pc0p05_pgc0p05
permanent_fork,sth_proof,12000,6.0,5.0,0.2,0.3,0.05,3.0,True,0.0,0.0,0.0,0.0,175.0,,175.0,,341010.0,850515.0,,,55.19915815711657,55.19915815711657,2391.0,0.0028112378970388528,2391,2391,41013,0.05,0.05,0.0,True,0.2,0.12,800,64,0.0,0.0,0.0,1.284982442855835,C:/Users/efasllija/dev/gossip-poc/out_nb_incremental_clean0104/scenario_groups_effect/permanent_fork_sth_proof_n12000_pg0p2_a0p3_ff0p05_s41013_drop0_pc0p05_pgc0p05
permanent_fork,sth_proof,12000,6.0,5.0,0.2,0.3,0.05,3.0,True,0.0,0.0,0.0,0.0,90.0,,90.0,,332739.0,530486.0,,,57.55601999310999,57.55601999310999,3288.0,0.00397444653293605,3288,3288,41014,0.05,0.05,0.0,True,0.2,0.12,800,64,0.0,0.0,0.0,1.2997384071350098,C:/Users/efasllija/dev/gossip-poc/out_nb_incremental_clean0104/scenario_groups_effect/permanent_fork_sth_proof_n12000_pg0p2_a0p3_ff0p05_s41014_drop0_pc0p05_pgc0p05
permanent_fork,sth_proof,12000,6.0,5.0,0.2,0.3,0.05,3.0,True,0.0,0.0,0.0,0.0,,,,,8761.0,,,,51.8,51.8,73.0,0.0033547794117647057,73,73,41000,0.05,0.05,0.0,True,0.2,0.0,800,96,0.0,0.0,0.0,0.8956208229064941,C:/Users/efasllija/dev/gossip-poc/out_nb_incremental_clean0104/scenario_groups_effect/permanent_fork_sth_proof_n12000_pg0p2_a0p3_ff0p05_s41000_drop0_pc0p05_pgc0p05
permanent_fork,sth_proof,12000,6.0,5.0,0.2,0.3,0.05,3.0,True,0.0,0.0,0.0,0.0,,,,,8763.0,,,,54.113054686061496,54.113054686061496,73.0,0.003360338795801878,73,73,41001,0.05,0.05,0.0,True,0.2,0.0,800,96,0.0,0.0,0.0,0.8764133453369141,C:/Users/efasllija/dev/gossip-poc/out_nb_incremental_clean0104/scenario_groups_effect/permanent_fork_sth_proof_n12000_pg0p2_a0p3_ff0p05_s41001_drop0_pc0p05_pgc0p05
permanent_fork,sth_proof,12000,6.0,5.0,0.2,0.3,0.05,3.0,True,0.0,0.0,0.0,0.0,,,,,8720.0,,,,55.085336759038356,55.085336759038356,74.0,0.0033951183703431823,74,74,41002,0.05,0.05,0.0,True,0.2,0.0,800,96,0.0,0.0,0.0,0.9008803367614746,C:/Users/efasllija/dev/gossip-poc/out_nb_incremental_clean0104/scenario_groups_effect/permanent_fork_sth_proof_n12000_pg0p2_a0p3_ff0p05_s41002_drop0_pc0p05_pgc0p05
permanent_fork,sth_proof,12000,6.0,5.0,0.2,0.3,0.05,3.0,True,0.0,0.0,0.0,0.0,,,,,8393.0,,,,55.45402408717263,55.45402408717263,77.0,0.0036799847065570636,77,77,41003,0.05,0.05,0.0,True,0.2,0.0,800,96,0.0,0.0,0.0,0.8927156925201416,C:/Users/efasllija/dev/gossip-poc/out_nb_incremental_clean0104/scenario_groups_effect/permanent_fork_sth_proof_n12000_pg0p2_a0p3_ff0p05_s41003_drop0_pc0p05_pgc0p05
permanent_fork,sth_proof,12000,6.0,5.0,0.2,0.3,0.05,3.0,True,0.0,0.0,0.0,0.0,,,,,8334.0,,,,51.901251268177205,51.901251268177205,51.0,0.0024638871443064883,51,51,41004,0.05,0.05,0.0,True,0.2,0.0,800,96,0.0,0.0,0.0,0.8846051692962646,C:/Users/efasllija/dev/gossip-poc/out_nb_incremental_clean0104/scenario_groups_effect/permanent_fork_sth_proof_n12000_pg0p2_a0p3_ff0p05_s41004_drop0_pc0p05_pgc0p05
permanent_fork,sth_proof,12000,6.0,5.0,0.2,0.3,0.05,3.0,True,0.0,0.0,0.0,0.0,,,,,8603.0,,,,51.968083617190054,51.968083617190054,94.0,0.004386169567449022,94,94,41005,0.05,0.05,0.0,True,0.2,0.0,800,96,0.0,0.0,0.0,0.9527220726013184,C:/Users/efasllija/dev/gossip-poc/out_nb_incremental_clean0104/scenario_groups_effect/permanent_fork_sth_proof_n12000_pg0p2_a0p3_ff0p05_s41005_drop0_pc0p05_pgc0p05
permanent_fork,sth_proof,12000,6.0,5.0,0.2,0.3,0.05,3.0,True,0.0,0.0,0.0,0.0,,,,,8583.0,,,,55.35764245080668,55.35764245080668,98.0,0.004569616711741117,98,98,41006,0.05,0.05,0.0,True,0.2,0.0,800,96,0.0,0.0,0.0,0.8926243782043457,C:/Users/efasllija/dev/gossip-poc/out_nb_incremental_clean0104/scenario_groups_effect/permanent_fork_sth_proof_n12000_pg0p2_a0p3_ff0p05_s41006_drop0_pc0p05_pgc0p05
permanent_fork,sth_proof,12000,6.0,5.0,0.2,0.3,0.05,3.0,True,5.0,5.0,0.0,0.0,,,,,8538.0,,,,52.56018366677599,52.56018366677599,71.0,0.003326617626388043,71,71,41007,0.05,0.05,0.0,True,0.2,0.0,800,96,0.0,0.0,0.0,0.9034750461578369,C:/Users/efasllija/dev/gossip-poc/out_nb_incremental_clean0104/scenario_groups_effect/permanent_fork_sth_proof_n12000_pg0p2_a0p3_ff0p05_s41007_drop0_pc0p05_pgc0p05
permanent_fork,sth_proof,12000,6.0,5.0,0.2,0.3,0.05,3.0,True,0.0,0.0,0.0,0.0,,,,,8403.0,,,,55.981817338466534,55.981817338466534,90.0,0.0041745906581937935,90,90,41008,0.05,0.05,0.0,True,0.2,0.0,800,96,0.0,0.0,0.0,0.8916237354278564,C:/Users/efasllija/dev/gossip-poc/out_nb_incremental_clean0104/scenario_groups_effect/permanent_fork_sth_proof_n12000_pg0p2_a0p3_ff0p05_s41008_drop0_pc0p05_pgc0p05
permanent_fork,sth_proof,12000,6.0,5.0,0.2,0.3,0.05,3.0,True,0.0,0.0,0.0,0.0,,,,,8628.0,,,,56.970120368185036,56.970120368185036,83.0,0.003917866414916214,83,83,41009,0.05,0.05,0.0,True,0.2,0.0,800,96,0.0,0.0,0.0,0.9034068584442139,C:/Users/efasllija/dev/gossip-poc/out_nb_incremental_clean0104/scenario_groups_effect/permanent_fork_sth_proof_n12000_pg0p2_a0p3_ff0p05_s41009_drop0_pc0p05_pgc0p05
permanent_fork,sth_proof,12000,6.0,5.0,0.2,0.3,0.05,3.0,True,0.0,0.0,0.0,0.0,,,,,8689.0,,,,53.17187427672083,53.17187427672083,66.0,0.003055131231773365,66,66,41010,0.05,0.05,0.0,True,0.2,0.0,800,96,0.0,0.0,0.0,0.917086124420166,C:/Users/efasllija/dev/gossip-poc/out_nb_incremental_clean0104/scenario_groups_effect/permanent_fork_sth_proof_n12000_pg0p2_a0p3_ff0p05_s41010_drop0_pc0p05_pgc0p05
permanent_fork,sth_proof,12000,6.0,5.0,0.2,0.3,0.05,3.0,True,5.0,5.0,0.0,0.0,,,,,8723.0,,,,54.118822143698466,54.118822143698466,70.0,0.003297997644287397,70,70,41011,0.05,0.05,0.0,True,0.2,0.0,800,96,0.0,0.0,0.0,0.8871781826019287,C:/Users/efasllija/dev/gossip-poc/out_nb_incremental_clean0104/scenario_groups_effect/permanent_fork_sth_proof_n12000_pg0p2_a0p3_ff0p05_s41011_drop0_pc0p05_pgc0p05
permanent_fork,sth_proof,12000,6.0,5.0,0.2,0.3,0.05,3.0,True,0.0,0.0,0.0,0.0,,,,,8368.0,,,,53.510688836104514,53.510688836104514,70.0,0.0033932813030200203,70,70,41012,0.05,0.05,0.0,True,0.2,0.0,800,96,0.0,0.0,0.0,0.9250173568725586,C:/Users/efasllija/dev/gossip-poc/out_nb_incremental_clean0104/scenario_groups_effect/permanent_fork_sth_proof_n12000_pg0p2_a0p3_ff0p05_s41012_drop0_pc0p05_pgc0p05
permanent_fork,sth_proof,12000,6.0,5.0,0.2,0.3,0.05,3.0,True,0.0,0.0,0.0,0.0,,,,,8591.0,,,,52.033344199692635,52.033344199692635,75.0,0.003492758347692451,75,75,41013,0.05,0.05,0.0,True,0.2,0.0,800,96,0.0,0.0,0.0,0.8829147815704346,C:/Users/efasllija/dev/gossip-poc/out_nb_incremental_clean0104/scenario_groups_effect/permanent_fork_sth_proof_n12000_pg0p2_a0p3_ff0p05_s41013_drop0_pc0p05_pgc0p05
permanent_fork,sth_proof,12000,6.0,5.0,0.2,0.3,0.05,3.0,True,5.0,5.0,0.0,0.0,,,,,8709.0,,,,55.55464545930759,55.55464545930759,66.0,0.003143006809848088,66,66,41014,0.05,0.05,0.0,True,0.2,0.0,800,96,0.0,0.0,0.0,0.9172167778015137,C:/Users/efasllija/dev/gossip-poc/out_nb_incremental_clean0104/scenario_groups_effect/permanent_fork_sth_proof_n12000_pg0p2_a0p3_ff0p05_s41014_drop0_pc0p05_pgc0p05
permanent_fork,sth_proof,12000,6.0,5.0,0.2,0.3,0.05,3.0,True,0.0,0.0,0.0,0.0,170.0,,170.0,,177210.0,423998.0,,,56.95787749934635,56.95787749934635,1789.0,0.004103079258922879,1789,1789,41000,0.05,0.05,0.0,True,0.2,0.04,800,96,0.0,0.0,0.0,1.1380696296691895,C:/Users/efasllija/dev/gossip-poc/out_nb_incremental_clean0104/scenario_groups_effect/permanent_fork_sth_proof_n12000_pg0p2_a0p3_ff0p05_s41000_drop0_pc0p05_pgc0p05
permanent_fork,sth_proof,12000,6.0,5.0,0.2,0.3,0.05,3.0,True,0.0,0.0,0.0,0.0,150.0,,150.0,,179163.0,392793.0,,,53.00143814312311,53.00143814312311,1856.0,0.004138284707744791,1856,1856,41001,0.05,0.05,0.0,True,0.2,0.04,800,96,0.0,0.0,0.0,1.0791115760803223,C:/Users/efasllija/dev/gossip-poc/out_nb_incremental_clean0104/scenario_groups_effect/permanent_fork_sth_proof_n12000_pg0p2_a0p3_ff0p05_s41001_drop0_pc0p05_pgc0p05
permanent_fork,sth_proof,12000,6.0,5.0,0.2,0.3,0.05,3.0,True,0.0,0.0,0.0,0.0,,,,,185400.0,,,,51.55488378852754,51.55488378852754,1507.0,0.0033695178258001768,1507,1507,41002,0.05,0.05,0.0,True,0.2,0.04,800,96,0.0,0.0,0.0,1.1274893283843994,C:/Users/efasllija/dev/gossip-poc/out_nb_incremental_clean0104/scenario_groups_effect/permanent_fork_sth_proof_n12000_pg0p2_a0p3_ff0p05_s41002_drop0_pc0p05_pgc0p05
permanent_fork,sth_proof,12000,6.0,5.0,0.2,0.3,0.05,3.0,True,0.0,0.0,0.0,0.0,135.0,,135.0,,165373.0,341728.0,,,51.015859440364416,51.015859440364416,1905.0,0.004427349632797248,1905,1905,41003,0.05,0.05,0.0,True,0.2,0.04,800,96,0.0,0.0,0.0,1.0836524963378906,C:/Users/efasllija/dev/gossip-poc/out_nb_incremental_clean0104/scenario_groups_effect/permanent_fork_sth_proof_n12000_pg0p2_a0p3_ff0p05_s41003_drop0_pc0p05_pgc0p05
permanent_fork,sth_proof,12000,6.0,5.0,0.2,0.3,0.05,3.0,True,0.0,0.0,0.0,0.0,,,,,170286.0,,,,53.480322967915065,53.480322967915065,1605.0,0.003778159647842565,1605,1605,41004,0.05,0.05,0.0,True,0.2,0.04,800,96,0.0,0.0,0.0,1.065007209777832,C:/Users/efasllija/dev/gossip-poc/out_nb_incremental_clean0104/scenario_groups_effect/permanent_fork_sth_proof_n12000_pg0p2_a0p3_ff0p05_s41004_drop0_pc0p05_pgc0p05
permanent_fork,sth_proof,12000,6.0,5.0,0.2,0.3,0.05,3.0,True,0.0,0.0,0.0,0.0,,,,,178755.0,,,,52.24880875724404,52.24880875724404,1097.0,0.002522766994756692,1097,1097,41005,0.05,0.05,0.0,True,0.2,0.04,800,96,0.0,0.0,0.0,1.089902639389038,C:/Users/efasllija/dev/gossip-poc/out_nb_incremental_clean0104/scenario_groups_effect/permanent_fork_sth_proof_n12000_pg0p2_a0p3_ff0p05_s41005_drop0_pc0p05_pgc0p05
permanent_fork,sth_proof,12000,6.0,5.0,0.2,0.3,0.05,3.0,True,0.0,0.0,0.0,0.0,,,,,172656.0,,,,59.50649702281932,59.50649702281932,1562.0,0.0035840895792939665,1562,1562,41006,0.05,0.05,0.0,True,0.2,0.04,800,96,0.0,0.0,0.0,1.1180658340454102,C:/Users/efasllija/dev/gossip-poc/out_nb_incremental_clean0104/scenario_groups_effect/permanent_fork_sth_proof_n12000_pg0p2_a0p3_ff0p05_s41006_drop0_pc0p05_pgc0p05
permanent_fork,sth_proof,12000,6.0,5.0,0.2,0.3,0.05,3.0,True,0.0,0.0,0.0,0.0,,,,,167778.0,,,,53.95175933583416,53.95175933583416,1288.0,0.0029425068879334374,1288,1288,41007,0.05,0.05,0.0,True,0.2,0.04,800,96,0.0,0.0,0.0,1.088820457458496,C:/Users/efasllija/dev/gossip-poc/out_nb_incremental_clean0104/scenario_groups_effect/permanent_fork_sth_proof_n12000_pg0p2_a0p3_ff0p05_s41007_drop0_pc0p05_pgc0p05
permanent_fork,sth_proof,12000,6.0,5.0,0.2,0.3,0.05,3.0,True,0.0,0.0,0.0,0.0,,,,,175211.0,,,,56.83151626119839,56.83151626119839,1446.0,0.0032605828009894494,1446,1446,41008,0.05,0.05,0.0,True,0.2,0.04,800,96,0.0,0.0,0.0,1.0925524234771729,C:/Users/efasllija/dev/gossip-poc/out_nb_incremental_clean0104/scenario_groups_effect/permanent_fork_sth_proof_n12000_pg0p2_a0p3_ff0p05_s41008_drop0_pc0p05_pgc0p05
permanent_fork,sth_proof,12000,6.0,5.0,0.2,0.3,0.05,3.0,True,0.0,0.0,0.0,0.0,145.0,,145.0,,175770.0,366195.0,,,54.07270511873131,54.07270511873131,2043.0,0.004732573681516091,2043,2043,41009,0.05,0.05,0.0,True,0.2,0.04,800,96,0.0,0.0,0.0,1.072218418121338,C:/Users/efasllija/dev/gossip-poc/out_nb_incremental_clean0104/scenario_groups_effect/permanent_fork_sth_proof_n12000_pg0p2_a0p3_ff0p05_s41009_drop0_pc0p05_pgc0p05
permanent_fork,sth_proof,12000,6.0,5.0,0.2,0.3,0.05,3.0,True,0.0,0.0,0.0,0.0,150.0,,150.0,,178613.0,388753.0,,,56.2288489593244,56.2288489593244,1690.0,0.0038283451581627567,1690,1690,41010,0.05,0.05,0.0,True,0.2,0.04,800,96,0.0,0.0,0.0,1.1006152629852295,C:/Users/efasllija/dev/gossip-poc/out_nb_incremental_clean0104/scenario_groups_effect/permanent_fork_sth_proof_n12000_pg0p2_a0p3_ff0p05_s41010_drop0_pc0p05_pgc0p05
permanent_fork,sth_proof,12000,6.0,5.0,0.2,0.3,0.05,3.0,True,0.0,0.0,0.0,0.0,,,,,172366.0,,,,56.20558362774587,56.20558362774587,1364.0,0.0031414239586548074,1364,1364,41011,0.05,0.05,0.0,True,0.2,0.04,800,96,0.0,0.0,0.0,1.117093801498413,C:/Users/efasllija/dev/gossip-poc/out_nb_incremental_clean0104/scenario_groups_effect/permanent_fork_sth_proof_n12000_pg0p2_a0p3_ff0p05_s41011_drop0_pc0p05_pgc0p05
permanent_fork,sth_proof,12000,6.0,5.0,0.2,0.3,0.05,3.0,True,0.0,0.0,0.0,0.0,,,,,168500.0,,,,50.23447216890595,50.23447216890595,1118.0,0.002682341650671785,1118,1118,41012,0.05,0.05,0.0,True,0.2,0.04,800,96,0.0,0.0,0.0,1.0656468868255615,C:/Users/efasllija/dev/gossip-poc/out_nb_incremental_clean0104/scenario_groups_effect/permanent_fork_sth_proof_n12000_pg0p2_a0p3_ff0p05_s41012_drop0_pc0p05_pgc0p05
permanent_fork,sth_proof,12000,6.0,5.0,0.2,0.3,0.05,3.0,True,0.0,0.0,0.0,0.0,,,,,174016.0,,,,54.27333225873305,54.27333225873305,1224.0,0.002818523038662583,1224,1224,41013,0.05,0.05,0.0,True,0.2,0.04,800,96,0.0,0.0,0.0,1.0685033798217773,C:/Users/efasllija/dev/gossip-poc/out_nb_incremental_clean0104/scenario_groups_effect/permanent_fork_sth_proof_n12000_pg0p2_a0p3_ff0p05_s41013_drop0_pc0p05_pgc0p05
permanent_fork,sth_proof,12000,6.0,5.0,0.2,0.3,0.05,3.0,True,0.0,0.0,0.0,0.0,,,,,172455.0,,,,56.84088558990698,56.84088558990698,1613.0,0.0037650409065975747,1613,1613,41014,0.05,0.05,0.0,True,0.2,0.04,800,96,0.0,0.0,0.0,1.1229610443115234,C:/Users/efasllija/dev/gossip-poc/out_nb_incremental_clean0104/scenario_groups_effect/permanent_fork_sth_proof_n12000_pg0p2_a0p3_ff0p05_s41014_drop0_pc0p05_pgc0p05
permanent_fork,sth_proof,12000,6.0,5.0,0.2,0.3,0.05,3.0,True,0.0,0.0,0.0,0.0,80.0,,80.0,,337508.0,510346.0,,,50.606342726984295,50.606342726984295,3532.0,0.004181445368919028,3532,3532,41000,0.05,0.05,0.0,True,0.2,0.08,800,96,0.0,0.0,0.0,1.2868494987487793,C:/Users/efasllija/dev/gossip-poc/out_nb_incremental_clean0104/scenario_groups_effect/permanent_fork_sth_proof_n12000_pg0p2_a0p3_ff0p05_s41000_drop0_pc0p05_pgc0p05
permanent_fork,sth_proof,12000,6.0,5.0,0.2,0.3,0.05,3.0,True,0.0,0.0,0.0,0.0,80.0,,80.0,,344448.0,522480.0,,,47.37867185720019,47.37867185720019,2971.0,0.0034360684252952925,2971,2971,41001,0.05,0.05,0.0,True,0.2,0.08,800,96,0.0,0.0,0.0,1.283357858657837,C:/Users/efasllija/dev/gossip-poc/out_nb_incremental_clean0104/scenario_groups_effect/permanent_fork_sth_proof_n12000_pg0p2_a0p3_ff0p05_s41001_drop0_pc0p05_pgc0p05
permanent_fork,sth_proof,12000,6.0,5.0,0.2,0.3,0.05,3.0,True,0.0,0.0,0.0,0.0,100.0,,100.0,,349245.0,587207.0,,,55.74713769372487,55.74713769372487,2834.0,0.0032652816679897547,2834,2834,41002,0.05,0.05,0.0,True,0.2,0.08,800,96,0.0,0.0,0.0,1.2978770732879639,C:/Users/efasllija/dev/gossip-poc/out_nb_incremental_clean0104/scenario_groups_effect/permanent_fork_sth_proof_n12000_pg0p2_a0p3_ff0p05_s41002_drop0_pc0p05_pgc0p05
permanent_fork,sth_proof,12000,6.0,5.0,0.2,0.3,0.05,3.0,True,0.0,0.0,0.0,0.0,100.0,,100.0,,319818.0,547074.0,,,53.22045395695785,53.22045395695785,3261.0,0.0039643126761967394,3261,3261,41003,0.05,0.05,0.0,True,0.2,0.08,800,96,0.0,0.0,0.0,1.2693123817443848,C:/Users/efasllija/dev/gossip-poc/out_nb_incremental_clean0104/scenario_groups_effect/permanent_fork_sth_proof_n12000_pg0p2_a0p3_ff0p05_s41003_drop0_pc0p05_pgc0p05
permanent_fork,sth_proof,12000,6.0,5.0,0.2,0.3,0.05,3.0,True,0.0,0.0,0.0,0.0,,,,,329190.0,,,,52.66995263386624,52.66995263386624,2009.0,0.0024456068550031467,2009,2009,41004,0.05,0.05,0.0,True,0.2,0.08,800,96,0.0,0.0,0.0,1.2678546905517578,C:/Users/efasllija/dev/gossip-poc/out_nb_incremental_clean0104/scenario_groups_effect/permanent_fork_sth_proof_n12000_pg0p2_a0p3_ff0p05_s41004_drop0_pc0p05_pgc0p05
permanent_fork,sth_proof,12000,6.0,5.0,0.2,0.3,0.05,3.0,True,0.0,0.0,0.0,0.0,85.0,,85.0,,336806.0,535432.0,,,53.856508020418616,53.856508020418616,3604.0,0.00425269805607803,3604,3604,41005,0.05,0.05,0.0,True,0.2,0.08,800,96,0.0,0.0,0.0,1.362992763519287,C:/Users/efasllija/dev/gossip-poc/out_nb_incremental_clean0104/scenario_groups_effect/permanent_fork_sth_proof_n12000_pg0p2_a0p3_ff0p05_s41005_drop0_pc0p05_pgc0p05
permanent_fork,sth_proof,12000,6.0,5.0,0.2,0.3,0.05,3.0,True,0.0,0.0,0.0,0.0,65.0,,65.0,,341066.0,481661.0,,,54.818207828013534,54.818207828013534,3743.0,0.004425218187020148,3743,3743,41006,0.05,0.05,0.0,True,0.2,0.08,800,96,0.0,0.0,0.0,1.3154394626617432,C:/Users/efasllija/dev/gossip-poc/out_nb_incremental_clean0104/scenario_groups_effect/permanent_fork_sth_proof_n12000_pg0p2_a0p3_ff0p05_s41006_drop0_pc0p05_pgc0p05
permanent_fork,sth_proof,12000,6.0,5.0,0.2,0.3,0.05,3.0,True,0.0,0.0,0.0,0.0,145.0,,145.0,,327539.0,723369.0,,,48.6524380963531,48.6524380963531,2090.0,0.002446877012234385,2090,2090,41007,0.05,0.05,0.0,True,0.2,0.08,800,96,0.0,0.0,0.0,1.291243076324463,C:/Users/efasllija/dev/gossip-poc/out_nb_incremental_clean0104/scenario_groups_effect/permanent_fork_sth_proof_n12000_pg0p2_a0p3_ff0p05_s41007_drop0_pc0p05_pgc0p05
permanent_fork,sth_proof,12000,6.0,5.0,0.2,0.3,0.05,3.0,True,0.0,0.0,0.0,0.0,115.0,,115.0,,331252.0,617559.0,,,58.32469976008785,58.32469976008785,3301.0,0.003848153562427286,3301,3301,41008,0.05,0.05,0.0,True,0.2,0.08,800,96,0.0,0.0,0.0,1.332111120223999,C:/Users/efasllija/dev/gossip-poc/out_nb_incremental_clean0104/scenario_groups_effect/permanent_fork_sth_proof_n12000_pg0p2_a0p3_ff0p05_s41008_drop0_pc0p05_pgc0p05
permanent_fork,sth_proof,12000,6.0,5.0,0.2,0.3,0.05,3.0,True,0.0,0.0,0.0,0.0,130.0,,130.0,,341916.0,660109.0,,,54.367229237783775,54.367229237783775,2773.0,0.003309780143706285,2773,2773,41009,0.05,0.05,0.0,True,0.2,0.08,800,96,0.0,0.0,0.0,1.2719576358795166,C:/Users/efasllija/dev/gossip-poc/out_nb_incremental_clean0104/scenario_groups_effect/permanent_fork_sth_proof_n12000_pg0p2_a0p3_ff0p05_s41009_drop0_pc0p05_pgc0p05
permanent_fork,sth_proof,12000,6.0,5.0,0.2,0.3,0.05,3.0,True,0.0,0.0,0.0,0.0,115.0,,115.0,,351714.0,640862.0,,,55.66284581252627,55.66284581252627,2865.0,0.0033357279163751057,2865,2865,41010,0.05,0.05,0.0,True,0.2,0.08,800,96,0.0,0.0,0.0,1.326369047164917,C:/Users/efasllija/dev/gossip-poc/out_nb_incremental_clean0104/scenario_groups_effect/permanent_fork_sth_proof_n12000_pg0p2_a0p3_ff0p05_s41010_drop0_pc0p05_pgc0p05
permanent_fork,sth_proof,12000,6.0,5.0,0.2,0.3,0.05,3.0,True,0.0,0.0,0.0,0.0,120.0,,120.0,,334800.0,628622.0,,,52.42187691352843,52.42187691352843,2833.0,0.0033684045319487166,2833,2833,41011,0.05,0.05,0.0,True,0.2,0.08,800,96,0.0,0.0,0.0,1.2971916198730469,C:/Users/efasllija/dev/gossip-poc/out_nb_incremental_clean0104/scenario_groups_effect/permanent_fork_sth_proof_n12000_pg0p2_a0p3_ff0p05_s41011_drop0_pc0p05_pgc0p05
permanent_fork,sth_proof,12000,6.0,5.0,0.2,0.3,0.05,3.0,True,0.0,0.0,0.0,0.0,155.0,,155.0,,333112.0,741114.0,,,54.58994649274266,54.58994649274266,2486.0,0.0030335015222418137,2486,2486,41012,0.05,0.05,0.0,True,0.2,0.08,800,96,0.0,0.0,0.0,1.2610971927642822,C:/Users/efasllija/dev/gossip-poc/out_nb_incremental_clean0104/scenario_groups_effect/permanent_fork_sth_proof_n12000_pg0p2_a0p3_ff0p05_s41012_drop0_pc0p05_pgc0p05
permanent_fork,sth_proof,12000,6.0,5.0,0.2,0.3,0.05,3.0,True,0.0,0.0,0.0,0.0,90.0,,90.0,,344848.0,552616.0,,,55.457262291571624,55.457262291571624,3382.0,0.0039358166295817,3382,3382,41013,0.05,0.05,0.0,True,0.2,0.08,800,96,0.0,0.0,0.0,1.2958369255065918,C:/Users/efasllija/dev/gossip-poc/out_nb_incremental_clean0104/scenario_groups_effect/permanent_fork_sth_proof_n12000_pg0p2_a0p3_ff0p05_s41013_drop0_pc0p05_pgc0p05
permanent_fork,sth_proof,12000,6.0,5.0,0.2,0.3,0.05,3.0,True,0.0,0.0,0.0,0.0,140.0,,140.0,,344491.0,697424.0,,,55.107124829203386,55.107124829203386,2801.0,0.0033425419309414846,2801,2801,41014,0.05,0.05,0.0,True,0.2,0.08,800,96,0.0,0.0,0.0,1.2761716842651367,C:/Users/efasllija/dev/gossip-poc/out_nb_incremental_clean0104/scenario_groups_effect/permanent_fork_sth_proof_n12000_pg0p2_a0p3_ff0p05_s41014_drop0_pc0p05_pgc0p05
permanent_fork,sth_proof,12000,6.0,5.0,0.2,0.3,0.05,3.0,True,0.0,0.0,0.0,0.0,70.0,,70.0,,508207.0,735312.0,,,55.18767346277885,55.18767346277885,5586.0,0.004390656845722568,5586,5586,41000,0.05,0.05,0.0,True,0.2,0.12,800,96,0.0,0.0,0.0,1.517151117324829,C:/Users/efasllija/dev/gossip-poc/out_nb_incremental_clean0104/scenario_groups_effect/permanent_fork_sth_proof_n12000_pg0p2_a0p3_ff0p05_s41000_drop0_pc0p05_pgc0p05
permanent_fork,sth_proof,12000,6.0,5.0,0.2,0.3,0.05,3.0,True,0.0,0.0,0.0,0.0,75.0,,75.0,,519188.0,767335.0,,,48.73984521243598,48.73984521243598,4016.0,0.0031103115035831315,4016,4016,41001,0.05,0.05,0.0,True,0.2,0.12,800,96,0.0,0.0,0.0,1.513657569885254,C:/Users/efasllija/dev/gossip-poc/out_nb_incremental_clean0104/scenario_groups_effect/permanent_fork_sth_proof_n12000_pg0p2_a0p3_ff0p05_s41001_drop0_pc0p05_pgc0p05
permanent_fork,sth_proof,12000,6.0,5.0,0.2,0.3,0.05,3.0,True,0.0,0.0,0.0,0.0,65.0,,65.0,,515802.0,729516.0,,,53.391015906432926,53.391015906432926,4688.0,0.0036046482123236216,4688,4688,41002,0.05,0.05,0.0,True,0.2,0.12,800,96,0.0,0.0,0.0,1.5070242881774902,C:/Users/efasllija/dev/gossip-poc/out_nb_incremental_clean0104/scenario_groups_effect/permanent_fork_sth_proof_n12000_pg0p2_a0p3_ff0p05_s41002_drop0_pc0p05_pgc0p05
permanent_fork,sth_proof,12000,6.0,5.0,0.2,0.3,0.05,3.0,True,0.0,0.0,0.0,0.0,75.0,,75.0,,482266.0,717807.0,,,53.77489462786546,53.77489462786546,4277.0,0.0035058469034281396,4277,4277,41003,0.05,0.05,0.0,True,0.2,0.12,800,96,0.0,0.0,0.0,1.471560001373291,C:/Users/efasllija/dev/gossip-poc/out_nb_incremental_clean0104/scenario_groups_effect/permanent_fork_sth_proof_n12000_pg0p2_a0p3_ff0p05_s41003_drop0_pc0p05_pgc0p05
permanent_fork,sth_proof,12000,6.0,5.0,0.2,0.3,0.05,3.0,True,0.0,0.0,0.0,0.0,140.0,,140.0,,493818.0,1022951.0,,,48.485703949088304,48.485703949088304,3121.0,0.002525998522116853,3121,3121,41004,0.05,0.05,0.0,True,0.2,0.12,800,96,0.0,0.0,0.0,1.4127306938171387,C:/Users/efasllija/dev/gossip-poc/out_nb_incremental_clean0104/scenario_groups_effect/permanent_fork_sth_proof_n12000_pg0p2_a0p3_ff0p05_s41004_drop0_pc0p05_pgc0p05
permanent_fork,sth_proof,12000,6.0,5.0,0.2,0.3,0.05,3.0,True,0.0,0.0,0.0,0.0,80.0,,80.0,,505458.0,778729.0,,,51.424345559936114,51.424345559936114,4908.0,0.0039019550321148073,4908,4908,41005,0.05,0.05,0.0,True,0.2,0.12,800,96,0.0,0.0,0.0,1.42634916305542,C:/Users/efasllija/dev/gossip-poc/out_nb_incremental_clean0104/scenario_groups_effect/permanent_fork_sth_proof_n12000_pg0p2_a0p3_ff0p05_s41005_drop0_pc0p05_pgc0p05
permanent_fork,sth_proof,12000,6.0,5.0,0.2,0.3,0.05,3.0,True,0.0,0.0,0.0,0.0,60.0,,60.0,,516127.0,714435.0,,,56.70241375146812,56.70241375146812,5209.0,0.004084074383625441,5209,5209,41006,0.05,0.05,0.0,True,0.2,0.12,800,96,0.0,0.0,0.0,1.4924073219299316,C:/Users/efasllija/dev/gossip-poc/out_nb_incremental_clean0104/scenario_groups_effect/permanent_fork_sth_proof_n12000_pg0p2_a0p3_ff0p05_s41006_drop0_pc0p05_pgc0p05
permanent_fork,sth_proof,12000,6.0,5.0,0.2,0.3,0.05,3.0,True,0.0,0.0,0.0,0.0,95.0,,95.0,,482497.0,813735.0,,,55.17846729753685,55.17846729753685,3820.0,0.003025768937392722,3820,3820,41007,0.05,0.05,0.0,True,0.2,0.12,800,96,0.0,0.0,0.0,1.487297773361206,C:/Users/efasllija/dev/gossip-poc/out_nb_incremental_clean0104/scenario_groups_effect/permanent_fork_sth_proof_n12000_pg0p2_a0p3_ff0p05_s41007_drop0_pc0p05_pgc0p05
permanent_fork,sth_proof,12000,6.0,5.0,0.2,0.3,0.05,3.0,True,0.0,0.0,0.0,0.0,65.0,,65.0,,492189.0,710953.0,,,52.19186615756542,52.19186615756542,5039.0,0.003956448445647318,5039,5039,41008,0.05,0.05,0.0,True,0.2,0.12,800,96,0.0,0.0,0.0,1.4915556907653809,C:/Users/efasllija/dev/gossip-poc/out_nb_incremental_clean0104/scenario_groups_effect/permanent_fork_sth_proof_n12000_pg0p2_a0p3_ff0p05_s41008_drop0_pc0p05_pgc0p05
permanent_fork,sth_proof,12000,6.0,5.0,0.2,0.3,0.05,3.0,True,0.0,0.0,0.0,0.0,80.0,,80.0,,502028.0,764159.0,,,55.27954036157773,55.27954036157773,4120.0,0.003305596808654887,4120,4120,41009,0.05,0.05,0.0,True,0.2,0.12,800,96,0.0,0.0,0.0,1.4085512161254883,C:/Users/efasllija/dev/gossip-poc/out_nb_incremental_clean0104/scenario_groups_effect/permanent_fork_sth_proof_n12000_pg0p2_a0p3_ff0p05_s41009_drop0_pc0p05_pgc0p05
permanent_fork,sth_proof,12000,6.0,5.0,0.2,0.3,0.05,3.0,True,0.0,0.0,0.0,0.0,115.0,,115.0,,519811.0,937350.0,,,53.7574058351494,53.7574058351494,4373.0,0.003421900003521278,4373,4373,41010,0.05,0.05,0.0,True,0.2,0.12,800,96,0.0,0.0,0.0,1.4944851398468018,C:/Users/efasllija/dev/gossip-poc/out_nb_incremental_clean0104/scenario_groups_effect/permanent_fork_sth_proof_n12000_pg0p2_a0p3_ff0p05_s41010_drop0_pc0p05_pgc0p05
permanent_fork,sth_proof,12000,6.0,5.0,0.2,0.3,0.05,3.0,True,0.0,0.0,0.0,0.0,105.0,,105.0,,502520.0,878739.0,,,55.80323471823619,55.80323471823619,4543.0,0.0035838759504016183,4543,4543,41011,0.05,0.05,0.0,True,0.2,0.12,800,96,0.0,0.0,0.0,1.5032007694244385,C:/Users/efasllija/dev/gossip-poc/out_nb_incremental_clean0104/scenario_groups_effect/permanent_fork_sth_proof_n12000_pg0p2_a0p3_ff0p05_s41011_drop0_pc0p05_pgc0p05
permanent_fork,sth_proof,12000,6.0,5.0,0.2,0.3,0.05,3.0,True,0.0,0.0,0.0,0.0,135.0,,135.0,,495490.0,987608.0,,,53.40506842138213,53.40506842138213,3499.0,0.002882331038891287,3499,3499,41012,0.05,0.05,0.0,True,0.2,0.12,800,96,0.0,0.0,0.0,1.5043201446533203,C:/Users/efasllija/dev/gossip-poc/out_nb_incremental_clean0104/scenario_groups_effect/permanent_fork_sth_proof_n12000_pg0p2_a0p3_ff0p05_s41012_drop0_pc0p05_pgc0p05
permanent_fork,sth_proof,12000,6.0,5.0,0.2,0.3,0.05,3.0,True,0.0,0.0,0.0,0.0,65.0,,65.0,,511008.0,718526.0,,,54.749203085156715,54.749203085156715,4371.0,0.00344116056308755,4371,4371,41013,0.05,0.05,0.0,True,0.2,0.12,800,96,0.0,0.0,0.0,1.510500192642212,C:/Users/efasllija/dev/gossip-poc/out_nb_incremental_clean0104/scenario_groups_effect/permanent_fork_sth_proof_n12000_pg0p2_a0p3_ff0p05_s41013_drop0_pc0p05_pgc0p05
permanent_fork,sth_proof,12000,6.0,5.0,0.2,0.3,0.05,3.0,True,0.0,0.0,0.0,0.0,70.0,,70.0,,501804.0,726740.0,,,56.94581833901293,56.94581833901293,5617.0,0.004504912736864815,5617,5617,41014,0.05,0.05,0.0,True,0.2,0.12,800,96,0.0,0.0,0.0,1.470078706741333,C:/Users/efasllija/dev/gossip-poc/out_nb_incremental_clean0104/scenario_groups_effect/permanent_fork_sth_proof_n12000_pg0p2_a0p3_ff0p05_s41014_drop0_pc0p05_pgc0p05
