server_mode,mode,users,hours,dt_min,p_gossip,adoption,fork_frac,fork_hour,detected,lat_aw_min,lat_ev_min,aware_cov_end,evid_cov_end,t10_aw,t50_aw,t10_ev,t50_ev,msgs_first_ev,msgs_10_ev,msgs_50_ev,msgs_95_ev,bytes_per_send,bytes_per_delivery,crosscuts,crosscut_rate,proof_inconsistent,evidence_events,seed,p_contact_cross,p_group_cross,p_drop_crosscut,sticky_victims,msg_rate_1to1,msg_rate_group,groups,avg_group_size,proof_withhold_rate,proof_timeout_rate,invalid_proof_rate,wall_s,run_dir
permanent_fork,sth_proof,12000,6.0,5.0,0.002,0.05,0.05,3.0,False,,,0.0,0.0,,,,,,,,,0.0,0.0,0.0,0.0,0,0,71000,0.05,0.05,0.0,True,0.2,0.08,800,10,0.0,0.0,0.0,0.84580397605896,C:/Users/efasllija/dev/gossip-poc/out_nb_incremental_clean0104/scenario_baseline_new/permanent_fork_sth_proof_n12000_pg0p002_a0p05_ff0p05_s71000_drop0_pc0p05_pgc0p05
permanent_fork,sth_proof,12000,6.0,5.0,0.002,0.05,0.05,3.0,False,,,0.0,0.0,,,,,,,,,0.013241901158666351,0.013241901158666351,0.0,0.0,0,0,71001,0.05,0.05,0.0,True,0.2,0.08,800,10,0.0,0.0,0.0,0.811147928237915,C:/Users/efasllija/dev/gossip-poc/out_nb_incremental_clean0104/scenario_baseline_new/permanent_fork_sth_proof_n12000_pg0p002_a0p05_ff0p05_s71001_drop0_pc0p05_pgc0p05
permanent_fork,sth_proof,12000,6.0,5.0,0.002,0.05,0.05,3.0,False,,,0.0,0.0,,,,,,,,,0.026392141268649024,0.026392141268649024,0.0,0.0,0,0,71002,0.05,0.05,0.0,True,0.2,0.08,800,10,0.0,0.0,0.0,0.81793212890625,C:/Users/efasllija/dev/gossip-poc/out_nb_incremental_clean0104/scenario_baseline_new/permanent_fork_sth_proof_n12000_pg0p002_a0p05_ff0p05_s71002_drop0_pc0p05_pgc0p05
permanent_fork,sth_proof,12000,6.0,5.0,0.002,0.05,0.05,3.0,True,130.0,130.0,0.0,0.0,,,,,50936.0,,,,0.04128334689990939,0.04128334689990939,1.0,1.5358387983597243e-05,1,1,71003,0.05,0.05,0.0,True,0.2,0.08,800,10,0.0,0.0,0.0,0.8076827526092529,C:/Users/efasllija/dev/gossip-poc/out_nb_incremental_clean0104/scenario_baseline_new/permanent_fork_sth_proof_n12000_pg0p002_a0p05_ff0p05_s71003_drop0_pc0p05_pgc0p05
permanent_fork,sth_proof,12000,6.0,5.0,0.002,0.05,0.05,3.0,False,,,0.0,0.0,,,,,,,,,0.026417430786921013,0.026417430786921013,0.0,0.0,0,0,71004,0.05,0.05,0.0,True,0.2,0.08,800,10,0.0,0.0,0.0,0.8041229248046875,C:/Users/efasllija/dev/gossip-poc/out_nb_incremental_clean0104/scenario_baseline_new/permanent_fork_sth_proof_n12000_pg0p002_a0p05_ff0p05_s71004_drop0_pc0p05_pgc0p05
permanent_fork,sth_proof,12000,6.0,5.0,0.002,0.05,0.05,3.0,False,,,0.0,0.0,,,,,,,,,0.10792742603327561,0.10792742603327561,0.0,0.0,0,0,71005,0.05,0.05,0.0,True,0.2,0.08,800,10,0.0,0.0,0.0,0.8355543613433838,C:/Users/efasllija/dev/gossip-poc/out_nb_incremental_clean0104/scenario_baseline_new/permanent_fork_sth_proof_n12000_pg0p002_a0p05_ff0p05_s71005_drop0_pc0p05_pgc0p05
permanent_fork,sth_proof,12000,6.0,5.0,0.002,0.05,0.05,3.0,False,,,0.0,0.0,,,,,,,,,0.1791641671665667,0.1791641671665667,0.0,0.0,0,0,71006,0.05,0.05,0.0,True,0.2,0.08,800,10,0.0,0.0,0.0,0.8264749050140381,C:/Users/efasllija/dev/gossip-poc/out_nb_incremental_clean0104/scenario_baseline_new/permanent_fork_sth_proof_n12000_pg0p002_a0p05_ff0p05_s71006_drop0_pc0p05_pgc0p05
permanent_fork,sth_proof,12000,6.0,5.0,0.002,0.05,0.05,3.0,False,,,0.0,0.0,,,,,,,,,0.0269851069917328,0.0269851069917328,0.0,0.0,0,0,71007,0.05,0.05,0.0,True,0.2,0.08,800,10,0.0,0.0,0.0,0.8248605728149414,C:/Users/efasllija/dev/gossip-poc/out_nb_incremental_clean0104/scenario_baseline_new/permanent_fork_sth_proof_n12000_pg0p002_a0p05_ff0p05_s71007_drop0_pc0p05_pgc0p05
permanent_fork,sth_proof,12000,6.0,5.0,0.002,0.05,0.05,3.0,True,50.0,50.0,0.0,0.0,,,,,35135.0,,,,0.013339884169309334,0.013339884169309334,1.0,1.4888263581818453e-05,1,1,71008,0.05,0.05,0.0,True,0.2,0.08,800,10,0.0,0.0,0.0,0.8406953811645508,C:/Users/efasllija/dev/gossip-poc/out_nb_incremental_clean0104/scenario_baseline_new/permanent_fork_sth_proof_n12000_pg0p002_a0p05_ff0p05_s71008_drop0_pc0p05_pgc0p05
permanent_fork,sth_proof,12000,6.0,5.0,0.002,0.05,0.05,3.0,False,,,0.0,0.0,,,,,,,,,0.13467406171559124,0.13467406171559124,0.0,0.0,0,0,71009,0.05,0.05,0.0,True,0.2,0.08,800,10,0.0,0.0,0.0,0.8416776657104492,C:/Users/efasllija/dev/gossip-poc/out_nb_incremental_clean0104/scenario_baseline_new/permanent_fork_sth_proof_n12000_pg0p002_a0p05_ff0p05_s71009_drop0_pc0p05_pgc0p05
permanent_fork,sth_proof,12000,6.0,5.0,0.002,0.05,0.05,3.0,False,,,0.0,0.0,,,,,,,,,0.16057587478905003,0.16057587478905003,0.0,0.0,0,0,71010,0.05,0.05,0.0,True,0.2,0.08,800,10,0.0,0.0,0.0,0.844090461730957,C:/Users/efasllija/dev/gossip-poc/out_nb_incremental_clean0104/scenario_baseline_new/permanent_fork_sth_proof_n12000_pg0p002_a0p05_ff0p05_s71010_drop0_pc0p05_pgc0p05
permanent_fork,sth_proof,12000,6.0,5.0,0.002,0.05,0.05,3.0,False,,,0.0,0.0,,,,,,,,,0.012652507907817443,0.012652507907817443,0.0,0.0,0,0,71011,0.05,0.05,0.0,True,0.2,0.08,800,10,0.0,0.0,0.0,0.830263614654541,C:/Users/efasllija/dev/gossip-poc/out_nb_incremental_clean0104/scenario_baseline_new/permanent_fork_sth_proof_n12000_pg0p002_a0p05_ff0p05_s71011_drop0_pc0p05_pgc0p05
permanent_fork,sth_proof,12000,6.0,5.0,0.005,0.05,0.05,3.0,False,,,0.0,0.0,,,,,,,,,0.026616364905609934,0.026616364905609934,0.0,0.0,0,0,71000,0.05,0.05,0.0,True,0.2,0.08,800,10,0.0,0.0,0.0,0.8401389122009277,C:/Users/efasllija/dev/gossip-poc/out_nb_incremental_clean0104/scenario_baseline_new/permanent_fork_sth_proof_n12000_pg0p005_a0p05_ff0p05_s71000_drop0_pc0p05_pgc0p05
permanent_fork,sth_proof,12000,6.0,5.0,0.005,0.05,0.05,3.0,False,,,0.0,0.0,,,,,,,,,0.17214471506266257,0.17214471506266257,0.0,0.0,0,0,71001,0.05,0.05,0.0,True,0.2,0.08,800,10,0.0,0.0,0.0,0.8389124870300293,C:/Users/efasllija/dev/gossip-poc/out_nb_incremental_clean0104/scenario_baseline_new/permanent_fork_sth_proof_n12000_pg0p005_a0p05_ff0p05_s71001_drop0_pc0p05_pgc0p05
permanent_fork,sth_proof,12000,6.0,5.0,0.005,0.05,0.05,3.0,True,65.0,65.0,0.0,0.0,,,,,38508.0,,,,0.2639214126864902,0.2639214126864902,3.0,4.4183272213140104e-05,3,3,71002,0.05,0.05,0.0,True,0.2,0.08,800,10,0.0,0.0,0.0,0.8460724353790283,C:/Users/efasllija/dev/gossip-poc/out_nb_incremental_clean0104/scenario_baseline_new/permanent_fork_sth_proof_n12000_pg0p005_a0p05_ff0p05_s71002_drop0_pc0p05_pgc0p05
permanent_fork,sth_proof,12000,6.0,5.0,0.005,0.05,0.05,3.0,True,130.0,130.0,0.0,0.0,,,,,50936.0,,,,0.06880557816651564,0.06880557816651564,1.0,1.5358387983597243e-05,1,1,71003,0.05,0.05,0.0,True,0.2,0.08,800,10,0.0,0.0,0.0,0.8495650291442871,C:/Users/efasllija/dev/gossip-poc/out_nb_incremental_clean0104/scenario_baseline_new/permanent_fork_sth_proof_n12000_pg0p005_a0p05_ff0p05_s71003_drop0_pc0p05_pgc0p05
permanent_fork,sth_proof,12000,6.0,5.0,0.005,0.05,0.05,3.0,False,,,0.0,0.0,,,,,,,,,0.07925229236076303,0.07925229236076303,0.0,0.0,0,0,71004,0.05,0.05,0.0,True,0.2,0.08,800,10,0.0,0.0,0.0,0.8504345417022705,C:/Users/efasllija/dev/gossip-poc/out_nb_incremental_clean0104/scenario_baseline_new/permanent_fork_sth_proof_n12000_pg0p005_a0p05_ff0p05_s71004_drop0_pc0p05_pgc0p05
permanent_fork,sth_proof,12000,6.0,5.0,0.005,0.05,0.05,3.0,False,,,0.0,0.0,,,,,,,,,0.16189113904991342,0.16189113904991342,0.0,0.0,0,0,71005,0.05,0.05,0.0,True,0.2,0.08,800,10,0.0,0.0,0.0,0.8423292636871338,C:/Users/efasllija/dev/gossip-poc/out_nb_incremental_clean0104/scenario_baseline_new/permanent_fork_sth_proof_n12000_pg0p005_a0p05_ff0p05_s71005_drop0_pc0p05_pgc0p05
permanent_fork,sth_proof,12000,6.0,5.0,0.005,0.05,0.05,3.0,False,,,0.0,0.0,,,,,,,,,0.23429160321781797,0.23429160321781797,0.0,0.0,0,0,71006,0.05,0.05,0.0,True,0.2,0.08,800,10,0.0,0.0,0.0,0.8743021488189697,C:/Users/efasllija/dev/gossip-poc/out_nb_incremental_clean0104/scenario_baseline_new/permanent_fork_sth_proof_n12000_pg0p005_a0p05_ff0p05_s71006_drop0_pc0p05_pgc0p05
permanent_fork,sth_proof,12000,6.0,5.0,0.005,0.05,0.05,3.0,False,,,0.0,0.0,,,,,,,,,0.040477660487599196,0.040477660487599196,0.0,0.0,0,0,71007,0.05,0.05,0.0,True,0.2,0.08,800,10,0.0,0.0,0.0,0.851179838180542,C:/Users/efasllija/dev/gossip-poc/out_nb_incremental_clean0104/scenario_baseline_new/permanent_fork_sth_proof_n12000_pg0p005_a0p05_ff0p05_s71007_drop0_pc0p05_pgc0p05
permanent_fork,sth_proof,12000,6.0,5.0,0.005,0.05,0.05,3.0,True,50.0,50.0,0.0,0.0,,,,,35135.0,,,,0.080039305015856,0.080039305015856,1.0,1.4888263581818453e-05,1,1,71008,0.05,0.05,0.0,True,0.2,0.08,800,10,0.0,0.0,0.0,0.8554699420928955,C:/Users/efasllija/dev/gossip-poc/out_nb_incremental_clean0104/scenario_baseline_new/permanent_fork_sth_proof_n12000_pg0p005_a0p05_ff0p05_s71008_drop0_pc0p05_pgc0p05
permanent_fork,sth_proof,12000,6.0,5.0,0.005,0.05,0.05,3.0,False,,,0.0,0.0,,,,,,,,,0.18854368640182773,0.18854368640182773,0.0,0.0,0,0,71009,0.05,0.05,0.0,True,0.2,0.08,800,10,0.0,0.0,0.0,0.8662581443786621,C:/Users/efasllija/dev/gossip-poc/out_nb_incremental_clean0104/scenario_baseline_new/permanent_fork_sth_proof_n12000_pg0p005_a0p05_ff0p05_s71009_drop0_pc0p05_pgc0p05
permanent_fork,sth_proof,12000,6.0,5.0,0.005,0.05,0.05,3.0,True,145.0,145.0,0.0,0.0,,,,,57572.0,,,,0.36129571827536255,0.36129571827536255,2.0,2.9869024328320315e-05,2,2,71010,0.05,0.05,0.0,True,0.2,0.08,800,10,0.0,0.0,0.0,0.872075080871582,C:/Users/efasllija/dev/gossip-poc/out_nb_incremental_clean0104/scenario_baseline_new/permanent_fork_sth_proof_n12000_pg0p005_a0p05_ff0p05_s71010_drop0_pc0p05_pgc0p05
permanent_fork,sth_proof,12000,6.0,5.0,0.005,0.05,0.05,3.0,False,,,0.0,0.0,,,,,,,,,0.05061003163126977,0.05061003163126977,0.0,0.0,0,0,71011,0.05,0.05,0.0,True,0.2,0.08,800,10,0.0,0.0,0.0,0.8884110450744629,C:/Users/efasllija/dev/gossip-poc/out_nb_incremental_clean0104/scenario_baseline_new/permanent_fork_sth_proof_n12000_pg0p005_a0p05_ff0p05_s71011_drop0_pc0p05_pgc0p05
permanent_fork,sth_proof,12000,6.0,5.0,0.008,0.05,0.05,3.0,True,130.0,130.0,0.0,0.0,,,,,52534.0,,,,0.26616364905609935,0.26616364905609935,1.0,1.4852882201791258e-05,1,1,71000,0.05,0.05,0.0,True,0.2,0.08,800,10,0.0,0.0,0.0,0.8525032997131348,C:/Users/efasllija/dev/gossip-poc/out_nb_incremental_clean0104/scenario_baseline_new/permanent_fork_sth_proof_n12000_pg0p008_a0p05_ff0p05_s71000_drop0_pc0p05_pgc0p05
permanent_fork,sth_proof,12000,6.0,5.0,0.008,0.05,0.05,3.0,False,,,0.0,0.0,,,,,,,,,0.21187041853866162,0.21187041853866162,0.0,0.0,0,0,71001,0.05,0.05,0.0,True,0.2,0.08,800,10,0.0,0.0,0.0,0.8607702255249023,C:/Users/efasllija/dev/gossip-poc/out_nb_incremental_clean0104/scenario_baseline_new/permanent_fork_sth_proof_n12000_pg0p008_a0p05_ff0p05_s71001_drop0_pc0p05_pgc0p05
permanent_fork,sth_proof,12000,6.0,5.0,0.008,0.05,0.05,3.0,True,65.0,65.0,0.0,0.0,,,,,38508.0,,,,0.29031355395513925,0.29031355395513925,3.0,4.4183272213140104e-05,3,3,71002,0.05,0.05,0.0,True,0.2,0.08,800,10,0.0,0.0,0.0,0.8505392074584961,C:/Users/efasllija/dev/gossip-poc/out_nb_incremental_clean0104/scenario_baseline_new/permanent_fork_sth_proof_n12000_pg0p008_a0p05_ff0p05_s71002_drop0_pc0p05_pgc0p05
permanent_fork,sth_proof,12000,6.0,5.0,0.008,0.05,0.05,3.0,True,130.0,130.0,0.0,0.0,,,,,50936.0,,,,0.13761115633303128,0.13761115633303128,2.0,3.0716775967194487e-05,2,2,71003,0.05,0.05,0.0,True,0.2,0.08,800,10,0.0,0.0,0.0,0.8757178783416748,C:/Users/efasllija/dev/gossip-poc/out_nb_incremental_clean0104/scenario_baseline_new/permanent_fork_sth_proof_n12000_pg0p008_a0p05_ff0p05_s71003_drop0_pc0p05_pgc0p05
permanent_fork,sth_proof,12000,6.0,5.0,0.008,0.05,0.05,3.0,False,,,0.0,0.0,,,,,,,,,0.23775687708228913,0.23775687708228913,0.0,0.0,0,0,71004,0.05,0.05,0.0,True,0.2,0.08,800,10,0.0,0.0,0.0,0.8679027557373047,C:/Users/efasllija/dev/gossip-poc/out_nb_incremental_clean0104/scenario_baseline_new/permanent_fork_sth_proof_n12000_pg0p008_a0p05_ff0p05_s71004_drop0_pc0p05_pgc0p05
permanent_fork,sth_proof,12000,6.0,5.0,0.008,0.05,0.05,3.0,True,105.0,105.0,0.0,0.0,,,,,46096.0,,,,0.40472784762478353,0.40472784762478353,1.0,1.5056839569374388e-05,1,1,71005,0.05,0.05,0.0,True,0.2,0.08,800,10,0.0,0.0,0.0,0.8910140991210938,C:/Users/efasllija/dev/gossip-poc/out_nb_incremental_clean0104/scenario_baseline_new/permanent_fork_sth_proof_n12000_pg0p008_a0p05_ff0p05_s71005_drop0_pc0p05_pgc0p05
permanent_fork,sth_proof,12000,6.0,5.0,0.008,0.05,0.05,3.0,False,,,0.0,0.0,,,,,,,,,0.45480134742282313,0.45480134742282313,0.0,0.0,0,0,71006,0.05,0.05,0.0,True,0.2,0.08,800,10,0.0,0.0,0.0,0.8945515155792236,C:/Users/efasllija/dev/gossip-poc/out_nb_incremental_clean0104/scenario_baseline_new/permanent_fork_sth_proof_n12000_pg0p008_a0p05_ff0p05_s71006_drop0_pc0p05_pgc0p05
permanent_fork,sth_proof,12000,6.0,5.0,0.008,0.05,0.05,3.0,False,,,0.0,0.0,,,,,,,,,0.1888957489421296,0.1888957489421296,0.0,0.0,0,0,71007,0.05,0.05,0.0,True,0.2,0.08,800,10,0.0,0.0,0.0,0.8635478019714355,C:/Users/efasllija/dev/gossip-poc/out_nb_incremental_clean0104/scenario_baseline_new/permanent_fork_sth_proof_n12000_pg0p008_a0p05_ff0p05_s71007_drop0_pc0p05_pgc0p05
permanent_fork,sth_proof,12000,6.0,5.0,0.008,0.05,0.05,3.0,True,50.0,50.0,0.0,0.0,,,,,35135.0,,,,0.13339884169309332,0.13339884169309332,2.0,2.9776527163636905e-05,2,2,71008,0.05,0.05,0.0,True,0.2,0.08,800,10,0.0,0.0,0.0,0.8610968589782715,C:/Users/efasllija/dev/gossip-poc/out_nb_incremental_clean0104/scenario_baseline_new/permanent_fork_sth_proof_n12000_pg0p008_a0p05_ff0p05_s71008_drop0_pc0p05_pgc0p05
permanent_fork,sth_proof,12000,6.0,5.0,0.008,0.05,0.05,3.0,True,70.0,70.0,0.0,0.0,,,,,38379.0,,,,0.4040221851467737,0.4040221851467737,1.0,1.5030587245043664e-05,1,1,71009,0.05,0.05,0.0,True,0.2,0.08,800,10,0.0,0.0,0.0,0.8440144062042236,C:/Users/efasllija/dev/gossip-poc/out_nb_incremental_clean0104/scenario_baseline_new/permanent_fork_sth_proof_n12000_pg0p008_a0p05_ff0p05_s71009_drop0_pc0p05_pgc0p05
permanent_fork,sth_proof,12000,6.0,5.0,0.008,0.05,0.05,3.0,True,145.0,145.0,0.0,0.0,,,,,57572.0,,,,0.5352529159635,0.5352529159635,2.0,2.9869024328320315e-05,2,2,71010,0.05,0.05,0.0,True,0.2,0.08,800,10,0.0,0.0,0.0,0.8811800479888916,C:/Users/efasllija/dev/gossip-poc/out_nb_incremental_clean0104/scenario_baseline_new/permanent_fork_sth_proof_n12000_pg0p008_a0p05_ff0p05_s71010_drop0_pc0p05_pgc0p05
permanent_fork,sth_proof,12000,6.0,5.0,0.008,0.05,0.05,3.0,False,,,0.0,0.0,,,,,,,,,0.11387257117035698,0.11387257117035698,0.0,0.0,0,0,71011,0.05,0.05,0.0,True,0.2,0.08,800,10,0.0,0.0,0.0,0.90328049659729,C:/Users/efasllija/dev/gossip-poc/out_nb_incremental_clean0104/scenario_baseline_new/permanent_fork_sth_proof_n12000_pg0p008_a0p05_ff0p05_s71011_drop0_pc0p05_pgc0p05
permanent_fork,sth_proof,12000,6.0,5.0,0.012,0.05,0.05,3.0,True,130.0,130.0,0.0,0.0,,,,,52534.0,,,,0.5057109332065888,0.5057109332065888,1.0,1.4852882201791258e-05,1,1,71000,0.05,0.05,0.0,True,0.2,0.08,800,10,0.0,0.0,0.0,0.8835690021514893,C:/Users/efasllija/dev/gossip-poc/out_nb_incremental_clean0104/scenario_baseline_new/permanent_fork_sth_proof_n12000_pg0p012_a0p05_ff0p05_s71000_drop0_pc0p05_pgc0p05
permanent_fork,sth_proof,12000,6.0,5.0,0.012,0.05,0.05,3.0,False,,,0.0,0.0,,,,,,,,,0.2515961220146607,0.2515961220146607,0.0,0.0,0,0,71001,0.05,0.05,0.0,True,0.2,0.08,800,10,0.0,0.0,0.0,0.8584859371185303,C:/Users/efasllija/dev/gossip-poc/out_nb_incremental_clean0104/scenario_baseline_new/permanent_fork_sth_proof_n12000_pg0p012_a0p05_ff0p05_s71001_drop0_pc0p05_pgc0p05
permanent_fork,sth_proof,12000,6.0,5.0,0.012,0.05,0.05,3.0,True,55.0,55.0,0.0,0.0,,,,,36531.0,,,,0.4882546134700069,0.4882546134700069,4.0,5.891102961752014e-05,4,4,71002,0.05,0.05,0.0,True,0.2,0.08,800,10,0.0,0.0,0.0,0.8796794414520264,C:/Users/efasllija/dev/gossip-poc/out_nb_incremental_clean0104/scenario_baseline_new/permanent_fork_sth_proof_n12000_pg0p012_a0p05_ff0p05_s71002_drop0_pc0p05_pgc0p05
permanent_fork,sth_proof,12000,6.0,5.0,0.012,0.05,0.05,3.0,True,30.0,30.0,0.0,0.0,,,,,30338.0,,,,0.6330113191319439,0.6330113191319439,3.0,4.6075163950791726e-05,3,3,71003,0.05,0.05,0.0,True,0.2,0.08,800,10,0.0,0.0,0.0,0.8778245449066162,C:/Users/efasllija/dev/gossip-poc/out_nb_incremental_clean0104/scenario_baseline_new/permanent_fork_sth_proof_n12000_pg0p012_a0p05_ff0p05_s71003_drop0_pc0p05_pgc0p05
permanent_fork,sth_proof,12000,6.0,5.0,0.012,0.05,0.05,3.0,False,,,0.0,0.0,,,,,,,,,0.43588760798419673,0.43588760798419673,0.0,0.0,0,0,71004,0.05,0.05,0.0,True,0.2,0.08,800,10,0.0,0.0,0.0,0.854133129119873,C:/Users/efasllija/dev/gossip-poc/out_nb_incremental_clean0104/scenario_baseline_new/permanent_fork_sth_proof_n12000_pg0p012_a0p05_ff0p05_s71004_drop0_pc0p05_pgc0p05
permanent_fork,sth_proof,12000,6.0,5.0,0.012,0.05,0.05,3.0,True,105.0,105.0,0.0,0.0,,,,,46096.0,,,,0.5801099149288564,0.5801099149288564,1.0,1.5056839569374388e-05,1,1,71005,0.05,0.05,0.0,True,0.2,0.08,800,10,0.0,0.0,0.0,0.9022059440612793,C:/Users/efasllija/dev/gossip-poc/out_nb_incremental_clean0104/scenario_baseline_new/permanent_fork_sth_proof_n12000_pg0p012_a0p05_ff0p05_s71005_drop0_pc0p05_pgc0p05
permanent_fork,sth_proof,12000,6.0,5.0,0.012,0.05,0.05,3.0,True,105.0,105.0,0.0,0.0,,,,,45030.0,,,,0.6753110916278283,0.6753110916278283,1.0,1.5381539076800025e-05,1,1,71006,0.05,0.05,0.0,True,0.2,0.08,800,10,0.0,0.0,0.0,0.8700075149536133,C:/Users/efasllija/dev/gossip-poc/out_nb_incremental_clean0104/scenario_baseline_new/permanent_fork_sth_proof_n12000_pg0p012_a0p05_ff0p05_s71006_drop0_pc0p05_pgc0p05
permanent_fork,sth_proof,12000,6.0,5.0,0.012,0.05,0.05,3.0,False,,,0.0,0.0,,,,,,,,,0.4452542653635912,0.4452542653635912,0.0,0.0,0,0,71007,0.05,0.05,0.0,True,0.2,0.08,800,10,0.0,0.0,0.0,0.8515036106109619,C:/Users/efasllija/dev/gossip-poc/out_nb_incremental_clean0104/scenario_baseline_new/permanent_fork_sth_proof_n12000_pg0p012_a0p05_ff0p05_s71007_drop0_pc0p05_pgc0p05
permanent_fork,sth_proof,12000,6.0,5.0,0.012,0.05,0.05,3.0,True,50.0,50.0,0.0,0.0,,,,,35135.0,,,,0.17341849420102134,0.17341849420102134,2.0,2.9776527163636905e-05,2,2,71008,0.05,0.05,0.0,True,0.2,0.08,800,10,0.0,0.0,0.0,0.8900375366210938,C:/Users/efasllija/dev/gossip-poc/out_nb_incremental_clean0104/scenario_baseline_new/permanent_fork_sth_proof_n12000_pg0p012_a0p05_ff0p05_s71008_drop0_pc0p05_pgc0p05
permanent_fork,sth_proof,12000,6.0,5.0,0.012,0.05,0.05,3.0,True,70.0,70.0,0.0,0.0,,,,,38379.0,,,,0.8484465888082248,0.8484465888082248,9.0,0.00013527528520539296,9,9,71009,0.05,0.05,0.0,True,0.2,0.08,800,10,0.0,0.0,0.0,0.8774456977844238,C:/Users/efasllija/dev/gossip-poc/out_nb_incremental_clean0104/scenario_baseline_new/permanent_fork_sth_proof_n12000_pg0p012_a0p05_ff0p05_s71009_drop0_pc0p05_pgc0p05
permanent_fork,sth_proof,12000,6.0,5.0,0.012,0.05,0.05,3.0,True,145.0,145.0,0.0,0.0,,,,,57572.0,,,,0.6021595304589376,0.6021595304589376,2.0,2.9869024328320315e-05,2,2,71010,0.05,0.05,0.0,True,0.2,0.08,800,10,0.0,0.0,0.0,0.920637845993042,C:/Users/efasllija/dev/gossip-poc/out_nb_incremental_clean0104/scenario_baseline_new/permanent_fork_sth_proof_n12000_pg0p012_a0p05_ff0p05_s71010_drop0_pc0p05_pgc0p05
permanent_fork,sth_proof,12000,6.0,5.0,0.012,0.05,0.05,3.0,False,,,0.0,0.0,,,,,,,,,0.2783551739719837,0.2783551739719837,0.0,0.0,0,0,71011,0.05,0.05,0.0,True,0.2,0.08,800,10,0.0,0.0,0.0,0.8973343372344971,C:/Users/efasllija/dev/gossip-poc/out_nb_incremental_clean0104/scenario_baseline_new/permanent_fork_sth_proof_n12000_pg0p012_a0p05_ff0p05_s71011_drop0_pc0p05_pgc0p05
permanent_fork,sth_proof,12000,6.0,5.0,0.02,0.05,0.05,3.0,True,130.0,130.0,0.0,0.0,,,,,52534.0,,,,0.7851827647154931,0.7851827647154931,1.0,1.4852882201791258e-05,1,1,71000,0.05,0.05,0.0,True,0.2,0.08,800,10,0.0,0.0,0.0,0.8747115135192871,C:/Users/efasllija/dev/gossip-poc/out_nb_incremental_clean0104/scenario_baseline_new/permanent_fork_sth_proof_n12000_pg0p02_a0p05_ff0p05_s71000_drop0_pc0p05_pgc0p05
permanent_fork,sth_proof,12000,6.0,5.0,0.02,0.05,0.05,3.0,True,50.0,50.0,0.0,0.0,,,,,36091.0,,,,0.7812721683613147,0.7812721683613147,1.0,1.477890754315441e-05,1,1,71001,0.05,0.05,0.0,True,0.2,0.08,800,10,0.0,0.0,0.0,0.88307785987854,C:/Users/efasllija/dev/gossip-poc/out_nb_incremental_clean0104/scenario_baseline_new/permanent_fork_sth_proof_n12000_pg0p02_a0p05_ff0p05_s71001_drop0_pc0p05_pgc0p05
permanent_fork,sth_proof,12000,6.0,5.0,0.02,0.05,0.05,3.0,True,55.0,55.0,0.0,0.0,,,,,36531.0,,,,0.6861956729848746,0.6861956729848746,7.0,0.00010309430183066025,7,7,71002,0.05,0.05,0.0,True,0.2,0.08,800,10,0.0,0.0,0.0,0.8614211082458496,C:/Users/efasllija/dev/gossip-poc/out_nb_incremental_clean0104/scenario_baseline_new/permanent_fork_sth_proof_n12000_pg0p02_a0p05_ff0p05_s71002_drop0_pc0p05_pgc0p05
permanent_fork,sth_proof,12000,6.0,5.0,0.02,0.05,0.05,3.0,True,30.0,30.0,0.0,0.0,,,,,30338.0,,,,0.9495169786979158,0.9495169786979158,5.0,7.67919399179862e-05,5,5,71003,0.05,0.05,0.0,True,0.2,0.08,800,10,0.0,0.0,0.0,0.8952229022979736,C:/Users/efasllija/dev/gossip-poc/out_nb_incremental_clean0104/scenario_baseline_new/permanent_fork_sth_proof_n12000_pg0p02_a0p05_ff0p05_s71003_drop0_pc0p05_pgc0p05
permanent_fork,sth_proof,12000,6.0,5.0,0.02,0.05,0.05,3.0,True,30.0,30.0,0.0,0.0,,,,,32594.0,,,,1.0566972314768406,1.0566972314768406,5.0,7.370934929386443e-05,5,5,71004,0.05,0.05,0.0,True,0.2,0.08,800,10,0.0,0.0,0.0,0.8663945198059082,C:/Users/efasllija/dev/gossip-poc/out_nb_incremental_clean0104/scenario_baseline_new/permanent_fork_sth_proof_n12000_pg0p02_a0p05_ff0p05_s71004_drop0_pc0p05_pgc0p05
permanent_fork,sth_proof,12000,6.0,5.0,0.02,0.05,0.05,3.0,True,105.0,105.0,0.0,0.0,,,,,46096.0,,,,0.6745464127079726,0.6745464127079726,1.0,1.5056839569374388e-05,1,1,71005,0.05,0.05,0.0,True,0.2,0.08,800,10,0.0,0.0,0.0,0.9087684154510498,C:/Users/efasllija/dev/gossip-poc/out_nb_incremental_clean0104/scenario_baseline_new/permanent_fork_sth_proof_n12000_pg0p02_a0p05_ff0p05_s71005_drop0_pc0p05_pgc0p05
permanent_fork,sth_proof,12000,6.0,5.0,0.02,0.05,0.05,3.0,True,90.0,90.0,0.0,0.0,,,,,41804.0,,,,1.157676157076277,1.157676157076277,7.0,0.00010767077353760018,7,7,71006,0.05,0.05,0.0,True,0.2,0.08,800,10,0.0,0.0,0.0,0.887366533279419,C:/Users/efasllija/dev/gossip-poc/out_nb_incremental_clean0104/scenario_baseline_new/permanent_fork_sth_proof_n12000_pg0p02_a0p05_ff0p05_s71006_drop0_pc0p05_pgc0p05
permanent_fork,sth_proof,12000,6.0,5.0,0.02,0.05,0.05,3.0,False,,,0.0,0.0,,,,,,,,,0.5262095863387896,0.5262095863387896,0.0,0.0,0,0,71007,0.05,0.05,0.0,True,0.2,0.08,800,10,0.0,0.0,0.0,0.8685424327850342,C:/Users/efasllija/dev/gossip-poc/out_nb_incremental_clean0104/scenario_baseline_new/permanent_fork_sth_proof_n12000_pg0p02_a0p05_ff0p05_s71007_drop0_pc0p05_pgc0p05
permanent_fork,sth_proof,12000,6.0,5.0,0.02,0.05,0.05,3.0,True,50.0,50.0,0.0,0.0,,,,,35135.0,,,,0.20009826253964,0.20009826253964,3.0,4.466479074545536e-05,3,3,71008,0.05,0.05,0.0,True,0.2,0.08,800,10,0.0,0.0,0.0,0.8775827884674072,C:/Users/efasllija/dev/gossip-poc/out_nb_incremental_clean0104/scenario_baseline_new/permanent_fork_sth_proof_n12000_pg0p02_a0p05_ff0p05_s71008_drop0_pc0p05_pgc0p05
permanent_fork,sth_proof,12000,6.0,5.0,0.02,0.05,0.05,3.0,True,70.0,70.0,0.0,0.0,,,,,38379.0,,,,1.4410124603568262,1.4410124603568262,10.0,0.00015030587245043665,10,10,71009,0.05,0.05,0.0,True,0.2,0.08,800,10,0.0,0.0,0.0,0.8692295551300049,C:/Users/efasllija/dev/gossip-poc/out_nb_incremental_clean0104/scenario_baseline_new/permanent_fork_sth_proof_n12000_pg0p02_a0p05_ff0p05_s71009_drop0_pc0p05_pgc0p05
permanent_fork,sth_proof,12000,6.0,5.0,0.02,0.05,0.05,3.0,True,145.0,145.0,0.0,0.0,,,,,57572.0,,,,0.7092101136516376,0.7092101136516376,2.0,2.9869024328320315e-05,2,2,71010,0.05,0.05,0.0,True,0.2,0.08,800,10,0.0,0.0,0.0,0.9011166095733643,C:/Users/efasllija/dev/gossip-poc/out_nb_incremental_clean0104/scenario_baseline_new/permanent_fork_sth_proof_n12000_pg0p02_a0p05_ff0p05_s71010_drop0_pc0p05_pgc0p05
permanent_fork,sth_proof,12000,6.0,5.0,0.02,0.05,0.05,3.0,True,40.0,40.0,0.0,0.0,,,,,34706.0,,,,1.1893357433348395,1.1893357433348395,16.0,0.00022593764121102577,16,16,71011,0.05,0.05,0.0,True,0.2,0.08,800,10,0.0,0.0,0.0,0.9062607288360596,C:/Users/efasllija/dev/gossip-poc/out_nb_incremental_clean0104/scenario_baseline_new/permanent_fork_sth_proof_n12000_pg0p02_a0p05_ff0p05_s71011_drop0_pc0p05_pgc0p05
permanent_fork,sth_proof,12000,6.0,5.0,0.03,0.05,0.05,3.0,True,25.0,25.0,0.0,0.0,,,,,30115.0,,,,1.1178873260356172,1.1178873260356172,2.0,2.9705764403582516e-05,2,2,71000,0.05,0.05,0.0,True,0.2,0.08,800,10,0.0,0.0,0.0,0.8656361103057861,C:/Users/efasllija/dev/gossip-poc/out_nb_incremental_clean0104/scenario_baseline_new/permanent_fork_sth_proof_n12000_pg0p03_a0p05_ff0p05_s71000_drop0_pc0p05_pgc0p05
permanent_fork,sth_proof,12000,6.0,5.0,0.03,0.05,0.05,3.0,True,50.0,50.0,0.0,0.0,,,,,36091.0,,,,1.2447387089146371,1.2447387089146371,2.0,2.955781508630882e-05,2,2,71001,0.05,0.05,0.0,True,0.2,0.08,800,10,0.0,0.0,0.0,0.8764970302581787,C:/Users/efasllija/dev/gossip-poc/out_nb_incremental_clean0104/scenario_baseline_new/permanent_fork_sth_proof_n12000_pg0p03_a0p05_ff0p05_s71001_drop0_pc0p05_pgc0p05
permanent_fork,sth_proof,12000,6.0,5.0,0.03,0.05,0.05,3.0,True,55.0,55.0,0.0,0.0,,,,,36531.0,,,,1.0688817213802855,1.0688817213802855,7.0,0.00010309430183066025,7,7,71002,0.05,0.05,0.0,True,0.2,0.08,800,10,0.0,0.0,0.0,0.8724420070648193,C:/Users/efasllija/dev/gossip-poc/out_nb_incremental_clean0104/scenario_baseline_new/permanent_fork_sth_proof_n12000_pg0p03_a0p05_ff0p05_s71002_drop0_pc0p05_pgc0p05
permanent_fork,sth_proof,12000,6.0,5.0,0.03,0.05,0.05,3.0,True,30.0,30.0,0.0,0.0,,,,,30338.0,,,,1.4724393727634348,1.4724393727634348,5.0,7.67919399179862e-05,5,5,71003,0.05,0.05,0.0,True,0.2,0.08,800,10,0.0,0.0,0.0,0.8987758159637451,C:/Users/efasllija/dev/gossip-poc/out_nb_incremental_clean0104/scenario_baseline_new/permanent_fork_sth_proof_n12000_pg0p03_a0p05_ff0p05_s71003_drop0_pc0p05_pgc0p05
permanent_fork,sth_proof,12000,6.0,5.0,0.03,0.05,0.05,3.0,True,15.0,15.0,0.0,0.0,,,,,30139.0,,,,1.30766282395259,1.30766282395259,7.0,0.00010319308901141021,7,7,71004,0.05,0.05,0.0,True,0.2,0.08,800,10,0.0,0.0,0.0,0.8924849033355713,C:/Users/efasllija/dev/gossip-poc/out_nb_incremental_clean0104/scenario_baseline_new/permanent_fork_sth_proof_n12000_pg0p03_a0p05_ff0p05_s71004_drop0_pc0p05_pgc0p05
permanent_fork,sth_proof,12000,6.0,5.0,0.03,0.05,0.05,3.0,True,105.0,105.0,0.0,0.0,,,,,46096.0,,,,0.9173831212828427,0.9173831212828427,1.0,1.5056839569374388e-05,1,1,71005,0.05,0.05,0.0,True,0.2,0.08,800,10,0.0,0.0,0.0,0.8769257068634033,C:/Users/efasllija/dev/gossip-poc/out_nb_incremental_clean0104/scenario_baseline_new/permanent_fork_sth_proof_n12000_pg0p03_a0p05_ff0p05_s71005_drop0_pc0p05_pgc0p05
permanent_fork,sth_proof,12000,6.0,5.0,0.03,0.05,0.05,3.0,True,15.0,15.0,0.0,0.0,,,,,28705.0,,,,1.9156784027809823,1.9156784027809823,8.0,0.0001230523126144002,8,8,71006,0.05,0.05,0.0,True,0.2,0.08,800,10,0.0,0.0,0.0,0.8760085105895996,C:/Users/efasllija/dev/gossip-poc/out_nb_incremental_clean0104/scenario_baseline_new/permanent_fork_sth_proof_n12000_pg0p03_a0p05_ff0p05_s71006_drop0_pc0p05_pgc0p05
permanent_fork,sth_proof,12000,6.0,5.0,0.03,0.05,0.05,3.0,True,125.0,125.0,0.0,0.0,,,,,51478.0,,,,1.214329814627976,1.214329814627976,1.0,1.5058653455208035e-05,1,1,71007,0.05,0.05,0.0,True,0.2,0.08,800,10,0.0,0.0,0.0,0.86932373046875,C:/Users/efasllija/dev/gossip-poc/out_nb_incremental_clean0104/scenario_baseline_new/permanent_fork_sth_proof_n12000_pg0p03_a0p05_ff0p05_s71007_drop0_pc0p05_pgc0p05
permanent_fork,sth_proof,12000,6.0,5.0,0.03,0.05,0.05,3.0,True,50.0,50.0,0.0,0.0,,,,,35135.0,,,,0.360176872571352,0.360176872571352,3.0,4.466479074545536e-05,3,3,71008,0.05,0.05,0.0,True,0.2,0.08,800,10,0.0,0.0,0.0,0.8933916091918945,C:/Users/efasllija/dev/gossip-poc/out_nb_incremental_clean0104/scenario_baseline_new/permanent_fork_sth_proof_n12000_pg0p03_a0p05_ff0p05_s71008_drop0_pc0p05_pgc0p05
permanent_fork,sth_proof,12000,6.0,5.0,0.03,0.05,0.05,3.0,True,70.0,70.0,0.0,0.0,,,,,38379.0,,,,1.8854368640182773,1.8854368640182773,10.0,0.00015030587245043665,10,10,71009,0.05,0.05,0.0,True,0.2,0.08,800,10,0.0,0.0,0.0,1.009427547454834,C:/Users/efasllija/dev/gossip-poc/out_nb_incremental_clean0104/scenario_baseline_new/permanent_fork_sth_proof_n12000_pg0p03_a0p05_ff0p05_s71009_drop0_pc0p05_pgc0p05
permanent_fork,sth_proof,12000,6.0,5.0,0.03,0.05,0.05,3.0,True,20.0,20.0,0.0,0.0,,,,,30929.0,,,,1.1106498006242627,1.1106498006242627,4.0,5.973804865664063e-05,4,4,71010,0.05,0.05,0.0,True,0.2,0.08,800,10,0.0,0.0,0.0,1.007666826248169,C:/Users/efasllija/dev/gossip-poc/out_nb_incremental_clean0104/scenario_baseline_new/permanent_fork_sth_proof_n12000_pg0p03_a0p05_ff0p05_s71010_drop0_pc0p05_pgc0p05
permanent_fork,sth_proof,12000,6.0,5.0,0.03,0.05,0.05,3.0,True,40.0,40.0,0.0,0.0,,,,,34706.0,,,,2.1382738364211478,2.1382738364211478,17.0,0.00024005874378671486,17,17,71011,0.05,0.05,0.0,True,0.2,0.08,800,10,0.0,0.0,0.0,0.9181630611419678,C:/Users/efasllija/dev/gossip-poc/out_nb_incremental_clean0104/scenario_baseline_new/permanent_fork_sth_proof_n12000_pg0p03_a0p05_ff0p05_s71011_drop0_pc0p05_pgc0p05
permanent_fork,sth_proof,12000,6.0,5.0,0.05,0.05,0.05,3.0,True,0.0,0.0,0.0,0.0,,,,,26331.0,,,,2.6084037607497734,2.6084037607497734,11.0,0.00016338170421970383,11,11,71000,0.05,0.05,0.0,True,0.2,0.08,800,10,0.0,0.0,0.0,0.8920533657073975,C:/Users/efasllija/dev/gossip-poc/out_nb_incremental_clean0104/scenario_baseline_new/permanent_fork_sth_proof_n12000_pg0p05_a0p05_ff0p05_s71000_drop0_pc0p05_pgc0p05
permanent_fork,sth_proof,12000,6.0,5.0,0.05,0.05,0.05,3.0,True,50.0,50.0,0.0,0.0,,,,,36091.0,,,,2.3438165050839443,2.3438165050839443,3.0,4.433672262946323e-05,3,3,71001,0.05,0.05,0.0,True,0.2,0.08,800,10,0.0,0.0,0.0,0.8832001686096191,C:/Users/efasllija/dev/gossip-poc/out_nb_incremental_clean0104/scenario_baseline_new/permanent_fork_sth_proof_n12000_pg0p05_a0p05_ff0p05_s71001_drop0_pc0p05_pgc0p05
permanent_fork,sth_proof,12000,6.0,5.0,0.05,0.05,0.05,3.0,True,55.0,55.0,0.0,0.0,,,,,36531.0,,,,1.4779599110443453,1.4779599110443453,7.0,0.00010309430183066025,7,7,71002,0.05,0.05,0.0,True,0.2,0.08,800,10,0.0,0.0,0.0,0.8784277439117432,C:/Users/efasllija/dev/gossip-poc/out_nb_incremental_clean0104/scenario_baseline_new/permanent_fork_sth_proof_n12000_pg0p05_a0p05_ff0p05_s71002_drop0_pc0p05_pgc0p05
permanent_fork,sth_proof,12000,6.0,5.0,0.05,0.05,0.05,3.0,True,30.0,30.0,0.0,0.0,,,,,30338.0,,,,2.4081952358280474,2.4081952358280474,5.0,7.67919399179862e-05,5,5,71003,0.05,0.05,0.0,True,0.2,0.08,800,10,0.0,0.0,0.0,0.9091784954071045,C:/Users/efasllija/dev/gossip-poc/out_nb_incremental_clean0104/scenario_baseline_new/permanent_fork_sth_proof_n12000_pg0p05_a0p05_ff0p05_s71003_drop0_pc0p05_pgc0p05
permanent_fork,sth_proof,12000,6.0,5.0,0.05,0.05,0.05,3.0,True,15.0,15.0,0.0,0.0,,,,,30139.0,,,,2.7209953710528643,2.7209953710528643,8.0,0.0001179349588701831,8,8,71004,0.05,0.05,0.0,True,0.2,0.08,800,10,0.0,0.0,0.0,0.9116489887237549,C:/Users/efasllija/dev/gossip-poc/out_nb_incremental_clean0104/scenario_baseline_new/permanent_fork_sth_proof_n12000_pg0p05_a0p05_ff0p05_s71004_drop0_pc0p05_pgc0p05
permanent_fork,sth_proof,12000,6.0,5.0,0.05,0.05,0.05,3.0,True,100.0,100.0,0.0,0.0,,,,,44821.0,,,,1.7538206730407289,1.7538206730407289,12.0,0.00018068207483249265,12,12,71005,0.05,0.05,0.0,True,0.2,0.08,800,10,0.0,0.0,0.0,1.2729651927947998,C:/Users/efasllija/dev/gossip-poc/out_nb_incremental_clean0104/scenario_baseline_new/permanent_fork_sth_proof_n12000_pg0p05_a0p05_ff0p05_s71005_drop0_pc0p05_pgc0p05
permanent_fork,sth_proof,12000,6.0,5.0,0.05,0.05,0.05,3.0,True,15.0,15.0,0.0,0.0,,,,,28705.0,,,,2.78393552058819,2.78393552058819,13.0,0.0001999600079984003,13,13,71006,0.05,0.05,0.0,True,0.2,0.08,800,10,0.0,0.0,0.0,1.1964504718780518,C:/Users/efasllija/dev/gossip-poc/out_nb_incremental_clean0104/scenario_baseline_new/permanent_fork_sth_proof_n12000_pg0p05_a0p05_ff0p05_s71006_drop0_pc0p05_pgc0p05
permanent_fork,sth_proof,12000,6.0,5.0,0.05,0.05,0.05,3.0,True,125.0,125.0,0.0,0.0,,,,,51478.0,,,,1.7000617404791663,1.7000617404791663,1.0,1.5058653455208035e-05,1,1,71007,0.05,0.05,0.0,True,0.2,0.08,800,10,0.0,0.0,0.0,0.8884937763214111,C:/Users/efasllija/dev/gossip-poc/out_nb_incremental_clean0104/scenario_baseline_new/permanent_fork_sth_proof_n12000_pg0p05_a0p05_ff0p05_s71007_drop0_pc0p05_pgc0p05
permanent_fork,sth_proof,12000,6.0,5.0,0.05,0.05,0.05,3.0,True,50.0,50.0,0.0,0.0,,,,,35135.0,,,,1.2139294594071492,1.2139294594071492,5.0,7.444131790909227e-05,5,5,71008,0.05,0.05,0.0,True,0.2,0.08,800,10,0.0,0.0,0.0,0.8906948566436768,C:/Users/efasllija/dev/gossip-poc/out_nb_incremental_clean0104/scenario_baseline_new/permanent_fork_sth_proof_n12000_pg0p05_a0p05_ff0p05_s71008_drop0_pc0p05_pgc0p05
permanent_fork,sth_proof,12000,6.0,5.0,0.05,0.05,0.05,3.0,True,30.0,30.0,0.0,0.0,,,,,30974.0,,,,2.639611609625588,2.639611609625588,17.0,0.0002555199831657423,17,17,71009,0.05,0.05,0.0,True,0.2,0.08,800,10,0.0,0.0,0.0,0.8828799724578857,C:/Users/efasllija/dev/gossip-poc/out_nb_incremental_clean0104/scenario_baseline_new/permanent_fork_sth_proof_n12000_pg0p05_a0p05_ff0p05_s71009_drop0_pc0p05_pgc0p05
permanent_fork,sth_proof,12000,6.0,5.0,0.05,0.05,0.05,3.0,True,15.0,15.0,0.0,0.0,,,,,30077.0,,,,2.19453695545035,2.19453695545035,9.0,0.00013441060947744143,9,9,71010,0.05,0.05,0.0,True,0.2,0.08,800,10,0.0,0.0,0.0,0.8833639621734619,C:/Users/efasllija/dev/gossip-poc/out_nb_incremental_clean0104/scenario_baseline_new/permanent_fork_sth_proof_n12000_pg0p05_a0p05_ff0p05_s71010_drop0_pc0p05_pgc0p05
permanent_fork,sth_proof,12000,6.0,5.0,0.05,0.05,0.05,3.0,True,40.0,40.0,0.0,0.0,,,,,34706.0,,,,3.201084500677813,3.201084500677813,22.0,0.0003106642566651604,22,22,71011,0.05,0.05,0.0,True,0.2,0.08,800,10,0.0,0.0,0.0,0.890099287033081,C:/Users/efasllija/dev/gossip-poc/out_nb_incremental_clean0104/scenario_baseline_new/permanent_fork_sth_proof_n12000_pg0p05_a0p05_ff0p05_s71011_drop0_pc0p05_pgc0p05
permanent_fork,sth_proof,12000,6.0,5.0,0.002,0.1,0.05,3.0,False,,,0.0,0.0,,,,,,,,,0.026789051171273528,0.026789051171273528,0.0,0.0,0,0,71000,0.05,0.05,0.0,True,0.2,0.08,800,10,0.0,0.0,0.0,0.8816440105438232,C:/Users/efasllija/dev/gossip-poc/out_nb_incremental_clean0104/scenario_baseline_new/permanent_fork_sth_proof_n12000_pg0p002_a0p1_ff0p05_s71000_drop0_pc0p05_pgc0p05
permanent_fork,sth_proof,12000,6.0,5.0,0.002,0.1,0.05,3.0,False,,,0.0,0.0,,,,,,,,,0.0,0.0,0.0,0.0,0,0,71001,0.05,0.05,0.0,True,0.2,0.08,800,10,0.0,0.0,0.0,0.8882687091827393,C:/Users/efasllija/dev/gossip-poc/out_nb_incremental_clean0104/scenario_baseline_new/permanent_fork_sth_proof_n12000_pg0p002_a0p1_ff0p05_s71001_drop0_pc0p05_pgc0p05
permanent_fork,sth_proof,12000,6.0,5.0,0.002,0.1,0.05,3.0,True,160.0,160.0,0.0,0.0,,,,,60511.0,,,,0.16431071106560508,0.16431071106560508,1.0,1.5281874169048094e-05,1,1,71002,0.05,0.05,0.0,True,0.2,0.08,800,10,0.0,0.0,0.0,0.8675816059112549,C:/Users/efasllija/dev/gossip-poc/out_nb_incremental_clean0104/scenario_baseline_new/permanent_fork_sth_proof_n12000_pg0p002_a0p1_ff0p05_s71002_drop0_pc0p05_pgc0p05
permanent_fork,sth_proof,12000,6.0,5.0,0.002,0.1,0.05,3.0,False,,,0.0,0.0,,,,,,,,,0.05504615337357355,0.05504615337357355,0.0,0.0,0,0,71003,0.05,0.05,0.0,True,0.2,0.08,800,10,0.0,0.0,0.0,1.6313221454620361,C:/Users/efasllija/dev/gossip-poc/out_nb_incremental_clean0104/scenario_baseline_new/permanent_fork_sth_proof_n12000_pg0p002_a0p1_ff0p05_s71003_drop0_pc0p05_pgc0p05
permanent_fork,sth_proof,12000,6.0,5.0,0.002,0.1,0.05,3.0,False,,,0.0,0.0,,,,,,,,,0.05265013515101657,0.05265013515101657,0.0,0.0,0,0,71004,0.05,0.05,0.0,True,0.2,0.08,800,10,0.0,0.0,0.0,0.9890639781951904,C:/Users/efasllija/dev/gossip-poc/out_nb_incremental_clean0104/scenario_baseline_new/permanent_fork_sth_proof_n12000_pg0p002_a0p1_ff0p05_s71004_drop0_pc0p05_pgc0p05
permanent_fork,sth_proof,12000,6.0,5.0,0.002,0.1,0.05,3.0,True,140.0,140.0,0.0,0.0,,,,,55406.0,,,,0.17632188431903847,0.17632188431903847,2.0,3.027504881851622e-05,2,2,71005,0.05,0.05,0.0,True,0.2,0.08,800,10,0.0,0.0,0.0,0.9968528747558594,C:/Users/efasllija/dev/gossip-poc/out_nb_incremental_clean0104/scenario_baseline_new/permanent_fork_sth_proof_n12000_pg0p002_a0p1_ff0p05_s71005_drop0_pc0p05_pgc0p05
permanent_fork,sth_proof,12000,6.0,5.0,0.002,0.1,0.05,3.0,False,,,0.0,0.0,,,,,,,,,0.2591803178856342,0.2591803178856342,0.0,0.0,0,0,71006,0.05,0.05,0.0,True,0.2,0.08,800,10,0.0,0.0,0.0,1.5732319355010986,C:/Users/efasllija/dev/gossip-poc/out_nb_incremental_clean0104/scenario_baseline_new/permanent_fork_sth_proof_n12000_pg0p002_a0p1_ff0p05_s71006_drop0_pc0p05_pgc0p05
permanent_fork,sth_proof,12000,6.0,5.0,0.002,0.1,0.05,3.0,False,,,0.0,0.0,,,,,,,,,0.3845607388112716,0.3845607388112716,0.0,0.0,0,0,71007,0.05,0.05,0.0,True,0.2,0.08,800,10,0.0,0.0,0.0,0.9404881000518799,C:/Users/efasllija/dev/gossip-poc/out_nb_incremental_clean0104/scenario_baseline_new/permanent_fork_sth_proof_n12000_pg0p002_a0p1_ff0p05_s71007_drop0_pc0p05_pgc0p05
permanent_fork,sth_proof,12000,6.0,5.0,0.002,0.1,0.05,3.0,True,130.0,130.0,0.0,0.0,,,,,53105.0,,,,0.05345025576782545,0.05345025576782545,1.0,1.4913575828076298e-05,1,1,71008,0.05,0.05,0.0,True,0.2,0.08,800,10,0.0,0.0,0.0,0.8705282211303711,C:/Users/efasllija/dev/gossip-poc/out_nb_incremental_clean0104/scenario_baseline_new/permanent_fork_sth_proof_n12000_pg0p002_a0p1_ff0p05_s71008_drop0_pc0p05_pgc0p05
permanent_fork,sth_proof,12000,6.0,5.0,0.002,0.1,0.05,3.0,True,150.0,150.0,0.0,0.0,,,,,57134.0,,,,0.6550405897314833,0.6550405897314833,18.0,0.00027415203253270786,18,18,71009,0.05,0.05,0.0,True,0.2,0.08,800,10,0.0,0.0,0.0,0.87746262550354,C:/Users/efasllija/dev/gossip-poc/out_nb_incremental_clean0104/scenario_baseline_new/permanent_fork_sth_proof_n12000_pg0p002_a0p1_ff0p05_s71009_drop0_pc0p05_pgc0p05
permanent_fork,sth_proof,12000,6.0,5.0,0.002,0.1,0.05,3.0,False,,,0.0,0.0,,,,,,,,,0.38077892116686396,0.38077892116686396,0.0,0.0,0,0,71010,0.05,0.05,0.0,True,0.2,0.08,800,10,0.0,0.0,0.0,0.873241662979126,C:/Users/efasllija/dev/gossip-poc/out_nb_incremental_clean0104/scenario_baseline_new/permanent_fork_sth_proof_n12000_pg0p002_a0p1_ff0p05_s71010_drop0_pc0p05_pgc0p05
permanent_fork,sth_proof,12000,6.0,5.0,0.002,0.1,0.05,3.0,True,115.0,115.0,0.0,0.0,,,,,50580.0,,,,0.2940009986446965,0.2940009986446965,1.0,1.4266352806904915e-05,1,1,71011,0.05,0.05,0.0,True,0.2,0.08,800,10,0.0,0.0,0.0,0.9073503017425537,C:/Users/efasllija/dev/gossip-poc/out_nb_incremental_clean0104/scenario_baseline_new/permanent_fork_sth_proof_n12000_pg0p002_a0p1_ff0p05_s71011_drop0_pc0p05_pgc0p05
permanent_fork,sth_proof,12000,6.0,5.0,0.005,0.1,0.05,3.0,True,140.0,140.0,0.0,0.0,,,,,55044.0,,,,0.3750467163978294,0.3750467163978294,1.0,1.4949247305398174e-05,1,1,71000,0.05,0.05,0.0,True,0.2,0.08,800,10,0.0,0.0,0.0,0.876211404800415,C:/Users/efasllija/dev/gossip-poc/out_nb_incremental_clean0104/scenario_baseline_new/permanent_fork_sth_proof_n12000_pg0p005_a0p1_ff0p05_s71000_drop0_pc0p05_pgc0p05
permanent_fork,sth_proof,12000,6.0,5.0,0.005,0.1,0.05,3.0,False,,,0.0,0.0,,,,,,,,,0.23978947055412658,0.23978947055412658,0.0,0.0,0,0,71001,0.05,0.05,0.0,True,0.2,0.08,800,10,0.0,0.0,0.0,0.925116777420044,C:/Users/efasllija/dev/gossip-poc/out_nb_incremental_clean0104/scenario_baseline_new/permanent_fork_sth_proof_n12000_pg0p005_a0p1_ff0p05_s71001_drop0_pc0p05_pgc0p05
permanent_fork,sth_proof,12000,6.0,5.0,0.005,0.1,0.05,3.0,True,160.0,160.0,0.0,0.0,,,,,60511.0,,,,0.19169582957653927,0.19169582957653927,1.0,1.5281874169048094e-05,1,1,71002,0.05,0.05,0.0,True,0.2,0.08,800,10,0.0,0.0,0.0,0.881594181060791,C:/Users/efasllija/dev/gossip-poc/out_nb_incremental_clean0104/scenario_baseline_new/permanent_fork_sth_proof_n12000_pg0p005_a0p1_ff0p05_s71002_drop0_pc0p05_pgc0p05
permanent_fork,sth_proof,12000,6.0,5.0,0.005,0.1,0.05,3.0,True,125.0,125.0,0.0,0.0,,,,,49682.0,,,,0.34403845858483467,0.34403845858483467,1.0,1.535885975825155e-05,1,1,71003,0.05,0.05,0.0,True,0.2,0.08,800,10,0.0,0.0,0.0,0.8947060108184814,C:/Users/efasllija/dev/gossip-poc/out_nb_incremental_clean0104/scenario_baseline_new/permanent_fork_sth_proof_n12000_pg0p005_a0p1_ff0p05_s71003_drop0_pc0p05_pgc0p05
permanent_fork,sth_proof,12000,6.0,5.0,0.005,0.1,0.05,3.0,True,75.0,75.0,0.0,0.0,,,,,40810.0,,,,0.42120108120813254,0.42120108120813254,1.0,1.4690327888118463e-05,1,1,71004,0.05,0.05,0.0,True,0.2,0.08,800,10,0.0,0.0,0.0,0.904477596282959,C:/Users/efasllija/dev/gossip-poc/out_nb_incremental_clean0104/scenario_baseline_new/permanent_fork_sth_proof_n12000_pg0p005_a0p1_ff0p05_s71004_drop0_pc0p05_pgc0p05
permanent_fork,sth_proof,12000,6.0,5.0,0.005,0.1,0.05,3.0,True,140.0,140.0,0.0,0.0,,,,,55406.0,,,,0.406896656120858,0.406896656120858,3.0,4.541257322777433e-05,3,3,71005,0.05,0.05,0.0,True,0.2,0.08,800,10,0.0,0.0,0.0,0.9149463176727295,C:/Users/efasllija/dev/gossip-poc/out_nb_incremental_clean0104/scenario_baseline_new/permanent_fork_sth_proof_n12000_pg0p005_a0p1_ff0p05_s71005_drop0_pc0p05_pgc0p05
permanent_fork,sth_proof,12000,6.0,5.0,0.005,0.1,0.05,3.0,False,,,0.0,0.0,,,,,,,,,0.32738566469764324,0.32738566469764324,0.0,0.0,0,0,71006,0.05,0.05,0.0,True,0.2,0.08,800,10,0.0,0.0,0.0,0.8993313312530518,C:/Users/efasllija/dev/gossip-poc/out_nb_incremental_clean0104/scenario_baseline_new/permanent_fork_sth_proof_n12000_pg0p005_a0p1_ff0p05_s71006_drop0_pc0p05_pgc0p05
permanent_fork,sth_proof,12000,6.0,5.0,0.005,0.1,0.05,3.0,False,,,0.0,0.0,,,,,,,,,0.47738574473123374,0.47738574473123374,0.0,0.0,0,0,71007,0.05,0.05,0.0,True,0.2,0.08,800,10,0.0,0.0,0.0,0.8718364238739014,C:/Users/efasllija/dev/gossip-poc/out_nb_incremental_clean0104/scenario_baseline_new/permanent_fork_sth_proof_n12000_pg0p005_a0p1_ff0p05_s71007_drop0_pc0p05_pgc0p05
permanent_fork,sth_proof,12000,6.0,5.0,0.005,0.1,0.05,3.0,True,25.0,25.0,0.0,0.0,,,,,30830.0,,,,0.5211399937362982,0.5211399937362982,5.0,7.456787914038148e-05,5,5,71008,0.05,0.05,0.0,True,0.2,0.08,800,10,0.0,0.0,0.0,0.8856713771820068,C:/Users/efasllija/dev/gossip-poc/out_nb_incremental_clean0104/scenario_baseline_new/permanent_fork_sth_proof_n12000_pg0p005_a0p1_ff0p05_s71008_drop0_pc0p05_pgc0p05
permanent_fork,sth_proof,12000,6.0,5.0,0.005,0.1,0.05,3.0,True,150.0,150.0,0.0,0.0,,,,,57134.0,,,,0.6959806265897011,0.6959806265897011,18.0,0.00027415203253270786,18,18,71009,0.05,0.05,0.0,True,0.2,0.08,800,10,0.0,0.0,0.0,0.8641200065612793,C:/Users/efasllija/dev/gossip-poc/out_nb_incremental_clean0104/scenario_baseline_new/permanent_fork_sth_proof_n12000_pg0p005_a0p1_ff0p05_s71009_drop0_pc0p05_pgc0p05
permanent_fork,sth_proof,12000,6.0,5.0,0.005,0.1,0.05,3.0,False,,,0.0,0.0,,,,,,,,,0.5575691345657651,0.5575691345657651,0.0,0.0,0,0,71010,0.05,0.05,0.0,True,0.2,0.08,800,10,0.0,0.0,0.0,0.8930912017822266,C:/Users/efasllija/dev/gossip-poc/out_nb_incremental_clean0104/scenario_baseline_new/permanent_fork_sth_proof_n12000_pg0p005_a0p1_ff0p05_s71010_drop0_pc0p05_pgc0p05
permanent_fork,sth_proof,12000,6.0,5.0,0.005,0.1,0.05,3.0,True,115.0,115.0,0.0,0.0,,,,,50580.0,,,,0.7286111705542478,0.7286111705542478,2.0,2.853270561380983e-05,2,2,71011,0.05,0.05,0.0,True,0.2,0.08,800,10,0.0,0.0,0.0,0.9083173274993896,C:/Users/efasllija/dev/gossip-poc/out_nb_incremental_clean0104/scenario_baseline_new/permanent_fork_sth_proof_n12000_pg0p005_a0p1_ff0p05_s71011_drop0_pc0p05_pgc0p05
permanent_fork,sth_proof,12000,6.0,5.0,0.008,0.1,0.05,3.0,True,115.0,115.0,0.0,0.0,,,,,48244.0,,,,0.6965153304531116,0.6965153304531116,2.0,2.9898494610796348e-05,2,2,71000,0.05,0.05,0.0,True,0.2,0.08,800,10,0.0,0.0,0.0,0.9390738010406494,C:/Users/efasllija/dev/gossip-poc/out_nb_incremental_clean0104/scenario_baseline_new/permanent_fork_sth_proof_n12000_pg0p008_a0p1_ff0p05_s71000_drop0_pc0p05_pgc0p05
permanent_fork,sth_proof,12000,6.0,5.0,0.008,0.1,0.05,3.0,False,,,0.0,0.0,,,,,,,,,0.2930760195661547,0.2930760195661547,0.0,0.0,0,0,71001,0.05,0.05,0.0,True,0.2,0.08,800,10,0.0,0.0,0.0,0.9153015613555908,C:/Users/efasllija/dev/gossip-poc/out_nb_incremental_clean0104/scenario_baseline_new/permanent_fork_sth_proof_n12000_pg0p008_a0p1_ff0p05_s71001_drop0_pc0p05_pgc0p05
permanent_fork,sth_proof,12000,6.0,5.0,0.008,0.1,0.05,3.0,True,160.0,160.0,0.0,0.0,,,,,60511.0,,,,0.21908094808747344,0.21908094808747344,1.0,1.5281874169048094e-05,1,1,71002,0.05,0.05,0.0,True,0.2,0.08,800,10,0.0,0.0,0.0,0.9132177829742432,C:/Users/efasllija/dev/gossip-poc/out_nb_incremental_clean0104/scenario_baseline_new/permanent_fork_sth_proof_n12000_pg0p008_a0p1_ff0p05_s71002_drop0_pc0p05_pgc0p05
permanent_fork,sth_proof,12000,6.0,5.0,0.008,0.1,0.05,3.0,True,100.0,100.0,0.0,0.0,,,,,43492.0,,,,0.7706461472300297,0.7706461472300297,2.0,3.07177195165031e-05,2,2,71003,0.05,0.05,0.0,True,0.2,0.08,800,10,0.0,0.0,0.0,0.9014630317687988,C:/Users/efasllija/dev/gossip-poc/out_nb_incremental_clean0104/scenario_baseline_new/permanent_fork_sth_proof_n12000_pg0p008_a0p1_ff0p05_s71003_drop0_pc0p05_pgc0p05
permanent_fork,sth_proof,12000,6.0,5.0,0.008,0.1,0.05,3.0,True,35.0,35.0,0.0,0.0,,,,,33565.0,,,,0.6318016218121989,0.6318016218121989,2.0,2.9380655776236926e-05,2,2,71004,0.05,0.05,0.0,True,0.2,0.08,800,10,0.0,0.0,0.0,0.8902120590209961,C:/Users/efasllija/dev/gossip-poc/out_nb_incremental_clean0104/scenario_baseline_new/permanent_fork_sth_proof_n12000_pg0p008_a0p1_ff0p05_s71004_drop0_pc0p05_pgc0p05
permanent_fork,sth_proof,12000,6.0,5.0,0.008,0.1,0.05,3.0,True,140.0,140.0,0.0,0.0,,,,,55406.0,,,,0.5696553185692012,0.5696553185692012,3.0,4.541257322777433e-05,3,3,71005,0.05,0.05,0.0,True,0.2,0.08,800,10,0.0,0.0,0.0,0.9200615882873535,C:/Users/efasllija/dev/gossip-poc/out_nb_incremental_clean0104/scenario_baseline_new/permanent_fork_sth_proof_n12000_pg0p008_a0p1_ff0p05_s71005_drop0_pc0p05_pgc0p05
permanent_fork,sth_proof,12000,6.0,5.0,0.008,0.1,0.05,3.0,False,,,0.0,0.0,,,,,,,,,0.7502588149320991,0.7502588149320991,0.0,0.0,0,0,71006,0.05,0.05,0.0,True,0.2,0.08,800,10,0.0,0.0,0.0,0.889503002166748,C:/Users/efasllija/dev/gossip-poc/out_nb_incremental_clean0104/scenario_baseline_new/permanent_fork_sth_proof_n12000_pg0p008_a0p1_ff0p05_s71006_drop0_pc0p05_pgc0p05
permanent_fork,sth_proof,12000,6.0,5.0,0.008,0.1,0.05,3.0,True,45.0,45.0,0.0,0.0,,,,,34652.0,,,,0.8752071986739285,0.8752071986739285,1.0,1.4799905280606204e-05,1,1,71007,0.05,0.05,0.0,True,0.2,0.08,800,10,0.0,0.0,0.0,0.9431307315826416,C:/Users/efasllija/dev/gossip-poc/out_nb_incremental_clean0104/scenario_baseline_new/permanent_fork_sth_proof_n12000_pg0p008_a0p1_ff0p05_s71007_drop0_pc0p05_pgc0p05
permanent_fork,sth_proof,12000,6.0,5.0,0.008,0.1,0.05,3.0,True,25.0,25.0,0.0,0.0,,,,,30830.0,,,,0.7349410168075999,0.7349410168075999,5.0,7.456787914038148e-05,5,5,71008,0.05,0.05,0.0,True,0.2,0.08,800,10,0.0,0.0,0.0,0.8820915222167969,C:/Users/efasllija/dev/gossip-poc/out_nb_incremental_clean0104/scenario_baseline_new/permanent_fork_sth_proof_n12000_pg0p008_a0p1_ff0p05_s71008_drop0_pc0p05_pgc0p05
permanent_fork,sth_proof,12000,6.0,5.0,0.008,0.1,0.05,3.0,True,125.0,125.0,0.0,0.0,,,,,49795.0,,,,0.7915073792588757,0.7915073792588757,19.0,0.0002893827010067472,19,19,71009,0.05,0.05,0.0,True,0.2,0.08,800,10,0.0,0.0,0.0,0.8993141651153564,C:/Users/efasllija/dev/gossip-poc/out_nb_incremental_clean0104/scenario_baseline_new/permanent_fork_sth_proof_n12000_pg0p008_a0p1_ff0p05_s71009_drop0_pc0p05_pgc0p05
permanent_fork,sth_proof,12000,6.0,5.0,0.008,0.1,0.05,3.0,False,,,0.0,0.0,,,,,,,,,0.7751570895182588,0.7751570895182588,0.0,0.0,0,0,71010,0.05,0.05,0.0,True,0.2,0.08,800,10,0.0,0.0,0.0,0.8975780010223389,C:/Users/efasllija/dev/gossip-poc/out_nb_incremental_clean0104/scenario_baseline_new/permanent_fork_sth_proof_n12000_pg0p008_a0p1_ff0p05_s71010_drop0_pc0p05_pgc0p05
permanent_fork,sth_proof,12000,6.0,5.0,0.008,0.1,0.05,3.0,True,115.0,115.0,0.0,0.0,,,,,50580.0,,,,0.7925244311291818,0.7925244311291818,2.0,2.853270561380983e-05,2,2,71011,0.05,0.05,0.0,True,0.2,0.08,800,10,0.0,0.0,0.0,0.9070272445678711,C:/Users/efasllija/dev/gossip-poc/out_nb_incremental_clean0104/scenario_baseline_new/permanent_fork_sth_proof_n12000_pg0p008_a0p1_ff0p05_s71011_drop0_pc0p05_pgc0p05
permanent_fork,sth_proof,12000,6.0,5.0,0.012,0.1,0.05,3.0,True,115.0,115.0,0.0,0.0,,,,,48244.0,,,,0.9911948933371205,0.9911948933371205,3.0,4.484774191619452e-05,3,3,71000,0.05,0.05,0.0,True,0.2,0.08,800,10,0.0,0.0,0.0,0.9185078144073486,C:/Users/efasllija/dev/gossip-poc/out_nb_incremental_clean0104/scenario_baseline_new/permanent_fork_sth_proof_n12000_pg0p012_a0p1_ff0p05_s71000_drop0_pc0p05_pgc0p05
permanent_fork,sth_proof,12000,6.0,5.0,0.012,0.1,0.05,3.0,False,,,0.0,0.0,,,,,,,,,0.37300584308419693,0.37300584308419693,0.0,0.0,0,0,71001,0.05,0.05,0.0,True,0.2,0.08,800,10,0.0,0.0,0.0,0.879490852355957,C:/Users/efasllija/dev/gossip-poc/out_nb_incremental_clean0104/scenario_baseline_new/permanent_fork_sth_proof_n12000_pg0p012_a0p1_ff0p05_s71001_drop0_pc0p05_pgc0p05
permanent_fork,sth_proof,12000,6.0,5.0,0.012,0.1,0.05,3.0,True,30.0,30.0,0.0,0.0,,,,,31675.0,,,,0.47923957394134814,0.47923957394134814,3.0,4.5845622507144274e-05,3,3,71002,0.05,0.05,0.0,True,0.2,0.08,800,10,0.0,0.0,0.0,0.9036939144134521,C:/Users/efasllija/dev/gossip-poc/out_nb_incremental_clean0104/scenario_baseline_new/permanent_fork_sth_proof_n12000_pg0p012_a0p1_ff0p05_s71002_drop0_pc0p05_pgc0p05
permanent_fork,sth_proof,12000,6.0,5.0,0.012,0.1,0.05,3.0,True,35.0,35.0,0.0,0.0,,,,,31519.0,,,,1.4311999877129122,1.4311999877129122,3.0,4.607657927475464e-05,3,3,71003,0.05,0.05,0.0,True,0.2,0.08,800,10,0.0,0.0,0.0,0.8859760761260986,C:/Users/efasllija/dev/gossip-poc/out_nb_incremental_clean0104/scenario_baseline_new/permanent_fork_sth_proof_n12000_pg0p012_a0p1_ff0p05_s71003_drop0_pc0p05_pgc0p05
permanent_fork,sth_proof,12000,6.0,5.0,0.012,0.1,0.05,3.0,True,35.0,35.0,0.0,0.0,,,,,33565.0,,,,0.7502644259019862,0.7502644259019862,2.0,2.9380655776236926e-05,2,2,71004,0.05,0.05,0.0,True,0.2,0.08,800,10,0.0,0.0,0.0,0.8917536735534668,C:/Users/efasllija/dev/gossip-poc/out_nb_incremental_clean0104/scenario_baseline_new/permanent_fork_sth_proof_n12000_pg0p012_a0p1_ff0p05_s71004_drop0_pc0p05_pgc0p05
permanent_fork,sth_proof,12000,6.0,5.0,0.012,0.1,0.05,3.0,True,140.0,140.0,0.0,0.0,,,,,55406.0,,,,0.9494255309486687,0.9494255309486687,3.0,4.541257322777433e-05,3,3,71005,0.05,0.05,0.0,True,0.2,0.08,800,10,0.0,0.0,0.0,0.8909060955047607,C:/Users/efasllija/dev/gossip-poc/out_nb_incremental_clean0104/scenario_baseline_new/permanent_fork_sth_proof_n12000_pg0p012_a0p1_ff0p05_s71005_drop0_pc0p05_pgc0p05
permanent_fork,sth_proof,12000,6.0,5.0,0.012,0.1,0.05,3.0,True,105.0,105.0,0.0,0.0,,,,,45340.0,,,,1.0640034102673406,1.0640034102673406,2.0,3.044881554107545e-05,2,2,71006,0.05,0.05,0.0,True,0.2,0.08,800,10,0.0,0.0,0.0,0.8603799343109131,C:/Users/efasllija/dev/gossip-poc/out_nb_incremental_clean0104/scenario_baseline_new/permanent_fork_sth_proof_n12000_pg0p012_a0p1_ff0p05_s71006_drop0_pc0p05_pgc0p05
permanent_fork,sth_proof,12000,6.0,5.0,0.012,0.1,0.05,3.0,True,45.0,45.0,0.0,0.0,,,,,34652.0,,,,1.1139000710395452,1.1139000710395452,2.0,2.9599810561212407e-05,2,2,71007,0.05,0.05,0.0,True,0.2,0.08,800,10,0.0,0.0,0.0,0.8698556423187256,C:/Users/efasllija/dev/gossip-poc/out_nb_incremental_clean0104/scenario_baseline_new/permanent_fork_sth_proof_n12000_pg0p012_a0p1_ff0p05_s71007_drop0_pc0p05_pgc0p05
permanent_fork,sth_proof,12000,6.0,5.0,0.012,0.1,0.05,3.0,True,20.0,20.0,0.0,0.0,,,,,29892.0,,,,1.069005115356509,1.069005115356509,13.0,0.00019387648576499187,13,13,71008,0.05,0.05,0.0,True,0.2,0.08,800,10,0.0,0.0,0.0,0.9104621410369873,C:/Users/efasllija/dev/gossip-poc/out_nb_incremental_clean0104/scenario_baseline_new/permanent_fork_sth_proof_n12000_pg0p012_a0p1_ff0p05_s71008_drop0_pc0p05_pgc0p05
permanent_fork,sth_proof,12000,6.0,5.0,0.012,0.1,0.05,3.0,True,35.0,35.0,0.0,0.0,,,,,31162.0,,,,1.050794279360921,1.050794279360921,21.0,0.0003198440379548258,21,21,71009,0.05,0.05,0.0,True,0.2,0.08,800,10,0.0,0.0,0.0,0.8840627670288086,C:/Users/efasllija/dev/gossip-poc/out_nb_incremental_clean0104/scenario_baseline_new/permanent_fork_sth_proof_n12000_pg0p012_a0p1_ff0p05_s71009_drop0_pc0p05_pgc0p05
permanent_fork,sth_proof,12000,6.0,5.0,0.012,0.1,0.05,3.0,False,,,0.0,0.0,,,,,,,,,1.2375314937923079,1.2375314937923079,0.0,0.0,0,0,71010,0.05,0.05,0.0,True,0.2,0.08,800,10,0.0,0.0,0.0,0.8979222774505615,C:/Users/efasllija/dev/gossip-poc/out_nb_incremental_clean0104/scenario_baseline_new/permanent_fork_sth_proof_n12000_pg0p012_a0p1_ff0p05_s71010_drop0_pc0p05_pgc0p05
permanent_fork,sth_proof,12000,6.0,5.0,0.012,0.1,0.05,3.0,True,65.0,65.0,0.0,0.0,,,,,38470.0,,,,1.0609601255439047,1.0609601255439047,6.0,8.559811684142949e-05,6,6,71011,0.05,0.05,0.0,True,0.2,0.08,800,10,0.0,0.0,0.0,0.9432990550994873,C:/Users/efasllija/dev/gossip-poc/out_nb_incremental_clean0104/scenario_baseline_new/permanent_fork_sth_proof_n12000_pg0p012_a0p1_ff0p05_s71011_drop0_pc0p05_pgc0p05
permanent_fork,sth_proof,12000,6.0,5.0,0.02,0.1,0.05,3.0,True,65.0,65.0,0.0,0.0,,,,,37620.0,,,,1.3394525585636763,1.3394525585636763,4.0,5.9796989221592696e-05,4,4,71000,0.05,0.05,0.0,True,0.2,0.08,800,10,0.0,0.0,0.0,0.990915060043335,C:/Users/efasllija/dev/gossip-poc/out_nb_incremental_clean0104/scenario_baseline_new/permanent_fork_sth_proof_n12000_pg0p02_a0p1_ff0p05_s71000_drop0_pc0p05_pgc0p05
permanent_fork,sth_proof,12000,6.0,5.0,0.02,0.1,0.05,3.0,True,75.0,75.0,0.0,0.0,,,,,40945.0,,,,0.825941509686436,0.825941509686436,1.0,1.486789871987392e-05,1,1,71001,0.05,0.05,0.0,True,0.2,0.08,800,10,0.0,0.0,0.0,0.8850162029266357,C:/Users/efasllija/dev/gossip-poc/out_nb_incremental_clean0104/scenario_baseline_new/permanent_fork_sth_proof_n12000_pg0p02_a0p1_ff0p05_s71001_drop0_pc0p05_pgc0p05
permanent_fork,sth_proof,12000,6.0,5.0,0.02,0.1,0.05,3.0,True,30.0,30.0,0.0,0.0,,,,,31675.0,,,,1.1090972996928343,1.1090972996928343,3.0,4.5845622507144274e-05,3,3,71002,0.05,0.05,0.0,True,0.2,0.08,800,10,0.0,0.0,0.0,0.9059607982635498,C:/Users/efasllija/dev/gossip-poc/out_nb_incremental_clean0104/scenario_baseline_new/permanent_fork_sth_proof_n12000_pg0p02_a0p1_ff0p05_s71002_drop0_pc0p05_pgc0p05
permanent_fork,sth_proof,12000,6.0,5.0,0.02,0.1,0.05,3.0,True,25.0,25.0,0.0,0.0,,,,,29964.0,,,,1.9403769064184675,1.9403769064184675,7.0,0.00010751201830776084,7,7,71003,0.05,0.05,0.0,True,0.2,0.08,800,10,0.0,0.0,0.0,0.9440414905548096,C:/Users/efasllija/dev/gossip-poc/out_nb_incremental_clean0104/scenario_baseline_new/permanent_fork_sth_proof_n12000_pg0p02_a0p1_ff0p05_s71003_drop0_pc0p05_pgc0p05
permanent_fork,sth_proof,12000,6.0,5.0,0.02,0.1,0.05,3.0,True,25.0,25.0,0.0,0.0,,,,,31948.0,,,,1.5400164531672347,1.5400164531672347,5.0,7.345163944059231e-05,5,5,71004,0.05,0.05,0.0,True,0.2,0.08,800,10,0.0,0.0,0.0,0.8775177001953125,C:/Users/efasllija/dev/gossip-poc/out_nb_incremental_clean0104/scenario_baseline_new/permanent_fork_sth_proof_n12000_pg0p02_a0p1_ff0p05_s71004_drop0_pc0p05_pgc0p05
permanent_fork,sth_proof,12000,6.0,5.0,0.02,0.1,0.05,3.0,True,15.0,15.0,0.0,0.0,,,,,29413.0,,,,1.831034952543861,1.831034952543861,4.0,6.055009763703244e-05,4,4,71005,0.05,0.05,0.0,True,0.2,0.08,800,10,0.0,0.0,0.0,0.9167923927307129,C:/Users/efasllija/dev/gossip-poc/out_nb_incremental_clean0104/scenario_baseline_new/permanent_fork_sth_proof_n12000_pg0p02_a0p1_ff0p05_s71005_drop0_pc0p05_pgc0p05
permanent_fork,sth_proof,12000,6.0,5.0,0.02,0.1,0.05,3.0,True,105.0,105.0,0.0,0.0,,,,,45340.0,,,,1.9097497107362524,1.9097497107362524,2.0,3.044881554107545e-05,2,2,71006,0.05,0.05,0.0,True,0.2,0.08,800,10,0.0,0.0,0.0,0.8926577568054199,C:/Users/efasllija/dev/gossip-poc/out_nb_incremental_clean0104/scenario_baseline_new/permanent_fork_sth_proof_n12000_pg0p02_a0p1_ff0p05_s71006_drop0_pc0p05_pgc0p05
permanent_fork,sth_proof,12000,6.0,5.0,0.02,0.1,0.05,3.0,True,45.0,45.0,0.0,0.0,,,,,34652.0,,,,2.347146578261899,2.347146578261899,3.0,4.4399715841818615e-05,3,3,71007,0.05,0.05,0.0,True,0.2,0.08,800,10,0.0,0.0,0.0,0.9278078079223633,C:/Users/efasllija/dev/gossip-poc/out_nb_incremental_clean0104/scenario_baseline_new/permanent_fork_sth_proof_n12000_pg0p02_a0p1_ff0p05_s71007_drop0_pc0p05_pgc0p05
permanent_fork,sth_proof,12000,6.0,5.0,0.02,0.1,0.05,3.0,True,0.0,0.0,0.0,0.0,,,,,26775.0,,,,1.2427184466019416,1.2427184466019416,15.0,0.00022370363742114447,15,15,71008,0.05,0.05,0.0,True,0.2,0.08,800,10,0.0,0.0,0.0,0.9015567302703857,C:/Users/efasllija/dev/gossip-poc/out_nb_incremental_clean0104/scenario_baseline_new/permanent_fork_sth_proof_n12000_pg0p02_a0p1_ff0p05_s71008_drop0_pc0p05_pgc0p05
permanent_fork,sth_proof,12000,6.0,5.0,0.02,0.1,0.05,3.0,True,15.0,15.0,0.0,0.0,,,,,27962.0,,,,1.9241817323362322,1.9241817323362322,22.0,0.00033507470642886515,22,22,71009,0.05,0.05,0.0,True,0.2,0.08,800,10,0.0,0.0,0.0,0.9019014835357666,C:/Users/efasllija/dev/gossip-poc/out_nb_incremental_clean0104/scenario_baseline_new/permanent_fork_sth_proof_n12000_pg0p02_a0p1_ff0p05_s71009_drop0_pc0p05_pgc0p05
permanent_fork,sth_proof,12000,6.0,5.0,0.02,0.1,0.05,3.0,True,0.0,0.0,0.0,0.0,,,,,26924.0,,,,1.7135051452508878,1.7135051452508878,2.0,3.0355462465470663e-05,2,2,71010,0.05,0.05,0.0,True,0.2,0.08,800,10,0.0,0.0,0.0,0.9029617309570312,C:/Users/efasllija/dev/gossip-poc/out_nb_incremental_clean0104/scenario_baseline_new/permanent_fork_sth_proof_n12000_pg0p02_a0p1_ff0p05_s71010_drop0_pc0p05_pgc0p05
permanent_fork,sth_proof,12000,6.0,5.0,0.02,0.1,0.05,3.0,True,65.0,65.0,0.0,0.0,,,,,38470.0,,,,1.5467009059134031,1.5467009059134031,6.0,8.559811684142949e-05,6,6,71011,0.05,0.05,0.0,True,0.2,0.08,800,10,0.0,0.0,0.0,0.939077615737915,C:/Users/efasllija/dev/gossip-poc/out_nb_incremental_clean0104/scenario_baseline_new/permanent_fork_sth_proof_n12000_pg0p02_a0p1_ff0p05_s71011_drop0_pc0p05_pgc0p05
permanent_fork,sth_proof,12000,6.0,5.0,0.03,0.1,0.05,3.0,True,60.0,60.0,0.0,0.0,,,,,36713.0,,,,2.102940516944972,2.102940516944972,7.0,0.00010464473113778722,7,7,71000,0.05,0.05,0.0,True,0.2,0.08,800,10,0.0,0.0,0.0,0.9122452735900879,C:/Users/efasllija/dev/gossip-poc/out_nb_incremental_clean0104/scenario_baseline_new/permanent_fork_sth_proof_n12000_pg0p03_a0p1_ff0p05_s71000_drop0_pc0p05_pgc0p05
permanent_fork,sth_proof,12000,6.0,5.0,0.03,0.1,0.05,3.0,True,75.0,75.0,0.0,0.0,,,,,40945.0,,,,1.3854502743127315,1.3854502743127315,3.0,4.460369615962176e-05,3,3,71001,0.05,0.05,0.0,True,0.2,0.08,800,10,0.0,0.0,0.0,0.9210619926452637,C:/Users/efasllija/dev/gossip-poc/out_nb_incremental_clean0104/scenario_baseline_new/permanent_fork_sth_proof_n12000_pg0p03_a0p1_ff0p05_s71001_drop0_pc0p05_pgc0p05
permanent_fork,sth_proof,12000,6.0,5.0,0.03,0.1,0.05,3.0,True,30.0,30.0,0.0,0.0,,,,,31675.0,,,,1.8895731772544584,1.8895731772544584,3.0,4.5845622507144274e-05,3,3,71002,0.05,0.05,0.0,True,0.2,0.08,800,10,0.0,0.0,0.0,0.9102823734283447,C:/Users/efasllija/dev/gossip-poc/out_nb_incremental_clean0104/scenario_baseline_new/permanent_fork_sth_proof_n12000_pg0p03_a0p1_ff0p05_s71002_drop0_pc0p05_pgc0p05
permanent_fork,sth_proof,12000,6.0,5.0,0.03,0.1,0.05,3.0,True,25.0,25.0,0.0,0.0,,,,,29964.0,,,,2.669738438618317,2.669738438618317,7.0,0.00010751201830776084,7,7,71003,0.05,0.05,0.0,True,0.2,0.08,800,10,0.0,0.0,0.0,0.886347770690918,C:/Users/efasllija/dev/gossip-poc/out_nb_incremental_clean0104/scenario_baseline_new/permanent_fork_sth_proof_n12000_pg0p03_a0p1_ff0p05_s71003_drop0_pc0p05_pgc0p05
permanent_fork,sth_proof,12000,6.0,5.0,0.03,0.1,0.05,3.0,True,25.0,25.0,0.0,0.0,,,,,31948.0,,,,2.145493007403925,2.145493007403925,8.0,0.0001175226231049477,8,8,71004,0.05,0.05,0.0,True,0.2,0.08,800,10,0.0,0.0,0.0,0.8890025615692139,C:/Users/efasllija/dev/gossip-poc/out_nb_incremental_clean0104/scenario_baseline_new/permanent_fork_sth_proof_n12000_pg0p03_a0p1_ff0p05_s71004_drop0_pc0p05_pgc0p05
permanent_fork,sth_proof,12000,6.0,5.0,0.03,0.1,0.05,3.0,True,15.0,15.0,0.0,0.0,,,,,29413.0,,,,2.2786212742768046,2.2786212742768046,5.0,7.568762204629054e-05,5,5,71005,0.05,0.05,0.0,True,0.2,0.08,800,10,0.0,0.0,0.0,0.8851339817047119,C:/Users/efasllija/dev/gossip-poc/out_nb_incremental_clean0104/scenario_baseline_new/permanent_fork_sth_proof_n12000_pg0p03_a0p1_ff0p05_s71005_drop0_pc0p05_pgc0p05
permanent_fork,sth_proof,12000,6.0,5.0,0.03,0.1,0.05,3.0,True,40.0,40.0,0.0,0.0,,,,,32319.0,,,,2.7827781499299675,2.7827781499299675,10.0,0.00015224407770537726,10,10,71006,0.05,0.05,0.0,True,0.2,0.08,800,10,0.0,0.0,0.0,0.9216771125793457,C:/Users/efasllija/dev/gossip-poc/out_nb_incremental_clean0104/scenario_baseline_new/permanent_fork_sth_proof_n12000_pg0p03_a0p1_ff0p05_s71006_drop0_pc0p05_pgc0p05
permanent_fork,sth_proof,12000,6.0,5.0,0.03,0.1,0.05,3.0,True,45.0,45.0,0.0,0.0,,,,,34652.0,,,,3.076485910490173,3.076485910490173,4.0,5.9199621122424815e-05,4,4,71007,0.05,0.05,0.0,True,0.2,0.08,800,10,0.0,0.0,0.0,0.915236234664917,C:/Users/efasllija/dev/gossip-poc/out_nb_incremental_clean0104/scenario_baseline_new/permanent_fork_sth_proof_n12000_pg0p03_a0p1_ff0p05_s71007_drop0_pc0p05_pgc0p05
permanent_fork,sth_proof,12000,6.0,5.0,0.03,0.1,0.05,3.0,True,0.0,0.0,0.0,0.0,,,,,26775.0,,,,2.64578766050736,2.64578766050736,19.0,0.00028335794073344967,19,19,71008,0.05,0.05,0.0,True,0.2,0.08,800,10,0.0,0.0,0.0,0.871126651763916,C:/Users/efasllija/dev/gossip-poc/out_nb_incremental_clean0104/scenario_baseline_new/permanent_fork_sth_proof_n12000_pg0p03_a0p1_ff0p05_s71008_drop0_pc0p05_pgc0p05
permanent_fork,sth_proof,12000,6.0,5.0,0.03,0.1,0.05,3.0,True,15.0,15.0,0.0,0.0,,,,,27962.0,,,,2.5655756431149763,2.5655756431149763,24.0,0.0003655360433769438,24,24,71009,0.05,0.05,0.0,True,0.2,0.08,800,10,0.0,0.0,0.0,0.8695075511932373,C:/Users/efasllija/dev/gossip-poc/out_nb_incremental_clean0104/scenario_baseline_new/permanent_fork_sth_proof_n12000_pg0p03_a0p1_ff0p05_s71009_drop0_pc0p05_pgc0p05
permanent_fork,sth_proof,12000,6.0,5.0,0.03,0.1,0.05,3.0,True,0.0,0.0,0.0,0.0,,,,,26924.0,,,,2.1758795495249372,2.1758795495249372,3.0,4.553319369820599e-05,3,3,71010,0.05,0.05,0.0,True,0.2,0.08,800,10,0.0,0.0,0.0,0.8989126682281494,C:/Users/efasllija/dev/gossip-poc/out_nb_incremental_clean0104/scenario_baseline_new/permanent_fork_sth_proof_n12000_pg0p03_a0p1_ff0p05_s71010_drop0_pc0p05_pgc0p05
permanent_fork,sth_proof,12000,6.0,5.0,0.03,0.1,0.05,3.0,True,65.0,65.0,0.0,0.0,,,,,38470.0,,,,2.134702903202796,2.134702903202796,7.0,9.98644696483344e-05,7,7,71011,0.05,0.05,0.0,True,0.2,0.08,800,10,0.0,0.0,0.0,0.8740830421447754,C:/Users/efasllija/dev/gossip-poc/out_nb_incremental_clean0104/scenario_baseline_new/permanent_fork_sth_proof_n12000_pg0p03_a0p1_ff0p05_s71011_drop0_pc0p05_pgc0p05
permanent_fork,sth_proof,12000,6.0,5.0,0.05,0.1,0.05,3.0,True,30.0,30.0,0.0,0.0,,,,,31364.0,,,,5.290837606326521,5.290837606326521,12.0,0.0001793909676647781,12,12,71000,0.05,0.05,0.0,True,0.2,0.08,800,10,0.0,0.0,0.0,0.8632042407989502,C:/Users/efasllija/dev/gossip-poc/out_nb_incremental_clean0104/scenario_baseline_new/permanent_fork_sth_proof_n12000_pg0p05_a0p1_ff0p05_s71000_drop0_pc0p05_pgc0p05
permanent_fork,sth_proof,12000,6.0,5.0,0.05,0.1,0.05,3.0,True,50.0,50.0,0.0,0.0,,,,,36108.0,,,,3.303766038745744,3.303766038745744,11.0,0.0001635468859186131,11,11,71001,0.05,0.05,0.0,True,0.2,0.08,800,10,0.0,0.0,0.0,0.8897020816802979,C:/Users/efasllija/dev/gossip-poc/out_nb_incremental_clean0104/scenario_baseline_new/permanent_fork_sth_proof_n12000_pg0p05_a0p1_ff0p05_s71001_drop0_pc0p05_pgc0p05
permanent_fork,sth_proof,12000,6.0,5.0,0.05,0.1,0.05,3.0,True,5.0,5.0,0.0,0.0,,,,,28003.0,,,,4.121460335895594,4.121460335895594,10.0,0.0001528187416904809,10,10,71002,0.05,0.05,0.0,True,0.2,0.08,800,10,0.0,0.0,0.0,0.8806915283203125,C:/Users/efasllija/dev/gossip-poc/out_nb_incremental_clean0104/scenario_baseline_new/permanent_fork_sth_proof_n12000_pg0p05_a0p1_ff0p05_s71002_drop0_pc0p05_pgc0p05
permanent_fork,sth_proof,12000,6.0,5.0,0.05,0.1,0.05,3.0,True,25.0,25.0,0.0,0.0,,,,,29964.0,,,,5.07800764871216,5.07800764871216,13.0,0.00019966517685727011,13,13,71003,0.05,0.05,0.0,True,0.2,0.08,800,10,0.0,0.0,0.0,0.9019792079925537,C:/Users/efasllija/dev/gossip-poc/out_nb_incremental_clean0104/scenario_baseline_new/permanent_fork_sth_proof_n12000_pg0p05_a0p1_ff0p05_s71003_drop0_pc0p05_pgc0p05
permanent_fork,sth_proof,12000,6.0,5.0,0.05,0.1,0.05,3.0,True,20.0,20.0,0.0,0.0,,,,,31160.0,,,,4.277823481020096,4.277823481020096,13.0,0.00019097426254554003,13,13,71004,0.05,0.05,0.0,True,0.2,0.08,800,10,0.0,0.0,0.0,0.9003314971923828,C:/Users/efasllija/dev/gossip-poc/out_nb_incremental_clean0104/scenario_baseline_new/permanent_fork_sth_proof_n12000_pg0p05_a0p1_ff0p05_s71004_drop0_pc0p05_pgc0p05
permanent_fork,sth_proof,12000,6.0,5.0,0.05,0.1,0.05,3.0,True,15.0,15.0,0.0,0.0,,,,,29413.0,,,,3.7434492363118936,3.7434492363118936,7.0,0.00010596267086480677,7,7,71005,0.05,0.05,0.0,True,0.2,0.08,800,10,0.0,0.0,0.0,0.8788120746612549,C:/Users/efasllija/dev/gossip-poc/out_nb_incremental_clean0104/scenario_baseline_new/permanent_fork_sth_proof_n12000_pg0p05_a0p1_ff0p05_s71005_drop0_pc0p05_pgc0p05
permanent_fork,sth_proof,12000,6.0,5.0,0.05,0.1,0.05,3.0,True,40.0,40.0,0.0,0.0,,,,,32319.0,,,,4.6652457219414165,4.6652457219414165,13.0,0.00019791730101699045,13,13,71006,0.05,0.05,0.0,True,0.2,0.08,800,10,0.0,0.0,0.0,0.8794009685516357,C:/Users/efasllija/dev/gossip-poc/out_nb_incremental_clean0104/scenario_baseline_new/permanent_fork_sth_proof_n12000_pg0p05_a0p1_ff0p05_s71006_drop0_pc0p05_pgc0p05
permanent_fork,sth_proof,12000,6.0,5.0,0.05,0.1,0.05,3.0,True,0.0,0.0,0.0,0.0,,,,,27455.0,,,,4.203646696661141,4.203646696661141,8.0,0.00011839924224484963,8,8,71007,0.05,0.05,0.0,True,0.2,0.08,800,10,0.0,0.0,0.0,0.8850765228271484,C:/Users/efasllija/dev/gossip-poc/out_nb_incremental_clean0104/scenario_baseline_new/permanent_fork_sth_proof_n12000_pg0p05_a0p1_ff0p05_s71007_drop0_pc0p05_pgc0p05
permanent_fork,sth_proof,12000,6.0,5.0,0.05,0.1,0.05,3.0,True,0.0,0.0,0.0,0.0,,,,,26775.0,,,,4.142394822006472,4.142394822006472,22.0,0.00032809866821767854,22,22,71008,0.05,0.05,0.0,True,0.2,0.08,800,10,0.0,0.0,0.0,0.8832399845123291,C:/Users/efasllija/dev/gossip-poc/out_nb_incremental_clean0104/scenario_baseline_new/permanent_fork_sth_proof_n12000_pg0p05_a0p1_ff0p05_s71008_drop0_pc0p05_pgc0p05
permanent_fork,sth_proof,12000,6.0,5.0,0.05,0.1,0.05,3.0,True,15.0,15.0,0.0,0.0,,,,,27962.0,,,,4.530697412309427,4.530697412309427,26.0,0.0003959973803250225,26,26,71009,0.05,0.05,0.0,True,0.2,0.08,800,10,0.0,0.0,0.0,0.8616793155670166,C:/Users/efasllija/dev/gossip-poc/out_nb_incremental_clean0104/scenario_baseline_new/permanent_fork_sth_proof_n12000_pg0p05_a0p1_ff0p05_s71009_drop0_pc0p05_pgc0p05
permanent_fork,sth_proof,12000,6.0,5.0,0.05,0.1,0.05,3.0,True,0.0,0.0,0.0,0.0,,,,,26924.0,,,,3.630998998269739,3.630998998269739,19.0,0.0002883768934219713,19,19,71010,0.05,0.05,0.0,True,0.2,0.08,800,10,0.0,0.0,0.0,0.9011695384979248,C:/Users/efasllija/dev/gossip-poc/out_nb_incremental_clean0104/scenario_baseline_new/permanent_fork_sth_proof_n12000_pg0p05_a0p1_ff0p05_s71010_drop0_pc0p05_pgc0p05
permanent_fork,sth_proof,12000,6.0,5.0,0.05,0.1,0.05,3.0,True,60.0,60.0,0.0,0.0,,,,,37411.0,,,,3.6302732006562524,3.6302732006562524,13.0,0.00018546258648976388,13,13,71011,0.05,0.05,0.0,True,0.2,0.08,800,10,0.0,0.0,0.0,0.8908109664916992,C:/Users/efasllija/dev/gossip-poc/out_nb_incremental_clean0104/scenario_baseline_new/permanent_fork_sth_proof_n12000_pg0p05_a0p1_ff0p05_s71011_drop0_pc0p05_pgc0p05
permanent_fork,sth_proof,12000,6.0,5.0,0.002,0.2,0.05,3.0,True,145.0,145.0,0.0,0.0,,,,,56545.0,,,,0.6476620736390332,0.6476620736390332,3.0,4.51773209848656e-05,3,3,71000,0.05,0.05,0.0,True,0.2,0.08,800,10,0.0,0.0,0.0,0.8821184635162354,C:/Users/efasllija/dev/gossip-poc/out_nb_incremental_clean0104/scenario_baseline_new/permanent_fork_sth_proof_n12000_pg0p002_a0p2_ff0p05_s71000_drop0_pc0p05_pgc0p05
permanent_fork,sth_proof,12000,6.0,5.0,0.002,0.2,0.05,3.0,True,170.0,170.0,0.0,0.0,,,,,65182.0,,,,0.7235639833106522,0.7235639833106522,1.0,1.495461275030283e-05,1,1,71001,0.05,0.05,0.0,True,0.2,0.08,800,10,0.0,0.0,0.0,0.9386816024780273,C:/Users/efasllija/dev/gossip-poc/out_nb_incremental_clean0104/scenario_baseline_new/permanent_fork_sth_proof_n12000_pg0p002_a0p2_ff0p05_s71001_drop0_pc0p05_pgc0p05
permanent_fork,sth_proof,12000,6.0,5.0,0.002,0.2,0.05,3.0,True,130.0,130.0,0.0,0.0,,,,,53124.0,,,,0.6813078677819028,0.6813078677819028,1.0,1.4909573437103964e-05,1,1,71002,0.05,0.05,0.0,True,0.2,0.08,800,10,0.0,0.0,0.0,0.8967716693878174,C:/Users/efasllija/dev/gossip-poc/out_nb_incremental_clean0104/scenario_baseline_new/permanent_fork_sth_proof_n12000_pg0p002_a0p2_ff0p05_s71002_drop0_pc0p05_pgc0p05
permanent_fork,sth_proof,12000,6.0,5.0,0.002,0.2,0.05,3.0,False,,,0.0,0.0,,,,,,,,,0.7174497658256535,0.7174497658256535,0.0,0.0,0,0,71003,0.05,0.05,0.0,True,0.2,0.08,800,10,0.0,0.0,0.0,0.900902271270752,C:/Users/efasllija/dev/gossip-poc/out_nb_incremental_clean0104/scenario_baseline_new/permanent_fork_sth_proof_n12000_pg0p002_a0p2_ff0p05_s71003_drop0_pc0p05_pgc0p05
permanent_fork,sth_proof,12000,6.0,5.0,0.002,0.2,0.05,3.0,False,,,0.0,0.0,,,,,,,,,0.09342648176008818,0.09342648176008818,0.0,0.0,0,0,71004,0.05,0.05,0.0,True,0.2,0.08,800,10,0.0,0.0,0.0,0.90256667137146,C:/Users/efasllija/dev/gossip-poc/out_nb_incremental_clean0104/scenario_baseline_new/permanent_fork_sth_proof_n12000_pg0p002_a0p2_ff0p05_s71004_drop0_pc0p05_pgc0p05
permanent_fork,sth_proof,12000,6.0,5.0,0.002,0.2,0.05,3.0,True,75.0,75.0,0.0,0.0,,,,,39266.0,,,,0.22934578032071068,0.22934578032071068,2.0,3.0113679138748776e-05,2,2,71005,0.05,0.05,0.0,True,0.2,0.08,800,10,0.0,0.0,0.0,0.8824481964111328,C:/Users/efasllija/dev/gossip-poc/out_nb_incremental_clean0104/scenario_baseline_new/permanent_fork_sth_proof_n12000_pg0p002_a0p2_ff0p05_s71005_drop0_pc0p05_pgc0p05
permanent_fork,sth_proof,12000,6.0,5.0,0.002,0.2,0.05,3.0,True,105.0,105.0,0.0,0.0,,,,,46237.0,,,,0.5038757333495455,0.5038757333495455,1.0,1.5198954311943338e-05,1,1,71006,0.05,0.05,0.0,True,0.2,0.08,800,10,0.0,0.0,0.0,0.9067273139953613,C:/Users/efasllija/dev/gossip-poc/out_nb_incremental_clean0104/scenario_baseline_new/permanent_fork_sth_proof_n12000_pg0p002_a0p2_ff0p05_s71006_drop0_pc0p05_pgc0p05
permanent_fork,sth_proof,12000,6.0,5.0,0.002,0.2,0.05,3.0,True,80.0,80.0,0.0,0.0,,,,,40882.0,,,,0.5352689039234135,0.5352689039234135,2.0,2.9869916513583344e-05,2,2,71007,0.05,0.05,0.0,True,0.2,0.08,800,10,0.0,0.0,0.0,0.8834130764007568,C:/Users/efasllija/dev/gossip-poc/out_nb_incremental_clean0104/scenario_baseline_new/permanent_fork_sth_proof_n12000_pg0p002_a0p2_ff0p05_s71007_drop0_pc0p05_pgc0p05
permanent_fork,sth_proof,12000,6.0,5.0,0.002,0.2,0.05,3.0,True,130.0,130.0,0.0,0.0,,,,,52333.0,,,,0.4716073147256978,0.4716073147256978,8.0,0.00012030798845043312,8,8,71008,0.05,0.05,0.0,True,0.2,0.08,800,10,0.0,0.0,0.0,0.9082095623016357,C:/Users/efasllija/dev/gossip-poc/out_nb_incremental_clean0104/scenario_baseline_new/permanent_fork_sth_proof_n12000_pg0p002_a0p2_ff0p05_s71008_drop0_pc0p05_pgc0p05
permanent_fork,sth_proof,12000,6.0,5.0,0.002,0.2,0.05,3.0,True,15.0,15.0,0.0,0.0,,,,,28502.0,,,,0.7296747047912048,0.7296747047912048,4.0,6.0323636308796694e-05,4,4,71009,0.05,0.05,0.0,True,0.2,0.08,800,10,0.0,0.0,0.0,0.9013807773590088,C:/Users/efasllija/dev/gossip-poc/out_nb_incremental_clean0104/scenario_baseline_new/permanent_fork_sth_proof_n12000_pg0p002_a0p2_ff0p05_s71009_drop0_pc0p05_pgc0p05
permanent_fork,sth_proof,12000,6.0,5.0,0.002,0.2,0.05,3.0,False,,,0.0,0.0,,,,,,,,,0.38182786698120386,0.38182786698120386,0.0,0.0,0,0,71010,0.05,0.05,0.0,True,0.2,0.08,800,10,0.0,0.0,0.0,0.8947567939758301,C:/Users/efasllija/dev/gossip-poc/out_nb_incremental_clean0104/scenario_baseline_new/permanent_fork_sth_proof_n12000_pg0p002_a0p2_ff0p05_s71010_drop0_pc0p05_pgc0p05
permanent_fork,sth_proof,12000,6.0,5.0,0.002,0.2,0.05,3.0,True,105.0,105.0,0.0,0.0,,,,,48767.0,,,,0.38004750593824227,0.38004750593824227,1.0,1.4138672095916751e-05,1,1,71011,0.05,0.05,0.0,True,0.2,0.08,800,10,0.0,0.0,0.0,0.9074950218200684,C:/Users/efasllija/dev/gossip-poc/out_nb_incremental_clean0104/scenario_baseline_new/permanent_fork_sth_proof_n12000_pg0p002_a0p2_ff0p05_s71011_drop0_pc0p05_pgc0p05
permanent_fork,sth_proof,12000,6.0,5.0,0.005,0.2,0.05,3.0,True,65.0,65.0,0.0,0.0,,,,,37363.0,,,,0.9175212709886303,0.9175212709886303,4.0,6.02364279798208e-05,4,4,71000,0.05,0.05,0.0,True,0.2,0.08,800,10,0.0,0.0,0.0,0.8823153972625732,C:/Users/efasllija/dev/gossip-poc/out_nb_incremental_clean0104/scenario_baseline_new/permanent_fork_sth_proof_n12000_pg0p005_a0p2_ff0p05_s71000_drop0_pc0p05_pgc0p05
permanent_fork,sth_proof,12000,6.0,5.0,0.005,0.2,0.05,3.0,True,85.0,85.0,0.0,0.0,,,,,42011.0,,,,1.554322630815475,1.554322630815475,2.0,2.990922550060566e-05,2,2,71001,0.05,0.05,0.0,True,0.2,0.08,800,10,0.0,0.0,0.0,0.9000468254089355,C:/Users/efasllija/dev/gossip-poc/out_nb_incremental_clean0104/scenario_baseline_new/permanent_fork_sth_proof_n12000_pg0p005_a0p2_ff0p05_s71001_drop0_pc0p05_pgc0p05
permanent_fork,sth_proof,12000,6.0,5.0,0.005,0.2,0.05,3.0,True,130.0,130.0,0.0,0.0,,,,,53124.0,,,,1.2557439131666444,1.2557439131666444,1.0,1.4909573437103964e-05,1,1,71002,0.05,0.05,0.0,True,0.2,0.08,800,10,0.0,0.0,0.0,0.9101715087890625,C:/Users/efasllija/dev/gossip-poc/out_nb_incremental_clean0104/scenario_baseline_new/permanent_fork_sth_proof_n12000_pg0p005_a0p2_ff0p05_s71002_drop0_pc0p05_pgc0p05
permanent_fork,sth_proof,12000,6.0,5.0,0.005,0.2,0.05,3.0,False,,,0.0,0.0,,,,,,,,,0.9881855265145792,0.9881855265145792,0.0,0.0,0,0,71003,0.05,0.05,0.0,True,0.2,0.08,800,10,0.0,0.0,0.0,0.8875596523284912,C:/Users/efasllija/dev/gossip-poc/out_nb_incremental_clean0104/scenario_baseline_new/permanent_fork_sth_proof_n12000_pg0p005_a0p2_ff0p05_s71003_drop0_pc0p05_pgc0p05
permanent_fork,sth_proof,12000,6.0,5.0,0.005,0.2,0.05,3.0,True,55.0,55.0,0.0,0.0,,,,,36557.0,,,,0.9075715370979995,0.9075715370979995,4.0,5.95832154082195e-05,4,4,71004,0.05,0.05,0.0,True,0.2,0.08,800,10,0.0,0.0,0.0,0.8924212455749512,C:/Users/efasllija/dev/gossip-poc/out_nb_incremental_clean0104/scenario_baseline_new/permanent_fork_sth_proof_n12000_pg0p005_a0p2_ff0p05_s71004_drop0_pc0p05_pgc0p05
permanent_fork,sth_proof,12000,6.0,5.0,0.005,0.2,0.05,3.0,True,75.0,75.0,0.0,0.0,,,,,39266.0,,,,0.45869156064142136,0.45869156064142136,5.0,7.528419784687193e-05,5,5,71005,0.05,0.05,0.0,True,0.2,0.08,800,10,0.0,0.0,0.0,0.9005382061004639,C:/Users/efasllija/dev/gossip-poc/out_nb_incremental_clean0104/scenario_baseline_new/permanent_fork_sth_proof_n12000_pg0p005_a0p2_ff0p05_s71005_drop0_pc0p05_pgc0p05
permanent_fork,sth_proof,12000,6.0,5.0,0.005,0.2,0.05,3.0,True,85.0,85.0,0.0,0.0,,,,,41895.0,,,,0.9124236252545825,0.9124236252545825,2.0,3.0397908623886675e-05,2,2,71006,0.05,0.05,0.0,True,0.2,0.08,800,10,0.0,0.0,0.0,0.8942720890045166,C:/Users/efasllija/dev/gossip-poc/out_nb_incremental_clean0104/scenario_baseline_new/permanent_fork_sth_proof_n12000_pg0p005_a0p2_ff0p05_s71006_drop0_pc0p05_pgc0p05
permanent_fork,sth_proof,12000,6.0,5.0,0.005,0.2,0.05,3.0,True,10.0,10.0,0.0,0.0,,,,,28514.0,,,,1.3649357050047044,1.3649357050047044,4.0,5.973983302716669e-05,4,4,71007,0.05,0.05,0.0,True,0.2,0.08,800,10,0.0,0.0,0.0,0.8941812515258789,C:/Users/efasllija/dev/gossip-poc/out_nb_incremental_clean0104/scenario_baseline_new/permanent_fork_sth_proof_n12000_pg0p005_a0p2_ff0p05_s71007_drop0_pc0p05_pgc0p05
permanent_fork,sth_proof,12000,6.0,5.0,0.005,0.2,0.05,3.0,True,130.0,130.0,0.0,0.0,,,,,52333.0,,,,0.8893166506256015,0.8893166506256015,9.0,0.00013534648700673724,9,9,71008,0.05,0.05,0.0,True,0.2,0.08,800,10,0.0,0.0,0.0,0.9496731758117676,C:/Users/efasllija/dev/gossip-poc/out_nb_incremental_clean0104/scenario_baseline_new/permanent_fork_sth_proof_n12000_pg0p005_a0p2_ff0p05_s71008_drop0_pc0p05_pgc0p05
permanent_fork,sth_proof,12000,6.0,5.0,0.005,0.2,0.05,3.0,True,15.0,15.0,0.0,0.0,,,,,28502.0,,,,1.499886893181921,1.499886893181921,4.0,6.0323636308796694e-05,4,4,71009,0.05,0.05,0.0,True,0.2,0.08,800,10,0.0,0.0,0.0,0.9203879833221436,C:/Users/efasllija/dev/gossip-poc/out_nb_incremental_clean0104/scenario_baseline_new/permanent_fork_sth_proof_n12000_pg0p005_a0p2_ff0p05_s71009_drop0_pc0p05_pgc0p05
permanent_fork,sth_proof,12000,6.0,5.0,0.005,0.2,0.05,3.0,True,35.0,35.0,0.0,0.0,,,,,32585.0,,,,1.1727570200136976,1.1727570200136976,14.0,0.0002130735864850468,14,14,71010,0.05,0.05,0.0,True,0.2,0.08,800,10,0.0,0.0,0.0,0.8867204189300537,C:/Users/efasllija/dev/gossip-poc/out_nb_incremental_clean0104/scenario_baseline_new/permanent_fork_sth_proof_n12000_pg0p005_a0p2_ff0p05_s71010_drop0_pc0p05_pgc0p05
permanent_fork,sth_proof,12000,6.0,5.0,0.005,0.2,0.05,3.0,True,5.0,5.0,0.0,0.0,,,,,28563.0,,,,0.7220902612826603,0.7220902612826603,2.0,2.8277344191833503e-05,2,2,71011,0.05,0.05,0.0,True,0.2,0.08,800,10,0.0,0.0,0.0,0.9229021072387695,C:/Users/efasllija/dev/gossip-poc/out_nb_incremental_clean0104/scenario_baseline_new/permanent_fork_sth_proof_n12000_pg0p005_a0p2_ff0p05_s71011_drop0_pc0p05_pgc0p05
permanent_fork,sth_proof,12000,6.0,5.0,0.008,0.2,0.05,3.0,True,65.0,65.0,0.0,0.0,,,,,37363.0,,,,1.416760786085385,1.416760786085385,5.0,7.529553497477599e-05,5,5,71000,0.05,0.05,0.0,True,0.2,0.08,800,10,0.0,0.0,0.0,0.8746316432952881,C:/Users/efasllija/dev/gossip-poc/out_nb_incremental_clean0104/scenario_baseline_new/permanent_fork_sth_proof_n12000_pg0p008_a0p2_ff0p05_s71000_drop0_pc0p05_pgc0p05
permanent_fork,sth_proof,12000,6.0,5.0,0.008,0.2,0.05,3.0,True,85.0,85.0,0.0,0.0,,,,,42011.0,,,,2.2778866141261274,2.2778866141261274,5.0,7.477306375151416e-05,5,5,71001,0.05,0.05,0.0,True,0.2,0.08,800,10,0.0,0.0,0.0,0.8916647434234619,C:/Users/efasllija/dev/gossip-poc/out_nb_incremental_clean0104/scenario_baseline_new/permanent_fork_sth_proof_n12000_pg0p008_a0p2_ff0p05_s71001_drop0_pc0p05_pgc0p05
permanent_fork,sth_proof,12000,6.0,5.0,0.008,0.2,0.05,3.0,True,5.0,5.0,0.0,0.0,,,,,28109.0,,,,2.084000536744644,2.084000536744644,4.0,5.963829374841586e-05,4,4,71002,0.05,0.05,0.0,True,0.2,0.08,800,10,0.0,0.0,0.0,0.8999214172363281,C:/Users/efasllija/dev/gossip-poc/out_nb_incremental_clean0104/scenario_baseline_new/permanent_fork_sth_proof_n12000_pg0p008_a0p2_ff0p05_s71002_drop0_pc0p05_pgc0p05
permanent_fork,sth_proof,12000,6.0,5.0,0.008,0.2,0.05,3.0,True,70.0,70.0,0.0,0.0,,,,,38381.0,,,,1.489046683789092,1.489046683789092,3.0,4.532406707961928e-05,3,3,71003,0.05,0.05,0.0,True,0.2,0.08,800,10,0.0,0.0,0.0,0.8994665145874023,C:/Users/efasllija/dev/gossip-poc/out_nb_incremental_clean0104/scenario_baseline_new/permanent_fork_sth_proof_n12000_pg0p008_a0p2_ff0p05_s71003_drop0_pc0p05_pgc0p05
permanent_fork,sth_proof,12000,6.0,5.0,0.008,0.2,0.05,3.0,True,55.0,55.0,0.0,0.0,,,,,36557.0,,,,1.815143074195999,1.815143074195999,4.0,5.95832154082195e-05,4,4,71004,0.05,0.05,0.0,True,0.2,0.08,800,10,0.0,0.0,0.0,0.8813211917877197,C:/Users/efasllija/dev/gossip-poc/out_nb_incremental_clean0104/scenario_baseline_new/permanent_fork_sth_proof_n12000_pg0p008_a0p2_ff0p05_s71004_drop0_pc0p05_pgc0p05
permanent_fork,sth_proof,12000,6.0,5.0,0.008,0.2,0.05,3.0,True,25.0,25.0,0.0,0.0,,,,,30636.0,,,,0.9173831212828427,0.9173831212828427,7.0,0.00010539787698562071,7,7,71005,0.05,0.05,0.0,True,0.2,0.08,800,10,0.0,0.0,0.0,0.8947808742523193,C:/Users/efasllija/dev/gossip-poc/out_nb_incremental_clean0104/scenario_baseline_new/permanent_fork_sth_proof_n12000_pg0p008_a0p2_ff0p05_s71005_drop0_pc0p05_pgc0p05
permanent_fork,sth_proof,12000,6.0,5.0,0.008,0.2,0.05,3.0,True,85.0,85.0,0.0,0.0,,,,,41895.0,,,,1.538863726175639,1.538863726175639,2.0,3.0397908623886675e-05,2,2,71006,0.05,0.05,0.0,True,0.2,0.08,800,10,0.0,0.0,0.0,0.8852255344390869,C:/Users/efasllija/dev/gossip-poc/out_nb_incremental_clean0104/scenario_baseline_new/permanent_fork_sth_proof_n12000_pg0p008_a0p2_ff0p05_s71006_drop0_pc0p05_pgc0p05
permanent_fork,sth_proof,12000,6.0,5.0,0.008,0.2,0.05,3.0,True,10.0,10.0,0.0,0.0,,,,,28514.0,,,,1.9537314993204593,1.9537314993204593,8.0,0.00011947966605433338,8,8,71007,0.05,0.05,0.0,True,0.2,0.08,800,10,0.0,0.0,0.0,0.9096543788909912,C:/Users/efasllija/dev/gossip-poc/out_nb_incremental_clean0104/scenario_baseline_new/permanent_fork_sth_proof_n12000_pg0p008_a0p2_ff0p05_s71007_drop0_pc0p05_pgc0p05
permanent_fork,sth_proof,12000,6.0,5.0,0.008,0.2,0.05,3.0,True,130.0,130.0,0.0,0.0,,,,,52333.0,,,,1.4821944177093358,1.4821944177093358,11.0,0.00016542348411934551,11,11,71008,0.05,0.05,0.0,True,0.2,0.08,800,10,0.0,0.0,0.0,0.8947081565856934,C:/Users/efasllija/dev/gossip-poc/out_nb_incremental_clean0104/scenario_baseline_new/permanent_fork_sth_proof_n12000_pg0p008_a0p2_ff0p05_s71008_drop0_pc0p05_pgc0p05
permanent_fork,sth_proof,12000,6.0,5.0,0.008,0.2,0.05,3.0,True,15.0,15.0,0.0,0.0,,,,,28502.0,,,,1.675549322113137,1.675549322113137,4.0,6.0323636308796694e-05,4,4,71009,0.05,0.05,0.0,True,0.2,0.08,800,10,0.0,0.0,0.0,0.8807449340820312,C:/Users/efasllija/dev/gossip-poc/out_nb_incremental_clean0104/scenario_baseline_new/permanent_fork_sth_proof_n12000_pg0p008_a0p2_ff0p05_s71009_drop0_pc0p05_pgc0p05
permanent_fork,sth_proof,12000,6.0,5.0,0.008,0.2,0.05,3.0,True,30.0,30.0,0.0,0.0,,,,,31913.0,,,,1.9500494635111483,1.9500494635111483,16.0,0.00024351267026862493,16,16,71010,0.05,0.05,0.0,True,0.2,0.08,800,10,0.0,0.0,0.0,0.9323728084564209,C:/Users/efasllija/dev/gossip-poc/out_nb_incremental_clean0104/scenario_baseline_new/permanent_fork_sth_proof_n12000_pg0p008_a0p2_ff0p05_s71010_drop0_pc0p05_pgc0p05
permanent_fork,sth_proof,12000,6.0,5.0,0.008,0.2,0.05,3.0,True,5.0,5.0,0.0,0.0,,,,,28563.0,,,,1.178147268408551,1.178147268408551,6.0,8.483203257550051e-05,6,6,71011,0.05,0.05,0.0,True,0.2,0.08,800,10,0.0,0.0,0.0,0.9707727432250977,C:/Users/efasllija/dev/gossip-poc/out_nb_incremental_clean0104/scenario_baseline_new/permanent_fork_sth_proof_n12000_pg0p008_a0p2_ff0p05_s71011_drop0_pc0p05_pgc0p05
permanent_fork,sth_proof,12000,6.0,5.0,0.012,0.2,0.05,3.0,True,65.0,65.0,0.0,0.0,,,,,37363.0,,,,2.104901739326858,2.104901739326858,8.0,0.0001204728559596416,8,8,71000,0.05,0.05,0.0,True,0.2,0.08,800,10,0.0,0.0,0.0,0.8876090049743652,C:/Users/efasllija/dev/gossip-poc/out_nb_incremental_clean0104/scenario_baseline_new/permanent_fork_sth_proof_n12000_pg0p012_a0p2_ff0p05_s71000_drop0_pc0p05_pgc0p05
permanent_fork,sth_proof,12000,6.0,5.0,0.012,0.2,0.05,3.0,True,85.0,85.0,0.0,0.0,,,,,42011.0,,,,2.827259268121252,2.827259268121252,17.0,0.00025422841675514814,17,17,71001,0.05,0.05,0.0,True,0.2,0.08,800,10,0.0,0.0,0.0,0.9014892578125,C:/Users/efasllija/dev/gossip-poc/out_nb_incremental_clean0104/scenario_baseline_new/permanent_fork_sth_proof_n12000_pg0p012_a0p2_ff0p05_s71001_drop0_pc0p05_pgc0p05
permanent_fork,sth_proof,12000,6.0,5.0,0.012,0.2,0.05,3.0,True,5.0,5.0,0.0,0.0,,,,,28109.0,,,,2.9523340937215785,2.9523340937215785,9.0,0.00013418616093393567,9,9,71002,0.05,0.05,0.0,True,0.2,0.08,800,10,0.0,0.0,0.0,0.898942232131958,C:/Users/efasllija/dev/gossip-poc/out_nb_incremental_clean0104/scenario_baseline_new/permanent_fork_sth_proof_n12000_pg0p012_a0p2_ff0p05_s71002_drop0_pc0p05_pgc0p05
permanent_fork,sth_proof,12000,6.0,5.0,0.012,0.2,0.05,3.0,True,15.0,15.0,0.0,0.0,,,,,29243.0,,,,1.9899078410636049,1.9899078410636049,8.0,0.00012086417887898474,8,8,71003,0.05,0.05,0.0,True,0.2,0.08,800,10,0.0,0.0,0.0,0.8852291107177734,C:/Users/efasllija/dev/gossip-poc/out_nb_incremental_clean0104/scenario_baseline_new/permanent_fork_sth_proof_n12000_pg0p012_a0p2_ff0p05_s71003_drop0_pc0p05_pgc0p05
permanent_fork,sth_proof,12000,6.0,5.0,0.012,0.2,0.05,3.0,True,55.0,55.0,0.0,0.0,,,,,36557.0,,,,2.2422355622421164,2.2422355622421164,4.0,5.95832154082195e-05,4,4,71004,0.05,0.05,0.0,True,0.2,0.08,800,10,0.0,0.0,0.0,0.8858001232147217,C:/Users/efasllija/dev/gossip-poc/out_nb_incremental_clean0104/scenario_baseline_new/permanent_fork_sth_proof_n12000_pg0p012_a0p2_ff0p05_s71004_drop0_pc0p05_pgc0p05
permanent_fork,sth_proof,12000,6.0,5.0,0.012,0.2,0.05,3.0,True,25.0,25.0,0.0,0.0,,,,,30636.0,,,,1.4165474666867424,1.4165474666867424,8.0,0.0001204547165549951,8,8,71005,0.05,0.05,0.0,True,0.2,0.08,800,10,0.0,0.0,0.0,0.8864340782165527,C:/Users/efasllija/dev/gossip-poc/out_nb_incremental_clean0104/scenario_baseline_new/permanent_fork_sth_proof_n12000_pg0p012_a0p2_ff0p05_s71005_drop0_pc0p05_pgc0p05
permanent_fork,sth_proof,12000,6.0,5.0,0.012,0.2,0.05,3.0,True,5.0,5.0,0.0,0.0,,,,,27580.0,,,,2.4512873514302216,2.4512873514302216,5.0,7.599477155971669e-05,5,5,71006,0.05,0.05,0.0,True,0.2,0.08,800,10,0.0,0.0,0.0,0.9135198593139648,C:/Users/efasllija/dev/gossip-poc/out_nb_incremental_clean0104/scenario_baseline_new/permanent_fork_sth_proof_n12000_pg0p012_a0p2_ff0p05_s71006_drop0_pc0p05_pgc0p05
permanent_fork,sth_proof,12000,6.0,5.0,0.012,0.2,0.05,3.0,True,5.0,5.0,0.0,0.0,,,,,27689.0,,,,2.8503069133921772,2.8503069133921772,21.0,0.00031363412339262514,21,21,71007,0.05,0.05,0.0,True,0.2,0.08,800,10,0.0,0.0,0.0,0.8720142841339111,C:/Users/efasllija/dev/gossip-poc/out_nb_incremental_clean0104/scenario_baseline_new/permanent_fork_sth_proof_n12000_pg0p012_a0p2_ff0p05_s71007_drop0_pc0p05_pgc0p05
permanent_fork,sth_proof,12000,6.0,5.0,0.012,0.2,0.05,3.0,True,30.0,30.0,0.0,0.0,,,,,31301.0,,,,2.0211742059672764,2.0211742059672764,15.0,0.00022557747834456207,15,15,71008,0.05,0.05,0.0,True,0.2,0.08,800,10,0.0,0.0,0.0,0.9686496257781982,C:/Users/efasllija/dev/gossip-poc/out_nb_incremental_clean0104/scenario_baseline_new/permanent_fork_sth_proof_n12000_pg0p012_a0p2_ff0p05_s71008_drop0_pc0p05_pgc0p05
permanent_fork,sth_proof,12000,6.0,5.0,0.012,0.2,0.05,3.0,True,15.0,15.0,0.0,0.0,,,,,28502.0,,,,2.148486630774103,2.148486630774103,12.0,0.0001809709089263901,12,12,71009,0.05,0.05,0.0,True,0.2,0.08,800,10,0.0,0.0,0.0,0.8820030689239502,C:/Users/efasllija/dev/gossip-poc/out_nb_incremental_clean0104/scenario_baseline_new/permanent_fork_sth_proof_n12000_pg0p012_a0p2_ff0p05_s71009_drop0_pc0p05_pgc0p05
permanent_fork,sth_proof,12000,6.0,5.0,0.012,0.2,0.05,3.0,True,30.0,30.0,0.0,0.0,,,,,31913.0,,,,2.3455140400273953,2.3455140400273953,17.0,0.000258732212160414,17,17,71010,0.05,0.05,0.0,True,0.2,0.08,800,10,0.0,0.0,0.0,0.8894097805023193,C:/Users/efasllija/dev/gossip-poc/out_nb_incremental_clean0104/scenario_baseline_new/permanent_fork_sth_proof_n12000_pg0p012_a0p2_ff0p05_s71010_drop0_pc0p05_pgc0p05
permanent_fork,sth_proof,12000,6.0,5.0,0.012,0.2,0.05,3.0,True,5.0,5.0,0.0,0.0,,,,,28563.0,,,,1.824228028503563,1.824228028503563,13.0,0.00018380273724691776,13,13,71011,0.05,0.05,0.0,True,0.2,0.08,800,10,0.0,0.0,0.0,0.9261577129364014,C:/Users/efasllija/dev/gossip-poc/out_nb_incremental_clean0104/scenario_baseline_new/permanent_fork_sth_proof_n12000_pg0p012_a0p2_ff0p05_s71011_drop0_pc0p05_pgc0p05
permanent_fork,sth_proof,12000,6.0,5.0,0.02,0.2,0.05,3.0,True,25.0,25.0,0.0,0.0,,,,,30400.0,,,,4.169324599051277,4.169324599051277,12.0,0.0001807092839394624,12,12,71000,0.05,0.05,0.0,True,0.2,0.08,800,10,0.0,0.0,0.0,0.9014124870300293,C:/Users/efasllija/dev/gossip-poc/out_nb_incremental_clean0104/scenario_baseline_new/permanent_fork_sth_proof_n12000_pg0p02_a0p2_ff0p05_s71000_drop0_pc0p05_pgc0p05
permanent_fork,sth_proof,12000,6.0,5.0,0.02,0.2,0.05,3.0,True,30.0,30.0,0.0,0.0,,,,,32129.0,,,,3.7652125798202456,3.7652125798202456,28.0,0.00041872915700847925,28,28,71001,0.05,0.05,0.0,True,0.2,0.08,800,10,0.0,0.0,0.0,0.8991000652313232,C:/Users/efasllija/dev/gossip-poc/out_nb_incremental_clean0104/scenario_baseline_new/permanent_fork_sth_proof_n12000_pg0p02_a0p2_ff0p05_s71001_drop0_pc0p05_pgc0p05
permanent_fork,sth_proof,12000,6.0,5.0,0.02,0.2,0.05,3.0,True,5.0,5.0,0.0,0.0,,,,,28109.0,,,,4.248154940287159,4.248154940287159,23.0,0.0003429201890533912,23,23,71002,0.05,0.05,0.0,True,0.2,0.08,800,10,0.0,0.0,0.0,0.8711366653442383,C:/Users/efasllija/dev/gossip-poc/out_nb_incremental_clean0104/scenario_baseline_new/permanent_fork_sth_proof_n12000_pg0p02_a0p2_ff0p05_s71002_drop0_pc0p05_pgc0p05
permanent_fork,sth_proof,12000,6.0,5.0,0.02,0.2,0.05,3.0,True,15.0,15.0,0.0,0.0,,,,,29243.0,,,,3.5601752530593744,3.5601752530593744,14.0,0.0002115123130382233,14,14,71003,0.05,0.05,0.0,True,0.2,0.08,800,10,0.0,0.0,0.0,0.9030900001525879,C:/Users/efasllija/dev/gossip-poc/out_nb_incremental_clean0104/scenario_baseline_new/permanent_fork_sth_proof_n12000_pg0p02_a0p2_ff0p05_s71003_drop0_pc0p05_pgc0p05
permanent_fork,sth_proof,12000,6.0,5.0,0.02,0.2,0.05,3.0,True,25.0,25.0,0.0,0.0,,,,,31747.0,,,,3.376699983614616,3.376699983614616,9.0,0.0001340622346684939,9,9,71004,0.05,0.05,0.0,True,0.2,0.08,800,10,0.0,0.0,0.0,0.9020431041717529,C:/Users/efasllija/dev/gossip-poc/out_nb_incremental_clean0104/scenario_baseline_new/permanent_fork_sth_proof_n12000_pg0p02_a0p2_ff0p05_s71004_drop0_pc0p05_pgc0p05
permanent_fork,sth_proof,12000,6.0,5.0,0.02,0.2,0.05,3.0,True,25.0,25.0,0.0,0.0,,,,,30636.0,,,,2.7251675073402093,2.7251675073402093,13.0,0.00019573891440186704,13,13,71005,0.05,0.05,0.0,True,0.2,0.08,800,10,0.0,0.0,0.0,0.8833446502685547,C:/Users/efasllija/dev/gossip-poc/out_nb_incremental_clean0104/scenario_baseline_new/permanent_fork_sth_proof_n12000_pg0p02_a0p2_ff0p05_s71005_drop0_pc0p05_pgc0p05
permanent_fork,sth_proof,12000,6.0,5.0,0.02,0.2,0.05,3.0,True,5.0,5.0,0.0,0.0,,,,,27580.0,,,,4.398698969510898,4.398698969510898,12.0,0.00018238745174332005,12,12,71006,0.05,0.05,0.0,True,0.2,0.08,800,10,0.0,0.0,0.0,0.8907203674316406,C:/Users/efasllija/dev/gossip-poc/out_nb_incremental_clean0104/scenario_baseline_new/permanent_fork_sth_proof_n12000_pg0p02_a0p2_ff0p05_s71006_drop0_pc0p05_pgc0p05
permanent_fork,sth_proof,12000,6.0,5.0,0.02,0.2,0.05,3.0,True,5.0,5.0,0.0,0.0,,,,,27689.0,,,,4.014516779425602,4.014516779425602,23.0,0.00034350403990620845,23,23,71007,0.05,0.05,0.0,True,0.2,0.08,800,10,0.0,0.0,0.0,0.8949787616729736,C:/Users/efasllija/dev/gossip-poc/out_nb_incremental_clean0104/scenario_baseline_new/permanent_fork_sth_proof_n12000_pg0p02_a0p2_ff0p05_s71007_drop0_pc0p05_pgc0p05
permanent_fork,sth_proof,12000,6.0,5.0,0.02,0.2,0.05,3.0,True,10.0,10.0,0.0,0.0,,,,,28257.0,,,,2.5466794995187683,2.5466794995187683,19.0,0.0002857314725697786,19,19,71008,0.05,0.05,0.0,True,0.2,0.08,800,10,0.0,0.0,0.0,0.9077537059783936,C:/Users/efasllija/dev/gossip-poc/out_nb_incremental_clean0104/scenario_baseline_new/permanent_fork_sth_proof_n12000_pg0p02_a0p2_ff0p05_s71008_drop0_pc0p05_pgc0p05
permanent_fork,sth_proof,12000,6.0,5.0,0.02,0.2,0.05,3.0,True,15.0,15.0,0.0,0.0,,,,,28502.0,,,,3.675398513022365,3.675398513022365,15.0,0.0002262136361579876,15,15,71009,0.05,0.05,0.0,True,0.2,0.08,800,10,0.0,0.0,0.0,0.9043269157409668,C:/Users/efasllija/dev/gossip-poc/out_nb_incremental_clean0104/scenario_baseline_new/permanent_fork_sth_proof_n12000_pg0p02_a0p2_ff0p05_s71009_drop0_pc0p05_pgc0p05
permanent_fork,sth_proof,12000,6.0,5.0,0.02,0.2,0.05,3.0,True,30.0,30.0,0.0,0.0,,,,,31913.0,,,,3.9137356365573397,3.9137356365573397,17.0,0.000258732212160414,17,17,71010,0.05,0.05,0.0,True,0.2,0.08,800,10,0.0,0.0,0.0,0.8886635303497314,C:/Users/efasllija/dev/gossip-poc/out_nb_incremental_clean0104/scenario_baseline_new/permanent_fork_sth_proof_n12000_pg0p02_a0p2_ff0p05_s71010_drop0_pc0p05_pgc0p05
permanent_fork,sth_proof,12000,6.0,5.0,0.02,0.2,0.05,3.0,True,5.0,5.0,0.0,0.0,,,,,28563.0,,,,3.5471100554235946,3.5471100554235946,18.0,0.00025449609772650153,18,18,71011,0.05,0.05,0.0,True,0.2,0.08,800,10,0.0,0.0,0.0,0.8911993503570557,C:/Users/efasllija/dev/gossip-poc/out_nb_incremental_clean0104/scenario_baseline_new/permanent_fork_sth_proof_n12000_pg0p02_a0p2_ff0p05_s71011_drop0_pc0p05_pgc0p05
permanent_fork,sth_proof,12000,6.0,5.0,0.03,0.2,0.05,3.0,True,25.0,25.0,0.0,0.0,,,,,30400.0,,,,6.206761539040735,6.206761539040735,16.0,0.0002409457119192832,16,16,71000,0.05,0.05,0.0,True,0.2,0.08,800,10,0.0,0.0,0.0,0.9063880443572998,C:/Users/efasllija/dev/gossip-poc/out_nb_incremental_clean0104/scenario_baseline_new/permanent_fork_sth_proof_n12000_pg0p03_a0p2_ff0p05_s71000_drop0_pc0p05_pgc0p05
permanent_fork,sth_proof,12000,6.0,5.0,0.03,0.2,0.05,3.0,True,30.0,30.0,0.0,0.0,,,,,32129.0,,,,5.721515201363861,5.721515201363861,35.0,0.0005234114462605991,35,35,71001,0.05,0.05,0.0,True,0.2,0.08,800,10,0.0,0.0,0.0,0.859243631362915,C:/Users/efasllija/dev/gossip-poc/out_nb_incremental_clean0104/scenario_baseline_new/permanent_fork_sth_proof_n12000_pg0p03_a0p2_ff0p05_s71001_drop0_pc0p05_pgc0p05
permanent_fork,sth_proof,12000,6.0,5.0,0.03,0.2,0.05,3.0,True,5.0,5.0,0.0,0.0,,,,,28109.0,,,,6.105052854437835,6.105052854437835,27.0,0.000402558482801807,27,27,71002,0.05,0.05,0.0,True,0.2,0.08,800,10,0.0,0.0,0.0,0.8972296714782715,C:/Users/efasllija/dev/gossip-poc/out_nb_incremental_clean0104/scenario_baseline_new/permanent_fork_sth_proof_n12000_pg0p03_a0p2_ff0p05_s71002_drop0_pc0p05_pgc0p05
permanent_fork,sth_proof,12000,6.0,5.0,0.03,0.2,0.05,3.0,True,10.0,10.0,0.0,0.0,,,,,28449.0,,,,4.7514126000906485,4.7514126000906485,20.0,0.00030216044719746184,20,20,71003,0.05,0.05,0.0,True,0.2,0.08,800,10,0.0,0.0,0.0,0.8706543445587158,C:/Users/efasllija/dev/gossip-poc/out_nb_incremental_clean0104/scenario_baseline_new/permanent_fork_sth_proof_n12000_pg0p03_a0p2_ff0p05_s71003_drop0_pc0p05_pgc0p05
permanent_fork,sth_proof,12000,6.0,5.0,0.03,0.2,0.05,3.0,True,10.0,10.0,0.0,0.0,,,,,29503.0,,,,4.297618160964056,4.297618160964056,11.0,0.00016385384237260363,11,11,71004,0.05,0.05,0.0,True,0.2,0.08,800,10,0.0,0.0,0.0,0.9066705703735352,C:/Users/efasllija/dev/gossip-poc/out_nb_incremental_clean0104/scenario_baseline_new/permanent_fork_sth_proof_n12000_pg0p03_a0p2_ff0p05_s71004_drop0_pc0p05_pgc0p05
permanent_fork,sth_proof,12000,6.0,5.0,0.03,0.2,0.05,3.0,True,25.0,25.0,0.0,0.0,,,,,30636.0,,,,3.871896408943763,3.871896408943763,14.0,0.00021079575397124143,14,14,71005,0.05,0.05,0.0,True,0.2,0.08,800,10,0.0,0.0,0.0,0.8709321022033691,C:/Users/efasllija/dev/gossip-poc/out_nb_incremental_clean0104/scenario_baseline_new/permanent_fork_sth_proof_n12000_pg0p03_a0p2_ff0p05_s71005_drop0_pc0p05_pgc0p05
permanent_fork,sth_proof,12000,6.0,5.0,0.03,0.2,0.05,3.0,True,5.0,5.0,0.0,0.0,,,,,27580.0,,,,6.332492324528072,6.332492324528072,24.0,0.0003647749034866401,24,24,71006,0.05,0.05,0.0,True,0.2,0.08,800,10,0.0,0.0,0.0,0.907588005065918,C:/Users/efasllija/dev/gossip-poc/out_nb_incremental_clean0104/scenario_baseline_new/permanent_fork_sth_proof_n12000_pg0p03_a0p2_ff0p05_s71006_drop0_pc0p05_pgc0p05
permanent_fork,sth_proof,12000,6.0,5.0,0.03,0.2,0.05,3.0,True,5.0,5.0,0.0,0.0,,,,,27689.0,,,,5.687232104186269,5.687232104186269,28.0,0.00041817883119016683,28,28,71007,0.05,0.05,0.0,True,0.2,0.08,800,10,0.0,0.0,0.0,0.9178371429443359,C:/Users/efasllija/dev/gossip-poc/out_nb_incremental_clean0104/scenario_baseline_new/permanent_fork_sth_proof_n12000_pg0p03_a0p2_ff0p05_s71007_drop0_pc0p05_pgc0p05
permanent_fork,sth_proof,12000,6.0,5.0,0.03,0.2,0.05,3.0,True,10.0,10.0,0.0,0.0,,,,,28257.0,,,,3.934552454282964,3.934552454282964,21.0,0.0003158084696823869,21,21,71008,0.05,0.05,0.0,True,0.2,0.08,800,10,0.0,0.0,0.0,0.8908693790435791,C:/Users/efasllija/dev/gossip-poc/out_nb_incremental_clean0104/scenario_baseline_new/permanent_fork_sth_proof_n12000_pg0p03_a0p2_ff0p05_s71008_drop0_pc0p05_pgc0p05
permanent_fork,sth_proof,12000,6.0,5.0,0.03,0.2,0.05,3.0,True,5.0,5.0,0.0,0.0,,,,,26990.0,,,,5.648222714865252,5.648222714865252,24.0,0.0003619418178527802,24,24,71009,0.05,0.05,0.0,True,0.2,0.08,800,10,0.0,0.0,0.0,0.8933980464935303,C:/Users/efasllija/dev/gossip-poc/out_nb_incremental_clean0104/scenario_baseline_new/permanent_fork_sth_proof_n12000_pg0p03_a0p2_ff0p05_s71009_drop0_pc0p05_pgc0p05
permanent_fork,sth_proof,12000,6.0,5.0,0.03,0.2,0.05,3.0,True,0.0,0.0,0.0,0.0,,,,,27280.0,,,,5.700144585647972,5.700144585647972,23.0,0.0003500494635111483,23,23,71010,0.05,0.05,0.0,True,0.2,0.08,800,10,0.0,0.0,0.0,0.8781471252441406,C:/Users/efasllija/dev/gossip-poc/out_nb_incremental_clean0104/scenario_baseline_new/permanent_fork_sth_proof_n12000_pg0p03_a0p2_ff0p05_s71010_drop0_pc0p05_pgc0p05
permanent_fork,sth_proof,12000,6.0,5.0,0.03,0.2,0.05,3.0,True,5.0,5.0,0.0,0.0,,,,,28563.0,,,,4.535233570863024,4.535233570863024,20.0,0.00028277344191833504,20,20,71011,0.05,0.05,0.0,True,0.2,0.08,800,10,0.0,0.0,0.0,0.9463000297546387,C:/Users/efasllija/dev/gossip-poc/out_nb_incremental_clean0104/scenario_baseline_new/permanent_fork_sth_proof_n12000_pg0p03_a0p2_ff0p05_s71011_drop0_pc0p05_pgc0p05
permanent_fork,sth_proof,12000,6.0,5.0,0.05,0.2,0.05,3.0,True,25.0,25.0,0.0,0.0,,,,,30400.0,,,,9.229184549356223,9.229184549356223,47.0,0.0007077780287628944,47,47,71000,0.05,0.05,0.0,True,0.2,0.08,800,10,0.0,0.0,0.0,0.9003920555114746,C:/Users/efasllija/dev/gossip-poc/out_nb_incremental_clean0104/scenario_baseline_new/permanent_fork_sth_proof_n12000_pg0p05_a0p2_ff0p05_s71000_drop0_pc0p05_pgc0p05
permanent_fork,sth_proof,12000,6.0,5.0,0.05,0.2,0.05,3.0,True,0.0,0.0,0.0,0.0,,,,,27592.0,,,,8.562173802509385,8.562173802509385,48.0,0.0007178214120145359,48,48,71001,0.05,0.05,0.0,True,0.2,0.08,800,10,0.0,0.0,0.0,0.9169638156890869,C:/Users/efasllija/dev/gossip-poc/out_nb_incremental_clean0104/scenario_baseline_new/permanent_fork_sth_proof_n12000_pg0p05_a0p2_ff0p05_s71001_drop0_pc0p05_pgc0p05
permanent_fork,sth_proof,12000,6.0,5.0,0.05,0.2,0.05,3.0,True,0.0,0.0,0.0,0.0,,,,,27451.0,,,,9.297848548553025,9.297848548553025,43.0,0.0006411116577954704,43,43,71002,0.05,0.05,0.0,True,0.2,0.08,800,10,0.0,0.0,0.0,0.8966159820556641,C:/Users/efasllija/dev/gossip-poc/out_nb_incremental_clean0104/scenario_baseline_new/permanent_fork_sth_proof_n12000_pg0p05_a0p2_ff0p05_s71002_drop0_pc0p05_pgc0p05
permanent_fork,sth_proof,12000,6.0,5.0,0.05,0.2,0.05,3.0,True,10.0,10.0,0.0,0.0,,,,,28449.0,,,,7.715969179634386,7.715969179634386,27.0,0.0004079166037165735,27,27,71003,0.05,0.05,0.0,True,0.2,0.08,800,10,0.0,0.0,0.0,0.8940277099609375,C:/Users/efasllija/dev/gossip-poc/out_nb_incremental_clean0104/scenario_baseline_new/permanent_fork_sth_proof_n12000_pg0p05_a0p2_ff0p05_s71003_drop0_pc0p05_pgc0p05
permanent_fork,sth_proof,12000,6.0,5.0,0.05,0.2,0.05,3.0,True,10.0,10.0,0.0,0.0,,,,,29503.0,,,,8.461769919413701,8.461769919413701,16.0,0.000238332861632878,16,16,71004,0.05,0.05,0.0,True,0.2,0.08,800,10,0.0,0.0,0.0,0.8814644813537598,C:/Users/efasllija/dev/gossip-poc/out_nb_incremental_clean0104/scenario_baseline_new/permanent_fork_sth_proof_n12000_pg0p05_a0p2_ff0p05_s71004_drop0_pc0p05_pgc0p05
permanent_fork,sth_proof,12000,6.0,5.0,0.05,0.2,0.05,3.0,True,10.0,10.0,0.0,0.0,,,,,28246.0,,,,8.054084167733192,8.054084167733192,35.0,0.0005269893849281036,35,35,71005,0.05,0.05,0.0,True,0.2,0.08,800,10,0.0,0.0,0.0,0.8806886672973633,C:/Users/efasllija/dev/gossip-poc/out_nb_incremental_clean0104/scenario_baseline_new/permanent_fork_sth_proof_n12000_pg0p05_a0p2_ff0p05_s71005_drop0_pc0p05_pgc0p05
permanent_fork,sth_proof,12000,6.0,5.0,0.05,0.2,0.05,3.0,True,5.0,5.0,0.0,0.0,,,,,27580.0,,,,9.73705809040338,9.73705809040338,45.0,0.0006839529440374502,45,45,71006,0.05,0.05,0.0,True,0.2,0.08,800,10,0.0,0.0,0.0,0.8766374588012695,C:/Users/efasllija/dev/gossip-poc/out_nb_incremental_clean0104/scenario_baseline_new/permanent_fork_sth_proof_n12000_pg0p05_a0p2_ff0p05_s71006_drop0_pc0p05_pgc0p05
permanent_fork,sth_proof,12000,6.0,5.0,0.05,0.2,0.05,3.0,True,5.0,5.0,0.0,0.0,,,,,27689.0,,,,9.193243424884628,9.193243424884628,36.0,0.0005376584972445002,36,36,71007,0.05,0.05,0.0,True,0.2,0.08,800,10,0.0,0.0,0.0,0.9073700904846191,C:/Users/efasllija/dev/gossip-poc/out_nb_incremental_clean0104/scenario_baseline_new/permanent_fork_sth_proof_n12000_pg0p05_a0p2_ff0p05_s71007_drop0_pc0p05_pgc0p05
permanent_fork,sth_proof,12000,6.0,5.0,0.05,0.2,0.05,3.0,True,10.0,10.0,0.0,0.0,,,,,28257.0,,,,7.289701636188643,7.289701636188643,40.0,0.0006015399422521655,40,40,71008,0.05,0.05,0.0,True,0.2,0.08,800,10,0.0,0.0,0.0,0.8831455707550049,C:/Users/efasllija/dev/gossip-poc/out_nb_incremental_clean0104/scenario_baseline_new/permanent_fork_sth_proof_n12000_pg0p05_a0p2_ff0p05_s71008_drop0_pc0p05_pgc0p05
permanent_fork,sth_proof,12000,6.0,5.0,0.05,0.2,0.05,3.0,True,5.0,5.0,0.0,0.0,,,,,26990.0,,,,9.71548356934956,9.71548356934956,49.0,0.0007389645447827595,49,49,71009,0.05,0.05,0.0,True,0.2,0.08,800,10,0.0,0.0,0.0,0.9026575088500977,C:/Users/efasllija/dev/gossip-poc/out_nb_incremental_clean0104/scenario_baseline_new/permanent_fork_sth_proof_n12000_pg0p05_a0p2_ff0p05_s71009_drop0_pc0p05_pgc0p05
permanent_fork,sth_proof,12000,6.0,5.0,0.05,0.2,0.05,3.0,True,0.0,0.0,0.0,0.0,,,,,27280.0,,,,10.350262537097633,10.350262537097633,64.0,0.0009740506810744997,64,64,71010,0.05,0.05,0.0,True,0.2,0.08,800,10,0.0,0.0,0.0,0.8871729373931885,C:/Users/efasllija/dev/gossip-poc/out_nb_incremental_clean0104/scenario_baseline_new/permanent_fork_sth_proof_n12000_pg0p05_a0p2_ff0p05_s71010_drop0_pc0p05_pgc0p05
permanent_fork,sth_proof,12000,6.0,5.0,0.05,0.2,0.05,3.0,True,5.0,5.0,0.0,0.0,,,,,28563.0,,,,7.0308788598574825,7.0308788598574825,38.0,0.0005372695396448366,38,38,71011,0.05,0.05,0.0,True,0.2,0.08,800,10,0.0,0.0,0.0,0.9062519073486328,C:/Users/efasllija/dev/gossip-poc/out_nb_incremental_clean0104/scenario_baseline_new/permanent_fork_sth_proof_n12000_pg0p05_a0p2_ff0p05_s71011_drop0_pc0p05_pgc0p05
permanent_fork,sth_proof,12000,6.0,5.0,0.002,0.3,0.05,3.0,True,100.0,100.0,0.0,0.0,,,,,44014.0,,,,0.2693845645049758,0.2693845645049758,1.0,1.5032620787108025e-05,1,1,71000,0.05,0.05,0.0,True,0.2,0.08,800,10,0.0,0.0,0.0,0.9077990055084229,C:/Users/efasllija/dev/gossip-poc/out_nb_incremental_clean0104/scenario_baseline_new/permanent_fork_sth_proof_n12000_pg0p002_a0p3_ff0p05_s71000_drop0_pc0p05_pgc0p05
permanent_fork,sth_proof,12000,6.0,5.0,0.002,0.3,0.05,3.0,False,,,0.0,0.0,,,,,,,,,0.10576795384456479,0.10576795384456479,0.0,0.0,0,0,71001,0.05,0.05,0.0,True,0.2,0.08,800,10,0.0,0.0,0.0,0.9185400009155273,C:/Users/efasllija/dev/gossip-poc/out_nb_incremental_clean0104/scenario_baseline_new/permanent_fork_sth_proof_n12000_pg0p002_a0p3_ff0p05_s71001_drop0_pc0p05_pgc0p05
permanent_fork,sth_proof,12000,6.0,5.0,0.002,0.3,0.05,3.0,True,30.0,30.0,0.0,0.0,,,,,32415.0,,,,0.4138876471464759,0.4138876471464759,7.0,0.00010430636268812397,7,7,71002,0.05,0.05,0.0,True,0.2,0.08,800,10,0.0,0.0,0.0,0.9174160957336426,C:/Users/efasllija/dev/gossip-poc/out_nb_incremental_clean0104/scenario_baseline_new/permanent_fork_sth_proof_n12000_pg0p002_a0p3_ff0p05_s71002_drop0_pc0p05_pgc0p05
permanent_fork,sth_proof,12000,6.0,5.0,0.002,0.3,0.05,3.0,True,160.0,160.0,0.0,0.0,,,,,61007.0,,,,0.38064026703079956,0.38064026703079956,1.0,1.5172204521316947e-05,1,1,71003,0.05,0.05,0.0,True,0.2,0.08,800,10,0.0,0.0,0.0,0.9620177745819092,C:/Users/efasllija/dev/gossip-poc/out_nb_incremental_clean0104/scenario_baseline_new/permanent_fork_sth_proof_n12000_pg0p002_a0p3_ff0p05_s71003_drop0_pc0p05_pgc0p05
permanent_fork,sth_proof,12000,6.0,5.0,0.002,0.3,0.05,3.0,False,,,0.0,0.0,,,,,,,,,0.6526534859521332,0.6526534859521332,0.0,0.0,0,0,71004,0.05,0.05,0.0,True,0.2,0.08,800,10,0.0,0.0,0.0,1.0148067474365234,C:/Users/efasllija/dev/gossip-poc/out_nb_incremental_clean0104/scenario_baseline_new/permanent_fork_sth_proof_n12000_pg0p002_a0p3_ff0p05_s71004_drop0_pc0p05_pgc0p05
permanent_fork,sth_proof,12000,6.0,5.0,0.002,0.3,0.05,3.0,True,5.0,5.0,0.0,0.0,,,,,27659.0,,,,0.16003810431055013,0.16003810431055013,2.0,2.976899261728983e-05,2,2,71005,0.05,0.05,0.0,True,0.2,0.08,800,10,0.0,0.0,0.0,1.0274298191070557,C:/Users/efasllija/dev/gossip-poc/out_nb_incremental_clean0104/scenario_baseline_new/permanent_fork_sth_proof_n12000_pg0p002_a0p3_ff0p05_s71005_drop0_pc0p05_pgc0p05
permanent_fork,sth_proof,12000,6.0,5.0,0.002,0.3,0.05,3.0,True,105.0,105.0,0.0,0.0,,,,,45267.0,,,,0.5921463152232384,0.5921463152232384,8.0,0.00012295396910781526,8,8,71006,0.05,0.05,0.0,True,0.2,0.08,800,10,0.0,0.0,0.0,1.0464487075805664,C:/Users/efasllija/dev/gossip-poc/out_nb_incremental_clean0104/scenario_baseline_new/permanent_fork_sth_proof_n12000_pg0p002_a0p3_ff0p05_s71006_drop0_pc0p05_pgc0p05
permanent_fork,sth_proof,12000,6.0,5.0,0.002,0.3,0.05,3.0,True,25.0,25.0,0.0,0.0,,,,,30678.0,,,,0.5270031821677953,0.5270031821677953,3.0,4.524409187566924e-05,3,3,71007,0.05,0.05,0.0,True,0.2,0.08,800,10,0.0,0.0,0.0,1.0001609325408936,C:/Users/efasllija/dev/gossip-poc/out_nb_incremental_clean0104/scenario_baseline_new/permanent_fork_sth_proof_n12000_pg0p002_a0p3_ff0p05_s71007_drop0_pc0p05_pgc0p05
permanent_fork,sth_proof,12000,6.0,5.0,0.002,0.3,0.05,3.0,True,40.0,40.0,0.0,0.0,,,,,32865.0,,,,0.5412425624452566,0.5412425624452566,1.0,1.5101633996798454e-05,1,1,71008,0.05,0.05,0.0,True,0.2,0.08,800,10,0.0,0.0,0.0,0.9798877239227295,C:/Users/efasllija/dev/gossip-poc/out_nb_incremental_clean0104/scenario_baseline_new/permanent_fork_sth_proof_n12000_pg0p002_a0p3_ff0p05_s71008_drop0_pc0p05_pgc0p05
permanent_fork,sth_proof,12000,6.0,5.0,0.002,0.3,0.05,3.0,True,175.0,175.0,0.0,0.0,,,,,65594.0,,,,0.6829892978016282,0.6829892978016282,1.0,1.5245296825929201e-05,1,1,71009,0.05,0.05,0.0,True,0.2,0.08,800,10,0.0,0.0,0.0,0.9762251377105713,C:/Users/efasllija/dev/gossip-poc/out_nb_incremental_clean0104/scenario_baseline_new/permanent_fork_sth_proof_n12000_pg0p002_a0p3_ff0p05_s71009_drop0_pc0p05_pgc0p05
permanent_fork,sth_proof,12000,6.0,5.0,0.002,0.3,0.05,3.0,True,5.0,5.0,0.0,0.0,,,,,28102.0,,,,0.632625775534424,0.632625775534424,11.0,0.00016524704433127526,11,11,71010,0.05,0.05,0.0,True,0.2,0.08,800,10,0.0,0.0,0.0,0.9654209613800049,C:/Users/efasllija/dev/gossip-poc/out_nb_incremental_clean0104/scenario_baseline_new/permanent_fork_sth_proof_n12000_pg0p002_a0p3_ff0p05_s71010_drop0_pc0p05_pgc0p05
permanent_fork,sth_proof,12000,6.0,5.0,0.002,0.3,0.05,3.0,True,100.0,100.0,0.0,0.0,,,,,46452.0,,,,0.5502585049558685,0.5502585049558685,1.0,1.4282041760690109e-05,1,1,71011,0.05,0.05,0.0,True,0.2,0.08,800,10,0.0,0.0,0.0,1.0811583995819092,C:/Users/efasllija/dev/gossip-poc/out_nb_incremental_clean0104/scenario_baseline_new/permanent_fork_sth_proof_n12000_pg0p002_a0p3_ff0p05_s71011_drop0_pc0p05_pgc0p05
permanent_fork,sth_proof,12000,6.0,5.0,0.005,0.3,0.05,3.0,True,30.0,30.0,0.0,0.0,,,,,30582.0,,,,1.1718228555966448,1.1718228555966448,6.0,9.019572472264814e-05,6,6,71000,0.05,0.05,0.0,True,0.2,0.08,800,10,0.0,0.0,0.0,1.0513970851898193,C:/Users/efasllija/dev/gossip-poc/out_nb_incremental_clean0104/scenario_baseline_new/permanent_fork_sth_proof_n12000_pg0p005_a0p3_ff0p05_s71000_drop0_pc0p05_pgc0p05
permanent_fork,sth_proof,12000,6.0,5.0,0.005,0.3,0.05,3.0,True,140.0,140.0,0.0,0.0,,,,,56095.0,,,,0.9254695961399418,0.9254695961399418,2.0,2.9511147836095083e-05,2,2,71001,0.05,0.05,0.0,True,0.2,0.08,800,10,0.0,0.0,0.0,0.9652907848358154,C:/Users/efasllija/dev/gossip-poc/out_nb_incremental_clean0104/scenario_baseline_new/permanent_fork_sth_proof_n12000_pg0p005_a0p3_ff0p05_s71001_drop0_pc0p05_pgc0p05
permanent_fork,sth_proof,12000,6.0,5.0,0.005,0.3,0.05,3.0,True,30.0,30.0,0.0,0.0,,,,,32415.0,,,,0.9746386529578305,0.9746386529578305,7.0,0.00010430636268812397,7,7,71002,0.05,0.05,0.0,True,0.2,0.08,800,10,0.0,0.0,0.0,1.0426197052001953,C:/Users/efasllija/dev/gossip-poc/out_nb_incremental_clean0104/scenario_baseline_new/permanent_fork_sth_proof_n12000_pg0p005_a0p3_ff0p05_s71002_drop0_pc0p05_pgc0p05
permanent_fork,sth_proof,12000,6.0,5.0,0.005,0.3,0.05,3.0,True,25.0,25.0,0.0,0.0,,,,,30037.0,,,,1.2506751631011985,1.2506751631011985,6.0,9.103322712790169e-05,6,6,71003,0.05,0.05,0.0,True,0.2,0.08,800,10,0.0,0.0,0.0,0.9290847778320312,C:/Users/efasllija/dev/gossip-poc/out_nb_incremental_clean0104/scenario_baseline_new/permanent_fork_sth_proof_n12000_pg0p005_a0p3_ff0p05_s71003_drop0_pc0p05_pgc0p05
permanent_fork,sth_proof,12000,6.0,5.0,0.005,0.3,0.05,3.0,True,135.0,135.0,0.0,0.0,,,,,54853.0,,,,1.8514047866805412,1.8514047866805412,1.0,1.4865467518953471e-05,1,1,71004,0.05,0.05,0.0,True,0.2,0.08,800,10,0.0,0.0,0.0,0.9608547687530518,C:/Users/efasllija/dev/gossip-poc/out_nb_incremental_clean0104/scenario_baseline_new/permanent_fork_sth_proof_n12000_pg0p005_a0p3_ff0p05_s71004_drop0_pc0p05_pgc0p05
permanent_fork,sth_proof,12000,6.0,5.0,0.005,0.3,0.05,3.0,True,5.0,5.0,0.0,0.0,,,,,27659.0,,,,1.1736127649440342,1.1736127649440342,4.0,5.953798523457966e-05,4,4,71005,0.05,0.05,0.0,True,0.2,0.08,800,10,0.0,0.0,0.0,0.9186279773712158,C:/Users/efasllija/dev/gossip-poc/out_nb_incremental_clean0104/scenario_baseline_new/permanent_fork_sth_proof_n12000_pg0p005_a0p3_ff0p05_s71005_drop0_pc0p05_pgc0p05
permanent_fork,sth_proof,12000,6.0,5.0,0.005,0.3,0.05,3.0,True,105.0,105.0,0.0,0.0,,,,,45267.0,,,,1.1705217859064012,1.1705217859064012,8.0,0.00012295396910781526,8,8,71006,0.05,0.05,0.0,True,0.2,0.08,800,10,0.0,0.0,0.0,0.9095234870910645,C:/Users/efasllija/dev/gossip-poc/out_nb_incremental_clean0104/scenario_baseline_new/permanent_fork_sth_proof_n12000_pg0p005_a0p3_ff0p05_s71006_drop0_pc0p05_pgc0p05
permanent_fork,sth_proof,12000,6.0,5.0,0.005,0.3,0.05,3.0,True,25.0,25.0,0.0,0.0,,,,,30678.0,,,,1.4729063296484535,1.4729063296484535,6.0,9.048818375133848e-05,6,6,71007,0.05,0.05,0.0,True,0.2,0.08,800,10,0.0,0.0,0.0,0.8937182426452637,C:/Users/efasllija/dev/gossip-poc/out_nb_incremental_clean0104/scenario_baseline_new/permanent_fork_sth_proof_n12000_pg0p005_a0p3_ff0p05_s71007_drop0_pc0p05_pgc0p05
permanent_fork,sth_proof,12000,6.0,5.0,0.005,0.3,0.05,3.0,True,40.0,40.0,0.0,0.0,,,,,32865.0,,,,1.1907336373795645,1.1907336373795645,1.0,1.5101633996798454e-05,1,1,71008,0.05,0.05,0.0,True,0.2,0.08,800,10,0.0,0.0,0.0,0.9481148719787598,C:/Users/efasllija/dev/gossip-poc/out_nb_incremental_clean0104/scenario_baseline_new/permanent_fork_sth_proof_n12000_pg0p005_a0p3_ff0p05_s71008_drop0_pc0p05_pgc0p05
permanent_fork,sth_proof,12000,6.0,5.0,0.005,0.3,0.05,3.0,True,85.0,85.0,0.0,0.0,,,,,40684.0,,,,2.5270604018660245,2.5270604018660245,7.0,0.00010671707778150441,7,7,71009,0.05,0.05,0.0,True,0.2,0.08,800,10,0.0,0.0,0.0,0.9452269077301025,C:/Users/efasllija/dev/gossip-poc/out_nb_incremental_clean0104/scenario_baseline_new/permanent_fork_sth_proof_n12000_pg0p005_a0p3_ff0p05_s71009_drop0_pc0p05_pgc0p05
permanent_fork,sth_proof,12000,6.0,5.0,0.005,0.3,0.05,3.0,True,5.0,5.0,0.0,0.0,,,,,28102.0,,,,1.5613742545104932,1.5613742545104932,16.0,0.00024035933720912764,16,16,71010,0.05,0.05,0.0,True,0.2,0.08,800,10,0.0,0.0,0.0,0.9132533073425293,C:/Users/efasllija/dev/gossip-poc/out_nb_incremental_clean0104/scenario_baseline_new/permanent_fork_sth_proof_n12000_pg0p005_a0p3_ff0p05_s71010_drop0_pc0p05_pgc0p05
permanent_fork,sth_proof,12000,6.0,5.0,0.005,0.3,0.05,3.0,True,55.0,55.0,0.0,0.0,,,,,36875.0,,,,1.4332314547687737,1.4332314547687737,2.0,2.8564083521380217e-05,2,2,71011,0.05,0.05,0.0,True,0.2,0.08,800,10,0.0,0.0,0.0,0.9664697647094727,C:/Users/efasllija/dev/gossip-poc/out_nb_incremental_clean0104/scenario_baseline_new/permanent_fork_sth_proof_n12000_pg0p005_a0p3_ff0p05_s71011_drop0_pc0p05_pgc0p05
permanent_fork,sth_proof,12000,6.0,5.0,0.008,0.3,0.05,3.0,True,30.0,30.0,0.0,0.0,,,,,30582.0,,,,1.9530380926610744,1.9530380926610744,9.0,0.0001352935870839722,9,9,71000,0.05,0.05,0.0,True,0.2,0.08,800,10,0.0,0.0,0.0,0.9380571842193604,C:/Users/efasllija/dev/gossip-poc/out_nb_incremental_clean0104/scenario_baseline_new/permanent_fork_sth_proof_n12000_pg0p008_a0p3_ff0p05_s71000_drop0_pc0p05_pgc0p05
permanent_fork,sth_proof,12000,6.0,5.0,0.008,0.3,0.05,3.0,True,10.0,10.0,0.0,0.0,,,,,28957.0,,,,1.811276209588172,1.811276209588172,5.0,7.377786959023772e-05,5,5,71001,0.05,0.05,0.0,True,0.2,0.08,800,10,0.0,0.0,0.0,0.9413051605224609,C:/Users/efasllija/dev/gossip-poc/out_nb_incremental_clean0104/scenario_baseline_new/permanent_fork_sth_proof_n12000_pg0p008_a0p3_ff0p05_s71001_drop0_pc0p05_pgc0p05
permanent_fork,sth_proof,12000,6.0,5.0,0.008,0.3,0.05,3.0,True,30.0,30.0,0.0,0.0,,,,,32415.0,,,,1.6021457308895843,1.6021457308895843,9.0,0.00013410818059901653,9,9,71002,0.05,0.05,0.0,True,0.2,0.08,800,10,0.0,0.0,0.0,0.9438896179199219,C:/Users/efasllija/dev/gossip-poc/out_nb_incremental_clean0104/scenario_baseline_new/permanent_fork_sth_proof_n12000_pg0p008_a0p3_ff0p05_s71002_drop0_pc0p05_pgc0p05
permanent_fork,sth_proof,12000,6.0,5.0,0.008,0.3,0.05,3.0,True,25.0,25.0,0.0,0.0,,,,,30037.0,,,,2.718859050219997,2.718859050219997,8.0,0.00012137763617053558,8,8,71003,0.05,0.05,0.0,True,0.2,0.08,800,10,0.0,0.0,0.0,0.9377663135528564,C:/Users/efasllija/dev/gossip-poc/out_nb_incremental_clean0104/scenario_baseline_new/permanent_fork_sth_proof_n12000_pg0p008_a0p3_ff0p05_s71003_drop0_pc0p05_pgc0p05
permanent_fork,sth_proof,12000,6.0,5.0,0.008,0.3,0.05,3.0,True,135.0,135.0,0.0,0.0,,,,,54853.0,,,,2.5573361082206034,2.5573361082206034,2.0,2.9730935037906943e-05,2,2,71004,0.05,0.05,0.0,True,0.2,0.08,800,10,0.0,0.0,0.0,0.921013355255127,C:/Users/efasllija/dev/gossip-poc/out_nb_incremental_clean0104/scenario_baseline_new/permanent_fork_sth_proof_n12000_pg0p008_a0p3_ff0p05_s71004_drop0_pc0p05_pgc0p05
permanent_fork,sth_proof,12000,6.0,5.0,0.008,0.3,0.05,3.0,True,5.0,5.0,0.0,0.0,,,,,27659.0,,,,1.5737080257204097,1.5737080257204097,6.0,8.930697785186949e-05,6,6,71005,0.05,0.05,0.0,True,0.2,0.08,800,10,0.0,0.0,0.0,0.9206581115722656,C:/Users/efasllija/dev/gossip-poc/out_nb_incremental_clean0104/scenario_baseline_new/permanent_fork_sth_proof_n12000_pg0p008_a0p3_ff0p05_s71005_drop0_pc0p05_pgc0p05
permanent_fork,sth_proof,12000,6.0,5.0,0.008,0.3,0.05,3.0,True,105.0,105.0,0.0,0.0,,,,,45267.0,,,,2.079397525551372,2.079397525551372,10.0,0.00015369246138476907,10,10,71006,0.05,0.05,0.0,True,0.2,0.08,800,10,0.0,0.0,0.0,0.9288842678070068,C:/Users/efasllija/dev/gossip-poc/out_nb_incremental_clean0104/scenario_baseline_new/permanent_fork_sth_proof_n12000_pg0p008_a0p3_ff0p05_s71006_drop0_pc0p05_pgc0p05
permanent_fork,sth_proof,12000,6.0,5.0,0.008,0.3,0.05,3.0,True,25.0,25.0,0.0,0.0,,,,,30678.0,,,,1.9728837076025156,1.9728837076025156,7.0,0.00010556954770989489,7,7,71007,0.05,0.05,0.0,True,0.2,0.08,800,10,0.0,0.0,0.0,0.9261114597320557,C:/Users/efasllija/dev/gossip-poc/out_nb_incremental_clean0104/scenario_baseline_new/permanent_fork_sth_proof_n12000_pg0p008_a0p3_ff0p05_s71007_drop0_pc0p05_pgc0p05
permanent_fork,sth_proof,12000,6.0,5.0,0.008,0.3,0.05,3.0,True,40.0,40.0,0.0,0.0,,,,,32865.0,,,,1.6778519435802954,1.6778519435802954,3.0,4.5304901990395364e-05,3,3,71008,0.05,0.05,0.0,True,0.2,0.08,800,10,0.0,0.0,0.0,0.9351868629455566,C:/Users/efasllija/dev/gossip-poc/out_nb_incremental_clean0104/scenario_baseline_new/permanent_fork_sth_proof_n12000_pg0p008_a0p3_ff0p05_s71008_drop0_pc0p05_pgc0p05
permanent_fork,sth_proof,12000,6.0,5.0,0.008,0.3,0.05,3.0,True,85.0,85.0,0.0,0.0,,,,,40684.0,,,,3.373967131140043,3.373967131140043,9.0,0.0001372076714333628,9,9,71009,0.05,0.05,0.0,True,0.2,0.08,800,10,0.0,0.0,0.0,0.9092035293579102,C:/Users/efasllija/dev/gossip-poc/out_nb_incremental_clean0104/scenario_baseline_new/permanent_fork_sth_proof_n12000_pg0p008_a0p3_ff0p05_s71009_drop0_pc0p05_pgc0p05
permanent_fork,sth_proof,12000,6.0,5.0,0.008,0.3,0.05,3.0,True,5.0,5.0,0.0,0.0,,,,,28102.0,,,,2.449742364835429,2.449742364835429,19.0,0.0002854267129358391,19,19,71010,0.05,0.05,0.0,True,0.2,0.08,800,10,0.0,0.0,0.0,0.9418954849243164,C:/Users/efasllija/dev/gossip-poc/out_nb_incremental_clean0104/scenario_baseline_new/permanent_fork_sth_proof_n12000_pg0p008_a0p3_ff0p05_s71010_drop0_pc0p05_pgc0p05
permanent_fork,sth_proof,12000,6.0,5.0,0.008,0.3,0.05,3.0,True,0.0,0.0,0.0,0.0,,,,,27195.0,,,,2.4057813705047275,2.4057813705047275,6.0,8.569225056414065e-05,6,6,71011,0.05,0.05,0.0,True,0.2,0.08,800,10,0.0,0.0,0.0,0.9616906642913818,C:/Users/efasllija/dev/gossip-poc/out_nb_incremental_clean0104/scenario_baseline_new/permanent_fork_sth_proof_n12000_pg0p008_a0p3_ff0p05_s71011_drop0_pc0p05_pgc0p05
permanent_fork,sth_proof,12000,6.0,5.0,0.012,0.3,0.05,3.0,True,10.0,10.0,0.0,0.0,,,,,27338.0,,,,3.0440455789062266,3.0440455789062266,14.0,0.00021045669101951234,14,14,71000,0.05,0.05,0.0,True,0.2,0.08,800,10,0.0,0.0,0.0,0.9703223705291748,C:/Users/efasllija/dev/gossip-poc/out_nb_incremental_clean0104/scenario_baseline_new/permanent_fork_sth_proof_n12000_pg0p012_a0p3_ff0p05_s71000_drop0_pc0p05_pgc0p05
permanent_fork,sth_proof,12000,6.0,5.0,0.012,0.3,0.05,3.0,True,10.0,10.0,0.0,0.0,,,,,28957.0,,,,2.5516518865001254,2.5516518865001254,7.0,0.0001032890174263328,7,7,71001,0.05,0.05,0.0,True,0.2,0.08,800,10,0.0,0.0,0.0,1.1423144340515137,C:/Users/efasllija/dev/gossip-poc/out_nb_incremental_clean0104/scenario_baseline_new/permanent_fork_sth_proof_n12000_pg0p012_a0p3_ff0p05_s71001_drop0_pc0p05_pgc0p05
permanent_fork,sth_proof,12000,6.0,5.0,0.012,0.3,0.05,3.0,True,30.0,30.0,0.0,0.0,,,,,32415.0,,,,2.5233795261510954,2.5233795261510954,20.0,0.00029801817910892565,20,20,71002,0.05,0.05,0.0,True,0.2,0.08,800,10,0.0,0.0,0.0,1.1875300407409668,C:/Users/efasllija/dev/gossip-poc/out_nb_incremental_clean0104/scenario_baseline_new/permanent_fork_sth_proof_n12000_pg0p012_a0p3_ff0p05_s71002_drop0_pc0p05_pgc0p05
permanent_fork,sth_proof,12000,6.0,5.0,0.012,0.3,0.05,3.0,True,25.0,25.0,0.0,0.0,,,,,30037.0,,,,4.051099984827795,4.051099984827795,23.0,0.0003489607039902898,23,23,71003,0.05,0.05,0.0,True,0.2,0.08,800,10,0.0,0.0,0.0,1.087782382965088,C:/Users/efasllija/dev/gossip-poc/out_nb_incremental_clean0104/scenario_baseline_new/permanent_fork_sth_proof_n12000_pg0p012_a0p3_ff0p05_s71003_drop0_pc0p05_pgc0p05
permanent_fork,sth_proof,12000,6.0,5.0,0.012,0.3,0.05,3.0,True,75.0,75.0,0.0,0.0,,,,,40579.0,,,,3.9292403746097815,3.9292403746097815,7.0,0.0001040582726326743,7,7,71004,0.05,0.05,0.0,True,0.2,0.08,800,10,0.0,0.0,0.0,1.0561678409576416,C:/Users/efasllija/dev/gossip-poc/out_nb_incremental_clean0104/scenario_baseline_new/permanent_fork_sth_proof_n12000_pg0p012_a0p3_ff0p05_s71004_drop0_pc0p05_pgc0p05
permanent_fork,sth_proof,12000,6.0,5.0,0.012,0.3,0.05,3.0,True,5.0,5.0,0.0,0.0,,,,,27659.0,,,,2.6673017385091686,2.6673017385091686,10.0,0.00014884496308644916,10,10,71005,0.05,0.05,0.0,True,0.2,0.08,800,10,0.0,0.0,0.0,1.1672446727752686,C:/Users/efasllija/dev/gossip-poc/out_nb_incremental_clean0104/scenario_baseline_new/permanent_fork_sth_proof_n12000_pg0p012_a0p3_ff0p05_s71005_drop0_pc0p05_pgc0p05
permanent_fork,sth_proof,12000,6.0,5.0,0.012,0.3,0.05,3.0,True,25.0,25.0,0.0,0.0,,,,,30645.0,,,,3.2223776223776226,3.2223776223776226,13.0,0.0001998001998001998,13,13,71006,0.05,0.05,0.0,True,0.2,0.08,800,10,0.0,0.0,0.0,1.1190204620361328,C:/Users/efasllija/dev/gossip-poc/out_nb_incremental_clean0104/scenario_baseline_new/permanent_fork_sth_proof_n12000_pg0p012_a0p3_ff0p05_s71006_drop0_pc0p05_pgc0p05
permanent_fork,sth_proof,12000,6.0,5.0,0.012,0.3,0.05,3.0,True,25.0,25.0,0.0,0.0,,,,,30678.0,,,,3.175531995113638,3.175531995113638,11.0,0.00016589500354412053,11,11,71007,0.05,0.05,0.0,True,0.2,0.08,800,10,0.0,0.0,0.0,1.5284407138824463,C:/Users/efasllija/dev/gossip-poc/out_nb_incremental_clean0104/scenario_baseline_new/permanent_fork_sth_proof_n12000_pg0p012_a0p3_ff0p05_s71007_drop0_pc0p05_pgc0p05
permanent_fork,sth_proof,12000,6.0,5.0,0.012,0.3,0.05,3.0,True,30.0,30.0,0.0,0.0,,,,,31218.0,,,,1.9755353529251864,1.9755353529251864,6.0,9.060980398079073e-05,6,6,71008,0.05,0.05,0.0,True,0.2,0.08,800,10,0.0,0.0,0.0,1.6380808353424072,C:/Users/efasllija/dev/gossip-poc/out_nb_incremental_clean0104/scenario_baseline_new/permanent_fork_sth_proof_n12000_pg0p012_a0p3_ff0p05_s71008_drop0_pc0p05_pgc0p05
permanent_fork,sth_proof,12000,6.0,5.0,0.012,0.3,0.05,3.0,True,40.0,40.0,0.0,0.0,,,,,32097.0,,,,4.68530658291917,4.68530658291917,14.0,0.00021343415556300882,14,14,71009,0.05,0.05,0.0,True,0.2,0.08,800,10,0.0,0.0,0.0,1.349419355392456,C:/Users/efasllija/dev/gossip-poc/out_nb_incremental_clean0104/scenario_baseline_new/permanent_fork_sth_proof_n12000_pg0p012_a0p3_ff0p05_s71009_drop0_pc0p05_pgc0p05
permanent_fork,sth_proof,12000,6.0,5.0,0.012,0.3,0.05,3.0,True,5.0,5.0,0.0,0.0,,,,,28102.0,,,,3.8495951447413885,3.8495951447413885,22.0,0.0003304940886625505,22,22,71010,0.05,0.05,0.0,True,0.2,0.08,800,10,0.0,0.0,0.0,1.3772242069244385,C:/Users/efasllija/dev/gossip-poc/out_nb_incremental_clean0104/scenario_baseline_new/permanent_fork_sth_proof_n12000_pg0p012_a0p3_ff0p05_s71010_drop0_pc0p05_pgc0p05
permanent_fork,sth_proof,12000,6.0,5.0,0.012,0.3,0.05,3.0,True,0.0,0.0,0.0,0.0,,,,,27195.0,,,,3.3911279956582594,3.3911279956582594,8.0,0.00011425633408552087,8,8,71011,0.05,0.05,0.0,True,0.2,0.08,800,10,0.0,0.0,0.0,1.2174530029296875,C:/Users/efasllija/dev/gossip-poc/out_nb_incremental_clean0104/scenario_baseline_new/permanent_fork_sth_proof_n12000_pg0p012_a0p3_ff0p05_s71011_drop0_pc0p05_pgc0p05
permanent_fork,sth_proof,12000,6.0,5.0,0.02,0.3,0.05,3.0,True,5.0,5.0,0.0,0.0,,,,,26671.0,,,,5.845645049757975,5.845645049757975,27.0,0.00040588076125191666,27,27,71000,0.05,0.05,0.0,True,0.2,0.08,800,10,0.0,0.0,0.0,1.060887098312378,C:/Users/efasllija/dev/gossip-poc/out_nb_incremental_clean0104/scenario_baseline_new/permanent_fork_sth_proof_n12000_pg0p02_a0p3_ff0p05_s71000_drop0_pc0p05_pgc0p05
permanent_fork,sth_proof,12000,6.0,5.0,0.02,0.3,0.05,3.0,True,10.0,10.0,0.0,0.0,,,,,28957.0,,,,3.7283203730209085,3.7283203730209085,12.0,0.00017706688701657052,12,12,71001,0.05,0.05,0.0,True,0.2,0.08,800,10,0.0,0.0,0.0,1.0666494369506836,C:/Users/efasllija/dev/gossip-poc/out_nb_incremental_clean0104/scenario_baseline_new/permanent_fork_sth_proof_n12000_pg0p02_a0p3_ff0p05_s71001_drop0_pc0p05_pgc0p05
permanent_fork,sth_proof,12000,6.0,5.0,0.02,0.3,0.05,3.0,True,30.0,30.0,0.0,0.0,,,,,32415.0,,,,4.552764118611235,4.552764118611235,23.0,0.0003427209059752645,23,23,71002,0.05,0.05,0.0,True,0.2,0.08,800,10,0.0,0.0,0.0,1.082998514175415,C:/Users/efasllija/dev/gossip-poc/out_nb_incremental_clean0104/scenario_baseline_new/permanent_fork_sth_proof_n12000_pg0p02_a0p3_ff0p05_s71002_drop0_pc0p05_pgc0p05
permanent_fork,sth_proof,12000,6.0,5.0,0.02,0.3,0.05,3.0,True,25.0,25.0,0.0,0.0,,,,,30037.0,,,,6.3893187680169925,6.3893187680169925,33.0,0.0005006827492034593,33,33,71003,0.05,0.05,0.0,True,0.2,0.08,800,10,0.0,0.0,0.0,1.0380728244781494,C:/Users/efasllija/dev/gossip-poc/out_nb_incremental_clean0104/scenario_baseline_new/permanent_fork_sth_proof_n12000_pg0p02_a0p3_ff0p05_s71003_drop0_pc0p05_pgc0p05
permanent_fork,sth_proof,12000,6.0,5.0,0.02,0.3,0.05,3.0,True,65.0,65.0,0.0,0.0,,,,,38661.0,,,,5.2478668054110305,5.2478668054110305,10.0,0.0001486546751895347,10,10,71004,0.05,0.05,0.0,True,0.2,0.08,800,10,0.0,0.0,0.0,1.1755213737487793,C:/Users/efasllija/dev/gossip-poc/out_nb_incremental_clean0104/scenario_baseline_new/permanent_fork_sth_proof_n12000_pg0p02_a0p3_ff0p05_s71004_drop0_pc0p05_pgc0p05
permanent_fork,sth_proof,12000,6.0,5.0,0.02,0.3,0.05,3.0,True,5.0,5.0,0.0,0.0,,,,,27659.0,,,,4.6544415336985,4.6544415336985,14.0,0.0002083829483210288,14,14,71005,0.05,0.05,0.0,True,0.2,0.08,800,10,0.0,0.0,0.0,1.0247852802276611,C:/Users/efasllija/dev/gossip-poc/out_nb_incremental_clean0104/scenario_baseline_new/permanent_fork_sth_proof_n12000_pg0p02_a0p3_ff0p05_s71005_drop0_pc0p05_pgc0p05
permanent_fork,sth_proof,12000,6.0,5.0,0.02,0.3,0.05,3.0,True,25.0,25.0,0.0,0.0,,,,,30645.0,,,,5.246691769768693,5.246691769768693,19.0,0.00029201567663106125,19,19,71006,0.05,0.05,0.0,True,0.2,0.08,800,10,0.0,0.0,0.0,1.0293467044830322,C:/Users/efasllija/dev/gossip-poc/out_nb_incremental_clean0104/scenario_baseline_new/permanent_fork_sth_proof_n12000_pg0p02_a0p3_ff0p05_s71006_drop0_pc0p05_pgc0p05
permanent_fork,sth_proof,12000,6.0,5.0,0.02,0.3,0.05,3.0,True,25.0,25.0,0.0,0.0,,,,,30678.0,,,,4.918696366899423,4.918696366899423,12.0,0.00018097636750267695,12,12,71007,0.05,0.05,0.0,True,0.2,0.08,800,10,0.0,0.0,0.0,0.9737510681152344,C:/Users/efasllija/dev/gossip-poc/out_nb_incremental_clean0104/scenario_baseline_new/permanent_fork_sth_proof_n12000_pg0p02_a0p3_ff0p05_s71007_drop0_pc0p05_pgc0p05
permanent_fork,sth_proof,12000,6.0,5.0,0.02,0.3,0.05,3.0,True,30.0,30.0,0.0,0.0,,,,,31218.0,,,,3.653387296505482,3.653387296505482,11.0,0.00016611797396478298,11,11,71008,0.05,0.05,0.0,True,0.2,0.08,800,10,0.0,0.0,0.0,0.9440429210662842,C:/Users/efasllija/dev/gossip-poc/out_nb_incremental_clean0104/scenario_baseline_new/permanent_fork_sth_proof_n12000_pg0p02_a0p3_ff0p05_s71008_drop0_pc0p05_pgc0p05
permanent_fork,sth_proof,12000,6.0,5.0,0.02,0.3,0.05,3.0,True,30.0,30.0,0.0,0.0,,,,,30409.0,,,,6.870872335884379,6.870872335884379,18.0,0.0002744153428667256,18,18,71009,0.05,0.05,0.0,True,0.2,0.08,800,10,0.0,0.0,0.0,1.0147712230682373,C:/Users/efasllija/dev/gossip-poc/out_nb_incremental_clean0104/scenario_baseline_new/permanent_fork_sth_proof_n12000_pg0p02_a0p3_ff0p05_s71009_drop0_pc0p05_pgc0p05
permanent_fork,sth_proof,12000,6.0,5.0,0.02,0.3,0.05,3.0,True,5.0,5.0,0.0,0.0,,,,,28102.0,,,,5.572490873856415,5.572490873856415,39.0,0.0005858758844472486,39,39,71010,0.05,0.05,0.0,True,0.2,0.08,800,10,0.0,0.0,0.0,1.0707762241363525,C:/Users/efasllija/dev/gossip-poc/out_nb_incremental_clean0104/scenario_baseline_new/permanent_fork_sth_proof_n12000_pg0p02_a0p3_ff0p05_s71010_drop0_pc0p05_pgc0p05
permanent_fork,sth_proof,12000,6.0,5.0,0.02,0.3,0.05,3.0,True,0.0,0.0,0.0,0.0,,,,,27195.0,,,,6.398354708789168,6.398354708789168,23.0,0.00032848696049587247,23,23,71011,0.05,0.05,0.0,True,0.2,0.08,800,10,0.0,0.0,0.0,1.0461950302124023,C:/Users/efasllija/dev/gossip-poc/out_nb_incremental_clean0104/scenario_baseline_new/permanent_fork_sth_proof_n12000_pg0p02_a0p3_ff0p05_s71011_drop0_pc0p05_pgc0p05
permanent_fork,sth_proof,12000,6.0,5.0,0.03,0.3,0.05,3.0,True,5.0,5.0,0.0,0.0,,,,,26671.0,,,,7.946844652896786,7.946844652896786,33.0,0.0004960764859745648,33,33,71000,0.05,0.05,0.0,True,0.2,0.08,800,10,0.0,0.0,0.0,0.9665389060974121,C:/Users/efasllija/dev/gossip-poc/out_nb_incremental_clean0104/scenario_baseline_new/permanent_fork_sth_proof_n12000_pg0p03_a0p3_ff0p05_s71000_drop0_pc0p05_pgc0p05
permanent_fork,sth_proof,12000,6.0,5.0,0.03,0.3,0.05,3.0,True,0.0,0.0,0.0,0.0,,,,,27203.0,,,,6.041994363370764,6.041994363370764,17.0,0.0002508447566068082,17,17,71001,0.05,0.05,0.0,True,0.2,0.08,800,10,0.0,0.0,0.0,1.1450586318969727,C:/Users/efasllija/dev/gossip-poc/out_nb_incremental_clean0104/scenario_baseline_new/permanent_fork_sth_proof_n12000_pg0p03_a0p3_ff0p05_s71001_drop0_pc0p05_pgc0p05
permanent_fork,sth_proof,12000,6.0,5.0,0.03,0.3,0.05,3.0,True,10.0,10.0,0.0,0.0,,,,,29236.0,,,,6.729012069736254,6.729012069736254,45.0,0.0006705409029950827,45,45,71002,0.05,0.05,0.0,True,0.2,0.08,800,10,0.0,0.0,0.0,1.000168800354004,C:/Users/efasllija/dev/gossip-poc/out_nb_incremental_clean0104/scenario_baseline_new/permanent_fork_sth_proof_n12000_pg0p03_a0p3_ff0p05_s71002_drop0_pc0p05_pgc0p05
permanent_fork,sth_proof,12000,6.0,5.0,0.03,0.3,0.05,3.0,True,0.0,0.0,0.0,0.0,,,,,25993.0,,,,9.62476103777879,9.62476103777879,55.0,0.0008344712486724321,55,55,71003,0.05,0.05,0.0,True,0.2,0.08,800,10,0.0,0.0,0.0,1.1875841617584229,C:/Users/efasllija/dev/gossip-poc/out_nb_incremental_clean0104/scenario_baseline_new/permanent_fork_sth_proof_n12000_pg0p03_a0p3_ff0p05_s71003_drop0_pc0p05_pgc0p05
permanent_fork,sth_proof,12000,6.0,5.0,0.03,0.3,0.05,3.0,True,10.0,10.0,0.0,0.0,,,,,29169.0,,,,7.578772112382935,7.578772112382935,15.0,0.00022298201278430206,15,15,71004,0.05,0.05,0.0,True,0.2,0.08,800,10,0.0,0.0,0.0,1.0993046760559082,C:/Users/efasllija/dev/gossip-poc/out_nb_incremental_clean0104/scenario_baseline_new/permanent_fork_sth_proof_n12000_pg0p03_a0p3_ff0p05_s71004_drop0_pc0p05_pgc0p05
permanent_fork,sth_proof,12000,6.0,5.0,0.03,0.3,0.05,3.0,True,0.0,0.0,0.0,0.0,,,,,26762.0,,,,7.201714693974756,7.201714693974756,18.0,0.00026792093355560847,18,18,71005,0.05,0.05,0.0,True,0.2,0.08,800,10,0.0,0.0,0.0,1.2021510601043701,C:/Users/efasllija/dev/gossip-poc/out_nb_incremental_clean0104/scenario_baseline_new/permanent_fork_sth_proof_n12000_pg0p03_a0p3_ff0p05_s71005_drop0_pc0p05_pgc0p05
permanent_fork,sth_proof,12000,6.0,5.0,0.03,0.3,0.05,3.0,True,10.0,10.0,0.0,0.0,,,,,28348.0,,,,7.546422807961269,7.546422807961269,24.0,0.00036886190732344576,24,24,71006,0.05,0.05,0.0,True,0.2,0.08,800,10,0.0,0.0,0.0,1.744706630706787,C:/Users/efasllija/dev/gossip-poc/out_nb_incremental_clean0104/scenario_baseline_new/permanent_fork_sth_proof_n12000_pg0p03_a0p3_ff0p05_s71006_drop0_pc0p05_pgc0p05
permanent_fork,sth_proof,12000,6.0,5.0,0.03,0.3,0.05,3.0,True,5.0,5.0,0.0,0.0,,,,,27629.0,,,,8.17530577465426,8.17530577465426,17.0,0.000256383187295459,17,17,71007,0.05,0.05,0.0,True,0.2,0.08,800,10,0.0,0.0,0.0,1.4163908958435059,C:/Users/efasllija/dev/gossip-poc/out_nb_incremental_clean0104/scenario_baseline_new/permanent_fork_sth_proof_n12000_pg0p03_a0p3_ff0p05_s71007_drop0_pc0p05_pgc0p05
permanent_fork,sth_proof,12000,6.0,5.0,0.03,0.3,0.05,3.0,True,5.0,5.0,0.0,0.0,,,,,27022.0,,,,5.155335407291069,5.155335407291069,25.0,0.00037754084991996133,25,25,71008,0.05,0.05,0.0,True,0.2,0.08,800,10,0.0,0.0,0.0,1.3343472480773926,C:/Users/efasllija/dev/gossip-poc/out_nb_incremental_clean0104/scenario_baseline_new/permanent_fork_sth_proof_n12000_pg0p03_a0p3_ff0p05_s71008_drop0_pc0p05_pgc0p05
permanent_fork,sth_proof,12000,6.0,5.0,0.03,0.3,0.05,3.0,True,15.0,15.0,0.0,0.0,,,,,28035.0,,,,8.701283653992743,8.701283653992743,24.0,0.00036588712382230084,24,24,71009,0.05,0.05,0.0,True,0.2,0.08,800,10,0.0,0.0,0.0,1.0684404373168945,C:/Users/efasllija/dev/gossip-poc/out_nb_incremental_clean0104/scenario_baseline_new/permanent_fork_sth_proof_n12000_pg0p03_a0p3_ff0p05_s71009_drop0_pc0p05_pgc0p05
permanent_fork,sth_proof,12000,6.0,5.0,0.03,0.3,0.05,3.0,True,5.0,5.0,0.0,0.0,,,,,28102.0,,,,9.408625895714092,9.408625895714092,45.0,0.0006760106359006715,45,45,71010,0.05,0.05,0.0,True,0.2,0.08,800,10,0.0,0.0,0.0,1.0650215148925781,C:/Users/efasllija/dev/gossip-poc/out_nb_incremental_clean0104/scenario_baseline_new/permanent_fork_sth_proof_n12000_pg0p03_a0p3_ff0p05_s71010_drop0_pc0p05_pgc0p05
permanent_fork,sth_proof,12000,6.0,5.0,0.03,0.3,0.05,3.0,True,0.0,0.0,0.0,0.0,,,,,27195.0,,,,9.264817618326717,9.264817618326717,35.0,0.0004998714616241538,35,35,71011,0.05,0.05,0.0,True,0.2,0.08,800,10,0.0,0.0,0.0,1.0787622928619385,C:/Users/efasllija/dev/gossip-poc/out_nb_incremental_clean0104/scenario_baseline_new/permanent_fork_sth_proof_n12000_pg0p03_a0p3_ff0p05_s71011_drop0_pc0p05_pgc0p05
permanent_fork,sth_proof,12000,6.0,5.0,0.05,0.3,0.05,3.0,True,5.0,5.0,0.0,0.0,,,,,26671.0,,,,13.59045127927603,13.59045127927603,60.0,0.0009019572472264815,60,60,71000,0.05,0.05,0.0,True,0.2,0.08,800,10,0.0,0.0,0.0,1.2379155158996582,C:/Users/efasllija/dev/gossip-poc/out_nb_incremental_clean0104/scenario_baseline_new/permanent_fork_sth_proof_n12000_pg0p05_a0p3_ff0p05_s71000_drop0_pc0p05_pgc0p05
permanent_fork,sth_proof,12000,6.0,5.0,0.05,0.3,0.05,3.0,True,0.0,0.0,0.0,0.0,,,,,27203.0,,,,10.36525947676735,10.36525947676735,45.0,0.0006640008263121394,45,45,71001,0.05,0.05,0.0,True,0.2,0.08,800,10,0.0,0.0,0.0,1.2097902297973633,C:/Users/efasllija/dev/gossip-poc/out_nb_incremental_clean0104/scenario_baseline_new/permanent_fork_sth_proof_n12000_pg0p05_a0p3_ff0p05_s71001_drop0_pc0p05_pgc0p05
permanent_fork,sth_proof,12000,6.0,5.0,0.05,0.3,0.05,3.0,True,0.0,0.0,0.0,0.0,,,,,27735.0,,,,11.388585903740129,11.388585903740129,55.0,0.0008195499925495455,55,55,71002,0.05,0.05,0.0,True,0.2,0.08,800,10,0.0,0.0,0.0,1.103097677230835,C:/Users/efasllija/dev/gossip-poc/out_nb_incremental_clean0104/scenario_baseline_new/permanent_fork_sth_proof_n12000_pg0p05_a0p3_ff0p05_s71002_drop0_pc0p05_pgc0p05
permanent_fork,sth_proof,12000,6.0,5.0,0.05,0.3,0.05,3.0,True,0.0,0.0,0.0,0.0,,,,,25993.0,,,,15.130450614474283,15.130450614474283,84.0,0.0012744651797906236,84,84,71003,0.05,0.05,0.0,True,0.2,0.08,800,10,0.0,0.0,0.0,0.9491751194000244,C:/Users/efasllija/dev/gossip-poc/out_nb_incremental_clean0104/scenario_baseline_new/permanent_fork_sth_proof_n12000_pg0p05_a0p3_ff0p05_s71003_drop0_pc0p05_pgc0p05
permanent_fork,sth_proof,12000,6.0,5.0,0.05,0.3,0.05,3.0,True,5.0,5.0,0.0,0.0,,,,,28471.0,,,,14.398335067637877,14.398335067637877,24.0,0.00035677122045488333,24,24,71004,0.05,0.05,0.0,True,0.2,0.08,800,10,0.0,0.0,0.0,1.0922622680664062,C:/Users/efasllija/dev/gossip-poc/out_nb_incremental_clean0104/scenario_baseline_new/permanent_fork_sth_proof_n12000_pg0p05_a0p3_ff0p05_s71004_drop0_pc0p05_pgc0p05
permanent_fork,sth_proof,12000,6.0,5.0,0.05,0.3,0.05,3.0,True,0.0,0.0,0.0,0.0,,,,,26762.0,,,,11.256013336508692,11.256013336508692,32.0,0.0004763038818766373,32,32,71005,0.05,0.05,0.0,True,0.2,0.08,800,10,0.0,0.0,0.0,1.1150155067443848,C:/Users/efasllija/dev/gossip-poc/out_nb_incremental_clean0104/scenario_baseline_new/permanent_fork_sth_proof_n12000_pg0p05_a0p3_ff0p05_s71005_drop0_pc0p05_pgc0p05
permanent_fork,sth_proof,12000,6.0,5.0,0.05,0.3,0.05,3.0,True,10.0,10.0,0.0,0.0,,,,,28348.0,,,,11.705217859064012,11.705217859064012,40.0,0.0006147698455390763,40,40,71006,0.05,0.05,0.0,True,0.2,0.08,800,10,0.0,0.0,0.0,1.0318546295166016,C:/Users/efasllija/dev/gossip-poc/out_nb_incremental_clean0104/scenario_baseline_new/permanent_fork_sth_proof_n12000_pg0p05_a0p3_ff0p05_s71006_drop0_pc0p05_pgc0p05
permanent_fork,sth_proof,12000,6.0,5.0,0.05,0.3,0.05,3.0,True,5.0,5.0,0.0,0.0,,,,,27629.0,,,,13.229131162622348,13.229131162622348,33.0,0.0004976850106323616,33,33,71007,0.05,0.05,0.0,True,0.2,0.08,800,10,0.0,0.0,0.0,1.1697754859924316,C:/Users/efasllija/dev/gossip-poc/out_nb_incremental_clean0104/scenario_baseline_new/permanent_fork_sth_proof_n12000_pg0p05_a0p3_ff0p05_s71007_drop0_pc0p05_pgc0p05
permanent_fork,sth_proof,12000,6.0,5.0,0.05,0.3,0.05,3.0,True,5.0,5.0,0.0,0.0,,,,,27022.0,,,,10.094173789604035,10.094173789604035,58.0,0.0008758947718143103,58,58,71008,0.05,0.05,0.0,True,0.2,0.08,800,10,0.0,0.0,0.0,1.1989927291870117,C:/Users/efasllija/dev/gossip-poc/out_nb_incremental_clean0104/scenario_baseline_new/permanent_fork_sth_proof_n12000_pg0p05_a0p3_ff0p05_s71008_drop0_pc0p05_pgc0p05
permanent_fork,sth_proof,12000,6.0,5.0,0.05,0.3,0.05,3.0,True,15.0,15.0,0.0,0.0,,,,,28035.0,,,,14.32911546787816,14.32911546787816,49.0,0.0007470195444705309,49,49,71009,0.05,0.05,0.0,True,0.2,0.08,800,10,0.0,0.0,0.0,1.0329692363739014,C:/Users/efasllija/dev/gossip-poc/out_nb_incremental_clean0104/scenario_baseline_new/permanent_fork_sth_proof_n12000_pg0p05_a0p3_ff0p05_s71009_drop0_pc0p05_pgc0p05
permanent_fork,sth_proof,12000,6.0,5.0,0.05,0.3,0.05,3.0,True,5.0,5.0,0.0,0.0,,,,,28102.0,,,,14.819595294965975,14.819595294965975,62.0,0.0009313924316853696,62,62,71010,0.05,0.05,0.0,True,0.2,0.08,800,10,0.0,0.0,0.0,1.0206995010375977,C:/Users/efasllija/dev/gossip-poc/out_nb_incremental_clean0104/scenario_baseline_new/permanent_fork_sth_proof_n12000_pg0p05_a0p3_ff0p05_s71010_drop0_pc0p05_pgc0p05
permanent_fork,sth_proof,12000,6.0,5.0,0.05,0.3,0.05,3.0,True,0.0,0.0,0.0,0.0,,,,,27195.0,,,,15.356051301094004,15.356051301094004,54.0,0.0007712302550772659,54,54,71011,0.05,0.05,0.0,True,0.2,0.08,800,10,0.0,0.0,0.0,1.0060210227966309,C:/Users/efasllija/dev/gossip-poc/out_nb_incremental_clean0104/scenario_baseline_new/permanent_fork_sth_proof_n12000_pg0p05_a0p3_ff0p05_s71011_drop0_pc0p05_pgc0p05
permanent_fork,sth_proof,12000,6.0,5.0,0.002,0.6,0.05,3.0,False,,,0.0,0.0,,,,,,,,,0.6996110935928045,0.6996110935928045,0.0,0.0,0,0,71000,0.05,0.05,0.0,True,0.2,0.08,800,10,0.0,0.0,0.0,1.078667163848877,C:/Users/efasllija/dev/gossip-poc/out_nb_incremental_clean0104/scenario_baseline_new/permanent_fork_sth_proof_n12000_pg0p002_a0p6_ff0p05_s71000_drop0_pc0p05_pgc0p05
permanent_fork,sth_proof,12000,6.0,5.0,0.002,0.6,0.05,3.0,True,105.0,105.0,0.0,0.0,,,,,46548.0,,,,0.8462080441332993,0.8462080441332993,1.0,1.4990930487055332e-05,1,1,71001,0.05,0.05,0.0,True,0.2,0.08,800,10,0.0,0.0,0.0,0.9352004528045654,C:/Users/efasllija/dev/gossip-poc/out_nb_incremental_clean0104/scenario_baseline_new/permanent_fork_sth_proof_n12000_pg0p002_a0p6_ff0p05_s71001_drop0_pc0p05_pgc0p05
permanent_fork,sth_proof,12000,6.0,5.0,0.002,0.6,0.05,3.0,True,105.0,105.0,0.0,0.0,,,,,47490.0,,,,0.9689600748231718,0.9689600748231718,5.0,7.306950371193078e-05,5,5,71002,0.05,0.05,0.0,True,0.2,0.08,800,10,0.0,0.0,0.0,1.0211353302001953,C:/Users/efasllija/dev/gossip-poc/out_nb_incremental_clean0104/scenario_baseline_new/permanent_fork_sth_proof_n12000_pg0p002_a0p6_ff0p05_s71002_drop0_pc0p05_pgc0p05
permanent_fork,sth_proof,12000,6.0,5.0,0.002,0.6,0.05,3.0,True,60.0,60.0,0.0,0.0,,,,,35181.0,,,,1.108190841346897,1.108190841346897,4.0,6.184100677159024e-05,4,4,71003,0.05,0.05,0.0,True,0.2,0.08,800,10,0.0,0.0,0.0,1.0194556713104248,C:/Users/efasllija/dev/gossip-poc/out_nb_incremental_clean0104/scenario_baseline_new/permanent_fork_sth_proof_n12000_pg0p002_a0p6_ff0p05_s71003_drop0_pc0p05_pgc0p05
permanent_fork,sth_proof,12000,6.0,5.0,0.002,0.6,0.05,3.0,True,35.0,35.0,0.0,0.0,,,,,33872.0,,,,1.7063916438376232,1.7063916438376232,18.0,0.00026369376364248986,18,18,71004,0.05,0.05,0.0,True,0.2,0.08,800,10,0.0,0.0,0.0,0.982884407043457,C:/Users/efasllija/dev/gossip-poc/out_nb_incremental_clean0104/scenario_baseline_new/permanent_fork_sth_proof_n12000_pg0p002_a0p6_ff0p05_s71004_drop0_pc0p05_pgc0p05
permanent_fork,sth_proof,12000,6.0,5.0,0.002,0.6,0.05,3.0,True,30.0,30.0,0.0,0.0,,,,,31180.0,,,,0.7247453565008988,0.7247453565008988,4.0,5.9916117435590176e-05,4,4,71005,0.05,0.05,0.0,True,0.2,0.08,800,10,0.0,0.0,0.0,1.139390468597412,C:/Users/efasllija/dev/gossip-poc/out_nb_incremental_clean0104/scenario_baseline_new/permanent_fork_sth_proof_n12000_pg0p002_a0p6_ff0p05_s71005_drop0_pc0p05_pgc0p05
permanent_fork,sth_proof,12000,6.0,5.0,0.002,0.6,0.05,3.0,True,30.0,30.0,0.0,0.0,,,,,31025.0,,,,1.5387935620165054,1.5387935620165054,5.0,7.599130659452559e-05,5,5,71006,0.05,0.05,0.0,True,0.2,0.08,800,10,0.0,0.0,0.0,2.0196497440338135,C:/Users/efasllija/dev/gossip-poc/out_nb_incremental_clean0104/scenario_baseline_new/permanent_fork_sth_proof_n12000_pg0p002_a0p6_ff0p05_s71006_drop0_pc0p05_pgc0p05
permanent_fork,sth_proof,12000,6.0,5.0,0.002,0.6,0.05,3.0,True,5.0,5.0,0.0,0.0,,,,,27879.0,,,,1.2276897414512093,1.2276897414512093,3.0,4.468009055165018e-05,3,3,71007,0.05,0.05,0.0,True,0.2,0.08,800,10,0.0,0.0,0.0,1.1849133968353271,C:/Users/efasllija/dev/gossip-poc/out_nb_incremental_clean0104/scenario_baseline_new/permanent_fork_sth_proof_n12000_pg0p002_a0p6_ff0p05_s71007_drop0_pc0p05_pgc0p05
permanent_fork,sth_proof,12000,6.0,5.0,0.002,0.6,0.05,3.0,True,160.0,160.0,0.0,0.0,,,,,62752.0,,,,1.018031577394127,1.018031577394127,3.0,4.4267374944665784e-05,3,3,71008,0.05,0.05,0.0,True,0.2,0.08,800,10,0.0,0.0,0.0,1.3763024806976318,C:/Users/efasllija/dev/gossip-poc/out_nb_incremental_clean0104/scenario_baseline_new/permanent_fork_sth_proof_n12000_pg0p002_a0p6_ff0p05_s71008_drop0_pc0p05_pgc0p05
permanent_fork,sth_proof,12000,6.0,5.0,0.002,0.6,0.05,3.0,True,85.0,85.0,0.0,0.0,,,,,41126.0,,,,0.9362449647151467,0.9362449647151467,11.0,0.00016658085228821515,11,11,71009,0.05,0.05,0.0,True,0.2,0.08,800,10,0.0,0.0,0.0,1.1222100257873535,C:/Users/efasllija/dev/gossip-poc/out_nb_incremental_clean0104/scenario_baseline_new/permanent_fork_sth_proof_n12000_pg0p002_a0p6_ff0p05_s71009_drop0_pc0p05_pgc0p05
permanent_fork,sth_proof,12000,6.0,5.0,0.002,0.6,0.05,3.0,True,45.0,45.0,0.0,0.0,,,,,34318.0,,,,1.4617753788918366,1.4617753788918366,16.0,0.00024395450248528648,16,16,71010,0.05,0.05,0.0,True,0.2,0.08,800,10,0.0,0.0,0.0,1.047722339630127,C:/Users/efasllija/dev/gossip-poc/out_nb_incremental_clean0104/scenario_baseline_new/permanent_fork_sth_proof_n12000_pg0p002_a0p6_ff0p05_s71010_drop0_pc0p05_pgc0p05
permanent_fork,sth_proof,12000,6.0,5.0,0.002,0.6,0.05,3.0,True,70.0,70.0,0.0,0.0,,,,,40318.0,,,,1.0731150906809628,1.0731150906809628,4.0,5.7032052013231435e-05,4,4,71011,0.05,0.05,0.0,True,0.2,0.08,800,10,0.0,0.0,0.0,1.0569193363189697,C:/Users/efasllija/dev/gossip-poc/out_nb_incremental_clean0104/scenario_baseline_new/permanent_fork_sth_proof_n12000_pg0p002_a0p6_ff0p05_s71011_drop0_pc0p05_pgc0p05
permanent_fork,sth_proof,12000,6.0,5.0,0.005,0.6,0.05,3.0,True,110.0,110.0,0.0,0.0,,,,,47240.0,,,,2.3813685301139693,2.3813685301139693,5.0,7.5078456987552e-05,5,5,71000,0.05,0.05,0.0,True,0.2,0.08,800,10,0.0,0.0,0.0,0.9403526782989502,C:/Users/efasllija/dev/gossip-poc/out_nb_incremental_clean0104/scenario_baseline_new/permanent_fork_sth_proof_n12000_pg0p005_a0p6_ff0p05_s71000_drop0_pc0p05_pgc0p05
permanent_fork,sth_proof,12000,6.0,5.0,0.005,0.6,0.05,3.0,True,15.0,15.0,0.0,0.0,,,,,29674.0,,,,2.3908735215194805,2.3908735215194805,3.0,4.4972791461166e-05,3,3,71001,0.05,0.05,0.0,True,0.2,0.08,800,10,0.0,0.0,0.0,0.8955469131469727,C:/Users/efasllija/dev/gossip-poc/out_nb_incremental_clean0104/scenario_baseline_new/permanent_fork_sth_proof_n12000_pg0p005_a0p6_ff0p05_s71001_drop0_pc0p05_pgc0p05
permanent_fork,sth_proof,12000,6.0,5.0,0.005,0.6,0.05,3.0,True,55.0,55.0,0.0,0.0,,,,,37003.0,,,,2.6188110130355993,2.6188110130355993,9.0,0.0001315251066814754,9,9,71002,0.05,0.05,0.0,True,0.2,0.08,800,10,0.0,0.0,0.0,0.9147279262542725,C:/Users/efasllija/dev/gossip-poc/out_nb_incremental_clean0104/scenario_baseline_new/permanent_fork_sth_proof_n12000_pg0p005_a0p6_ff0p05_s71002_drop0_pc0p05_pgc0p05
permanent_fork,sth_proof,12000,6.0,5.0,0.005,0.6,0.05,3.0,True,20.0,20.0,0.0,0.0,,,,,28848.0,,,,2.438019850963174,2.438019850963174,15.0,0.0002319037753934634,15,15,71003,0.05,0.05,0.0,True,0.2,0.08,800,10,0.0,0.0,0.0,0.9660389423370361,C:/Users/efasllija/dev/gossip-poc/out_nb_incremental_clean0104/scenario_baseline_new/permanent_fork_sth_proof_n12000_pg0p005_a0p6_ff0p05_s71003_drop0_pc0p05_pgc0p05
permanent_fork,sth_proof,12000,6.0,5.0,0.005,0.6,0.05,3.0,True,25.0,25.0,0.0,0.0,,,,,32030.0,,,,3.8721964225546066,3.8721964225546066,24.0,0.00035159168485665316,24,24,71004,0.05,0.05,0.0,True,0.2,0.08,800,10,0.0,0.0,0.0,0.974266529083252,C:/Users/efasllija/dev/gossip-poc/out_nb_incremental_clean0104/scenario_baseline_new/permanent_fork_sth_proof_n12000_pg0p005_a0p6_ff0p05_s71004_drop0_pc0p05_pgc0p05
permanent_fork,sth_proof,12000,6.0,5.0,0.005,0.6,0.05,3.0,True,5.0,5.0,0.0,0.0,,,,,27333.0,,,,2.040023966446974,2.040023966446974,11.0,0.00016476932294787297,11,11,71005,0.05,0.05,0.0,True,0.2,0.08,800,10,0.0,0.0,0.0,1.149460792541504,C:/Users/efasllija/dev/gossip-poc/out_nb_incremental_clean0104/scenario_baseline_new/permanent_fork_sth_proof_n12000_pg0p005_a0p6_ff0p05_s71005_drop0_pc0p05_pgc0p05
permanent_fork,sth_proof,12000,6.0,5.0,0.005,0.6,0.05,3.0,True,30.0,30.0,0.0,0.0,,,,,31025.0,,,,2.9822636290408377,2.9822636290408377,9.0,0.00013678435187014607,9,9,71006,0.05,0.05,0.0,True,0.2,0.08,800,10,0.0,0.0,0.0,0.9571099281311035,C:/Users/efasllija/dev/gossip-poc/out_nb_incremental_clean0104/scenario_baseline_new/permanent_fork_sth_proof_n12000_pg0p005_a0p6_ff0p05_s71006_drop0_pc0p05_pgc0p05
permanent_fork,sth_proof,12000,6.0,5.0,0.005,0.6,0.05,3.0,True,5.0,5.0,0.0,0.0,,,,,27879.0,,,,2.3753127606338618,2.3753127606338618,6.0,8.936018110330036e-05,6,6,71007,0.05,0.05,0.0,True,0.2,0.08,800,10,0.0,0.0,0.0,0.946953296661377,C:/Users/efasllija/dev/gossip-poc/out_nb_incremental_clean0104/scenario_baseline_new/permanent_fork_sth_proof_n12000_pg0p005_a0p6_ff0p05_s71007_drop0_pc0p05_pgc0p05
permanent_fork,sth_proof,12000,6.0,5.0,0.005,0.6,0.05,3.0,True,10.0,10.0,0.0,0.0,,,,,28336.0,,,,2.4459200236092666,2.4459200236092666,8.0,0.00011804633318577541,8,8,71008,0.05,0.05,0.0,True,0.2,0.08,800,10,0.0,0.0,0.0,0.9687376022338867,C:/Users/efasllija/dev/gossip-poc/out_nb_incremental_clean0104/scenario_baseline_new/permanent_fork_sth_proof_n12000_pg0p005_a0p6_ff0p05_s71008_drop0_pc0p05_pgc0p05
permanent_fork,sth_proof,12000,6.0,5.0,0.005,0.6,0.05,3.0,True,70.0,70.0,0.0,0.0,,,,,38097.0,,,,3.3379168307235667,3.3379168307235667,18.0,0.0002725868491988975,18,18,71009,0.05,0.05,0.0,True,0.2,0.08,800,10,0.0,0.0,0.0,0.9623532295227051,C:/Users/efasllija/dev/gossip-poc/out_nb_incremental_clean0104/scenario_baseline_new/permanent_fork_sth_proof_n12000_pg0p005_a0p6_ff0p05_s71009_drop0_pc0p05_pgc0p05
permanent_fork,sth_proof,12000,6.0,5.0,0.005,0.6,0.05,3.0,True,15.0,15.0,0.0,0.0,,,,,29667.0,,,,2.541030097886744,2.541030097886744,30.0,0.0004574146921599122,30,30,71010,0.05,0.05,0.0,True,0.2,0.08,800,10,0.0,0.0,0.0,0.9398379325866699,C:/Users/efasllija/dev/gossip-poc/out_nb_incremental_clean0104/scenario_baseline_new/permanent_fork_sth_proof_n12000_pg0p005_a0p6_ff0p05_s71010_drop0_pc0p05_pgc0p05
permanent_fork,sth_proof,12000,6.0,5.0,0.005,0.6,0.05,3.0,True,5.0,5.0,0.0,0.0,,,,,28138.0,,,,2.7083380860043342,2.7083380860043342,20.0,0.00028516026006615715,20,20,71011,0.05,0.05,0.0,True,0.2,0.08,800,10,0.0,0.0,0.0,0.9459881782531738,C:/Users/efasllija/dev/gossip-poc/out_nb_incremental_clean0104/scenario_baseline_new/permanent_fork_sth_proof_n12000_pg0p005_a0p6_ff0p05_s71011_drop0_pc0p05_pgc0p05
permanent_fork,sth_proof,12000,6.0,5.0,0.008,0.6,0.05,3.0,True,110.0,110.0,0.0,0.0,,,,,47240.0,,,,3.7133204198387313,3.7133204198387313,7.0,0.00010510983978257279,7,7,71000,0.05,0.05,0.0,True,0.2,0.08,800,10,0.0,0.0,0.0,0.9408128261566162,C:/Users/efasllija/dev/gossip-poc/out_nb_incremental_clean0104/scenario_baseline_new/permanent_fork_sth_proof_n12000_pg0p008_a0p6_ff0p05_s71000_drop0_pc0p05_pgc0p05
permanent_fork,sth_proof,12000,6.0,5.0,0.008,0.6,0.05,3.0,True,15.0,15.0,0.0,0.0,,,,,29674.0,,,,3.290809060518386,3.290809060518386,6.0,8.9945582922332e-05,6,6,71001,0.05,0.05,0.0,True,0.2,0.08,800,10,0.0,0.0,0.0,0.9246973991394043,C:/Users/efasllija/dev/gossip-poc/out_nb_incremental_clean0104/scenario_baseline_new/permanent_fork_sth_proof_n12000_pg0p008_a0p6_ff0p05_s71001_drop0_pc0p05_pgc0p05
permanent_fork,sth_proof,12000,6.0,5.0,0.008,0.6,0.05,3.0,True,55.0,55.0,0.0,0.0,,,,,37003.0,,,,4.072251125270357,4.072251125270357,13.0,0.00018998070965102004,13,13,71002,0.05,0.05,0.0,True,0.2,0.08,800,10,0.0,0.0,0.0,0.9439220428466797,C:/Users/efasllija/dev/gossip-poc/out_nb_incremental_clean0104/scenario_baseline_new/permanent_fork_sth_proof_n12000_pg0p008_a0p6_ff0p05_s71002_drop0_pc0p05_pgc0p05
permanent_fork,sth_proof,12000,6.0,5.0,0.008,0.6,0.05,3.0,True,15.0,15.0,0.0,0.0,,,,,28095.0,,,,3.9202251012646485,3.9202251012646485,19.0,0.00029374478216505367,19,19,71003,0.05,0.05,0.0,True,0.2,0.08,800,10,0.0,0.0,0.0,0.956068754196167,C:/Users/efasllija/dev/gossip-poc/out_nb_incremental_clean0104/scenario_baseline_new/permanent_fork_sth_proof_n12000_pg0p008_a0p6_ff0p05_s71003_drop0_pc0p05_pgc0p05
permanent_fork,sth_proof,12000,6.0,5.0,0.008,0.6,0.05,3.0,True,25.0,25.0,0.0,0.0,,,,,32030.0,,,,5.683596782936084,5.683596782936084,30.0,0.0004394896060708164,30,30,71004,0.05,0.05,0.0,True,0.2,0.08,800,10,0.0,0.0,0.0,0.9422893524169922,C:/Users/efasllija/dev/gossip-poc/out_nb_incremental_clean0104/scenario_baseline_new/permanent_fork_sth_proof_n12000_pg0p008_a0p6_ff0p05_s71004_drop0_pc0p05_pgc0p05
permanent_fork,sth_proof,12000,6.0,5.0,0.008,0.6,0.05,3.0,True,5.0,5.0,0.0,0.0,,,,,27333.0,,,,3.221090473337328,3.221090473337328,15.0,0.00022468544038346314,15,15,71005,0.05,0.05,0.0,True,0.2,0.08,800,10,0.0,0.0,0.0,0.9438517093658447,C:/Users/efasllija/dev/gossip-poc/out_nb_incremental_clean0104/scenario_baseline_new/permanent_fork_sth_proof_n12000_pg0p008_a0p6_ff0p05_s71005_drop0_pc0p05_pgc0p05
permanent_fork,sth_proof,12000,6.0,5.0,0.008,0.6,0.05,3.0,True,30.0,30.0,0.0,0.0,,,,,31025.0,,,,4.466586622490387,4.466586622490387,14.0,0.00021277565846467163,14,14,71006,0.05,0.05,0.0,True,0.2,0.08,800,10,0.0,0.0,0.0,0.9581081867218018,C:/Users/efasllija/dev/gossip-poc/out_nb_incremental_clean0104/scenario_baseline_new/permanent_fork_sth_proof_n12000_pg0p008_a0p6_ff0p05_s71006_drop0_pc0p05_pgc0p05
permanent_fork,sth_proof,12000,6.0,5.0,0.008,0.6,0.05,3.0,True,5.0,5.0,0.0,0.0,,,,,27879.0,,,,3.402835696413678,3.402835696413678,10.0,0.0001489336351721673,10,10,71007,0.05,0.05,0.0,True,0.2,0.08,800,10,0.0,0.0,0.0,0.9178671836853027,C:/Users/efasllija/dev/gossip-poc/out_nb_incremental_clean0104/scenario_baseline_new/permanent_fork_sth_proof_n12000_pg0p008_a0p6_ff0p05_s71007_drop0_pc0p05_pgc0p05
permanent_fork,sth_proof,12000,6.0,5.0,0.008,0.6,0.05,3.0,True,10.0,10.0,0.0,0.0,,,,,28336.0,,,,3.9266932270916333,3.9266932270916333,13.0,0.00019182529142688505,13,13,71008,0.05,0.05,0.0,True,0.2,0.08,800,10,0.0,0.0,0.0,0.946413516998291,C:/Users/efasllija/dev/gossip-poc/out_nb_incremental_clean0104/scenario_baseline_new/permanent_fork_sth_proof_n12000_pg0p008_a0p6_ff0p05_s71008_drop0_pc0p05_pgc0p05
permanent_fork,sth_proof,12000,6.0,5.0,0.008,0.6,0.05,3.0,True,70.0,70.0,0.0,0.0,,,,,38097.0,,,,4.409849471484387,4.409849471484387,21.0,0.0003180179907320471,21,21,71009,0.05,0.05,0.0,True,0.2,0.08,800,10,0.0,0.0,0.0,1.0118517875671387,C:/Users/efasllija/dev/gossip-poc/out_nb_incremental_clean0104/scenario_baseline_new/permanent_fork_sth_proof_n12000_pg0p008_a0p6_ff0p05_s71009_drop0_pc0p05_pgc0p05
permanent_fork,sth_proof,12000,6.0,5.0,0.008,0.6,0.05,3.0,True,0.0,0.0,0.0,0.0,,,,,27168.0,,,,3.66126917329918,3.66126917329918,32.0,0.00048790900497057296,32,32,71010,0.05,0.05,0.0,True,0.2,0.08,800,10,0.0,0.0,0.0,1.1662571430206299,C:/Users/efasllija/dev/gossip-poc/out_nb_incremental_clean0104/scenario_baseline_new/permanent_fork_sth_proof_n12000_pg0p008_a0p6_ff0p05_s71010_drop0_pc0p05_pgc0p05
permanent_fork,sth_proof,12000,6.0,5.0,0.008,0.6,0.05,3.0,True,5.0,5.0,0.0,0.0,,,,,28138.0,,,,4.2541348237709595,4.2541348237709595,28.0,0.00039922436409262004,28,28,71011,0.05,0.05,0.0,True,0.2,0.08,800,10,0.0,0.0,0.0,1.087392807006836,C:/Users/efasllija/dev/gossip-poc/out_nb_incremental_clean0104/scenario_baseline_new/permanent_fork_sth_proof_n12000_pg0p008_a0p6_ff0p05_s71011_drop0_pc0p05_pgc0p05
permanent_fork,sth_proof,12000,6.0,5.0,0.012,0.6,0.05,3.0,True,35.0,35.0,0.0,0.0,,,,,32066.0,,,,5.596888748742436,5.596888748742436,14.0,0.00021021967956514557,14,14,71000,0.05,0.05,0.0,True,0.2,0.08,800,10,0.0,0.0,0.0,1.0369129180908203,C:/Users/efasllija/dev/gossip-poc/out_nb_incremental_clean0104/scenario_baseline_new/permanent_fork_sth_proof_n12000_pg0p012_a0p6_ff0p05_s71000_drop0_pc0p05_pgc0p05
permanent_fork,sth_proof,12000,6.0,5.0,0.012,0.6,0.05,3.0,True,5.0,5.0,0.0,0.0,,,,,28302.0,,,,5.117543885949001,5.117543885949001,8.0,0.00011992744389644265,8,8,71001,0.05,0.05,0.0,True,0.2,0.08,800,10,0.0,0.0,0.0,1.0210611820220947,C:/Users/efasllija/dev/gossip-poc/out_nb_incremental_clean0104/scenario_baseline_new/permanent_fork_sth_proof_n12000_pg0p012_a0p6_ff0p05_s71001_drop0_pc0p05_pgc0p05
permanent_fork,sth_proof,12000,6.0,5.0,0.012,0.6,0.05,3.0,True,15.0,15.0,0.0,0.0,,,,,30189.0,,,,7.332670836499679,7.332670836499679,20.0,0.00029227801484772313,20,20,71002,0.05,0.05,0.0,True,0.2,0.08,800,10,0.0,0.0,0.0,1.0543341636657715,C:/Users/efasllija/dev/gossip-poc/out_nb_incremental_clean0104/scenario_baseline_new/permanent_fork_sth_proof_n12000_pg0p012_a0p6_ff0p05_s71002_drop0_pc0p05_pgc0p05
permanent_fork,sth_proof,12000,6.0,5.0,0.012,0.6,0.05,3.0,True,15.0,15.0,0.0,0.0,,,,,28095.0,,,,5.180792183296744,5.180792183296744,21.0,0.0003246652855508488,21,21,71003,0.05,0.05,0.0,True,0.2,0.08,800,10,0.0,0.0,0.0,0.9759938716888428,C:/Users/efasllija/dev/gossip-poc/out_nb_incremental_clean0104/scenario_baseline_new/permanent_fork_sth_proof_n12000_pg0p012_a0p6_ff0p05_s71003_drop0_pc0p05_pgc0p05
permanent_fork,sth_proof,12000,6.0,5.0,0.012,0.6,0.05,3.0,True,25.0,25.0,0.0,0.0,,,,,32030.0,,,,8.059418994740774,8.059418994740774,38.0,0.0005566868343563674,38,38,71004,0.05,0.05,0.0,True,0.2,0.08,800,10,0.0,0.0,0.0,0.9848799705505371,C:/Users/efasllija/dev/gossip-poc/out_nb_incremental_clean0104/scenario_baseline_new/permanent_fork_sth_proof_n12000_pg0p012_a0p6_ff0p05_s71004_drop0_pc0p05_pgc0p05
permanent_fork,sth_proof,12000,6.0,5.0,0.012,0.6,0.05,3.0,True,5.0,5.0,0.0,0.0,,,,,27333.0,,,,5.556381066506891,5.556381066506891,32.0,0.0004793289394847214,32,32,71005,0.05,0.05,0.0,True,0.2,0.08,800,10,0.0,0.0,0.0,0.9301328659057617,C:/Users/efasllija/dev/gossip-poc/out_nb_incremental_clean0104/scenario_baseline_new/permanent_fork_sth_proof_n12000_pg0p012_a0p6_ff0p05_s71005_drop0_pc0p05_pgc0p05
permanent_fork,sth_proof,12000,6.0,5.0,0.012,0.6,0.05,3.0,True,30.0,30.0,0.0,0.0,,,,,31025.0,,,,5.950909615939937,5.950909615939937,15.0,0.00022797391978357677,15,15,71006,0.05,0.05,0.0,True,0.2,0.08,800,10,0.0,0.0,0.0,0.926954984664917,C:/Users/efasllija/dev/gossip-poc/out_nb_incremental_clean0104/scenario_baseline_new/permanent_fork_sth_proof_n12000_pg0p012_a0p6_ff0p05_s71006_drop0_pc0p05_pgc0p05
permanent_fork,sth_proof,12000,6.0,5.0,0.012,0.6,0.05,3.0,True,5.0,5.0,0.0,0.0,,,,,27879.0,,,,5.137614678899083,5.137614678899083,14.0,0.0002085070892410342,14,14,71007,0.05,0.05,0.0,True,0.2,0.08,800,10,0.0,0.0,0.0,0.9197738170623779,C:/Users/efasllija/dev/gossip-poc/out_nb_incremental_clean0104/scenario_baseline_new/permanent_fork_sth_proof_n12000_pg0p012_a0p6_ff0p05_s71007_drop0_pc0p05_pgc0p05
permanent_fork,sth_proof,12000,6.0,5.0,0.012,0.6,0.05,3.0,True,0.0,0.0,0.0,0.0,,,,,26546.0,,,,6.716364172937878,6.716364172937878,17.0,0.00025084845801977274,17,17,71008,0.05,0.05,0.0,True,0.2,0.08,800,10,0.0,0.0,0.0,0.9201078414916992,C:/Users/efasllija/dev/gossip-poc/out_nb_incremental_clean0104/scenario_baseline_new/permanent_fork_sth_proof_n12000_pg0p012_a0p6_ff0p05_s71008_drop0_pc0p05_pgc0p05
permanent_fork,sth_proof,12000,6.0,5.0,0.012,0.6,0.05,3.0,True,70.0,70.0,0.0,0.0,,,,,38097.0,,,,6.892933943120211,6.892933943120211,26.0,0.00039373655995396313,26,26,71009,0.05,0.05,0.0,True,0.2,0.08,800,10,0.0,0.0,0.0,0.9798452854156494,C:/Users/efasllija/dev/gossip-poc/out_nb_incremental_clean0104/scenario_baseline_new/permanent_fork_sth_proof_n12000_pg0p012_a0p6_ff0p05_s71009_drop0_pc0p05_pgc0p05
permanent_fork,sth_proof,12000,6.0,5.0,0.012,0.6,0.05,3.0,True,0.0,0.0,0.0,0.0,,,,,27168.0,,,,5.3689506906961855,5.3689506906961855,45.0,0.0006861220382398683,45,45,71010,0.05,0.05,0.0,True,0.2,0.08,800,10,0.0,0.0,0.0,0.9967267513275146,C:/Users/efasllija/dev/gossip-poc/out_nb_incremental_clean0104/scenario_baseline_new/permanent_fork_sth_proof_n12000_pg0p012_a0p6_ff0p05_s71010_drop0_pc0p05_pgc0p05
permanent_fork,sth_proof,12000,6.0,5.0,0.012,0.6,0.05,3.0,True,0.0,0.0,0.0,0.0,,,,,27392.0,,,,5.263374016197103,5.263374016197103,33.0,0.00047051442910915934,33,33,71011,0.05,0.05,0.0,True,0.2,0.08,800,10,0.0,0.0,0.0,0.9764883518218994,C:/Users/efasllija/dev/gossip-poc/out_nb_incremental_clean0104/scenario_baseline_new/permanent_fork_sth_proof_n12000_pg0p012_a0p6_ff0p05_s71011_drop0_pc0p05_pgc0p05
permanent_fork,sth_proof,12000,6.0,5.0,0.02,0.6,0.05,3.0,True,0.0,0.0,0.0,0.0,,,,,26034.0,,,,11.543583044281274,11.543583044281274,29.0,0.00043545505052780157,29,29,71000,0.05,0.05,0.0,True,0.2,0.08,800,10,0.0,0.0,0.0,0.9802758693695068,C:/Users/efasllija/dev/gossip-poc/out_nb_incremental_clean0104/scenario_baseline_new/permanent_fork_sth_proof_n12000_pg0p02_a0p6_ff0p05_s71000_drop0_pc0p05_pgc0p05
permanent_fork,sth_proof,12000,6.0,5.0,0.02,0.6,0.05,3.0,True,0.0,0.0,0.0,0.0,,,,,27648.0,,,,9.12024225343667,9.12024225343667,20.0,0.00029981860974110665,20,20,71001,0.05,0.05,0.0,True,0.2,0.08,800,10,0.0,0.0,0.0,0.9309349060058594,C:/Users/efasllija/dev/gossip-poc/out_nb_incremental_clean0104/scenario_baseline_new/permanent_fork_sth_proof_n12000_pg0p02_a0p6_ff0p05_s71001_drop0_pc0p05_pgc0p05
permanent_fork,sth_proof,12000,6.0,5.0,0.02,0.6,0.05,3.0,True,0.0,0.0,0.0,0.0,,,,,27763.0,,,,12.269129596071783,12.269129596071783,45.0,0.0006576255334073771,45,45,71002,0.05,0.05,0.0,True,0.2,0.08,800,10,0.0,0.0,0.0,0.951838493347168,C:/Users/efasllija/dev/gossip-poc/out_nb_incremental_clean0104/scenario_baseline_new/permanent_fork_sth_proof_n12000_pg0p02_a0p6_ff0p05_s71002_drop0_pc0p05_pgc0p05
permanent_fork,sth_proof,12000,6.0,5.0,0.02,0.6,0.05,3.0,True,10.0,10.0,0.0,0.0,,,,,27321.0,,,,8.477659936303763,8.477659936303763,31.0,0.00047926780247982436,31,31,71003,0.05,0.05,0.0,True,0.2,0.08,800,10,0.0,0.0,0.0,0.9518671035766602,C:/Users/efasllija/dev/gossip-poc/out_nb_incremental_clean0104/scenario_baseline_new/permanent_fork_sth_proof_n12000_pg0p02_a0p6_ff0p05_s71003_drop0_pc0p05_pgc0p05
permanent_fork,sth_proof,12000,6.0,5.0,0.02,0.6,0.05,3.0,True,25.0,25.0,0.0,0.0,,,,,32030.0,,,,11.53783273025593,11.53783273025593,46.0,0.0006738840626419185,46,46,71004,0.05,0.05,0.0,True,0.2,0.08,800,10,0.0,0.0,0.0,0.925483226776123,C:/Users/efasllija/dev/gossip-poc/out_nb_incremental_clean0104/scenario_baseline_new/permanent_fork_sth_proof_n12000_pg0p02_a0p6_ff0p05_s71004_drop0_pc0p05_pgc0p05
permanent_fork,sth_proof,12000,6.0,5.0,0.02,0.6,0.05,3.0,True,5.0,5.0,0.0,0.0,,,,,27333.0,,,,9.421689634511683,9.421689634511683,48.0,0.000718993409227082,48,48,71005,0.05,0.05,0.0,True,0.2,0.08,800,10,0.0,0.0,0.0,0.9407632350921631,C:/Users/efasllija/dev/gossip-poc/out_nb_incremental_clean0104/scenario_baseline_new/permanent_fork_sth_proof_n12000_pg0p02_a0p6_ff0p05_s71005_drop0_pc0p05_pgc0p05
permanent_fork,sth_proof,12000,6.0,5.0,0.02,0.6,0.05,3.0,True,5.0,5.0,0.0,0.0,,,,,26892.0,,,,9.763849415626852,9.763849415626852,29.0,0.0004407495782482484,29,29,71006,0.05,0.05,0.0,True,0.2,0.08,800,10,0.0,0.0,0.0,0.9008297920227051,C:/Users/efasllija/dev/gossip-poc/out_nb_incremental_clean0104/scenario_baseline_new/permanent_fork_sth_proof_n12000_pg0p02_a0p6_ff0p05_s71006_drop0_pc0p05_pgc0p05
permanent_fork,sth_proof,12000,6.0,5.0,0.02,0.6,0.05,3.0,True,5.0,5.0,0.0,0.0,,,,,27879.0,,,,9.301084236864053,9.301084236864053,24.0,0.00035744072441320146,24,24,71007,0.05,0.05,0.0,True,0.2,0.08,800,10,0.0,0.0,0.0,0.9293584823608398,C:/Users/efasllija/dev/gossip-poc/out_nb_incremental_clean0104/scenario_baseline_new/permanent_fork_sth_proof_n12000_pg0p02_a0p6_ff0p05_s71007_drop0_pc0p05_pgc0p05
permanent_fork,sth_proof,12000,6.0,5.0,0.02,0.6,0.05,3.0,True,0.0,0.0,0.0,0.0,,,,,26546.0,,,,10.2332005312085,10.2332005312085,33.0,0.0004869411243913236,33,33,71008,0.05,0.05,0.0,True,0.2,0.08,800,10,0.0,0.0,0.0,0.9240977764129639,C:/Users/efasllija/dev/gossip-poc/out_nb_incremental_clean0104/scenario_baseline_new/permanent_fork_sth_proof_n12000_pg0p02_a0p6_ff0p05_s71008_drop0_pc0p05_pgc0p05
permanent_fork,sth_proof,12000,6.0,5.0,0.02,0.6,0.05,3.0,True,10.0,10.0,0.0,0.0,,,,,27733.0,,,,12.632522639852198,12.632522639852198,47.0,0.0007117545506860102,47,47,71009,0.05,0.05,0.0,True,0.2,0.08,800,10,0.0,0.0,0.0,0.9002199172973633,C:/Users/efasllija/dev/gossip-poc/out_nb_incremental_clean0104/scenario_baseline_new/permanent_fork_sth_proof_n12000_pg0p02_a0p6_ff0p05_s71009_drop0_pc0p05_pgc0p05
permanent_fork,sth_proof,12000,6.0,5.0,0.02,0.6,0.05,3.0,True,0.0,0.0,0.0,0.0,,,,,27168.0,,,,10.136797487268625,10.136797487268625,66.0,0.0010063123227518067,66,66,71010,0.05,0.05,0.0,True,0.2,0.08,800,10,0.0,0.0,0.0,0.9379382133483887,C:/Users/efasllija/dev/gossip-poc/out_nb_incremental_clean0104/scenario_baseline_new/permanent_fork_sth_proof_n12000_pg0p02_a0p6_ff0p05_s71010_drop0_pc0p05_pgc0p05
permanent_fork,sth_proof,12000,6.0,5.0,0.02,0.6,0.05,3.0,True,0.0,0.0,0.0,0.0,,,,,27392.0,,,,9.887989049846013,9.887989049846013,46.0,0.0006558685981521615,46,46,71011,0.05,0.05,0.0,True,0.2,0.08,800,10,0.0,0.0,0.0,0.9862191677093506,C:/Users/efasllija/dev/gossip-poc/out_nb_incremental_clean0104/scenario_baseline_new/permanent_fork_sth_proof_n12000_pg0p02_a0p6_ff0p05_s71011_drop0_pc0p05_pgc0p05
permanent_fork,sth_proof,12000,6.0,5.0,0.03,0.6,0.05,3.0,True,0.0,0.0,0.0,0.0,,,,,26034.0,,,,16.091055152634503,16.091055152634503,47.0,0.0007057374956829887,47,47,71000,0.05,0.05,0.0,True,0.2,0.08,800,10,0.0,0.0,0.0,0.9479858875274658,C:/Users/efasllija/dev/gossip-poc/out_nb_incremental_clean0104/scenario_baseline_new/permanent_fork_sth_proof_n12000_pg0p03_a0p6_ff0p05_s71000_drop0_pc0p05_pgc0p05
permanent_fork,sth_proof,12000,6.0,5.0,0.03,0.6,0.05,3.0,True,0.0,0.0,0.0,0.0,,,,,27648.0,,,,14.4795598662809,14.4795598662809,36.0,0.0005396734975339919,36,36,71001,0.05,0.05,0.0,True,0.2,0.08,800,10,0.0,0.0,0.0,0.9306554794311523,C:/Users/efasllija/dev/gossip-poc/out_nb_incremental_clean0104/scenario_baseline_new/permanent_fork_sth_proof_n12000_pg0p03_a0p6_ff0p05_s71001_drop0_pc0p05_pgc0p05
permanent_fork,sth_proof,12000,6.0,5.0,0.03,0.6,0.05,3.0,True,0.0,0.0,0.0,0.0,,,,,27763.0,,,,17.153212135383175,17.153212135383175,72.0,0.0010522008534518032,72,72,71002,0.05,0.05,0.0,True,0.2,0.08,800,10,0.0,0.0,0.0,0.9391162395477295,C:/Users/efasllija/dev/gossip-poc/out_nb_incremental_clean0104/scenario_baseline_new/permanent_fork_sth_proof_n12000_pg0p03_a0p6_ff0p05_s71002_drop0_pc0p05_pgc0p05
permanent_fork,sth_proof,12000,6.0,5.0,0.03,0.6,0.05,3.0,True,10.0,10.0,0.0,0.0,,,,,27321.0,,,,14.628119105779042,14.628119105779042,50.0,0.000773012584644878,50,50,71003,0.05,0.05,0.0,True,0.2,0.08,800,10,0.0,0.0,0.0,0.9155223369598389,C:/Users/efasllija/dev/gossip-poc/out_nb_incremental_clean0104/scenario_baseline_new/permanent_fork_sth_proof_n12000_pg0p03_a0p6_ff0p05_s71003_drop0_pc0p05_pgc0p05
permanent_fork,sth_proof,12000,6.0,5.0,0.03,0.6,0.05,3.0,True,25.0,25.0,0.0,0.0,,,,,32030.0,,,,16.000703183369712,16.000703183369712,52.0,0.0007617819838560818,52,52,71004,0.05,0.05,0.0,True,0.2,0.08,800,10,0.0,0.0,0.0,0.9319124221801758,C:/Users/efasllija/dev/gossip-poc/out_nb_incremental_clean0104/scenario_baseline_new/permanent_fork_sth_proof_n12000_pg0p03_a0p6_ff0p05_s71004_drop0_pc0p05_pgc0p05
permanent_fork,sth_proof,12000,6.0,5.0,0.03,0.6,0.05,3.0,True,5.0,5.0,0.0,0.0,,,,,27333.0,,,,15.233073696824446,15.233073696824446,69.0,0.0010335530257639305,69,69,71005,0.05,0.05,0.0,True,0.2,0.08,800,10,0.0,0.0,0.0,0.9630227088928223,C:/Users/efasllija/dev/gossip-poc/out_nb_incremental_clean0104/scenario_baseline_new/permanent_fork_sth_proof_n12000_pg0p03_a0p6_ff0p05_s71005_drop0_pc0p05_pgc0p05
permanent_fork,sth_proof,12000,6.0,5.0,0.03,0.6,0.05,3.0,True,5.0,5.0,0.0,0.0,,,,,26892.0,,,,14.380230101676368,14.380230101676368,48.0,0.0007295165433074456,48,48,71006,0.05,0.05,0.0,True,0.2,0.08,800,10,0.0,0.0,0.0,0.9347436428070068,C:/Users/efasllija/dev/gossip-poc/out_nb_incremental_clean0104/scenario_baseline_new/permanent_fork_sth_proof_n12000_pg0p03_a0p6_ff0p05_s71006_drop0_pc0p05_pgc0p05
permanent_fork,sth_proof,12000,6.0,5.0,0.03,0.6,0.05,3.0,True,5.0,5.0,0.0,0.0,,,,,27879.0,,,,13.251042535446205,13.251042535446205,55.0,0.00081913499344692,55,55,71007,0.05,0.05,0.0,True,0.2,0.08,800,10,0.0,0.0,0.0,0.9418456554412842,C:/Users/efasllija/dev/gossip-poc/out_nb_incremental_clean0104/scenario_baseline_new/permanent_fork_sth_proof_n12000_pg0p03_a0p6_ff0p05_s71007_drop0_pc0p05_pgc0p05
permanent_fork,sth_proof,12000,6.0,5.0,0.03,0.6,0.05,3.0,True,0.0,0.0,0.0,0.0,,,,,26546.0,,,,15.825763612217795,15.825763612217795,67.0,0.0009886380404308692,67,67,71008,0.05,0.05,0.0,True,0.2,0.08,800,10,0.0,0.0,0.0,0.9467823505401611,C:/Users/efasllija/dev/gossip-poc/out_nb_incremental_clean0104/scenario_baseline_new/permanent_fork_sth_proof_n12000_pg0p03_a0p6_ff0p05_s71008_drop0_pc0p05_pgc0p05
permanent_fork,sth_proof,12000,6.0,5.0,0.03,0.6,0.05,3.0,True,10.0,10.0,0.0,0.0,,,,,27733.0,,,,18.263561195747645,18.263561195747645,70.0,0.0010600599691068238,70,70,71009,0.05,0.05,0.0,True,0.2,0.08,800,10,0.0,0.0,0.0,0.9229874610900879,C:/Users/efasllija/dev/gossip-poc/out_nb_incremental_clean0104/scenario_baseline_new/permanent_fork_sth_proof_n12000_pg0p03_a0p6_ff0p05_s71009_drop0_pc0p05_pgc0p05
permanent_fork,sth_proof,12000,6.0,5.0,0.03,0.6,0.05,3.0,True,0.0,0.0,0.0,0.0,,,,,27168.0,,,,15.492086725825633,15.492086725825633,78.0,0.0011892781996157716,78,78,71010,0.05,0.05,0.0,True,0.2,0.08,800,10,0.0,0.0,0.0,0.9294378757476807,C:/Users/efasllija/dev/gossip-poc/out_nb_incremental_clean0104/scenario_baseline_new/permanent_fork_sth_proof_n12000_pg0p03_a0p6_ff0p05_s71010_drop0_pc0p05_pgc0p05
permanent_fork,sth_proof,12000,6.0,5.0,0.03,0.6,0.05,3.0,True,0.0,0.0,0.0,0.0,,,,,27392.0,,,,14.93418501197673,14.93418501197673,65.0,0.0009267708452150109,65,65,71011,0.05,0.05,0.0,True,0.2,0.08,800,10,0.0,0.0,0.0,0.941826343536377,C:/Users/efasllija/dev/gossip-poc/out_nb_incremental_clean0104/scenario_baseline_new/permanent_fork_sth_proof_n12000_pg0p03_a0p6_ff0p05_s71011_drop0_pc0p05_pgc0p05
permanent_fork,sth_proof,12000,6.0,5.0,0.05,0.6,0.05,3.0,True,0.0,0.0,0.0,0.0,,,,,26034.0,,,,28.266978993047736,28.266978993047736,111.0,0.0016667417451236542,111,111,71000,0.05,0.05,0.0,True,0.2,0.08,800,10,0.0,0.0,0.0,0.9637660980224609,C:/Users/efasllija/dev/gossip-poc/out_nb_incremental_clean0104/scenario_baseline_new/permanent_fork_sth_proof_n12000_pg0p05_a0p6_ff0p05_s71000_drop0_pc0p05_pgc0p05
permanent_fork,sth_proof,12000,6.0,5.0,0.05,0.6,0.05,3.0,True,0.0,0.0,0.0,0.0,,,,,27648.0,,,,25.278786334267767,25.278786334267767,67.0,0.0010043923426327071,67,67,71001,0.05,0.05,0.0,True,0.2,0.08,800,10,0.0,0.0,0.0,0.9406826496124268,C:/Users/efasllija/dev/gossip-poc/out_nb_incremental_clean0104/scenario_baseline_new/permanent_fork_sth_proof_n12000_pg0p05_a0p6_ff0p05_s71001_drop0_pc0p05_pgc0p05
permanent_fork,sth_proof,12000,6.0,5.0,0.05,0.6,0.05,3.0,True,0.0,0.0,0.0,0.0,,,,,27763.0,,,,27.91652539895949,27.91652539895949,115.0,0.0016805985853744082,115,115,71002,0.05,0.05,0.0,True,0.2,0.08,800,10,0.0,0.0,0.0,0.973301887512207,C:/Users/efasllija/dev/gossip-poc/out_nb_incremental_clean0104/scenario_baseline_new/permanent_fork_sth_proof_n12000_pg0p05_a0p6_ff0p05_s71002_drop0_pc0p05_pgc0p05
permanent_fork,sth_proof,12000,6.0,5.0,0.05,0.6,0.05,3.0,True,10.0,10.0,0.0,0.0,,,,,27321.0,,,,24.11700318481185,24.11700318481185,82.0,0.0012677406388176,82,82,71003,0.05,0.05,0.0,True,0.2,0.08,800,10,0.0,0.0,0.0,0.9544212818145752,C:/Users/efasllija/dev/gossip-poc/out_nb_incremental_clean0104/scenario_baseline_new/permanent_fork_sth_proof_n12000_pg0p05_a0p6_ff0p05_s71003_drop0_pc0p05_pgc0p05
permanent_fork,sth_proof,12000,6.0,5.0,0.05,0.6,0.05,3.0,True,15.0,15.0,0.0,0.0,,,,,30298.0,,,,28.11608385461684,28.11608385461684,104.0,0.0015235639677121636,104,104,71004,0.05,0.05,0.0,True,0.2,0.08,800,10,0.0,0.0,0.0,0.9467880725860596,C:/Users/efasllija/dev/gossip-poc/out_nb_incremental_clean0104/scenario_baseline_new/permanent_fork_sth_proof_n12000_pg0p05_a0p6_ff0p05_s71004_drop0_pc0p05_pgc0p05
permanent_fork,sth_proof,12000,6.0,5.0,0.05,0.6,0.05,3.0,True,5.0,5.0,0.0,0.0,,,,,27333.0,,,,25.768723786698622,25.768723786698622,107.0,0.001602756141402037,107,107,71005,0.05,0.05,0.0,True,0.2,0.08,800,10,0.0,0.0,0.0,0.9407649040222168,C:/Users/efasllija/dev/gossip-poc/out_nb_incremental_clean0104/scenario_baseline_new/permanent_fork_sth_proof_n12000_pg0p05_a0p6_ff0p05_s71005_drop0_pc0p05_pgc0p05
permanent_fork,sth_proof,12000,6.0,5.0,0.05,0.6,0.05,3.0,True,5.0,5.0,0.0,0.0,,,,,26892.0,,,,24.893049835098864,24.893049835098864,110.0,0.0016718087450795628,110,110,71006,0.05,0.05,0.0,True,0.2,0.08,800,10,0.0,0.0,0.0,0.9373972415924072,C:/Users/efasllija/dev/gossip-poc/out_nb_incremental_clean0104/scenario_baseline_new/permanent_fork_sth_proof_n12000_pg0p05_a0p6_ff0p05_s71006_drop0_pc0p05_pgc0p05
permanent_fork,sth_proof,12000,6.0,5.0,0.05,0.6,0.05,3.0,True,0.0,0.0,0.0,0.0,,,,,27100.0,,,,23.045871559633028,23.045871559633028,97.0,0.0014446562611700226,97,97,71007,0.05,0.05,0.0,True,0.2,0.08,800,10,0.0,0.0,0.0,1.0009005069732666,C:/Users/efasllija/dev/gossip-poc/out_nb_incremental_clean0104/scenario_baseline_new/permanent_fork_sth_proof_n12000_pg0p05_a0p6_ff0p05_s71007_drop0_pc0p05_pgc0p05
permanent_fork,sth_proof,12000,6.0,5.0,0.05,0.6,0.05,3.0,True,0.0,0.0,0.0,0.0,,,,,26546.0,,,,25.305356352368303,25.305356352368303,130.0,0.0019182529142688506,130,130,71008,0.05,0.05,0.0,True,0.2,0.08,800,10,0.0,0.0,0.0,0.9534149169921875,C:/Users/efasllija/dev/gossip-poc/out_nb_incremental_clean0104/scenario_baseline_new/permanent_fork_sth_proof_n12000_pg0p05_a0p6_ff0p05_s71008_drop0_pc0p05_pgc0p05
permanent_fork,sth_proof,12000,6.0,5.0,0.05,0.6,0.05,3.0,True,10.0,10.0,0.0,0.0,,,,,27733.0,,,,28.928612532937578,28.928612532937578,117.0,0.001771814519792834,117,117,71009,0.05,0.05,0.0,True,0.2,0.08,800,10,0.0,0.0,0.0,0.9505808353424072,C:/Users/efasllija/dev/gossip-poc/out_nb_incremental_clean0104/scenario_baseline_new/permanent_fork_sth_proof_n12000_pg0p05_a0p6_ff0p05_s71009_drop0_pc0p05_pgc0p05
permanent_fork,sth_proof,12000,6.0,5.0,0.05,0.6,0.05,3.0,True,0.0,0.0,0.0,0.0,,,,,27168.0,,,,26.639831671393285,26.639831671393285,109.0,0.0016619400481810143,109,109,71010,0.05,0.05,0.0,True,0.2,0.08,800,10,0.0,0.0,0.0,0.930250883102417,C:/Users/efasllija/dev/gossip-poc/out_nb_incremental_clean0104/scenario_baseline_new/permanent_fork_sth_proof_n12000_pg0p05_a0p6_ff0p05_s71010_drop0_pc0p05_pgc0p05
permanent_fork,sth_proof,12000,6.0,5.0,0.05,0.6,0.05,3.0,True,0.0,0.0,0.0,0.0,,,,,27392.0,,,,24.694422265313104,24.694422265313104,100.0,0.0014258013003307858,100,100,71011,0.05,0.05,0.0,True,0.2,0.08,800,10,0.0,0.0,0.0,0.9780845642089844,C:/Users/efasllija/dev/gossip-poc/out_nb_incremental_clean0104/scenario_baseline_new/permanent_fork_sth_proof_n12000_pg0p05_a0p6_ff0p05_s71011_drop0_pc0p05_pgc0p05
