server_mode,mode,users,hours,dt_min,p_gossip,adoption,fork_frac,fork_hour,detected,lat_aw_min,lat_ev_min,aware_cov_end,evid_cov_end,t10_aw,t50_aw,t10_ev,t50_ev,msgs_first_ev,msgs_10_ev,msgs_50_ev,msgs_95_ev,bytes_per_send,bytes_per_delivery,crosscuts,crosscut_rate,proof_inconsistent,evidence_events,seed,p_contact_cross,p_group_cross,p_drop_crosscut,sticky_victims,msg_rate_1to1,msg_rate_group,groups,avg_group_size,proof_withhold_rate,proof_timeout_rate,invalid_proof_rate,wall_s,run_dir
permanent_fork,sth_proof,12000,6.0,5.0,0.003,0.1,0.02,3.0,False,,,0.0,0.0,,,,,,,,,0.10013250953909031,0.10013250953909031,0.0,0.0,0,0,44000,0.005,0.005,0.0,True,0.2,0.08,800,10,0.0,0.0,0.0,0.8533468246459961,C:/Users/efasllija/dev/gossip-poc/out_nb_incremental_clean0104/scenario_tradeoff_hard/final_rerun/permanent_fork_sth_proof_n12000_pg0p003_a0p1_ff0p02_s44000_drop0_pc0p005_pgc0p005
permanent_fork,sth_proof,12000,6.0,5.0,0.003,0.1,0.02,3.0,True,80.0,80.0,0.0,0.0,,,,,39593.0,,,,0.3717956599250015,0.3717956599250015,1.0,1.536853752996865e-05,1,1,44001,0.005,0.005,0.0,True,0.2,0.08,800,10,0.0,0.0,0.0,0.7898364067077637,C:/Users/efasllija/dev/gossip-poc/out_nb_incremental_clean0104/scenario_tradeoff_hard/final_rerun/permanent_fork_sth_proof_n12000_pg0p003_a0p1_ff0p02_s44001_drop0_pc0p005_pgc0p005
permanent_fork,sth_proof,12000,6.0,5.0,0.003,0.1,0.02,3.0,False,,,0.0,0.0,,,,,,,,,0.24578247154025512,0.24578247154025512,0.0,0.0,0,0,44002,0.005,0.005,0.0,True,0.2,0.08,800,10,0.0,0.0,0.0,0.785071849822998,C:/Users/efasllija/dev/gossip-poc/out_nb_incremental_clean0104/scenario_tradeoff_hard/final_rerun/permanent_fork_sth_proof_n12000_pg0p003_a0p1_ff0p02_s44002_drop0_pc0p005_pgc0p005
permanent_fork,sth_proof,12000,6.0,5.0,0.003,0.1,0.02,3.0,True,130.0,130.0,0.0,0.0,,,,,53307.0,,,,0.49194972473252313,0.49194972473252313,1.0,1.4839217082906706e-05,1,1,44003,0.005,0.005,0.0,True,0.2,0.08,800,10,0.0,0.0,0.0,0.8049962520599365,C:/Users/efasllija/dev/gossip-poc/out_nb_incremental_clean0104/scenario_tradeoff_hard/final_rerun/permanent_fork_sth_proof_n12000_pg0p003_a0p1_ff0p02_s44003_drop0_pc0p005_pgc0p005
permanent_fork,sth_proof,12000,6.0,5.0,0.003,0.1,0.02,3.0,False,,,0.0,0.0,,,,,,,,,0.5809200370484717,0.5809200370484717,0.0,0.0,0,0,44004,0.005,0.005,0.0,True,0.2,0.08,800,10,0.0,0.0,0.0,0.802746057510376,C:/Users/efasllija/dev/gossip-poc/out_nb_incremental_clean0104/scenario_tradeoff_hard/final_rerun/permanent_fork_sth_proof_n12000_pg0p003_a0p1_ff0p02_s44004_drop0_pc0p005_pgc0p005
permanent_fork,sth_proof,12000,6.0,5.0,0.003,0.1,0.02,3.0,True,5.0,5.0,0.0,0.0,,,,,28181.0,,,,0.10403181330004935,0.10403181330004935,1.0,1.4513366810832778e-05,1,1,44005,0.005,0.005,0.0,True,0.2,0.08,800,10,0.0,0.0,0.0,0.8101813793182373,C:/Users/efasllija/dev/gossip-poc/out_nb_incremental_clean0104/scenario_tradeoff_hard/final_rerun/permanent_fork_sth_proof_n12000_pg0p003_a0p1_ff0p02_s44005_drop0_pc0p005_pgc0p005
permanent_fork,sth_proof,12000,6.0,5.0,0.003,0.1,0.02,3.0,False,,,0.0,0.0,,,,,,,,,0.5249274823885801,0.5249274823885801,0.0,0.0,0,0,44006,0.005,0.005,0.0,True,0.2,0.08,800,10,0.0,0.0,0.0,0.8468914031982422,C:/Users/efasllija/dev/gossip-poc/out_nb_incremental_clean0104/scenario_tradeoff_hard/final_rerun/permanent_fork_sth_proof_n12000_pg0p003_a0p1_ff0p02_s44006_drop0_pc0p005_pgc0p005
permanent_fork,sth_proof,12000,6.0,5.0,0.003,0.1,0.02,3.0,False,,,0.0,0.0,,,,,,,,,0.18143867410199696,0.18143867410199696,0.0,0.0,0,0,44007,0.005,0.005,0.0,True,0.2,0.08,800,10,0.0,0.0,0.0,0.8697710037231445,C:/Users/efasllija/dev/gossip-poc/out_nb_incremental_clean0104/scenario_tradeoff_hard/final_rerun/permanent_fork_sth_proof_n12000_pg0p003_a0p1_ff0p02_s44007_drop0_pc0p005_pgc0p005
permanent_fork,sth_proof,12000,6.0,5.0,0.003,0.1,0.02,3.0,False,,,0.0,0.0,,,,,,,,,0.30283169975459584,0.30283169975459584,0.0,0.0,0,0,44008,0.005,0.005,0.0,True,0.2,0.08,800,10,0.0,0.0,0.0,0.836209774017334,C:/Users/efasllija/dev/gossip-poc/out_nb_incremental_clean0104/scenario_tradeoff_hard/final_rerun/permanent_fork_sth_proof_n12000_pg0p003_a0p1_ff0p02_s44008_drop0_pc0p005_pgc0p005
permanent_fork,sth_proof,12000,6.0,5.0,0.003,0.1,0.02,3.0,False,,,0.0,0.0,,,,,,,,,0.24981412639405204,0.24981412639405204,0.0,0.0,0,0,44009,0.005,0.005,0.0,True,0.2,0.08,800,10,0.0,0.0,0.0,0.8282308578491211,C:/Users/efasllija/dev/gossip-poc/out_nb_incremental_clean0104/scenario_tradeoff_hard/final_rerun/permanent_fork_sth_proof_n12000_pg0p003_a0p1_ff0p02_s44009_drop0_pc0p005_pgc0p005
permanent_fork,sth_proof,12000,6.0,5.0,0.003,0.1,0.02,3.0,True,10.0,10.0,0.0,0.0,,,,,27583.0,,,,0.5131094257854821,0.5131094257854821,1.0,1.547748026621266e-05,1,1,44010,0.005,0.005,0.0,True,0.2,0.08,800,10,0.0,0.0,0.0,0.8376891613006592,C:/Users/efasllija/dev/gossip-poc/out_nb_incremental_clean0104/scenario_tradeoff_hard/final_rerun/permanent_fork_sth_proof_n12000_pg0p003_a0p1_ff0p02_s44010_drop0_pc0p005_pgc0p005
permanent_fork,sth_proof,12000,6.0,5.0,0.003,0.1,0.02,3.0,False,,,0.0,0.0,,,,,,,,,0.24421932494435106,0.24421932494435106,0.0,0.0,0,0,44011,0.005,0.005,0.0,True,0.2,0.08,800,10,0.0,0.0,0.0,0.8178796768188477,C:/Users/efasllija/dev/gossip-poc/out_nb_incremental_clean0104/scenario_tradeoff_hard/final_rerun/permanent_fork_sth_proof_n12000_pg0p003_a0p1_ff0p02_s44011_drop0_pc0p005_pgc0p005
permanent_fork,sth_proof,12000,6.0,5.0,0.005,0.1,0.02,3.0,False,,,0.0,0.0,,,,,,,,,0.329006817057011,0.329006817057011,0.0,0.0,0,0,44000,0.005,0.005,0.0,True,0.2,0.08,800,10,0.0,0.0,0.0,0.8652517795562744,C:/Users/efasllija/dev/gossip-poc/out_nb_incremental_clean0104/scenario_tradeoff_hard/final_rerun/permanent_fork_sth_proof_n12000_pg0p005_a0p1_ff0p02_s44000_drop0_pc0p005_pgc0p005
permanent_fork,sth_proof,12000,6.0,5.0,0.005,0.1,0.02,3.0,True,80.0,80.0,0.0,0.0,,,,,39593.0,,,,0.5508083850740764,0.5508083850740764,1.0,1.536853752996865e-05,1,1,44001,0.005,0.005,0.0,True,0.2,0.08,800,10,0.0,0.0,0.0,0.8699493408203125,C:/Users/efasllija/dev/gossip-poc/out_nb_incremental_clean0104/scenario_tradeoff_hard/final_rerun/permanent_fork_sth_proof_n12000_pg0p005_a0p1_ff0p02_s44001_drop0_pc0p005_pgc0p005
permanent_fork,sth_proof,12000,6.0,5.0,0.005,0.1,0.02,3.0,True,85.0,85.0,0.0,0.0,,,,,41773.0,,,,0.5461832700894558,0.5461832700894558,2.0,3.047897712552767e-05,2,2,44002,0.005,0.005,0.0,True,0.2,0.08,800,10,0.0,0.0,0.0,0.8689627647399902,C:/Users/efasllija/dev/gossip-poc/out_nb_incremental_clean0104/scenario_tradeoff_hard/final_rerun/permanent_fork_sth_proof_n12000_pg0p005_a0p1_ff0p02_s44002_drop0_pc0p005_pgc0p005
permanent_fork,sth_proof,12000,6.0,5.0,0.005,0.1,0.02,3.0,True,130.0,130.0,0.0,0.0,,,,,53307.0,,,,0.5451334787576607,0.5451334787576607,1.0,1.4839217082906706e-05,1,1,44003,0.005,0.005,0.0,True,0.2,0.08,800,10,0.0,0.0,0.0,0.9156002998352051,C:/Users/efasllija/dev/gossip-poc/out_nb_incremental_clean0104/scenario_tradeoff_hard/final_rerun/permanent_fork_sth_proof_n12000_pg0p005_a0p1_ff0p02_s44003_drop0_pc0p005_pgc0p005
permanent_fork,sth_proof,12000,6.0,5.0,0.005,0.1,0.02,3.0,False,,,0.0,0.0,,,,,,,,,0.677740043223217,0.677740043223217,0.0,0.0,0,0,44004,0.005,0.005,0.0,True,0.2,0.08,800,10,0.0,0.0,0.0,0.8816499710083008,C:/Users/efasllija/dev/gossip-poc/out_nb_incremental_clean0104/scenario_tradeoff_hard/final_rerun/permanent_fork_sth_proof_n12000_pg0p005_a0p1_ff0p02_s44004_drop0_pc0p005_pgc0p005
permanent_fork,sth_proof,12000,6.0,5.0,0.005,0.1,0.02,3.0,True,5.0,5.0,0.0,0.0,,,,,28181.0,,,,0.14304374328756786,0.14304374328756786,1.0,1.4513366810832778e-05,1,1,44005,0.005,0.005,0.0,True,0.2,0.08,800,10,0.0,0.0,0.0,0.8945934772491455,C:/Users/efasllija/dev/gossip-poc/out_nb_incremental_clean0104/scenario_tradeoff_hard/final_rerun/permanent_fork_sth_proof_n12000_pg0p005_a0p1_ff0p02_s44005_drop0_pc0p005_pgc0p005
permanent_fork,sth_proof,12000,6.0,5.0,0.005,0.1,0.02,3.0,True,95.0,95.0,0.0,0.0,,,,,45740.0,,,,0.8065958875726962,0.8065958875726962,1.0,1.4289184516239657e-05,1,1,44006,0.005,0.005,0.0,True,0.2,0.08,800,10,0.0,0.0,0.0,0.8644309043884277,C:/Users/efasllija/dev/gossip-poc/out_nb_incremental_clean0104/scenario_tradeoff_hard/final_rerun/permanent_fork_sth_proof_n12000_pg0p005_a0p1_ff0p02_s44006_drop0_pc0p005_pgc0p005
permanent_fork,sth_proof,12000,6.0,5.0,0.005,0.1,0.02,3.0,False,,,0.0,0.0,,,,,,,,,0.3768341692887629,0.3768341692887629,0.0,0.0,0,0,44007,0.005,0.005,0.0,True,0.2,0.08,800,10,0.0,0.0,0.0,0.8609561920166016,C:/Users/efasllija/dev/gossip-poc/out_nb_incremental_clean0104/scenario_tradeoff_hard/final_rerun/permanent_fork_sth_proof_n12000_pg0p005_a0p1_ff0p02_s44007_drop0_pc0p005_pgc0p005
permanent_fork,sth_proof,12000,6.0,5.0,0.005,0.1,0.02,3.0,False,,,0.0,0.0,,,,,,,,,0.5529970169431749,0.5529970169431749,0.0,0.0,0,0,44008,0.005,0.005,0.0,True,0.2,0.08,800,10,0.0,0.0,0.0,0.8433692455291748,C:/Users/efasllija/dev/gossip-poc/out_nb_incremental_clean0104/scenario_tradeoff_hard/final_rerun/permanent_fork_sth_proof_n12000_pg0p005_a0p1_ff0p02_s44008_drop0_pc0p005_pgc0p005
permanent_fork,sth_proof,12000,6.0,5.0,0.005,0.1,0.02,3.0,True,70.0,70.0,0.0,0.0,,,,,37389.0,,,,0.43023543990086743,0.43023543990086743,1.0,1.5489467162329617e-05,1,1,44009,0.005,0.005,0.0,True,0.2,0.08,800,10,0.0,0.0,0.0,0.8757302761077881,C:/Users/efasllija/dev/gossip-poc/out_nb_incremental_clean0104/scenario_tradeoff_hard/final_rerun/permanent_fork_sth_proof_n12000_pg0p005_a0p1_ff0p02_s44009_drop0_pc0p005_pgc0p005
permanent_fork,sth_proof,12000,6.0,5.0,0.005,0.1,0.02,3.0,True,10.0,10.0,0.0,0.0,,,,,27583.0,,,,0.7072589382448538,0.7072589382448538,1.0,1.547748026621266e-05,1,1,44010,0.005,0.005,0.0,True,0.2,0.08,800,10,0.0,0.0,0.0,0.8125956058502197,C:/Users/efasllija/dev/gossip-poc/out_nb_incremental_clean0104/scenario_tradeoff_hard/final_rerun/permanent_fork_sth_proof_n12000_pg0p005_a0p1_ff0p02_s44010_drop0_pc0p005_pgc0p005
permanent_fork,sth_proof,12000,6.0,5.0,0.005,0.1,0.02,3.0,False,,,0.0,0.0,,,,,,,,,0.4070322082405851,0.4070322082405851,0.0,0.0,0,0,44011,0.005,0.005,0.0,True,0.2,0.08,800,10,0.0,0.0,0.0,0.8514981269836426,C:/Users/efasllija/dev/gossip-poc/out_nb_incremental_clean0104/scenario_tradeoff_hard/final_rerun/permanent_fork_sth_proof_n12000_pg0p005_a0p1_ff0p02_s44011_drop0_pc0p005_pgc0p005
permanent_fork,sth_proof,12000,6.0,5.0,0.008,0.1,0.02,3.0,False,,,0.0,0.0,,,,,,,,,0.40053003815636123,0.40053003815636123,0.0,0.0,0,0,44000,0.005,0.005,0.0,True,0.2,0.08,800,10,0.0,0.0,0.0,0.8367283344268799,C:/Users/efasllija/dev/gossip-poc/out_nb_incremental_clean0104/scenario_tradeoff_hard/final_rerun/permanent_fork_sth_proof_n12000_pg0p008_a0p1_ff0p02_s44000_drop0_pc0p005_pgc0p005
permanent_fork,sth_proof,12000,6.0,5.0,0.008,0.1,0.02,3.0,True,80.0,80.0,0.0,0.0,,,,,39593.0,,,,0.7986721583574107,0.7986721583574107,1.0,1.536853752996865e-05,1,1,44001,0.005,0.005,0.0,True,0.2,0.08,800,10,0.0,0.0,0.0,0.8466699123382568,C:/Users/efasllija/dev/gossip-poc/out_nb_incremental_clean0104/scenario_tradeoff_hard/final_rerun/permanent_fork_sth_proof_n12000_pg0p008_a0p1_ff0p02_s44001_drop0_pc0p005_pgc0p005
permanent_fork,sth_proof,12000,6.0,5.0,0.008,0.1,0.02,3.0,True,85.0,85.0,0.0,0.0,,,,,41773.0,,,,0.8056203233819473,0.8056203233819473,2.0,3.047897712552767e-05,2,2,44002,0.005,0.005,0.0,True,0.2,0.08,800,10,0.0,0.0,0.0,0.8731725215911865,C:/Users/efasllija/dev/gossip-poc/out_nb_incremental_clean0104/scenario_tradeoff_hard/final_rerun/permanent_fork_sth_proof_n12000_pg0p008_a0p1_ff0p02_s44002_drop0_pc0p005_pgc0p005
permanent_fork,sth_proof,12000,6.0,5.0,0.008,0.1,0.02,3.0,True,35.0,35.0,0.0,0.0,,,,,32485.0,,,,1.010491326477615,1.010491326477615,3.0,4.451765124872012e-05,3,3,44003,0.005,0.005,0.0,True,0.2,0.08,800,10,0.0,0.0,0.0,0.8351426124572754,C:/Users/efasllija/dev/gossip-poc/out_nb_incremental_clean0104/scenario_tradeoff_hard/final_rerun/permanent_fork_sth_proof_n12000_pg0p008_a0p1_ff0p02_s44003_drop0_pc0p005_pgc0p005
permanent_fork,sth_proof,12000,6.0,5.0,0.008,0.1,0.02,3.0,True,90.0,90.0,0.0,0.0,,,,,40698.0,,,,0.982031491200988,0.982031491200988,1.0,1.543686322939179e-05,1,1,44004,0.005,0.005,0.0,True,0.2,0.08,800,10,0.0,0.0,0.0,0.8721163272857666,C:/Users/efasllija/dev/gossip-poc/out_nb_incremental_clean0104/scenario_tradeoff_hard/final_rerun/permanent_fork_sth_proof_n12000_pg0p008_a0p1_ff0p02_s44004_drop0_pc0p005_pgc0p005
permanent_fork,sth_proof,12000,6.0,5.0,0.008,0.1,0.02,3.0,True,5.0,5.0,0.0,0.0,,,,,28181.0,,,,0.2470755565876172,0.2470755565876172,1.0,1.4513366810832778e-05,1,1,44005,0.005,0.005,0.0,True,0.2,0.08,800,10,0.0,0.0,0.0,0.87870192527771,C:/Users/efasllija/dev/gossip-poc/out_nb_incremental_clean0104/scenario_tradeoff_hard/final_rerun/permanent_fork_sth_proof_n12000_pg0p008_a0p1_ff0p02_s44005_drop0_pc0p005_pgc0p005
permanent_fork,sth_proof,12000,6.0,5.0,0.008,0.1,0.02,3.0,True,95.0,95.0,0.0,0.0,,,,,45740.0,,,,0.9090207621851021,0.9090207621851021,1.0,1.4289184516239657e-05,1,1,44006,0.005,0.005,0.0,True,0.2,0.08,800,10,0.0,0.0,0.0,0.8887569904327393,C:/Users/efasllija/dev/gossip-poc/out_nb_incremental_clean0104/scenario_tradeoff_hard/final_rerun/permanent_fork_sth_proof_n12000_pg0p008_a0p1_ff0p02_s44006_drop0_pc0p005_pgc0p005
permanent_fork,sth_proof,12000,6.0,5.0,0.008,0.1,0.02,3.0,True,120.0,120.0,0.0,0.0,,,,,48191.0,,,,1.0048911181033677,1.0048911181033677,2.0,3.1153618492787935e-05,2,2,44007,0.005,0.005,0.0,True,0.2,0.08,800,10,0.0,0.0,0.0,0.8664724826812744,C:/Users/efasllija/dev/gossip-poc/out_nb_incremental_clean0104/scenario_tradeoff_hard/final_rerun/permanent_fork_sth_proof_n12000_pg0p008_a0p1_ff0p02_s44007_drop0_pc0p005_pgc0p005
permanent_fork,sth_proof,12000,6.0,5.0,0.008,0.1,0.02,3.0,True,35.0,35.0,0.0,0.0,,,,,32694.0,,,,0.7504959515657375,0.7504959515657375,1.0,1.46948612070359e-05,1,1,44008,0.005,0.005,0.0,True,0.2,0.08,800,10,0.0,0.0,0.0,0.8634099960327148,C:/Users/efasllija/dev/gossip-poc/out_nb_incremental_clean0104/scenario_tradeoff_hard/final_rerun/permanent_fork_sth_proof_n12000_pg0p008_a0p1_ff0p02_s44008_drop0_pc0p005_pgc0p005
permanent_fork,sth_proof,12000,6.0,5.0,0.008,0.1,0.02,3.0,True,70.0,70.0,0.0,0.0,,,,,37389.0,,,,0.7633209417596035,0.7633209417596035,1.0,1.5489467162329617e-05,1,1,44009,0.005,0.005,0.0,True,0.2,0.08,800,10,0.0,0.0,0.0,0.8684413433074951,C:/Users/efasllija/dev/gossip-poc/out_nb_incremental_clean0104/scenario_tradeoff_hard/final_rerun/permanent_fork_sth_proof_n12000_pg0p008_a0p1_ff0p02_s44009_drop0_pc0p005_pgc0p005
permanent_fork,sth_proof,12000,6.0,5.0,0.008,0.1,0.02,3.0,True,10.0,10.0,0.0,0.0,,,,,27583.0,,,,1.5393282773564463,1.5393282773564463,1.0,1.547748026621266e-05,1,1,44010,0.005,0.005,0.0,True,0.2,0.08,800,10,0.0,0.0,0.0,0.8474454879760742,C:/Users/efasllija/dev/gossip-poc/out_nb_incremental_clean0104/scenario_tradeoff_hard/final_rerun/permanent_fork_sth_proof_n12000_pg0p008_a0p1_ff0p02_s44010_drop0_pc0p005_pgc0p005
permanent_fork,sth_proof,12000,6.0,5.0,0.008,0.1,0.02,3.0,True,95.0,95.0,0.0,0.0,,,,,42396.0,,,,0.8683353775799149,0.8683353775799149,3.0,4.54277018125653e-05,3,3,44011,0.005,0.005,0.0,True,0.2,0.08,800,10,0.0,0.0,0.0,0.8794844150543213,C:/Users/efasllija/dev/gossip-poc/out_nb_incremental_clean0104/scenario_tradeoff_hard/final_rerun/permanent_fork_sth_proof_n12000_pg0p008_a0p1_ff0p02_s44011_drop0_pc0p005_pgc0p005
permanent_fork,sth_proof,12000,6.0,5.0,0.012,0.1,0.02,3.0,False,,,0.0,0.0,,,,,,,,,1.1443715375896035,1.1443715375896035,0.0,0.0,0,0,44000,0.005,0.005,0.0,True,0.2,0.08,800,10,0.0,0.0,0.0,0.8395638465881348,C:/Users/efasllija/dev/gossip-poc/out_nb_incremental_clean0104/scenario_tradeoff_hard/final_rerun/permanent_fork_sth_proof_n12000_pg0p012_a0p1_ff0p02_s44000_drop0_pc0p005_pgc0p005
permanent_fork,sth_proof,12000,6.0,5.0,0.012,0.1,0.02,3.0,True,80.0,80.0,0.0,0.0,,,,,39593.0,,,,1.1842380279092641,1.1842380279092641,1.0,1.536853752996865e-05,1,1,44001,0.005,0.005,0.0,True,0.2,0.08,800,10,0.0,0.0,0.0,0.8521246910095215,C:/Users/efasllija/dev/gossip-poc/out_nb_incremental_clean0104/scenario_tradeoff_hard/final_rerun/permanent_fork_sth_proof_n12000_pg0p012_a0p1_ff0p02_s44001_drop0_pc0p005_pgc0p005
permanent_fork,sth_proof,12000,6.0,5.0,0.012,0.1,0.02,3.0,True,85.0,85.0,0.0,0.0,,,,,41773.0,,,,0.8465840686386565,0.8465840686386565,2.0,3.047897712552767e-05,2,2,44002,0.005,0.005,0.0,True,0.2,0.08,800,10,0.0,0.0,0.0,0.8949801921844482,C:/Users/efasllija/dev/gossip-poc/out_nb_incremental_clean0104/scenario_tradeoff_hard/final_rerun/permanent_fork_sth_proof_n12000_pg0p012_a0p1_ff0p02_s44002_drop0_pc0p005_pgc0p005
permanent_fork,sth_proof,12000,6.0,5.0,0.012,0.1,0.02,3.0,True,35.0,35.0,0.0,0.0,,,,,32485.0,,,,1.435961358678716,1.435961358678716,3.0,4.451765124872012e-05,3,3,44003,0.005,0.005,0.0,True,0.2,0.08,800,10,0.0,0.0,0.0,0.8547112941741943,C:/Users/efasllija/dev/gossip-poc/out_nb_incremental_clean0104/scenario_tradeoff_hard/final_rerun/permanent_fork_sth_proof_n12000_pg0p012_a0p1_ff0p02_s44003_drop0_pc0p005_pgc0p005
permanent_fork,sth_proof,12000,6.0,5.0,0.012,0.1,0.02,3.0,True,40.0,40.0,0.0,0.0,,,,,31197.0,,,,1.4384686631676444,1.4384686631676444,2.0,3.087372645878358e-05,2,2,44004,0.005,0.005,0.0,True,0.2,0.08,800,10,0.0,0.0,0.0,0.8668551445007324,C:/Users/efasllija/dev/gossip-poc/out_nb_incremental_clean0104/scenario_tradeoff_hard/final_rerun/permanent_fork_sth_proof_n12000_pg0p012_a0p1_ff0p02_s44004_drop0_pc0p005_pgc0p005
permanent_fork,sth_proof,12000,6.0,5.0,0.012,0.1,0.02,3.0,True,5.0,5.0,0.0,0.0,,,,,28181.0,,,,0.6632028097878145,0.6632028097878145,1.0,1.4513366810832778e-05,1,1,44005,0.005,0.005,0.0,True,0.2,0.08,800,10,0.0,0.0,0.0,0.855616569519043,C:/Users/efasllija/dev/gossip-poc/out_nb_incremental_clean0104/scenario_tradeoff_hard/final_rerun/permanent_fork_sth_proof_n12000_pg0p012_a0p1_ff0p02_s44005_drop0_pc0p005_pgc0p005
permanent_fork,sth_proof,12000,6.0,5.0,0.012,0.1,0.02,3.0,True,95.0,95.0,0.0,0.0,,,,,45740.0,,,,1.1778860580426675,1.1778860580426675,1.0,1.4289184516239657e-05,1,1,44006,0.005,0.005,0.0,True,0.2,0.08,800,10,0.0,0.0,0.0,0.9008114337921143,C:/Users/efasllija/dev/gossip-poc/out_nb_incremental_clean0104/scenario_tradeoff_hard/final_rerun/permanent_fork_sth_proof_n12000_pg0p012_a0p1_ff0p02_s44006_drop0_pc0p005_pgc0p005
permanent_fork,sth_proof,12000,6.0,5.0,0.012,0.1,0.02,3.0,True,120.0,120.0,0.0,0.0,,,,,48191.0,,,,1.7027321723418174,1.7027321723418174,2.0,3.1153618492787935e-05,2,2,44007,0.005,0.005,0.0,True,0.2,0.08,800,10,0.0,0.0,0.0,0.8879148960113525,C:/Users/efasllija/dev/gossip-poc/out_nb_incremental_clean0104/scenario_tradeoff_hard/final_rerun/permanent_fork_sth_proof_n12000_pg0p012_a0p1_ff0p02_s44007_drop0_pc0p005_pgc0p005
permanent_fork,sth_proof,12000,6.0,5.0,0.012,0.1,0.02,3.0,True,35.0,35.0,0.0,0.0,,,,,32694.0,,,,1.3693259467164334,1.3693259467164334,4.0,5.87794448281436e-05,4,4,44008,0.005,0.005,0.0,True,0.2,0.08,800,10,0.0,0.0,0.0,0.8762316703796387,C:/Users/efasllija/dev/gossip-poc/out_nb_incremental_clean0104/scenario_tradeoff_hard/final_rerun/permanent_fork_sth_proof_n12000_pg0p012_a0p1_ff0p02_s44008_drop0_pc0p005_pgc0p005
permanent_fork,sth_proof,12000,6.0,5.0,0.012,0.1,0.02,3.0,True,70.0,70.0,0.0,0.0,,,,,37389.0,,,,0.9021065675340768,0.9021065675340768,1.0,1.5489467162329617e-05,1,1,44009,0.005,0.005,0.0,True,0.2,0.08,800,10,0.0,0.0,0.0,0.8688273429870605,C:/Users/efasllija/dev/gossip-poc/out_nb_incremental_clean0104/scenario_tradeoff_hard/final_rerun/permanent_fork_sth_proof_n12000_pg0p012_a0p1_ff0p02_s44009_drop0_pc0p005_pgc0p005
permanent_fork,sth_proof,12000,6.0,5.0,0.012,0.1,0.02,3.0,True,10.0,10.0,0.0,0.0,,,,,27583.0,,,,1.6641386782231853,1.6641386782231853,1.0,1.547748026621266e-05,1,1,44010,0.005,0.005,0.0,True,0.2,0.08,800,10,0.0,0.0,0.0,0.8812029361724854,C:/Users/efasllija/dev/gossip-poc/out_nb_incremental_clean0104/scenario_tradeoff_hard/final_rerun/permanent_fork_sth_proof_n12000_pg0p012_a0p1_ff0p02_s44010_drop0_pc0p005_pgc0p005
permanent_fork,sth_proof,12000,6.0,5.0,0.012,0.1,0.02,3.0,True,95.0,95.0,0.0,0.0,,,,,42396.0,,,,1.0175805206014628,1.0175805206014628,3.0,4.54277018125653e-05,3,3,44011,0.005,0.005,0.0,True,0.2,0.08,800,10,0.0,0.0,0.0,0.8842422962188721,C:/Users/efasllija/dev/gossip-poc/out_nb_incremental_clean0104/scenario_tradeoff_hard/final_rerun/permanent_fork_sth_proof_n12000_pg0p012_a0p1_ff0p02_s44011_drop0_pc0p005_pgc0p005
permanent_fork,sth_proof,12000,6.0,5.0,0.02,0.1,0.02,3.0,True,45.0,45.0,0.0,0.0,,,,,32918.0,,,,1.4876829988664846,1.4876829988664846,2.0,3.193000941935278e-05,2,2,44000,0.005,0.005,0.0,True,0.2,0.08,800,10,0.0,0.0,0.0,0.8560492992401123,C:/Users/efasllija/dev/gossip-poc/out_nb_incremental_clean0104/scenario_tradeoff_hard/final_rerun/permanent_fork_sth_proof_n12000_pg0p02_a0p1_ff0p02_s44000_drop0_pc0p005_pgc0p005
permanent_fork,sth_proof,12000,6.0,5.0,0.02,0.1,0.02,3.0,True,80.0,80.0,0.0,0.0,,,,,39593.0,,,,2.0517612344009346,2.0517612344009346,1.0,1.536853752996865e-05,1,1,44001,0.005,0.005,0.0,True,0.2,0.08,800,10,0.0,0.0,0.0,0.8753139972686768,C:/Users/efasllija/dev/gossip-poc/out_nb_incremental_clean0104/scenario_tradeoff_hard/final_rerun/permanent_fork_sth_proof_n12000_pg0p02_a0p1_ff0p02_s44001_drop0_pc0p005_pgc0p005
permanent_fork,sth_proof,12000,6.0,5.0,0.02,0.1,0.02,3.0,True,85.0,85.0,0.0,0.0,,,,,41773.0,,,,1.4473856657370578,1.4473856657370578,2.0,3.047897712552767e-05,2,2,44002,0.005,0.005,0.0,True,0.2,0.08,800,10,0.0,0.0,0.0,0.8575394153594971,C:/Users/efasllija/dev/gossip-poc/out_nb_incremental_clean0104/scenario_tradeoff_hard/final_rerun/permanent_fork_sth_proof_n12000_pg0p02_a0p1_ff0p02_s44002_drop0_pc0p005_pgc0p005
permanent_fork,sth_proof,12000,6.0,5.0,0.02,0.1,0.02,3.0,True,35.0,35.0,0.0,0.0,,,,,32485.0,,,,1.7816557598421108,1.7816557598421108,3.0,4.451765124872012e-05,3,3,44003,0.005,0.005,0.0,True,0.2,0.08,800,10,0.0,0.0,0.0,0.8676700592041016,C:/Users/efasllija/dev/gossip-poc/out_nb_incremental_clean0104/scenario_tradeoff_hard/final_rerun/permanent_fork_sth_proof_n12000_pg0p02_a0p1_ff0p02_s44003_drop0_pc0p005_pgc0p005
permanent_fork,sth_proof,12000,6.0,5.0,0.02,0.1,0.02,3.0,True,10.0,10.0,0.0,0.0,,,,,26252.0,,,,2.2268601420191416,2.2268601420191416,4.0,6.174745291756716e-05,4,4,44004,0.005,0.005,0.0,True,0.2,0.08,800,10,0.0,0.0,0.0,0.8605983257293701,C:/Users/efasllija/dev/gossip-poc/out_nb_incremental_clean0104/scenario_tradeoff_hard/final_rerun/permanent_fork_sth_proof_n12000_pg0p02_a0p1_ff0p02_s44004_drop0_pc0p005_pgc0p005
permanent_fork,sth_proof,12000,6.0,5.0,0.02,0.1,0.02,3.0,True,5.0,5.0,0.0,0.0,,,,,28181.0,,,,0.8062465530753824,0.8062465530753824,1.0,1.4513366810832778e-05,1,1,44005,0.005,0.005,0.0,True,0.2,0.08,800,10,0.0,0.0,0.0,0.8755912780761719,C:/Users/efasllija/dev/gossip-poc/out_nb_incremental_clean0104/scenario_tradeoff_hard/final_rerun/permanent_fork_sth_proof_n12000_pg0p02_a0p1_ff0p02_s44005_drop0_pc0p005_pgc0p005
permanent_fork,sth_proof,12000,6.0,5.0,0.02,0.1,0.02,3.0,True,90.0,90.0,0.0,0.0,,,,,44509.0,,,,1.9972850549419146,1.9972850549419146,2.0,2.8578369032479315e-05,2,2,44006,0.005,0.005,0.0,True,0.2,0.08,800,10,0.0,0.0,0.0,0.8993120193481445,C:/Users/efasllija/dev/gossip-poc/out_nb_incremental_clean0104/scenario_tradeoff_hard/final_rerun/permanent_fork_sth_proof_n12000_pg0p02_a0p1_ff0p02_s44006_drop0_pc0p005_pgc0p005
permanent_fork,sth_proof,12000,6.0,5.0,0.02,0.1,0.02,3.0,True,80.0,80.0,0.0,0.0,,,,,38920.0,,,,2.4005732265802675,2.4005732265802675,3.0,4.6730427739181905e-05,3,3,44007,0.005,0.005,0.0,True,0.2,0.08,800,10,0.0,0.0,0.0,0.869739294052124,C:/Users/efasllija/dev/gossip-poc/out_nb_incremental_clean0104/scenario_tradeoff_hard/final_rerun/permanent_fork_sth_proof_n12000_pg0p02_a0p1_ff0p02_s44007_drop0_pc0p005_pgc0p005
permanent_fork,sth_proof,12000,6.0,5.0,0.02,0.1,0.02,3.0,True,35.0,35.0,0.0,0.0,,,,,32694.0,,,,2.0144891331501373,2.0144891331501373,7.0,0.00010286402844925129,7,7,44008,0.005,0.005,0.0,True,0.2,0.08,800,10,0.0,0.0,0.0,0.8630368709564209,C:/Users/efasllija/dev/gossip-poc/out_nb_incremental_clean0104/scenario_tradeoff_hard/final_rerun/permanent_fork_sth_proof_n12000_pg0p02_a0p1_ff0p02_s44008_drop0_pc0p005_pgc0p005
permanent_fork,sth_proof,12000,6.0,5.0,0.02,0.1,0.02,3.0,True,70.0,70.0,0.0,0.0,,,,,37389.0,,,,1.4294919454770756,1.4294919454770756,1.0,1.5489467162329617e-05,1,1,44009,0.005,0.005,0.0,True,0.2,0.08,800,10,0.0,0.0,0.0,0.870373010635376,C:/Users/efasllija/dev/gossip-poc/out_nb_incremental_clean0104/scenario_tradeoff_hard/final_rerun/permanent_fork_sth_proof_n12000_pg0p02_a0p1_ff0p02_s44009_drop0_pc0p005_pgc0p005
permanent_fork,sth_proof,12000,6.0,5.0,0.02,0.1,0.02,3.0,True,10.0,10.0,0.0,0.0,,,,,27583.0,,,,2.426868905742145,2.426868905742145,1.0,1.547748026621266e-05,1,1,44010,0.005,0.005,0.0,True,0.2,0.08,800,10,0.0,0.0,0.0,0.8659806251525879,C:/Users/efasllija/dev/gossip-poc/out_nb_incremental_clean0104/scenario_tradeoff_hard/final_rerun/permanent_fork_sth_proof_n12000_pg0p02_a0p1_ff0p02_s44010_drop0_pc0p005_pgc0p005
permanent_fork,sth_proof,12000,6.0,5.0,0.02,0.1,0.02,3.0,True,85.0,85.0,0.0,0.0,,,,,40234.0,,,,1.750238495434516,1.750238495434516,6.0,9.08554036251306e-05,6,6,44011,0.005,0.005,0.0,True,0.2,0.08,800,10,0.0,0.0,0.0,0.8563017845153809,C:/Users/efasllija/dev/gossip-poc/out_nb_incremental_clean0104/scenario_tradeoff_hard/final_rerun/permanent_fork_sth_proof_n12000_pg0p02_a0p1_ff0p02_s44011_drop0_pc0p005_pgc0p005
permanent_fork,sth_proof,12000,6.0,5.0,0.03,0.1,0.02,3.0,True,45.0,45.0,0.0,0.0,,,,,32918.0,,,,2.3173523636189475,2.3173523636189475,14.0,0.00022351006593546944,14,14,44000,0.005,0.005,0.0,True,0.2,0.08,800,10,0.0,0.0,0.0,0.8709063529968262,C:/Users/efasllija/dev/gossip-poc/out_nb_incremental_clean0104/scenario_tradeoff_hard/final_rerun/permanent_fork_sth_proof_n12000_pg0p03_a0p1_ff0p02_s44000_drop0_pc0p005_pgc0p005
permanent_fork,sth_proof,12000,6.0,5.0,0.03,0.1,0.02,3.0,True,80.0,80.0,0.0,0.0,,,,,39593.0,,,,3.0845269564148277,3.0845269564148277,2.0,3.07370750599373e-05,2,2,44001,0.005,0.005,0.0,True,0.2,0.08,800,10,0.0,0.0,0.0,0.8815066814422607,C:/Users/efasllija/dev/gossip-poc/out_nb_incremental_clean0104/scenario_tradeoff_hard/final_rerun/permanent_fork_sth_proof_n12000_pg0p03_a0p1_ff0p02_s44001_drop0_pc0p005_pgc0p005
permanent_fork,sth_proof,12000,6.0,5.0,0.03,0.1,0.02,3.0,True,85.0,85.0,0.0,0.0,,,,,41773.0,,,,2.7855346774562246,2.7855346774562246,6.0,9.1436931376583e-05,6,6,44002,0.005,0.005,0.0,True,0.2,0.08,800,10,0.0,0.0,0.0,0.902416467666626,C:/Users/efasllija/dev/gossip-poc/out_nb_incremental_clean0104/scenario_tradeoff_hard/final_rerun/permanent_fork_sth_proof_n12000_pg0p03_a0p1_ff0p02_s44002_drop0_pc0p005_pgc0p005
permanent_fork,sth_proof,12000,6.0,5.0,0.03,0.1,0.02,3.0,True,35.0,35.0,0.0,0.0,,,,,32485.0,,,,2.313493300093487,2.313493300093487,5.0,7.419608541453352e-05,5,5,44003,0.005,0.005,0.0,True,0.2,0.08,800,10,0.0,0.0,0.0,0.9220216274261475,C:/Users/efasllija/dev/gossip-poc/out_nb_incremental_clean0104/scenario_tradeoff_hard/final_rerun/permanent_fork_sth_proof_n12000_pg0p03_a0p1_ff0p02_s44003_drop0_pc0p005_pgc0p005
permanent_fork,sth_proof,12000,6.0,5.0,0.03,0.1,0.02,3.0,True,10.0,10.0,0.0,0.0,,,,,26252.0,,,,2.8631058968817538,2.8631058968817538,5.0,7.718431614695894e-05,5,5,44004,0.005,0.005,0.0,True,0.2,0.08,800,10,0.0,0.0,0.0,0.891542911529541,C:/Users/efasllija/dev/gossip-poc/out_nb_incremental_clean0104/scenario_tradeoff_hard/final_rerun/permanent_fork_sth_proof_n12000_pg0p03_a0p1_ff0p02_s44004_drop0_pc0p005_pgc0p005
permanent_fork,sth_proof,12000,6.0,5.0,0.03,0.1,0.02,3.0,True,5.0,5.0,0.0,0.0,,,,,28181.0,,,,1.5734811761632463,1.5734811761632463,1.0,1.4513366810832778e-05,1,1,44005,0.005,0.005,0.0,True,0.2,0.08,800,10,0.0,0.0,0.0,0.8904764652252197,C:/Users/efasllija/dev/gossip-poc/out_nb_incremental_clean0104/scenario_tradeoff_hard/final_rerun/permanent_fork_sth_proof_n12000_pg0p03_a0p1_ff0p02_s44005_drop0_pc0p005_pgc0p005
permanent_fork,sth_proof,12000,6.0,5.0,0.03,0.1,0.02,3.0,True,90.0,90.0,0.0,0.0,,,,,44509.0,,,,2.6630467399225526,2.6630467399225526,2.0,2.8578369032479315e-05,2,2,44006,0.005,0.005,0.0,True,0.2,0.08,800,10,0.0,0.0,0.0,0.8936374187469482,C:/Users/efasllija/dev/gossip-poc/out_nb_incremental_clean0104/scenario_tradeoff_hard/final_rerun/permanent_fork_sth_proof_n12000_pg0p03_a0p1_ff0p02_s44006_drop0_pc0p005_pgc0p005
permanent_fork,sth_proof,12000,6.0,5.0,0.03,0.1,0.02,3.0,True,80.0,80.0,0.0,0.0,,,,,38920.0,,,,3.447334807937942,3.447334807937942,5.0,7.788404623196985e-05,5,5,44007,0.005,0.005,0.0,True,0.2,0.08,800,10,0.0,0.0,0.0,0.8999030590057373,C:/Users/efasllija/dev/gossip-poc/out_nb_incremental_clean0104/scenario_tradeoff_hard/final_rerun/permanent_fork_sth_proof_n12000_pg0p03_a0p1_ff0p02_s44007_drop0_pc0p005_pgc0p005
permanent_fork,sth_proof,12000,6.0,5.0,0.03,0.1,0.02,3.0,True,35.0,35.0,0.0,0.0,,,,,32694.0,,,,3.2258159321685205,3.2258159321685205,7.0,0.00010286402844925129,7,7,44008,0.005,0.005,0.0,True,0.2,0.08,800,10,0.0,0.0,0.0,0.9135122299194336,C:/Users/efasllija/dev/gossip-poc/out_nb_incremental_clean0104/scenario_tradeoff_hard/final_rerun/permanent_fork_sth_proof_n12000_pg0p03_a0p1_ff0p02_s44008_drop0_pc0p005_pgc0p005
permanent_fork,sth_proof,12000,6.0,5.0,0.03,0.1,0.02,3.0,True,70.0,70.0,0.0,0.0,,,,,37389.0,,,,2.55365551425031,2.55365551425031,11.0,0.00017038413878562577,11,11,44009,0.005,0.005,0.0,True,0.2,0.08,800,10,0.0,0.0,0.0,1.5492992401123047,C:/Users/efasllija/dev/gossip-poc/out_nb_incremental_clean0104/scenario_tradeoff_hard/final_rerun/permanent_fork_sth_proof_n12000_pg0p03_a0p1_ff0p02_s44009_drop0_pc0p005_pgc0p005
permanent_fork,sth_proof,12000,6.0,5.0,0.03,0.1,0.02,3.0,True,10.0,10.0,0.0,0.0,,,,,27583.0,,,,3.037053087757313,3.037053087757313,1.0,1.547748026621266e-05,1,1,44010,0.005,0.005,0.0,True,0.2,0.08,800,10,0.0,0.0,0.0,0.9881918430328369,C:/Users/efasllija/dev/gossip-poc/out_nb_incremental_clean0104/scenario_tradeoff_hard/final_rerun/permanent_fork_sth_proof_n12000_pg0p03_a0p1_ff0p02_s44010_drop0_pc0p005_pgc0p005
permanent_fork,sth_proof,12000,6.0,5.0,0.03,0.1,0.02,3.0,True,85.0,85.0,0.0,0.0,,,,,40234.0,,,,2.2522448855979045,2.2522448855979045,6.0,9.08554036251306e-05,6,6,44011,0.005,0.005,0.0,True,0.2,0.08,800,10,0.0,0.0,0.0,0.8925907611846924,C:/Users/efasllija/dev/gossip-poc/out_nb_incremental_clean0104/scenario_tradeoff_hard/final_rerun/permanent_fork_sth_proof_n12000_pg0p03_a0p1_ff0p02_s44011_drop0_pc0p005_pgc0p005
permanent_fork,sth_proof,12000,6.0,5.0,0.05,0.1,0.02,3.0,True,45.0,45.0,0.0,0.0,,,,,32918.0,,,,4.134042179542443,4.134042179542443,14.0,0.00022351006593546944,14,14,44000,0.005,0.005,0.0,True,0.2,0.08,800,10,0.0,0.0,0.0,0.8787193298339844,C:/Users/efasllija/dev/gossip-poc/out_nb_incremental_clean0104/scenario_tradeoff_hard/final_rerun/permanent_fork_sth_proof_n12000_pg0p05_a0p1_ff0p02_s44000_drop0_pc0p005_pgc0p005
permanent_fork,sth_proof,12000,6.0,5.0,0.05,0.1,0.02,3.0,True,80.0,80.0,0.0,0.0,,,,,39593.0,,,,4.434007499846315,4.434007499846315,3.0,4.6105612589905946e-05,3,3,44001,0.005,0.005,0.0,True,0.2,0.08,800,10,0.0,0.0,0.0,0.8933389186859131,C:/Users/efasllija/dev/gossip-poc/out_nb_incremental_clean0104/scenario_tradeoff_hard/final_rerun/permanent_fork_sth_proof_n12000_pg0p05_a0p1_ff0p02_s44001_drop0_pc0p005_pgc0p005
permanent_fork,sth_proof,12000,6.0,5.0,0.05,0.1,0.02,3.0,True,85.0,85.0,0.0,0.0,,,,,41773.0,,,,4.874685685548393,4.874685685548393,6.0,9.1436931376583e-05,6,6,44002,0.005,0.005,0.0,True,0.2,0.08,800,10,0.0,0.0,0.0,0.8934311866760254,C:/Users/efasllija/dev/gossip-poc/out_nb_incremental_clean0104/scenario_tradeoff_hard/final_rerun/permanent_fork_sth_proof_n12000_pg0p05_a0p1_ff0p02_s44002_drop0_pc0p005_pgc0p005
permanent_fork,sth_proof,12000,6.0,5.0,0.05,0.1,0.02,3.0,True,35.0,35.0,0.0,0.0,,,,,32485.0,,,,4.095149059935598,4.095149059935598,5.0,7.419608541453352e-05,5,5,44003,0.005,0.005,0.0,True,0.2,0.08,800,10,0.0,0.0,0.0,0.90252685546875,C:/Users/efasllija/dev/gossip-poc/out_nb_incremental_clean0104/scenario_tradeoff_hard/final_rerun/permanent_fork_sth_proof_n12000_pg0p05_a0p1_ff0p02_s44003_drop0_pc0p005_pgc0p005
permanent_fork,sth_proof,12000,6.0,5.0,0.05,0.1,0.02,3.0,True,10.0,10.0,0.0,0.0,,,,,26252.0,,,,5.006977462179685,5.006977462179685,7.0,0.00010805804260574252,7,7,44004,0.005,0.005,0.0,True,0.2,0.08,800,10,0.0,0.0,0.0,0.9048800468444824,C:/Users/efasllija/dev/gossip-poc/out_nb_incremental_clean0104/scenario_tradeoff_hard/final_rerun/permanent_fork_sth_proof_n12000_pg0p05_a0p1_ff0p02_s44004_drop0_pc0p005_pgc0p005
permanent_fork,sth_proof,12000,6.0,5.0,0.05,0.1,0.02,3.0,True,5.0,5.0,0.0,0.0,,,,,28181.0,,,,3.3680299555890976,3.3680299555890976,4.0,5.805346724333111e-05,4,4,44005,0.005,0.005,0.0,True,0.2,0.08,800,10,0.0,0.0,0.0,0.8987157344818115,C:/Users/efasllija/dev/gossip-poc/out_nb_incremental_clean0104/scenario_tradeoff_hard/final_rerun/permanent_fork_sth_proof_n12000_pg0p05_a0p1_ff0p02_s44005_drop0_pc0p005_pgc0p005
permanent_fork,sth_proof,12000,6.0,5.0,0.05,0.1,0.02,3.0,True,60.0,60.0,0.0,0.0,,,,,38220.0,,,,4.698741122844119,4.698741122844119,7.0,0.00010002429161367761,7,7,44006,0.005,0.005,0.0,True,0.2,0.08,800,10,0.0,0.0,0.0,0.8991589546203613,C:/Users/efasllija/dev/gossip-poc/out_nb_incremental_clean0104/scenario_tradeoff_hard/final_rerun/permanent_fork_sth_proof_n12000_pg0p05_a0p1_ff0p02_s44006_drop0_pc0p005_pgc0p005
permanent_fork,sth_proof,12000,6.0,5.0,0.05,0.1,0.02,3.0,True,15.0,15.0,0.0,0.0,,,,,27512.0,,,,5.0523692326863765,5.0523692326863765,9.0,0.00014019128321754573,9,9,44007,0.005,0.005,0.0,True,0.2,0.08,800,10,0.0,0.0,0.0,0.9119842052459717,C:/Users/efasllija/dev/gossip-poc/out_nb_incremental_clean0104/scenario_tradeoff_hard/final_rerun/permanent_fork_sth_proof_n12000_pg0p05_a0p1_ff0p02_s44007_drop0_pc0p005_pgc0p005
permanent_fork,sth_proof,12000,6.0,5.0,0.05,0.1,0.02,3.0,True,35.0,35.0,0.0,0.0,,,,,32694.0,,,,4.529308900677433,4.529308900677433,8.0,0.0001175588896562872,8,8,44008,0.005,0.005,0.0,True,0.2,0.08,800,10,0.0,0.0,0.0,0.897932767868042,C:/Users/efasllija/dev/gossip-poc/out_nb_incremental_clean0104/scenario_tradeoff_hard/final_rerun/permanent_fork_sth_proof_n12000_pg0p05_a0p1_ff0p02_s44008_drop0_pc0p005_pgc0p005
permanent_fork,sth_proof,12000,6.0,5.0,0.05,0.1,0.02,3.0,True,70.0,70.0,0.0,0.0,,,,,37389.0,,,,3.566790582403965,3.566790582403965,12.0,0.0001858736059479554,12,12,44009,0.005,0.005,0.0,True,0.2,0.08,800,10,0.0,0.0,0.0,0.9005331993103027,C:/Users/efasllija/dev/gossip-poc/out_nb_incremental_clean0104/scenario_tradeoff_hard/final_rerun/permanent_fork_sth_proof_n12000_pg0p05_a0p1_ff0p02_s44009_drop0_pc0p005_pgc0p005
permanent_fork,sth_proof,12000,6.0,5.0,0.05,0.1,0.02,3.0,True,10.0,10.0,0.0,0.0,,,,,27583.0,,,,5.57486457204767,5.57486457204767,6.0,9.286488159727596e-05,6,6,44010,0.005,0.005,0.0,True,0.2,0.08,800,10,0.0,0.0,0.0,0.8907949924468994,C:/Users/efasllija/dev/gossip-poc/out_nb_incremental_clean0104/scenario_tradeoff_hard/final_rerun/permanent_fork_sth_proof_n12000_pg0p05_a0p1_ff0p02_s44010_drop0_pc0p005_pgc0p005
permanent_fork,sth_proof,12000,6.0,5.0,0.05,0.1,0.02,3.0,True,85.0,85.0,0.0,0.0,,,,,40234.0,,,,4.1517285240539685,4.1517285240539685,22.0,0.0003331364799588122,22,22,44011,0.005,0.005,0.0,True,0.2,0.08,800,10,0.0,0.0,0.0,0.9008243083953857,C:/Users/efasllija/dev/gossip-poc/out_nb_incremental_clean0104/scenario_tradeoff_hard/final_rerun/permanent_fork_sth_proof_n12000_pg0p05_a0p1_ff0p02_s44011_drop0_pc0p005_pgc0p005
permanent_fork,sth_proof,12000,6.0,5.0,0.003,0.2,0.02,3.0,False,,,0.0,0.0,,,,,,,,,0.41488104742136356,0.41488104742136356,0.0,0.0,0,0,44000,0.005,0.005,0.0,True,0.2,0.08,800,10,0.0,0.0,0.0,0.8684864044189453,C:/Users/efasllija/dev/gossip-poc/out_nb_incremental_clean0104/scenario_tradeoff_hard/final_rerun/permanent_fork_sth_proof_n12000_pg0p003_a0p2_ff0p02_s44000_drop0_pc0p005_pgc0p005
permanent_fork,sth_proof,12000,6.0,5.0,0.003,0.2,0.02,3.0,False,,,0.0,0.0,,,,,,,,,0.4425989101742795,0.4425989101742795,0.0,0.0,0,0,44001,0.005,0.005,0.0,True,0.2,0.08,800,10,0.0,0.0,0.0,0.8878858089447021,C:/Users/efasllija/dev/gossip-poc/out_nb_incremental_clean0104/scenario_tradeoff_hard/final_rerun/permanent_fork_sth_proof_n12000_pg0p003_a0p2_ff0p02_s44001_drop0_pc0p005_pgc0p005
permanent_fork,sth_proof,12000,6.0,5.0,0.003,0.2,0.02,3.0,False,,,0.0,0.0,,,,,,,,,0.1447240903350856,0.1447240903350856,0.0,0.0,0,0,44002,0.005,0.005,0.0,True,0.2,0.08,800,10,0.0,0.0,0.0,0.899566650390625,C:/Users/efasllija/dev/gossip-poc/out_nb_incremental_clean0104/scenario_tradeoff_hard/final_rerun/permanent_fork_sth_proof_n12000_pg0p003_a0p2_ff0p02_s44002_drop0_pc0p005_pgc0p005
permanent_fork,sth_proof,12000,6.0,5.0,0.003,0.2,0.02,3.0,False,,,0.0,0.0,,,,,,,,,0.2712233809084167,0.2712233809084167,0.0,0.0,0,0,44003,0.005,0.005,0.0,True,0.2,0.08,800,10,0.0,0.0,0.0,0.8900845050811768,C:/Users/efasllija/dev/gossip-poc/out_nb_incremental_clean0104/scenario_tradeoff_hard/final_rerun/permanent_fork_sth_proof_n12000_pg0p003_a0p2_ff0p02_s44003_drop0_pc0p005_pgc0p005
permanent_fork,sth_proof,12000,6.0,5.0,0.003,0.2,0.02,3.0,True,25.0,25.0,0.0,0.0,,,,,28635.0,,,,1.4000433181719731,1.4000433181719731,2.0,3.094155140938767e-05,2,2,44004,0.005,0.005,0.0,True,0.2,0.08,800,10,0.0,0.0,0.0,0.8920519351959229,C:/Users/efasllija/dev/gossip-poc/out_nb_incremental_clean0104/scenario_tradeoff_hard/final_rerun/permanent_fork_sth_proof_n12000_pg0p003_a0p2_ff0p02_s44004_drop0_pc0p005_pgc0p005
permanent_fork,sth_proof,12000,6.0,5.0,0.003,0.2,0.02,3.0,False,,,0.0,0.0,,,,,,,,,0.25937934228809634,0.25937934228809634,0.0,0.0,0,0,44005,0.005,0.005,0.0,True,0.2,0.08,800,10,0.0,0.0,0.0,0.8905229568481445,C:/Users/efasllija/dev/gossip-poc/out_nb_incremental_clean0104/scenario_tradeoff_hard/final_rerun/permanent_fork_sth_proof_n12000_pg0p003_a0p2_ff0p02_s44005_drop0_pc0p005_pgc0p005
permanent_fork,sth_proof,12000,6.0,5.0,0.003,0.2,0.02,3.0,True,165.0,165.0,0.0,0.0,,,,,65524.0,,,,0.7027655124331862,0.7027655124331862,9.0,0.00013072275156867302,9,9,44006,0.005,0.005,0.0,True,0.2,0.08,800,10,0.0,0.0,0.0,0.9198081493377686,C:/Users/efasllija/dev/gossip-poc/out_nb_incremental_clean0104/scenario_tradeoff_hard/final_rerun/permanent_fork_sth_proof_n12000_pg0p003_a0p2_ff0p02_s44006_drop0_pc0p005_pgc0p005
permanent_fork,sth_proof,12000,6.0,5.0,0.003,0.2,0.02,3.0,False,,,0.0,0.0,,,,,,,,,0.17966713454982955,0.17966713454982955,0.0,0.0,0,0,44007,0.005,0.005,0.0,True,0.2,0.08,800,10,0.0,0.0,0.0,0.8980371952056885,C:/Users/efasllija/dev/gossip-poc/out_nb_incremental_clean0104/scenario_tradeoff_hard/final_rerun/permanent_fork_sth_proof_n12000_pg0p003_a0p2_ff0p02_s44007_drop0_pc0p005_pgc0p005
permanent_fork,sth_proof,12000,6.0,5.0,0.003,0.2,0.02,3.0,False,,,0.0,0.0,,,,,,,,,0.7156020291955689,0.7156020291955689,0.0,0.0,0,0,44008,0.005,0.005,0.0,True,0.2,0.08,800,10,0.0,0.0,0.0,0.8852448463439941,C:/Users/efasllija/dev/gossip-poc/out_nb_incremental_clean0104/scenario_tradeoff_hard/final_rerun/permanent_fork_sth_proof_n12000_pg0p003_a0p2_ff0p02_s44008_drop0_pc0p005_pgc0p005
permanent_fork,sth_proof,12000,6.0,5.0,0.003,0.2,0.02,3.0,False,,,0.0,0.0,,,,,,,,,0.2628661427049396,0.2628661427049396,0.0,0.0,0,0,44009,0.005,0.005,0.0,True,0.2,0.08,800,10,0.0,0.0,0.0,0.883737325668335,C:/Users/efasllija/dev/gossip-poc/out_nb_incremental_clean0104/scenario_tradeoff_hard/final_rerun/permanent_fork_sth_proof_n12000_pg0p003_a0p2_ff0p02_s44009_drop0_pc0p005_pgc0p005
permanent_fork,sth_proof,12000,6.0,5.0,0.003,0.2,0.02,3.0,True,0.0,0.0,0.0,0.0,,,,,26067.0,,,,0.722121479828273,0.722121479828273,11.0,0.00017048712822181924,11,11,44010,0.005,0.005,0.0,True,0.2,0.08,800,10,0.0,0.0,0.0,0.9244270324707031,C:/Users/efasllija/dev/gossip-poc/out_nb_incremental_clean0104/scenario_tradeoff_hard/final_rerun/permanent_fork_sth_proof_n12000_pg0p003_a0p2_ff0p02_s44010_drop0_pc0p005_pgc0p005
permanent_fork,sth_proof,12000,6.0,5.0,0.003,0.2,0.02,3.0,False,,,0.0,0.0,,,,,,,,,0.9482188105529885,0.9482188105529885,0.0,0.0,0,0,44011,0.005,0.005,0.0,True,0.2,0.08,800,10,0.0,0.0,0.0,0.9004209041595459,C:/Users/efasllija/dev/gossip-poc/out_nb_incremental_clean0104/scenario_tradeoff_hard/final_rerun/permanent_fork_sth_proof_n12000_pg0p003_a0p2_ff0p02_s44011_drop0_pc0p005_pgc0p005
permanent_fork,sth_proof,12000,6.0,5.0,0.005,0.2,0.02,3.0,False,,,0.0,0.0,,,,,,,,,0.8011496088136676,0.8011496088136676,0.0,0.0,0,0,44000,0.005,0.005,0.0,True,0.2,0.08,800,10,0.0,0.0,0.0,0.859149694442749,C:/Users/efasllija/dev/gossip-poc/out_nb_incremental_clean0104/scenario_tradeoff_hard/final_rerun/permanent_fork_sth_proof_n12000_pg0p005_a0p2_ff0p02_s44000_drop0_pc0p005_pgc0p005
permanent_fork,sth_proof,12000,6.0,5.0,0.005,0.2,0.02,3.0,True,100.0,100.0,0.0,0.0,,,,,43860.0,,,,1.17565335515043,1.17565335515043,3.0,4.630987480897176e-05,3,3,44001,0.005,0.005,0.0,True,0.2,0.08,800,10,0.0,0.0,0.0,0.9024205207824707,C:/Users/efasllija/dev/gossip-poc/out_nb_incremental_clean0104/scenario_tradeoff_hard/final_rerun/permanent_fork_sth_proof_n12000_pg0p005_a0p2_ff0p02_s44001_drop0_pc0p005_pgc0p005
permanent_fork,sth_proof,12000,6.0,5.0,0.005,0.2,0.02,3.0,False,,,0.0,0.0,,,,,,,,,0.2894481806701712,0.2894481806701712,0.0,0.0,0,0,44002,0.005,0.005,0.0,True,0.2,0.08,800,10,0.0,0.0,0.0,0.8975048065185547,C:/Users/efasllija/dev/gossip-poc/out_nb_incremental_clean0104/scenario_tradeoff_hard/final_rerun/permanent_fork_sth_proof_n12000_pg0p005_a0p2_ff0p02_s44002_drop0_pc0p005_pgc0p005
permanent_fork,sth_proof,12000,6.0,5.0,0.005,0.2,0.02,3.0,True,10.0,10.0,0.0,0.0,,,,,28075.0,,,,0.7051807903618834,0.7051807903618834,2.0,3.0270466619242936e-05,2,2,44003,0.005,0.005,0.0,True,0.2,0.08,800,10,0.0,0.0,0.0,0.9297523498535156,C:/Users/efasllija/dev/gossip-poc/out_nb_incremental_clean0104/scenario_tradeoff_hard/final_rerun/permanent_fork_sth_proof_n12000_pg0p005_a0p2_ff0p02_s44003_drop0_pc0p005_pgc0p005
permanent_fork,sth_proof,12000,6.0,5.0,0.005,0.2,0.02,3.0,True,0.0,0.0,0.0,0.0,,,,,24917.0,,,,2.231752220056314,2.231752220056314,3.0,4.64123271140815e-05,3,3,44004,0.005,0.005,0.0,True,0.2,0.08,800,10,0.0,0.0,0.0,0.9005396366119385,C:/Users/efasllija/dev/gossip-poc/out_nb_incremental_clean0104/scenario_tradeoff_hard/final_rerun/permanent_fork_sth_proof_n12000_pg0p005_a0p2_ff0p02_s44004_drop0_pc0p005_pgc0p005
permanent_fork,sth_proof,12000,6.0,5.0,0.005,0.2,0.02,3.0,False,,,0.0,0.0,,,,,,,,,0.778138026864289,0.778138026864289,0.0,0.0,0,0,44005,0.005,0.005,0.0,True,0.2,0.08,800,10,0.0,0.0,0.0,0.8950788974761963,C:/Users/efasllija/dev/gossip-poc/out_nb_incremental_clean0104/scenario_tradeoff_hard/final_rerun/permanent_fork_sth_proof_n12000_pg0p005_a0p2_ff0p02_s44005_drop0_pc0p005_pgc0p005
permanent_fork,sth_proof,12000,6.0,5.0,0.005,0.2,0.02,3.0,True,165.0,165.0,0.0,0.0,,,,,65524.0,,,,0.9370206832442483,0.9370206832442483,9.0,0.00013072275156867302,9,9,44006,0.005,0.005,0.0,True,0.2,0.08,800,10,0.0,0.0,0.0,0.9348752498626709,C:/Users/efasllija/dev/gossip-poc/out_nb_incremental_clean0104/scenario_tradeoff_hard/final_rerun/permanent_fork_sth_proof_n12000_pg0p005_a0p2_ff0p02_s44006_drop0_pc0p005_pgc0p005
permanent_fork,sth_proof,12000,6.0,5.0,0.005,0.2,0.02,3.0,False,,,0.0,0.0,,,,,,,,,0.3040520738535577,0.3040520738535577,0.0,0.0,0,0,44007,0.005,0.005,0.0,True,0.2,0.08,800,10,0.0,0.0,0.0,0.896984338760376,C:/Users/efasllija/dev/gossip-poc/out_nb_incremental_clean0104/scenario_tradeoff_hard/final_rerun/permanent_fork_sth_proof_n12000_pg0p005_a0p2_ff0p02_s44007_drop0_pc0p005_pgc0p005
permanent_fork,sth_proof,12000,6.0,5.0,0.005,0.2,0.02,3.0,True,175.0,175.0,0.0,0.0,,,,,67613.0,,,,1.020395486075163,1.020395486075163,1.0,1.4790055166905773e-05,1,1,44008,0.005,0.005,0.0,True,0.2,0.08,800,10,0.0,0.0,0.0,0.9151756763458252,C:/Users/efasllija/dev/gossip-poc/out_nb_incremental_clean0104/scenario_tradeoff_hard/final_rerun/permanent_fork_sth_proof_n12000_pg0p005_a0p2_ff0p02_s44008_drop0_pc0p005_pgc0p005
permanent_fork,sth_proof,12000,6.0,5.0,0.005,0.2,0.02,3.0,False,,,0.0,0.0,,,,,,,,,0.8162685483995491,0.8162685483995491,0.0,0.0,0,0,44009,0.005,0.005,0.0,True,0.2,0.08,800,10,0.0,0.0,0.0,0.9010212421417236,C:/Users/efasllija/dev/gossip-poc/out_nb_incremental_clean0104/scenario_tradeoff_hard/final_rerun/permanent_fork_sth_proof_n12000_pg0p005_a0p2_ff0p02_s44009_drop0_pc0p005_pgc0p005
permanent_fork,sth_proof,12000,6.0,5.0,0.005,0.2,0.02,3.0,True,0.0,0.0,0.0,0.0,,,,,26067.0,,,,0.8193301405743866,0.8193301405743866,11.0,0.00017048712822181924,11,11,44010,0.005,0.005,0.0,True,0.2,0.08,800,10,0.0,0.0,0.0,0.8810844421386719,C:/Users/efasllija/dev/gossip-poc/out_nb_incremental_clean0104/scenario_tradeoff_hard/final_rerun/permanent_fork_sth_proof_n12000_pg0p005_a0p2_ff0p02_s44010_drop0_pc0p005_pgc0p005
permanent_fork,sth_proof,12000,6.0,5.0,0.005,0.2,0.02,3.0,True,155.0,155.0,0.0,0.0,,,,,60138.0,,,,1.3488746459979133,1.3488746459979133,1.0,1.4905351021016545e-05,1,1,44011,0.005,0.005,0.0,True,0.2,0.08,800,10,0.0,0.0,0.0,0.9029519557952881,C:/Users/efasllija/dev/gossip-poc/out_nb_incremental_clean0104/scenario_tradeoff_hard/final_rerun/permanent_fork_sth_proof_n12000_pg0p005_a0p2_ff0p02_s44011_drop0_pc0p005_pgc0p005
permanent_fork,sth_proof,12000,6.0,5.0,0.008,0.2,0.02,3.0,False,,,0.0,0.0,,,,,,,,,0.9585182819734951,0.9585182819734951,0.0,0.0,0,0,44000,0.005,0.005,0.0,True,0.2,0.08,800,10,0.0,0.0,0.0,0.8890750408172607,C:/Users/efasllija/dev/gossip-poc/out_nb_incremental_clean0104/scenario_tradeoff_hard/final_rerun/permanent_fork_sth_proof_n12000_pg0p008_a0p2_ff0p02_s44000_drop0_pc0p005_pgc0p005
permanent_fork,sth_proof,12000,6.0,5.0,0.008,0.2,0.02,3.0,True,100.0,100.0,0.0,0.0,,,,,43860.0,,,,1.5905898334388169,1.5905898334388169,3.0,4.630987480897176e-05,3,3,44001,0.005,0.005,0.0,True,0.2,0.08,800,10,0.0,0.0,0.0,0.8984224796295166,C:/Users/efasllija/dev/gossip-poc/out_nb_incremental_clean0104/scenario_tradeoff_hard/final_rerun/permanent_fork_sth_proof_n12000_pg0p008_a0p2_ff0p02_s44001_drop0_pc0p005_pgc0p005
permanent_fork,sth_proof,12000,6.0,5.0,0.008,0.2,0.02,3.0,True,10.0,10.0,0.0,0.0,,,,,29372.0,,,,0.47364247746028015,0.47364247746028015,1.0,1.4683856568089043e-05,1,1,44002,0.005,0.005,0.0,True,0.2,0.08,800,10,0.0,0.0,0.0,0.8999209403991699,C:/Users/efasllija/dev/gossip-poc/out_nb_incremental_clean0104/scenario_tradeoff_hard/final_rerun/permanent_fork_sth_proof_n12000_pg0p008_a0p2_ff0p02_s44002_drop0_pc0p005_pgc0p005
permanent_fork,sth_proof,12000,6.0,5.0,0.008,0.2,0.02,3.0,True,10.0,10.0,0.0,0.0,,,,,28075.0,,,,1.4103615807237668,1.4103615807237668,2.0,3.0270466619242936e-05,2,2,44003,0.005,0.005,0.0,True,0.2,0.08,800,10,0.0,0.0,0.0,0.9130520820617676,C:/Users/efasllija/dev/gossip-poc/out_nb_incremental_clean0104/scenario_tradeoff_hard/final_rerun/permanent_fork_sth_proof_n12000_pg0p008_a0p2_ff0p02_s44003_drop0_pc0p005_pgc0p005
permanent_fork,sth_proof,12000,6.0,5.0,0.008,0.2,0.02,3.0,True,0.0,0.0,0.0,0.0,,,,,24917.0,,,,3.021875676846437,3.021875676846437,11.0,0.00017017853275163217,11,11,44004,0.005,0.005,0.0,True,0.2,0.08,800,10,0.0,0.0,0.0,0.8839786052703857,C:/Users/efasllija/dev/gossip-poc/out_nb_incremental_clean0104/scenario_tradeoff_hard/final_rerun/permanent_fork_sth_proof_n12000_pg0p008_a0p2_ff0p02_s44004_drop0_pc0p005_pgc0p005
permanent_fork,sth_proof,12000,6.0,5.0,0.008,0.2,0.02,3.0,False,,,0.0,0.0,,,,,,,,,1.3228346456692914,1.3228346456692914,0.0,0.0,0,0,44005,0.005,0.005,0.0,True,0.2,0.08,800,10,0.0,0.0,0.0,0.9126193523406982,C:/Users/efasllija/dev/gossip-poc/out_nb_incremental_clean0104/scenario_tradeoff_hard/final_rerun/permanent_fork_sth_proof_n12000_pg0p008_a0p2_ff0p02_s44005_drop0_pc0p005_pgc0p005
permanent_fork,sth_proof,12000,6.0,5.0,0.008,0.2,0.02,3.0,True,70.0,70.0,0.0,0.0,,,,,39544.0,,,,2.0302114803625377,2.0302114803625377,11.0,0.00015977225191726702,11,11,44006,0.005,0.005,0.0,True,0.2,0.08,800,10,0.0,0.0,0.0,0.8914647102355957,C:/Users/efasllija/dev/gossip-poc/out_nb_incremental_clean0104/scenario_tradeoff_hard/final_rerun/permanent_fork_sth_proof_n12000_pg0p008_a0p2_ff0p02_s44006_drop0_pc0p005_pgc0p005
permanent_fork,sth_proof,12000,6.0,5.0,0.008,0.2,0.02,3.0,True,175.0,175.0,0.0,0.0,,,,,64831.0,,,,0.829232928691521,0.829232928691521,1.0,1.5424719655720256e-05,1,1,44007,0.005,0.005,0.0,True,0.2,0.08,800,10,0.0,0.0,0.0,0.9024338722229004,C:/Users/efasllija/dev/gossip-poc/out_nb_incremental_clean0104/scenario_tradeoff_hard/final_rerun/permanent_fork_sth_proof_n12000_pg0p008_a0p2_ff0p02_s44007_drop0_pc0p005_pgc0p005
permanent_fork,sth_proof,12000,6.0,5.0,0.008,0.2,0.02,3.0,True,175.0,175.0,0.0,0.0,,,,,67613.0,,,,1.4179521689615902,1.4179521689615902,1.0,1.4790055166905773e-05,1,1,44008,0.005,0.005,0.0,True,0.2,0.08,800,10,0.0,0.0,0.0,0.9322109222412109,C:/Users/efasllija/dev/gossip-poc/out_nb_incremental_clean0104/scenario_tradeoff_hard/final_rerun/permanent_fork_sth_proof_n12000_pg0p008_a0p2_ff0p02_s44008_drop0_pc0p005_pgc0p005
permanent_fork,sth_proof,12000,6.0,5.0,0.008,0.2,0.02,3.0,True,40.0,40.0,0.0,0.0,,,,,31697.0,,,,1.5910319163720026,1.5910319163720026,3.0,4.632274601238362e-05,3,3,44009,0.005,0.005,0.0,True,0.2,0.08,800,10,0.0,0.0,0.0,0.9088189601898193,C:/Users/efasllija/dev/gossip-poc/out_nb_incremental_clean0104/scenario_tradeoff_hard/final_rerun/permanent_fork_sth_proof_n12000_pg0p008_a0p2_ff0p02_s44009_drop0_pc0p005_pgc0p005
permanent_fork,sth_proof,12000,6.0,5.0,0.008,0.2,0.02,3.0,True,0.0,0.0,0.0,0.0,,,,,26067.0,,,,1.583112475008137,1.583112475008137,11.0,0.00017048712822181924,11,11,44010,0.005,0.005,0.0,True,0.2,0.08,800,10,0.0,0.0,0.0,0.8967874050140381,C:/Users/efasllija/dev/gossip-poc/out_nb_incremental_clean0104/scenario_tradeoff_hard/final_rerun/permanent_fork_sth_proof_n12000_pg0p008_a0p2_ff0p02_s44010_drop0_pc0p005_pgc0p005
permanent_fork,sth_proof,12000,6.0,5.0,0.008,0.2,0.02,3.0,True,155.0,155.0,0.0,0.0,,,,,60138.0,,,,2.2169622894619168,2.2169622894619168,1.0,1.4905351021016545e-05,1,1,44011,0.005,0.005,0.0,True,0.2,0.08,800,10,0.0,0.0,0.0,0.9121828079223633,C:/Users/efasllija/dev/gossip-poc/out_nb_incremental_clean0104/scenario_tradeoff_hard/final_rerun/permanent_fork_sth_proof_n12000_pg0p008_a0p2_ff0p02_s44011_drop0_pc0p005_pgc0p005
permanent_fork,sth_proof,12000,6.0,5.0,0.012,0.2,0.02,3.0,False,,,0.0,0.0,,,,,,,,,1.3877055724093885,1.3877055724093885,0.0,0.0,0,0,44000,0.005,0.005,0.0,True,0.2,0.08,800,10,0.0,0.0,0.0,0.8979222774505615,C:/Users/efasllija/dev/gossip-poc/out_nb_incremental_clean0104/scenario_tradeoff_hard/final_rerun/permanent_fork_sth_proof_n12000_pg0p012_a0p2_ff0p02_s44000_drop0_pc0p005_pgc0p005
permanent_fork,sth_proof,12000,6.0,5.0,0.012,0.2,0.02,3.0,True,100.0,100.0,0.0,0.0,,,,,43860.0,,,,2.2129945508713975,2.2129945508713975,3.0,4.630987480897176e-05,3,3,44001,0.005,0.005,0.0,True,0.2,0.08,800,10,0.0,0.0,0.0,0.9174692630767822,C:/Users/efasllija/dev/gossip-poc/out_nb_incremental_clean0104/scenario_tradeoff_hard/final_rerun/permanent_fork_sth_proof_n12000_pg0p012_a0p2_ff0p02_s44001_drop0_pc0p005_pgc0p005
permanent_fork,sth_proof,12000,6.0,5.0,0.012,0.2,0.02,3.0,True,10.0,10.0,0.0,0.0,,,,,29372.0,,,,1.1841061936507005,1.1841061936507005,1.0,1.4683856568089043e-05,1,1,44002,0.005,0.005,0.0,True,0.2,0.08,800,10,0.0,0.0,0.0,0.9072990417480469,C:/Users/efasllija/dev/gossip-poc/out_nb_incremental_clean0104/scenario_tradeoff_hard/final_rerun/permanent_fork_sth_proof_n12000_pg0p012_a0p2_ff0p02_s44002_drop0_pc0p005_pgc0p005
permanent_fork,sth_proof,12000,6.0,5.0,0.012,0.2,0.02,3.0,True,10.0,10.0,0.0,0.0,,,,,28075.0,,,,1.9528083425406002,1.9528083425406002,4.0,6.054093323848587e-05,4,4,44003,0.005,0.005,0.0,True,0.2,0.08,800,10,0.0,0.0,0.0,0.8984930515289307,C:/Users/efasllija/dev/gossip-poc/out_nb_incremental_clean0104/scenario_tradeoff_hard/final_rerun/permanent_fork_sth_proof_n12000_pg0p012_a0p2_ff0p02_s44003_drop0_pc0p005_pgc0p005
permanent_fork,sth_proof,12000,6.0,5.0,0.012,0.2,0.02,3.0,True,0.0,0.0,0.0,0.0,,,,,24917.0,,,,3.6317955382282867,3.6317955382282867,12.0,0.000185649308456326,12,12,44004,0.005,0.005,0.0,True,0.2,0.08,800,10,0.0,0.0,0.0,0.9334721565246582,C:/Users/efasllija/dev/gossip-poc/out_nb_incremental_clean0104/scenario_tradeoff_hard/final_rerun/permanent_fork_sth_proof_n12000_pg0p012_a0p2_ff0p02_s44004_drop0_pc0p005_pgc0p005
permanent_fork,sth_proof,12000,6.0,5.0,0.012,0.2,0.02,3.0,True,60.0,60.0,0.0,0.0,,,,,38026.0,,,,1.984251968503937,1.984251968503937,1.0,1.4474293654469662e-05,1,1,44005,0.005,0.005,0.0,True,0.2,0.08,800,10,0.0,0.0,0.0,0.9112322330474854,C:/Users/efasllija/dev/gossip-poc/out_nb_incremental_clean0104/scenario_tradeoff_hard/final_rerun/permanent_fork_sth_proof_n12000_pg0p012_a0p2_ff0p02_s44005_drop0_pc0p005_pgc0p005
permanent_fork,sth_proof,12000,6.0,5.0,0.012,0.2,0.02,3.0,True,70.0,70.0,0.0,0.0,,,,,39544.0,,,,2.4726934696723215,2.4726934696723215,12.0,0.00017429700209156402,12,12,44006,0.005,0.005,0.0,True,0.2,0.08,800,10,0.0,0.0,0.0,0.9386639595031738,C:/Users/efasllija/dev/gossip-poc/out_nb_incremental_clean0104/scenario_tradeoff_hard/final_rerun/permanent_fork_sth_proof_n12000_pg0p012_a0p2_ff0p02_s44006_drop0_pc0p005_pgc0p005
permanent_fork,sth_proof,12000,6.0,5.0,0.012,0.2,0.02,3.0,True,90.0,90.0,0.0,0.0,,,,,41855.0,,,,1.7966713454982957,1.7966713454982957,2.0,3.084943931144051e-05,2,2,44007,0.005,0.005,0.0,True,0.2,0.08,800,10,0.0,0.0,0.0,0.9134533405303955,C:/Users/efasllija/dev/gossip-poc/out_nb_incremental_clean0104/scenario_tradeoff_hard/final_rerun/permanent_fork_sth_proof_n12000_pg0p012_a0p2_ff0p02_s44007_drop0_pc0p005_pgc0p005
permanent_fork,sth_proof,12000,6.0,5.0,0.012,0.2,0.02,3.0,True,165.0,165.0,0.0,0.0,,,,,64167.0,,,,2.570866549332229,2.570866549332229,2.0,2.9580110333811547e-05,2,2,44008,0.005,0.005,0.0,True,0.2,0.08,800,10,0.0,0.0,0.0,0.9265196323394775,C:/Users/efasllija/dev/gossip-poc/out_nb_incremental_clean0104/scenario_tradeoff_hard/final_rerun/permanent_fork_sth_proof_n12000_pg0p012_a0p2_ff0p02_s44008_drop0_pc0p005_pgc0p005
permanent_fork,sth_proof,12000,6.0,5.0,0.012,0.2,0.02,3.0,True,40.0,40.0,0.0,0.0,,,,,31697.0,,,,1.964578540215864,1.964578540215864,4.0,6.176366134984481e-05,4,4,44009,0.005,0.005,0.0,True,0.2,0.08,800,10,0.0,0.0,0.0,0.9207627773284912,C:/Users/efasllija/dev/gossip-poc/out_nb_incremental_clean0104/scenario_tradeoff_hard/final_rerun/permanent_fork_sth_proof_n12000_pg0p012_a0p2_ff0p02_s44009_drop0_pc0p005_pgc0p005
permanent_fork,sth_proof,12000,6.0,5.0,0.012,0.2,0.02,3.0,True,0.0,0.0,0.0,0.0,,,,,26067.0,,,,2.4024426155825234,2.4024426155825234,13.0,0.00020148478789851367,13,13,44010,0.005,0.005,0.0,True,0.2,0.08,800,10,0.0,0.0,0.0,0.8859541416168213,C:/Users/efasllija/dev/gossip-poc/out_nb_incremental_clean0104/scenario_tradeoff_hard/final_rerun/permanent_fork_sth_proof_n12000_pg0p012_a0p2_ff0p02_s44010_drop0_pc0p005_pgc0p005
permanent_fork,sth_proof,12000,6.0,5.0,0.012,0.2,0.02,3.0,True,155.0,155.0,0.0,0.0,,,,,60138.0,,,,2.8580116261737962,2.8580116261737962,1.0,1.4905351021016545e-05,1,1,44011,0.005,0.005,0.0,True,0.2,0.08,800,10,0.0,0.0,0.0,0.9190001487731934,C:/Users/efasllija/dev/gossip-poc/out_nb_incremental_clean0104/scenario_tradeoff_hard/final_rerun/permanent_fork_sth_proof_n12000_pg0p012_a0p2_ff0p02_s44011_drop0_pc0p005_pgc0p005
permanent_fork,sth_proof,12000,6.0,5.0,0.02,0.2,0.02,3.0,True,50.0,50.0,0.0,0.0,,,,,33839.0,,,,2.961392304007664,2.961392304007664,1.0,1.596678907871627e-05,1,1,44000,0.005,0.005,0.0,True,0.2,0.08,800,10,0.0,0.0,0.0,0.881523847579956,C:/Users/efasllija/dev/gossip-poc/out_nb_incremental_clean0104/scenario_tradeoff_hard/final_rerun/permanent_fork_sth_proof_n12000_pg0p02_a0p2_ff0p02_s44000_drop0_pc0p005_pgc0p005
permanent_fork,sth_proof,12000,6.0,5.0,0.02,0.2,0.02,3.0,True,100.0,100.0,0.0,0.0,,,,,43860.0,,,,3.015205075562279,3.015205075562279,3.0,4.630987480897176e-05,3,3,44001,0.005,0.005,0.0,True,0.2,0.08,800,10,0.0,0.0,0.0,0.9175381660461426,C:/Users/efasllija/dev/gossip-poc/out_nb_incremental_clean0104/scenario_tradeoff_hard/final_rerun/permanent_fork_sth_proof_n12000_pg0p02_a0p2_ff0p02_s44001_drop0_pc0p005_pgc0p005
permanent_fork,sth_proof,12000,6.0,5.0,0.02,0.2,0.02,3.0,True,10.0,10.0,0.0,0.0,,,,,29372.0,,,,2.420839329241432,2.420839329241432,2.0,2.9367713136178086e-05,2,2,44002,0.005,0.005,0.0,True,0.2,0.08,800,10,0.0,0.0,0.0,0.9008135795593262,C:/Users/efasllija/dev/gossip-poc/out_nb_incremental_clean0104/scenario_tradeoff_hard/final_rerun/permanent_fork_sth_proof_n12000_pg0p02_a0p2_ff0p02_s44002_drop0_pc0p005_pgc0p005
permanent_fork,sth_proof,12000,6.0,5.0,0.02,0.2,0.02,3.0,True,10.0,10.0,0.0,0.0,,,,,28075.0,,,,3.4987816137185757,3.4987816137185757,6.0,9.08113998577288e-05,6,6,44003,0.005,0.005,0.0,True,0.2,0.08,800,10,0.0,0.0,0.0,0.8933336734771729,C:/Users/efasllija/dev/gossip-poc/out_nb_incremental_clean0104/scenario_tradeoff_hard/final_rerun/permanent_fork_sth_proof_n12000_pg0p02_a0p2_ff0p02_s44003_drop0_pc0p005_pgc0p005
permanent_fork,sth_proof,12000,6.0,5.0,0.02,0.2,0.02,3.0,True,0.0,0.0,0.0,0.0,,,,,24917.0,,,,5.101147931557288,5.101147931557288,12.0,0.000185649308456326,12,12,44004,0.005,0.005,0.0,True,0.2,0.08,800,10,0.0,0.0,0.0,0.9352023601531982,C:/Users/efasllija/dev/gossip-poc/out_nb_incremental_clean0104/scenario_tradeoff_hard/final_rerun/permanent_fork_sth_proof_n12000_pg0p02_a0p2_ff0p02_s44004_drop0_pc0p005_pgc0p005
permanent_fork,sth_proof,12000,6.0,5.0,0.02,0.2,0.02,3.0,True,60.0,60.0,0.0,0.0,,,,,38026.0,,,,2.490041685965725,2.490041685965725,2.0,2.8948587308939323e-05,2,2,44005,0.005,0.005,0.0,True,0.2,0.08,800,10,0.0,0.0,0.0,0.910742998123169,C:/Users/efasllija/dev/gossip-poc/out_nb_incremental_clean0104/scenario_tradeoff_hard/final_rerun/permanent_fork_sth_proof_n12000_pg0p02_a0p2_ff0p02_s44005_drop0_pc0p005_pgc0p005
permanent_fork,sth_proof,12000,6.0,5.0,0.02,0.2,0.02,3.0,True,25.0,25.0,0.0,0.0,,,,,31442.0,,,,4.880316058563793,4.880316058563793,13.0,0.00018882175226586103,13,13,44006,0.005,0.005,0.0,True,0.2,0.08,800,10,0.0,0.0,0.0,0.9086520671844482,C:/Users/efasllija/dev/gossip-poc/out_nb_incremental_clean0104/scenario_tradeoff_hard/final_rerun/permanent_fork_sth_proof_n12000_pg0p02_a0p2_ff0p02_s44006_drop0_pc0p005_pgc0p005
permanent_fork,sth_proof,12000,6.0,5.0,0.02,0.2,0.02,3.0,True,90.0,90.0,0.0,0.0,,,,,41855.0,,,,2.902315250420324,2.902315250420324,6.0,9.254831793432154e-05,6,6,44007,0.005,0.005,0.0,True,0.2,0.08,800,10,0.0,0.0,0.0,0.9083127975463867,C:/Users/efasllija/dev/gossip-poc/out_nb_incremental_clean0104/scenario_tradeoff_hard/final_rerun/permanent_fork_sth_proof_n12000_pg0p02_a0p2_ff0p02_s44007_drop0_pc0p005_pgc0p005
permanent_fork,sth_proof,12000,6.0,5.0,0.02,0.2,0.02,3.0,True,70.0,70.0,0.0,0.0,,,,,39612.0,,,,3.9755668288642716,3.9755668288642716,13.0,0.00019227071716977504,13,13,44008,0.005,0.005,0.0,True,0.2,0.08,800,10,0.0,0.0,0.0,0.8974783420562744,C:/Users/efasllija/dev/gossip-poc/out_nb_incremental_clean0104/scenario_tradeoff_hard/final_rerun/permanent_fork_sth_proof_n12000_pg0p02_a0p2_ff0p02_s44008_drop0_pc0p005_pgc0p005
permanent_fork,sth_proof,12000,6.0,5.0,0.02,0.2,0.02,3.0,True,40.0,40.0,0.0,0.0,,,,,31697.0,,,,3.597115637014962,3.597115637014962,6.0,9.264549202476723e-05,6,6,44009,0.005,0.005,0.0,True,0.2,0.08,800,10,0.0,0.0,0.0,0.8951334953308105,C:/Users/efasllija/dev/gossip-poc/out_nb_incremental_clean0104/scenario_tradeoff_hard/final_rerun/permanent_fork_sth_proof_n12000_pg0p02_a0p2_ff0p02_s44009_drop0_pc0p005_pgc0p005
permanent_fork,sth_proof,12000,6.0,5.0,0.02,0.2,0.02,3.0,True,0.0,0.0,0.0,0.0,,,,,26067.0,,,,3.638381302211683,3.638381302211683,14.0,0.00021698361773686087,14,14,44010,0.005,0.005,0.0,True,0.2,0.08,800,10,0.0,0.0,0.0,0.8922364711761475,C:/Users/efasllija/dev/gossip-poc/out_nb_incremental_clean0104/scenario_tradeoff_hard/final_rerun/permanent_fork_sth_proof_n12000_pg0p02_a0p2_ff0p02_s44010_drop0_pc0p005_pgc0p005
permanent_fork,sth_proof,12000,6.0,5.0,0.02,0.2,0.02,3.0,True,5.0,5.0,0.0,0.0,,,,,27470.0,,,,4.460634967953495,4.460634967953495,2.0,2.981070204203309e-05,2,2,44011,0.005,0.005,0.0,True,0.2,0.08,800,10,0.0,0.0,0.0,0.8770852088928223,C:/Users/efasllija/dev/gossip-poc/out_nb_incremental_clean0104/scenario_tradeoff_hard/final_rerun/permanent_fork_sth_proof_n12000_pg0p02_a0p2_ff0p02_s44011_drop0_pc0p005_pgc0p005
permanent_fork,sth_proof,12000,6.0,5.0,0.03,0.2,0.02,3.0,True,30.0,30.0,0.0,0.0,,,,,30728.0,,,,4.363404119431582,4.363404119431582,2.0,3.193357815743254e-05,2,2,44000,0.005,0.005,0.0,True,0.2,0.08,800,10,0.0,0.0,0.0,0.8882479667663574,C:/Users/efasllija/dev/gossip-poc/out_nb_incremental_clean0104/scenario_tradeoff_hard/final_rerun/permanent_fork_sth_proof_n12000_pg0p03_a0p2_ff0p02_s44000_drop0_pc0p005_pgc0p005
permanent_fork,sth_proof,12000,6.0,5.0,0.03,0.2,0.02,3.0,True,100.0,100.0,0.0,0.0,,,,,43860.0,,,,3.8865716799678918,3.8865716799678918,3.0,4.630987480897176e-05,3,3,44001,0.005,0.005,0.0,True,0.2,0.08,800,10,0.0,0.0,0.0,0.8976497650146484,C:/Users/efasllija/dev/gossip-poc/out_nb_incremental_clean0104/scenario_tradeoff_hard/final_rerun/permanent_fork_sth_proof_n12000_pg0p03_a0p2_ff0p02_s44001_drop0_pc0p005_pgc0p005
permanent_fork,sth_proof,12000,6.0,5.0,0.03,0.2,0.02,3.0,True,10.0,10.0,0.0,0.0,,,,,29372.0,,,,4.51276027135767,4.51276027135767,4.0,5.873542627235617e-05,4,4,44002,0.005,0.005,0.0,True,0.2,0.08,800,10,0.0,0.0,0.0,0.9233155250549316,C:/Users/efasllija/dev/gossip-poc/out_nb_incremental_clean0104/scenario_tradeoff_hard/final_rerun/permanent_fork_sth_proof_n12000_pg0p03_a0p2_ff0p02_s44002_drop0_pc0p005_pgc0p005
permanent_fork,sth_proof,12000,6.0,5.0,0.03,0.2,0.02,3.0,True,10.0,10.0,0.0,0.0,,,,,28075.0,,,,5.0040713777602885,5.0040713777602885,7.0,0.00010594663316735027,7,7,44003,0.005,0.005,0.0,True,0.2,0.08,800,10,0.0,0.0,0.0,0.9077019691467285,C:/Users/efasllija/dev/gossip-poc/out_nb_incremental_clean0104/scenario_tradeoff_hard/final_rerun/permanent_fork_sth_proof_n12000_pg0p03_a0p2_ff0p02_s44003_drop0_pc0p005_pgc0p005
permanent_fork,sth_proof,12000,6.0,5.0,0.03,0.2,0.02,3.0,True,0.0,0.0,0.0,0.0,,,,,24917.0,,,,7.665583712367338,7.665583712367338,13.0,0.00020112008416101984,13,13,44004,0.005,0.005,0.0,True,0.2,0.08,800,10,0.0,0.0,0.0,0.8950393199920654,C:/Users/efasllija/dev/gossip-poc/out_nb_incremental_clean0104/scenario_tradeoff_hard/final_rerun/permanent_fork_sth_proof_n12000_pg0p03_a0p2_ff0p02_s44004_drop0_pc0p005_pgc0p005
permanent_fork,sth_proof,12000,6.0,5.0,0.03,0.2,0.02,3.0,True,60.0,60.0,0.0,0.0,,,,,38026.0,,,,4.422417786012042,4.422417786012042,15.0,0.00021711440481704493,15,15,44005,0.005,0.005,0.0,True,0.2,0.08,800,10,0.0,0.0,0.0,0.9298288822174072,C:/Users/efasllija/dev/gossip-poc/out_nb_incremental_clean0104/scenario_tradeoff_hard/final_rerun/permanent_fork_sth_proof_n12000_pg0p03_a0p2_ff0p02_s44005_drop0_pc0p005_pgc0p005
permanent_fork,sth_proof,12000,6.0,5.0,0.03,0.2,0.02,3.0,True,25.0,25.0,0.0,0.0,,,,,31442.0,,,,6.520102254241227,6.520102254241227,16.0,0.00023239600278875203,16,16,44006,0.005,0.005,0.0,True,0.2,0.08,800,10,0.0,0.0,0.0,0.9122552871704102,C:/Users/efasllija/dev/gossip-poc/out_nb_incremental_clean0104/scenario_tradeoff_hard/final_rerun/permanent_fork_sth_proof_n12000_pg0p03_a0p2_ff0p02_s44006_drop0_pc0p005_pgc0p005
permanent_fork,sth_proof,12000,6.0,5.0,0.03,0.2,0.02,3.0,True,90.0,90.0,0.0,0.0,,,,,41855.0,,,,4.3258317780074345,4.3258317780074345,6.0,9.254831793432154e-05,6,6,44007,0.005,0.005,0.0,True,0.2,0.08,800,10,0.0,0.0,0.0,0.9149417877197266,C:/Users/efasllija/dev/gossip-poc/out_nb_incremental_clean0104/scenario_tradeoff_hard/final_rerun/permanent_fork_sth_proof_n12000_pg0p03_a0p2_ff0p02_s44007_drop0_pc0p005_pgc0p005
permanent_fork,sth_proof,12000,6.0,5.0,0.03,0.2,0.02,3.0,True,70.0,70.0,0.0,0.0,,,,,39612.0,,,,6.122372916450979,6.122372916450979,28.0,0.00041412154467336163,28,28,44008,0.005,0.005,0.0,True,0.2,0.08,800,10,0.0,0.0,0.0,0.9387490749359131,C:/Users/efasllija/dev/gossip-poc/out_nb_incremental_clean0104/scenario_tradeoff_hard/final_rerun/permanent_fork_sth_proof_n12000_pg0p03_a0p2_ff0p02_s44008_drop0_pc0p005_pgc0p005
permanent_fork,sth_proof,12000,6.0,5.0,0.03,0.2,0.02,3.0,True,40.0,40.0,0.0,0.0,,,,,31697.0,,,,5.368003335237713,5.368003335237713,7.0,0.00010808640736222843,7,7,44009,0.005,0.005,0.0,True,0.2,0.08,800,10,0.0,0.0,0.0,0.9209439754486084,C:/Users/efasllija/dev/gossip-poc/out_nb_incremental_clean0104/scenario_tradeoff_hard/final_rerun/permanent_fork_sth_proof_n12000_pg0p03_a0p2_ff0p02_s44009_drop0_pc0p005_pgc0p005
permanent_fork,sth_proof,12000,6.0,5.0,0.03,0.2,0.02,3.0,True,0.0,0.0,0.0,0.0,,,,,26067.0,,,,6.665736736876366,6.665736736876366,17.0,0.0002634801072519025,17,17,44010,0.005,0.005,0.0,True,0.2,0.08,800,10,0.0,0.0,0.0,0.8976552486419678,C:/Users/efasllija/dev/gossip-poc/out_nb_incremental_clean0104/scenario_tradeoff_hard/final_rerun/permanent_fork_sth_proof_n12000_pg0p03_a0p2_ff0p02_s44010_drop0_pc0p005_pgc0p005
permanent_fork,sth_proof,12000,6.0,5.0,0.03,0.2,0.02,3.0,True,5.0,5.0,0.0,0.0,,,,,27470.0,,,,6.303651811000149,6.303651811000149,5.0,7.452675510508272e-05,5,5,44011,0.005,0.005,0.0,True,0.2,0.08,800,10,0.0,0.0,0.0,0.9057354927062988,C:/Users/efasllija/dev/gossip-poc/out_nb_incremental_clean0104/scenario_tradeoff_hard/final_rerun/permanent_fork_sth_proof_n12000_pg0p03_a0p2_ff0p02_s44011_drop0_pc0p005_pgc0p005
permanent_fork,sth_proof,12000,6.0,5.0,0.05,0.2,0.02,3.0,True,30.0,30.0,0.0,0.0,,,,,30728.0,,,,6.866996646974293,6.866996646974293,5.0,7.983394539358135e-05,5,5,44000,0.005,0.005,0.0,True,0.2,0.08,800,10,0.0,0.0,0.0,0.8990297317504883,C:/Users/efasllija/dev/gossip-poc/out_nb_incremental_clean0104/scenario_tradeoff_hard/final_rerun/permanent_fork_sth_proof_n12000_pg0p05_a0p2_ff0p02_s44000_drop0_pc0p005_pgc0p005
permanent_fork,sth_proof,12000,6.0,5.0,0.05,0.2,0.02,3.0,True,70.0,70.0,0.0,0.0,,,,,37483.0,,,,7.164569858446149,7.164569858446149,7.0,0.00010805637455426745,7,7,44001,0.005,0.005,0.0,True,0.2,0.08,800,10,0.0,0.0,0.0,0.9074704647064209,C:/Users/efasllija/dev/gossip-poc/out_nb_incremental_clean0104/scenario_tradeoff_hard/final_rerun/permanent_fork_sth_proof_n12000_pg0p05_a0p2_ff0p02_s44001_drop0_pc0p005_pgc0p005
permanent_fork,sth_proof,12000,6.0,5.0,0.05,0.2,0.02,3.0,True,10.0,10.0,0.0,0.0,,,,,29372.0,,,,8.025608645854748,8.025608645854748,6.0,8.810313940853426e-05,6,6,44002,0.005,0.005,0.0,True,0.2,0.08,800,10,0.0,0.0,0.0,0.9198992252349854,C:/Users/efasllija/dev/gossip-poc/out_nb_incremental_clean0104/scenario_tradeoff_hard/final_rerun/permanent_fork_sth_proof_n12000_pg0p05_a0p2_ff0p02_s44002_drop0_pc0p005_pgc0p005
permanent_fork,sth_proof,12000,6.0,5.0,0.05,0.2,0.02,3.0,True,10.0,10.0,0.0,0.0,,,,,28075.0,,,,8.055334412979976,8.055334412979976,10.0,0.00015135233309621467,10,10,44003,0.005,0.005,0.0,True,0.2,0.08,800,10,0.0,0.0,0.0,0.913165807723999,C:/Users/efasllija/dev/gossip-poc/out_nb_incremental_clean0104/scenario_tradeoff_hard/final_rerun/permanent_fork_sth_proof_n12000_pg0p05_a0p2_ff0p02_s44003_drop0_pc0p005_pgc0p005
permanent_fork,sth_proof,12000,6.0,5.0,0.05,0.2,0.02,3.0,True,0.0,0.0,0.0,0.0,,,,,24917.0,,,,12.309291747888238,12.309291747888238,24.0,0.000371298616912652,24,24,44004,0.005,0.005,0.0,True,0.2,0.08,800,10,0.0,0.0,0.0,0.881354808807373,C:/Users/efasllija/dev/gossip-poc/out_nb_incremental_clean0104/scenario_tradeoff_hard/final_rerun/permanent_fork_sth_proof_n12000_pg0p05_a0p2_ff0p02_s44004_drop0_pc0p005_pgc0p005
permanent_fork,sth_proof,12000,6.0,5.0,0.05,0.2,0.02,3.0,True,35.0,35.0,0.0,0.0,,,,,33071.0,,,,7.625752663270032,7.625752663270032,23.0,0.0003329087540528022,23,23,44005,0.005,0.005,0.0,True,0.2,0.08,800,10,0.0,0.0,0.0,0.9090776443481445,C:/Users/efasllija/dev/gossip-poc/out_nb_incremental_clean0104/scenario_tradeoff_hard/final_rerun/permanent_fork_sth_proof_n12000_pg0p05_a0p2_ff0p02_s44005_drop0_pc0p005_pgc0p005
permanent_fork,sth_proof,12000,6.0,5.0,0.05,0.2,0.02,3.0,True,5.0,5.0,0.0,0.0,,,,,28425.0,,,,9.409249360910993,9.409249360910993,33.0,0.00047931675575180107,33,33,44006,0.005,0.005,0.0,True,0.2,0.08,800,10,0.0,0.0,0.0,0.9177184104919434,C:/Users/efasllija/dev/gossip-poc/out_nb_incremental_clean0104/scenario_tradeoff_hard/final_rerun/permanent_fork_sth_proof_n12000_pg0p05_a0p2_ff0p02_s44006_drop0_pc0p005_pgc0p005
permanent_fork,sth_proof,12000,6.0,5.0,0.05,0.2,0.02,3.0,True,90.0,90.0,0.0,0.0,,,,,41855.0,,,,6.799710015270472,6.799710015270472,7.0,0.0001079730375900418,7,7,44007,0.005,0.005,0.0,True,0.2,0.08,800,10,0.0,0.0,0.0,0.9401323795318604,C:/Users/efasllija/dev/gossip-poc/out_nb_incremental_clean0104/scenario_tradeoff_hard/final_rerun/permanent_fork_sth_proof_n12000_pg0p05_a0p2_ff0p02_s44007_drop0_pc0p005_pgc0p005
permanent_fork,sth_proof,12000,6.0,5.0,0.05,0.2,0.02,3.0,True,50.0,50.0,0.0,0.0,,,,,35953.0,,,,10.349725644476655,10.349725644476655,34.0,0.0005028618756747963,34,34,44008,0.005,0.005,0.0,True,0.2,0.08,800,10,0.0,0.0,0.0,0.9021601676940918,C:/Users/efasllija/dev/gossip-poc/out_nb_incremental_clean0104/scenario_tradeoff_hard/final_rerun/permanent_fork_sth_proof_n12000_pg0p05_a0p2_ff0p02_s44008_drop0_pc0p005_pgc0p005
permanent_fork,sth_proof,12000,6.0,5.0,0.05,0.2,0.02,3.0,True,25.0,25.0,0.0,0.0,,,,,29307.0,,,,8.591572348408814,8.591572348408814,11.0,0.00016985006871207326,11,11,44009,0.005,0.005,0.0,True,0.2,0.08,800,10,0.0,0.0,0.0,0.9312100410461426,C:/Users/efasllija/dev/gossip-poc/out_nb_incremental_clean0104/scenario_tradeoff_hard/final_rerun/permanent_fork_sth_proof_n12000_pg0p05_a0p2_ff0p02_s44009_drop0_pc0p005_pgc0p005
permanent_fork,sth_proof,12000,6.0,5.0,0.05,0.2,0.02,3.0,True,0.0,0.0,0.0,0.0,,,,,26067.0,,,,11.52616977418205,11.52616977418205,33.0,0.0005114613846654577,33,33,44010,0.005,0.005,0.0,True,0.2,0.08,800,10,0.0,0.0,0.0,0.9016668796539307,C:/Users/efasllija/dev/gossip-poc/out_nb_incremental_clean0104/scenario_tradeoff_hard/final_rerun/permanent_fork_sth_proof_n12000_pg0p05_a0p2_ff0p02_s44010_drop0_pc0p005_pgc0p005
permanent_fork,sth_proof,12000,6.0,5.0,0.05,0.2,0.02,3.0,True,5.0,5.0,0.0,0.0,,,,,27470.0,,,,9.709226412282009,9.709226412282009,9.0,0.0001341481591891489,9,9,44011,0.005,0.005,0.0,True,0.2,0.08,800,10,0.0,0.0,0.0,0.9251823425292969,C:/Users/efasllija/dev/gossip-poc/out_nb_incremental_clean0104/scenario_tradeoff_hard/final_rerun/permanent_fork_sth_proof_n12000_pg0p05_a0p2_ff0p02_s44011_drop0_pc0p005_pgc0p005
permanent_fork,sth_proof,12000,6.0,5.0,0.003,0.3,0.02,3.0,True,145.0,145.0,0.0,0.0,,,,,53577.0,,,,1.110195674562307,1.110195674562307,1.0,1.609165808444902e-05,1,1,44000,0.005,0.005,0.0,True,0.2,0.08,800,10,0.0,0.0,0.0,0.897528886795044,C:/Users/efasllija/dev/gossip-poc/out_nb_incremental_clean0104/scenario_tradeoff_hard/final_rerun/permanent_fork_sth_proof_n12000_pg0p003_a0p3_ff0p02_s44000_drop0_pc0p005_pgc0p005
permanent_fork,sth_proof,12000,6.0,5.0,0.003,0.3,0.02,3.0,False,,,0.0,0.0,,,,,,,,,0.7000321705960751,0.7000321705960751,0.0,0.0,0,0,44001,0.005,0.005,0.0,True,0.2,0.08,800,10,0.0,0.0,0.0,0.9127209186553955,C:/Users/efasllija/dev/gossip-poc/out_nb_incremental_clean0104/scenario_tradeoff_hard/final_rerun/permanent_fork_sth_proof_n12000_pg0p003_a0p3_ff0p02_s44001_drop0_pc0p005_pgc0p005
permanent_fork,sth_proof,12000,6.0,5.0,0.003,0.3,0.02,3.0,True,65.0,65.0,0.0,0.0,,,,,37331.0,,,,0.781945677802615,0.781945677802615,3.0,4.5931959457390454e-05,3,3,44002,0.005,0.005,0.0,True,0.2,0.08,800,10,0.0,0.0,0.0,0.9215841293334961,C:/Users/efasllija/dev/gossip-poc/out_nb_incremental_clean0104/scenario_tradeoff_hard/final_rerun/permanent_fork_sth_proof_n12000_pg0p003_a0p3_ff0p02_s44002_drop0_pc0p005_pgc0p005
permanent_fork,sth_proof,12000,6.0,5.0,0.003,0.3,0.02,3.0,True,5.0,5.0,0.0,0.0,,,,,27672.0,,,,1.0665714370740709,1.0665714370740709,2.0,2.9759247686218494e-05,2,2,44003,0.005,0.005,0.0,True,0.2,0.08,800,10,0.0,0.0,0.0,0.8902311325073242,C:/Users/efasllija/dev/gossip-poc/out_nb_incremental_clean0104/scenario_tradeoff_hard/final_rerun/permanent_fork_sth_proof_n12000_pg0p003_a0p3_ff0p02_s44003_drop0_pc0p005_pgc0p005
permanent_fork,sth_proof,12000,6.0,5.0,0.003,0.3,0.02,3.0,False,,,0.0,0.0,,,,,,,,,0.8369659982563208,0.8369659982563208,0.0,0.0,0,0,44004,0.005,0.005,0.0,True,0.2,0.08,800,10,0.0,0.0,0.0,0.9169216156005859,C:/Users/efasllija/dev/gossip-poc/out_nb_incremental_clean0104/scenario_tradeoff_hard/final_rerun/permanent_fork_sth_proof_n12000_pg0p003_a0p3_ff0p02_s44004_drop0_pc0p005_pgc0p005
permanent_fork,sth_proof,12000,6.0,5.0,0.003,0.3,0.02,3.0,False,,,0.0,0.0,,,,,,,,,0.46240728999248,0.46240728999248,0.0,0.0,0,0,44005,0.005,0.005,0.0,True,0.2,0.08,800,10,0.0,0.0,0.0,0.90582275390625,C:/Users/efasllija/dev/gossip-poc/out_nb_incremental_clean0104/scenario_tradeoff_hard/final_rerun/permanent_fork_sth_proof_n12000_pg0p003_a0p3_ff0p02_s44005_drop0_pc0p005_pgc0p005
permanent_fork,sth_proof,12000,6.0,5.0,0.003,0.3,0.02,3.0,False,,,0.0,0.0,,,,,,,,,0.29003163392922826,0.29003163392922826,0.0,0.0,0,0,44006,0.005,0.005,0.0,True,0.2,0.08,800,10,0.0,0.0,0.0,0.9337072372436523,C:/Users/efasllija/dev/gossip-poc/out_nb_incremental_clean0104/scenario_tradeoff_hard/final_rerun/permanent_fork_sth_proof_n12000_pg0p003_a0p3_ff0p02_s44006_drop0_pc0p005_pgc0p005
permanent_fork,sth_proof,12000,6.0,5.0,0.003,0.3,0.02,3.0,True,170.0,170.0,0.0,0.0,,,,,63468.0,,,,1.1685462217107787,1.1685462217107787,1.0,1.5343306482546988e-05,1,1,44007,0.005,0.005,0.0,True,0.2,0.08,800,10,0.0,0.0,0.0,0.9113385677337646,C:/Users/efasllija/dev/gossip-poc/out_nb_incremental_clean0104/scenario_tradeoff_hard/final_rerun/permanent_fork_sth_proof_n12000_pg0p003_a0p3_ff0p02_s44007_drop0_pc0p005_pgc0p005
permanent_fork,sth_proof,12000,6.0,5.0,0.003,0.3,0.02,3.0,True,45.0,45.0,0.0,0.0,,,,,35314.0,,,,0.983131684051907,0.983131684051907,9.0,0.00013166942197123755,9,9,44008,0.005,0.005,0.0,True,0.2,0.08,800,10,0.0,0.0,0.0,0.921337366104126,C:/Users/efasllija/dev/gossip-poc/out_nb_incremental_clean0104/scenario_tradeoff_hard/final_rerun/permanent_fork_sth_proof_n12000_pg0p003_a0p3_ff0p02_s44008_drop0_pc0p005_pgc0p005
permanent_fork,sth_proof,12000,6.0,5.0,0.003,0.3,0.02,3.0,False,,,0.0,0.0,,,,,,,,,0.5513252418970265,0.5513252418970265,0.0,0.0,0,0,44009,0.005,0.005,0.0,True,0.2,0.08,800,10,0.0,0.0,0.0,0.8888795375823975,C:/Users/efasllija/dev/gossip-poc/out_nb_incremental_clean0104/scenario_tradeoff_hard/final_rerun/permanent_fork_sth_proof_n12000_pg0p003_a0p3_ff0p02_s44009_drop0_pc0p005_pgc0p005
permanent_fork,sth_proof,12000,6.0,5.0,0.003,0.3,0.02,3.0,True,135.0,135.0,0.0,0.0,,,,,52615.0,,,,1.2595934004819873,1.2595934004819873,2.0,3.089661990978187e-05,2,2,44010,0.005,0.005,0.0,True,0.2,0.08,800,10,0.0,0.0,0.0,0.9115962982177734,C:/Users/efasllija/dev/gossip-poc/out_nb_incremental_clean0104/scenario_tradeoff_hard/final_rerun/permanent_fork_sth_proof_n12000_pg0p003_a0p3_ff0p02_s44010_drop0_pc0p005_pgc0p005
permanent_fork,sth_proof,12000,6.0,5.0,0.003,0.3,0.02,3.0,True,160.0,160.0,0.0,0.0,,,,,62864.0,,,,0.6332155477031802,0.6332155477031802,1.0,1.4723203769140165e-05,1,1,44011,0.005,0.005,0.0,True,0.2,0.08,800,10,0.0,0.0,0.0,0.9146718978881836,C:/Users/efasllija/dev/gossip-poc/out_nb_incremental_clean0104/scenario_tradeoff_hard/final_rerun/permanent_fork_sth_proof_n12000_pg0p003_a0p3_ff0p02_s44011_drop0_pc0p005_pgc0p005
permanent_fork,sth_proof,12000,6.0,5.0,0.005,0.3,0.02,3.0,True,145.0,145.0,0.0,0.0,,,,,53577.0,,,,1.701338825952626,1.701338825952626,1.0,1.609165808444902e-05,1,1,44000,0.005,0.005,0.0,True,0.2,0.08,800,10,0.0,0.0,0.0,0.8967924118041992,C:/Users/efasllija/dev/gossip-poc/out_nb_incremental_clean0104/scenario_tradeoff_hard/final_rerun/permanent_fork_sth_proof_n12000_pg0p005_a0p3_ff0p02_s44000_drop0_pc0p005_pgc0p005
permanent_fork,sth_proof,12000,6.0,5.0,0.005,0.3,0.02,3.0,False,,,0.0,0.0,,,,,,,,,0.9608284694455934,0.9608284694455934,0.0,0.0,0,0,44001,0.005,0.005,0.0,True,0.2,0.08,800,10,0.0,0.0,0.0,0.923992395401001,C:/Users/efasllija/dev/gossip-poc/out_nb_incremental_clean0104/scenario_tradeoff_hard/final_rerun/permanent_fork_sth_proof_n12000_pg0p005_a0p3_ff0p02_s44001_drop0_pc0p005_pgc0p005
permanent_fork,sth_proof,12000,6.0,5.0,0.005,0.3,0.02,3.0,True,65.0,65.0,0.0,0.0,,,,,37331.0,,,,1.4678629390329792,1.4678629390329792,3.0,4.5931959457390454e-05,3,3,44002,0.005,0.005,0.0,True,0.2,0.08,800,10,0.0,0.0,0.0,0.9319260120391846,C:/Users/efasllija/dev/gossip-poc/out_nb_incremental_clean0104/scenario_tradeoff_hard/final_rerun/permanent_fork_sth_proof_n12000_pg0p005_a0p3_ff0p02_s44002_drop0_pc0p005_pgc0p005
permanent_fork,sth_proof,12000,6.0,5.0,0.005,0.3,0.02,3.0,True,5.0,5.0,0.0,0.0,,,,,27672.0,,,,1.1732285807814777,1.1732285807814777,2.0,2.9759247686218494e-05,2,2,44003,0.005,0.005,0.0,True,0.2,0.08,800,10,0.0,0.0,0.0,0.9239625930786133,C:/Users/efasllija/dev/gossip-poc/out_nb_incremental_clean0104/scenario_tradeoff_hard/final_rerun/permanent_fork_sth_proof_n12000_pg0p005_a0p3_ff0p02_s44003_drop0_pc0p005_pgc0p005
permanent_fork,sth_proof,12000,6.0,5.0,0.005,0.3,0.02,3.0,True,0.0,0.0,0.0,0.0,,,,,24362.0,,,,1.7297297297297298,1.7297297297297298,1.0,1.556856395566073e-05,1,1,44004,0.005,0.005,0.0,True,0.2,0.08,800,10,0.0,0.0,0.0,0.9374470710754395,C:/Users/efasllija/dev/gossip-poc/out_nb_incremental_clean0104/scenario_tradeoff_hard/final_rerun/permanent_fork_sth_proof_n12000_pg0p005_a0p3_ff0p02_s44004_drop0_pc0p005_pgc0p005
permanent_fork,sth_proof,12000,6.0,5.0,0.005,0.3,0.02,3.0,True,130.0,130.0,0.0,0.0,,,,,53838.0,,,,0.977661127412672,0.977661127412672,1.0,1.474513042067857e-05,1,1,44005,0.005,0.005,0.0,True,0.2,0.08,800,10,0.0,0.0,0.0,0.93802809715271,C:/Users/efasllija/dev/gossip-poc/out_nb_incremental_clean0104/scenario_tradeoff_hard/final_rerun/permanent_fork_sth_proof_n12000_pg0p005_a0p3_ff0p02_s44005_drop0_pc0p005_pgc0p005
permanent_fork,sth_proof,12000,6.0,5.0,0.005,0.3,0.02,3.0,False,,,0.0,0.0,,,,,,,,,0.949194438313838,0.949194438313838,0.0,0.0,0,0,44006,0.005,0.005,0.0,True,0.2,0.08,800,10,0.0,0.0,0.0,0.9058384895324707,C:/Users/efasllija/dev/gossip-poc/out_nb_incremental_clean0104/scenario_tradeoff_hard/final_rerun/permanent_fork_sth_proof_n12000_pg0p005_a0p3_ff0p02_s44006_drop0_pc0p005_pgc0p005
permanent_fork,sth_proof,12000,6.0,5.0,0.005,0.3,0.02,3.0,True,170.0,170.0,0.0,0.0,,,,,63468.0,,,,1.5397314921365555,1.5397314921365555,1.0,1.5343306482546988e-05,1,1,44007,0.005,0.005,0.0,True,0.2,0.08,800,10,0.0,0.0,0.0,0.913623571395874,C:/Users/efasllija/dev/gossip-poc/out_nb_incremental_clean0104/scenario_tradeoff_hard/final_rerun/permanent_fork_sth_proof_n12000_pg0p005_a0p3_ff0p02_s44007_drop0_pc0p005_pgc0p005
permanent_fork,sth_proof,12000,6.0,5.0,0.005,0.3,0.02,3.0,True,45.0,45.0,0.0,0.0,,,,,35314.0,,,,1.4943601597588987,1.4943601597588987,9.0,0.00013166942197123755,9,9,44008,0.005,0.005,0.0,True,0.2,0.08,800,10,0.0,0.0,0.0,0.9277791976928711,C:/Users/efasllija/dev/gossip-poc/out_nb_incremental_clean0104/scenario_tradeoff_hard/final_rerun/permanent_fork_sth_proof_n12000_pg0p005_a0p3_ff0p02_s44008_drop0_pc0p005_pgc0p005
permanent_fork,sth_proof,12000,6.0,5.0,0.005,0.3,0.02,3.0,True,110.0,110.0,0.0,0.0,,,,,46127.0,,,,1.4610118910271201,1.4610118910271201,1.0,1.538295875828757e-05,1,1,44009,0.005,0.005,0.0,True,0.2,0.08,800,10,0.0,0.0,0.0,0.9136621952056885,C:/Users/efasllija/dev/gossip-poc/out_nb_incremental_clean0104/scenario_tradeoff_hard/final_rerun/permanent_fork_sth_proof_n12000_pg0p005_a0p3_ff0p02_s44009_drop0_pc0p005_pgc0p005
permanent_fork,sth_proof,12000,6.0,5.0,0.005,0.3,0.02,3.0,True,135.0,135.0,0.0,0.0,,,,,52615.0,,,,1.8132608292652783,1.8132608292652783,2.0,3.089661990978187e-05,2,2,44010,0.005,0.005,0.0,True,0.2,0.08,800,10,0.0,0.0,0.0,0.9230556488037109,C:/Users/efasllija/dev/gossip-poc/out_nb_incremental_clean0104/scenario_tradeoff_hard/final_rerun/permanent_fork_sth_proof_n12000_pg0p005_a0p3_ff0p02_s44010_drop0_pc0p005_pgc0p005
permanent_fork,sth_proof,12000,6.0,5.0,0.005,0.3,0.02,3.0,True,100.0,100.0,0.0,0.0,,,,,45381.0,,,,1.0817432273262662,1.0817432273262662,2.0,2.944640753828033e-05,2,2,44011,0.005,0.005,0.0,True,0.2,0.08,800,10,0.0,0.0,0.0,0.9208083152770996,C:/Users/efasllija/dev/gossip-poc/out_nb_incremental_clean0104/scenario_tradeoff_hard/final_rerun/permanent_fork_sth_proof_n12000_pg0p005_a0p3_ff0p02_s44011_drop0_pc0p005_pgc0p005
permanent_fork,sth_proof,12000,6.0,5.0,0.008,0.3,0.02,3.0,True,145.0,145.0,0.0,0.0,,,,,53577.0,,,,2.177136972193615,2.177136972193615,1.0,1.609165808444902e-05,1,1,44000,0.005,0.005,0.0,True,0.2,0.08,800,10,0.0,0.0,0.0,0.9000356197357178,C:/Users/efasllija/dev/gossip-poc/out_nb_incremental_clean0104/scenario_tradeoff_hard/final_rerun/permanent_fork_sth_proof_n12000_pg0p008_a0p3_ff0p02_s44000_drop0_pc0p005_pgc0p005
permanent_fork,sth_proof,12000,6.0,5.0,0.008,0.3,0.02,3.0,False,,,0.0,0.0,,,,,,,,,1.6196822770654289,1.6196822770654289,0.0,0.0,0,0,44001,0.005,0.005,0.0,True,0.2,0.08,800,10,0.0,0.0,0.0,0.9279947280883789,C:/Users/efasllija/dev/gossip-poc/out_nb_incremental_clean0104/scenario_tradeoff_hard/final_rerun/permanent_fork_sth_proof_n12000_pg0p008_a0p3_ff0p02_s44001_drop0_pc0p005_pgc0p005
permanent_fork,sth_proof,12000,6.0,5.0,0.008,0.3,0.02,3.0,True,65.0,65.0,0.0,0.0,,,,,37331.0,,,,2.4144287595308818,2.4144287595308818,3.0,4.5931959457390454e-05,3,3,44002,0.005,0.005,0.0,True,0.2,0.08,800,10,0.0,0.0,0.0,0.9152171611785889,C:/Users/efasllija/dev/gossip-poc/out_nb_incremental_clean0104/scenario_tradeoff_hard/final_rerun/permanent_fork_sth_proof_n12000_pg0p008_a0p3_ff0p02_s44002_drop0_pc0p005_pgc0p005
permanent_fork,sth_proof,12000,6.0,5.0,0.008,0.3,0.02,3.0,True,5.0,5.0,0.0,0.0,,,,,27672.0,,,,2.33312501859953,2.33312501859953,2.0,2.9759247686218494e-05,2,2,44003,0.005,0.005,0.0,True,0.2,0.08,800,10,0.0,0.0,0.0,0.9368278980255127,C:/Users/efasllija/dev/gossip-poc/out_nb_incremental_clean0104/scenario_tradeoff_hard/final_rerun/permanent_fork_sth_proof_n12000_pg0p008_a0p3_ff0p02_s44003_drop0_pc0p005_pgc0p005
permanent_fork,sth_proof,12000,6.0,5.0,0.008,0.3,0.02,3.0,True,0.0,0.0,0.0,0.0,,,,,24362.0,,,,2.4690496948561464,2.4690496948561464,2.0,3.113712791132146e-05,2,2,44004,0.005,0.005,0.0,True,0.2,0.08,800,10,0.0,0.0,0.0,0.9169621467590332,C:/Users/efasllija/dev/gossip-poc/out_nb_incremental_clean0104/scenario_tradeoff_hard/final_rerun/permanent_fork_sth_proof_n12000_pg0p008_a0p3_ff0p02_s44004_drop0_pc0p005_pgc0p005
permanent_fork,sth_proof,12000,6.0,5.0,0.008,0.3,0.02,3.0,True,130.0,130.0,0.0,0.0,,,,,53838.0,,,,1.730724428257568,1.730724428257568,1.0,1.474513042067857e-05,1,1,44005,0.005,0.005,0.0,True,0.2,0.08,800,10,0.0,0.0,0.0,0.9245846271514893,C:/Users/efasllija/dev/gossip-poc/out_nb_incremental_clean0104/scenario_tradeoff_hard/final_rerun/permanent_fork_sth_proof_n12000_pg0p008_a0p3_ff0p02_s44005_drop0_pc0p005_pgc0p005
permanent_fork,sth_proof,12000,6.0,5.0,0.008,0.3,0.02,3.0,False,,,0.0,0.0,,,,,,,,,1.8192893401015229,1.8192893401015229,0.0,0.0,0,0,44006,0.005,0.005,0.0,True,0.2,0.08,800,10,0.0,0.0,0.0,0.9100008010864258,C:/Users/efasllija/dev/gossip-poc/out_nb_incremental_clean0104/scenario_tradeoff_hard/final_rerun/permanent_fork_sth_proof_n12000_pg0p008_a0p3_ff0p02_s44006_drop0_pc0p005_pgc0p005
permanent_fork,sth_proof,12000,6.0,5.0,0.008,0.3,0.02,3.0,True,170.0,170.0,0.0,0.0,,,,,63468.0,,,,2.5845492903720753,2.5845492903720753,1.0,1.5343306482546988e-05,1,1,44007,0.005,0.005,0.0,True,0.2,0.08,800,10,0.0,0.0,0.0,0.9078893661499023,C:/Users/efasllija/dev/gossip-poc/out_nb_incremental_clean0104/scenario_tradeoff_hard/final_rerun/permanent_fork_sth_proof_n12000_pg0p008_a0p3_ff0p02_s44007_drop0_pc0p005_pgc0p005
permanent_fork,sth_proof,12000,6.0,5.0,0.008,0.3,0.02,3.0,True,45.0,45.0,0.0,0.0,,,,,35314.0,,,,2.333299196816526,2.333299196816526,10.0,0.0001462993577458195,10,10,44008,0.005,0.005,0.0,True,0.2,0.08,800,10,0.0,0.0,0.0,0.9221875667572021,C:/Users/efasllija/dev/gossip-poc/out_nb_incremental_clean0104/scenario_tradeoff_hard/final_rerun/permanent_fork_sth_proof_n12000_pg0p008_a0p3_ff0p02_s44008_drop0_pc0p005_pgc0p005
permanent_fork,sth_proof,12000,6.0,5.0,0.008,0.3,0.02,3.0,True,110.0,110.0,0.0,0.0,,,,,46127.0,,,,2.2190840986355314,2.2190840986355314,2.0,3.076591751657514e-05,2,2,44009,0.005,0.005,0.0,True,0.2,0.08,800,10,0.0,0.0,0.0,0.917841911315918,C:/Users/efasllija/dev/gossip-poc/out_nb_incremental_clean0104/scenario_tradeoff_hard/final_rerun/permanent_fork_sth_proof_n12000_pg0p008_a0p3_ff0p02_s44009_drop0_pc0p005_pgc0p005
permanent_fork,sth_proof,12000,6.0,5.0,0.008,0.3,0.02,3.0,True,100.0,100.0,0.0,0.0,,,,,44263.0,,,,2.2700364580114933,2.2700364580114933,3.0,4.6344929864672805e-05,3,3,44010,0.005,0.005,0.0,True,0.2,0.08,800,10,0.0,0.0,0.0,0.9189608097076416,C:/Users/efasllija/dev/gossip-poc/out_nb_incremental_clean0104/scenario_tradeoff_hard/final_rerun/permanent_fork_sth_proof_n12000_pg0p008_a0p3_ff0p02_s44010_drop0_pc0p005_pgc0p005
permanent_fork,sth_proof,12000,6.0,5.0,0.008,0.3,0.02,3.0,True,100.0,100.0,0.0,0.0,,,,,45381.0,,,,2.137102473498233,2.137102473498233,3.0,4.416961130742049e-05,3,3,44011,0.005,0.005,0.0,True,0.2,0.08,800,10,0.0,0.0,0.0,0.9172914028167725,C:/Users/efasllija/dev/gossip-poc/out_nb_incremental_clean0104/scenario_tradeoff_hard/final_rerun/permanent_fork_sth_proof_n12000_pg0p008_a0p3_ff0p02_s44011_drop0_pc0p005_pgc0p005
permanent_fork,sth_proof,12000,6.0,5.0,0.012,0.3,0.02,3.0,True,140.0,140.0,0.0,0.0,,,,,52126.0,,,,3.0998970133882597,3.0998970133882597,2.0,3.218331616889804e-05,2,2,44000,0.005,0.005,0.0,True,0.2,0.08,800,10,0.0,0.0,0.0,0.9415478706359863,C:/Users/efasllija/dev/gossip-poc/out_nb_incremental_clean0104/scenario_tradeoff_hard/final_rerun/permanent_fork_sth_proof_n12000_pg0p012_a0p3_ff0p02_s44000_drop0_pc0p005_pgc0p005
permanent_fork,sth_proof,12000,6.0,5.0,0.012,0.3,0.02,3.0,True,175.0,175.0,0.0,0.0,,,,,65277.0,,,,2.2648099636931844,2.2648099636931844,1.0,1.5319331464374896e-05,1,1,44001,0.005,0.005,0.0,True,0.2,0.08,800,10,0.0,0.0,0.0,0.9675192832946777,C:/Users/efasllija/dev/gossip-poc/out_nb_incremental_clean0104/scenario_tradeoff_hard/final_rerun/permanent_fork_sth_proof_n12000_pg0p012_a0p3_ff0p02_s44001_drop0_pc0p005_pgc0p005
permanent_fork,sth_proof,12000,6.0,5.0,0.012,0.3,0.02,3.0,True,65.0,65.0,0.0,0.0,,,,,37331.0,,,,3.745108246317788,3.745108246317788,3.0,4.5931959457390454e-05,3,3,44002,0.005,0.005,0.0,True,0.2,0.08,800,10,0.0,0.0,0.0,1.0166749954223633,C:/Users/efasllija/dev/gossip-poc/out_nb_incremental_clean0104/scenario_tradeoff_hard/final_rerun/permanent_fork_sth_proof_n12000_pg0p012_a0p3_ff0p02_s44002_drop0_pc0p005_pgc0p005
permanent_fork,sth_proof,12000,6.0,5.0,0.012,0.3,0.02,3.0,True,0.0,0.0,0.0,0.0,,,,,26995.0,,,,3.2797071690027675,3.2797071690027675,5.0,7.439811921554624e-05,5,5,44003,0.005,0.005,0.0,True,0.2,0.08,800,10,0.0,0.0,0.0,0.985130786895752,C:/Users/efasllija/dev/gossip-poc/out_nb_incremental_clean0104/scenario_tradeoff_hard/final_rerun/permanent_fork_sth_proof_n12000_pg0p012_a0p3_ff0p02_s44003_drop0_pc0p005_pgc0p005
permanent_fork,sth_proof,12000,6.0,5.0,0.012,0.3,0.02,3.0,True,0.0,0.0,0.0,0.0,,,,,24362.0,,,,3.4873583260680037,3.4873583260680037,2.0,3.113712791132146e-05,2,2,44004,0.005,0.005,0.0,True,0.2,0.08,800,10,0.0,0.0,0.0,0.9948723316192627,C:/Users/efasllija/dev/gossip-poc/out_nb_incremental_clean0104/scenario_tradeoff_hard/final_rerun/permanent_fork_sth_proof_n12000_pg0p012_a0p3_ff0p02_s44004_drop0_pc0p005_pgc0p005
permanent_fork,sth_proof,12000,6.0,5.0,0.012,0.3,0.02,3.0,True,130.0,130.0,0.0,0.0,,,,,53838.0,,,,2.563057550244032,2.563057550244032,2.0,2.949026084135714e-05,2,2,44005,0.005,0.005,0.0,True,0.2,0.08,800,10,0.0,0.0,0.0,1.0022087097167969,C:/Users/efasllija/dev/gossip-poc/out_nb_incremental_clean0104/scenario_tradeoff_hard/final_rerun/permanent_fork_sth_proof_n12000_pg0p012_a0p3_ff0p02_s44005_drop0_pc0p005_pgc0p005
permanent_fork,sth_proof,12000,6.0,5.0,0.012,0.3,0.02,3.0,True,50.0,50.0,0.0,0.0,,,,,35110.0,,,,2.728934010152284,2.728934010152284,2.0,2.942691091002722e-05,2,2,44006,0.005,0.005,0.0,True,0.2,0.08,800,10,0.0,0.0,0.0,0.9362926483154297,C:/Users/efasllija/dev/gossip-poc/out_nb_incremental_clean0104/scenario_tradeoff_hard/final_rerun/permanent_fork_sth_proof_n12000_pg0p012_a0p3_ff0p02_s44006_drop0_pc0p005_pgc0p005
permanent_fork,sth_proof,12000,6.0,5.0,0.012,0.3,0.02,3.0,True,170.0,170.0,0.0,0.0,,,,,63468.0,,,,3.8768239355581127,3.8768239355581127,1.0,1.5343306482546988e-05,1,1,44007,0.005,0.005,0.0,True,0.2,0.08,800,10,0.0,0.0,0.0,0.9636275768280029,C:/Users/efasllija/dev/gossip-poc/out_nb_incremental_clean0104/scenario_tradeoff_hard/final_rerun/permanent_fork_sth_proof_n12000_pg0p012_a0p3_ff0p02_s44007_drop0_pc0p005_pgc0p005
permanent_fork,sth_proof,12000,6.0,5.0,0.012,0.3,0.02,3.0,True,20.0,20.0,0.0,0.0,,,,,30702.0,,,,3.4212982605006363,3.4212982605006363,11.0,0.00016092929352040146,11,11,44008,0.005,0.005,0.0,True,0.2,0.08,800,10,0.0,0.0,0.0,0.9303383827209473,C:/Users/efasllija/dev/gossip-poc/out_nb_incremental_clean0104/scenario_tradeoff_hard/final_rerun/permanent_fork_sth_proof_n12000_pg0p012_a0p3_ff0p02_s44008_drop0_pc0p005_pgc0p005
permanent_fork,sth_proof,12000,6.0,5.0,0.012,0.3,0.02,3.0,True,110.0,110.0,0.0,0.0,,,,,46127.0,,,,3.33551771347701,3.33551771347701,3.0,4.614887627486271e-05,3,3,44009,0.005,0.005,0.0,True,0.2,0.08,800,10,0.0,0.0,0.0,0.9435563087463379,C:/Users/efasllija/dev/gossip-poc/out_nb_incremental_clean0104/scenario_tradeoff_hard/final_rerun/permanent_fork_sth_proof_n12000_pg0p012_a0p3_ff0p02_s44009_drop0_pc0p005_pgc0p005
permanent_fork,sth_proof,12000,6.0,5.0,0.012,0.3,0.02,3.0,True,100.0,100.0,0.0,0.0,,,,,44263.0,,,,3.9171970586417846,3.9171970586417846,4.0,6.179323981956374e-05,4,4,44010,0.005,0.005,0.0,True,0.2,0.08,800,10,0.0,0.0,0.0,0.915686845779419,C:/Users/efasllija/dev/gossip-poc/out_nb_incremental_clean0104/scenario_tradeoff_hard/final_rerun/permanent_fork_sth_proof_n12000_pg0p012_a0p3_ff0p02_s44010_drop0_pc0p005_pgc0p005
permanent_fork,sth_proof,12000,6.0,5.0,0.012,0.3,0.02,3.0,True,100.0,100.0,0.0,0.0,,,,,45381.0,,,,3.4035335689045936,3.4035335689045936,4.0,5.889281507656066e-05,4,4,44011,0.005,0.005,0.0,True,0.2,0.08,800,10,0.0,0.0,0.0,0.9778852462768555,C:/Users/efasllija/dev/gossip-poc/out_nb_incremental_clean0104/scenario_tradeoff_hard/final_rerun/permanent_fork_sth_proof_n12000_pg0p012_a0p3_ff0p02_s44011_drop0_pc0p005_pgc0p005
permanent_fork,sth_proof,12000,6.0,5.0,0.02,0.3,0.02,3.0,True,0.0,0.0,0.0,0.0,,,,,26750.0,,,,5.33470648815654,5.33470648815654,18.0,0.0002896498455200824,18,18,44000,0.005,0.005,0.0,True,0.2,0.08,800,10,0.0,0.0,0.0,0.9181745052337646,C:/Users/efasllija/dev/gossip-poc/out_nb_incremental_clean0104/scenario_tradeoff_hard/final_rerun/permanent_fork_sth_proof_n12000_pg0p02_a0p3_ff0p02_s44000_drop0_pc0p005_pgc0p005
permanent_fork,sth_proof,12000,6.0,5.0,0.02,0.3,0.02,3.0,True,80.0,80.0,0.0,0.0,,,,,40012.0,,,,4.4198109594497295,4.4198109594497295,3.0,4.595799439312469e-05,3,3,44001,0.005,0.005,0.0,True,0.2,0.08,800,10,0.0,0.0,0.0,0.9495031833648682,C:/Users/efasllija/dev/gossip-poc/out_nb_incremental_clean0104/scenario_tradeoff_hard/final_rerun/permanent_fork_sth_proof_n12000_pg0p02_a0p3_ff0p02_s44001_drop0_pc0p005_pgc0p005
permanent_fork,sth_proof,12000,6.0,5.0,0.02,0.3,0.02,3.0,True,65.0,65.0,0.0,0.0,,,,,37331.0,,,,5.6519582325382,5.6519582325382,5.0,7.655326576231742e-05,5,5,44002,0.005,0.005,0.0,True,0.2,0.08,800,10,0.0,0.0,0.0,0.9473130702972412,C:/Users/efasllija/dev/gossip-poc/out_nb_incremental_clean0104/scenario_tradeoff_hard/final_rerun/permanent_fork_sth_proof_n12000_pg0p02_a0p3_ff0p02_s44002_drop0_pc0p005_pgc0p005
permanent_fork,sth_proof,12000,6.0,5.0,0.02,0.3,0.02,3.0,True,0.0,0.0,0.0,0.0,,,,,26995.0,,,,6.212778620956462,6.212778620956462,7.0,0.00010415736690176472,7,7,44003,0.005,0.005,0.0,True,0.2,0.08,800,10,0.0,0.0,0.0,0.9466211795806885,C:/Users/efasllija/dev/gossip-poc/out_nb_incremental_clean0104/scenario_tradeoff_hard/final_rerun/permanent_fork_sth_proof_n12000_pg0p02_a0p3_ff0p02_s44003_drop0_pc0p005_pgc0p005
permanent_fork,sth_proof,12000,6.0,5.0,0.02,0.3,0.02,3.0,True,0.0,0.0,0.0,0.0,,,,,24362.0,,,,5.231037489102005,5.231037489102005,2.0,3.113712791132146e-05,2,2,44004,0.005,0.005,0.0,True,0.2,0.08,800,10,0.0,0.0,0.0,0.92726731300354,C:/Users/efasllija/dev/gossip-poc/out_nb_incremental_clean0104/scenario_tradeoff_hard/final_rerun/permanent_fork_sth_proof_n12000_pg0p02_a0p3_ff0p02_s44004_drop0_pc0p005_pgc0p005
permanent_fork,sth_proof,12000,6.0,5.0,0.02,0.3,0.02,3.0,True,105.0,105.0,0.0,0.0,,,,,47041.0,,,,4.663707810495584,4.663707810495584,3.0,4.4235391262035716e-05,3,3,44005,0.005,0.005,0.0,True,0.2,0.08,800,10,0.0,0.0,0.0,0.9388422966003418,C:/Users/efasllija/dev/gossip-poc/out_nb_incremental_clean0104/scenario_tradeoff_hard/final_rerun/permanent_fork_sth_proof_n12000_pg0p02_a0p3_ff0p02_s44005_drop0_pc0p005_pgc0p005
permanent_fork,sth_proof,12000,6.0,5.0,0.02,0.3,0.02,3.0,True,10.0,10.0,0.0,0.0,,,,,28251.0,,,,5.273302435076878,5.273302435076878,13.0,0.00019127492091517692,13,13,44006,0.005,0.005,0.0,True,0.2,0.08,800,10,0.0,0.0,0.0,0.9399187564849854,C:/Users/efasllija/dev/gossip-poc/out_nb_incremental_clean0104/scenario_tradeoff_hard/final_rerun/permanent_fork_sth_proof_n12000_pg0p02_a0p3_ff0p02_s44006_drop0_pc0p005_pgc0p005
permanent_fork,sth_proof,12000,6.0,5.0,0.02,0.3,0.02,3.0,True,55.0,55.0,0.0,0.0,,,,,34306.0,,,,5.870226313770617,5.870226313770617,4.0,6.137322593018795e-05,4,4,44007,0.005,0.005,0.0,True,0.2,0.08,800,10,0.0,0.0,0.0,0.9519531726837158,C:/Users/efasllija/dev/gossip-poc/out_nb_incremental_clean0104/scenario_tradeoff_hard/final_rerun/permanent_fork_sth_proof_n12000_pg0p02_a0p3_ff0p02_s44007_drop0_pc0p005_pgc0p005
permanent_fork,sth_proof,12000,6.0,5.0,0.02,0.3,0.02,3.0,True,20.0,20.0,0.0,0.0,,,,,30702.0,,,,5.7283806124091114,5.7283806124091114,11.0,0.00016092929352040146,11,11,44008,0.005,0.005,0.0,True,0.2,0.08,800,10,0.0,0.0,0.0,0.9344480037689209,C:/Users/efasllija/dev/gossip-poc/out_nb_incremental_clean0104/scenario_tradeoff_hard/final_rerun/permanent_fork_sth_proof_n12000_pg0p02_a0p3_ff0p02_s44008_drop0_pc0p005_pgc0p005
permanent_fork,sth_proof,12000,6.0,5.0,0.02,0.3,0.02,3.0,True,110.0,110.0,0.0,0.0,,,,,46127.0,,,,4.961927177073238,4.961927177073238,4.0,6.153183503315028e-05,4,4,44009,0.005,0.005,0.0,True,0.2,0.08,800,10,0.0,0.0,0.0,0.9207110404968262,C:/Users/efasllija/dev/gossip-poc/out_nb_incremental_clean0104/scenario_tradeoff_hard/final_rerun/permanent_fork_sth_proof_n12000_pg0p02_a0p3_ff0p02_s44009_drop0_pc0p005_pgc0p005
permanent_fork,sth_proof,12000,6.0,5.0,0.02,0.3,0.02,3.0,True,75.0,75.0,0.0,0.0,,,,,38825.0,,,,6.477908916764506,6.477908916764506,5.0,7.724154977445467e-05,5,5,44010,0.005,0.005,0.0,True,0.2,0.08,800,10,0.0,0.0,0.0,0.9371590614318848,C:/Users/efasllija/dev/gossip-poc/out_nb_incremental_clean0104/scenario_tradeoff_hard/final_rerun/permanent_fork_sth_proof_n12000_pg0p02_a0p3_ff0p02_s44010_drop0_pc0p005_pgc0p005
permanent_fork,sth_proof,12000,6.0,5.0,0.02,0.3,0.02,3.0,True,35.0,35.0,0.0,0.0,,,,,32080.0,,,,5.698939929328622,5.698939929328622,6.0,8.833922261484099e-05,6,6,44011,0.005,0.005,0.0,True,0.2,0.08,800,10,0.0,0.0,0.0,0.9879200458526611,C:/Users/efasllija/dev/gossip-poc/out_nb_incremental_clean0104/scenario_tradeoff_hard/final_rerun/permanent_fork_sth_proof_n12000_pg0p02_a0p3_ff0p02_s44011_drop0_pc0p005_pgc0p005
permanent_fork,sth_proof,12000,6.0,5.0,0.03,0.3,0.02,3.0,True,0.0,0.0,0.0,0.0,,,,,26750.0,,,,7.4541709577754895,7.4541709577754895,20.0,0.00032183316168898045,20,20,44000,0.005,0.005,0.0,True,0.2,0.08,800,10,0.0,0.0,0.0,0.9152815341949463,C:/Users/efasllija/dev/gossip-poc/out_nb_incremental_clean0104/scenario_tradeoff_hard/final_rerun/permanent_fork_sth_proof_n12000_pg0p03_a0p3_ff0p02_s44000_drop0_pc0p005_pgc0p005
permanent_fork,sth_proof,12000,6.0,5.0,0.03,0.3,0.02,3.0,True,80.0,80.0,0.0,0.0,,,,,40012.0,,,,6.835608254055793,6.835608254055793,3.0,4.595799439312469e-05,3,3,44001,0.005,0.005,0.0,True,0.2,0.08,800,10,0.0,0.0,0.0,0.9338502883911133,C:/Users/efasllija/dev/gossip-poc/out_nb_incremental_clean0104/scenario_tradeoff_hard/final_rerun/permanent_fork_sth_proof_n12000_pg0p03_a0p3_ff0p02_s44001_drop0_pc0p005_pgc0p005
permanent_fork,sth_proof,12000,6.0,5.0,0.03,0.3,0.02,3.0,True,65.0,65.0,0.0,0.0,,,,,37331.0,,,,8.12126037296751,8.12126037296751,5.0,7.655326576231742e-05,5,5,44002,0.005,0.005,0.0,True,0.2,0.08,800,10,0.0,0.0,0.0,0.9208064079284668,C:/Users/efasllija/dev/gossip-poc/out_nb_incremental_clean0104/scenario_tradeoff_hard/final_rerun/permanent_fork_sth_proof_n12000_pg0p03_a0p3_ff0p02_s44002_drop0_pc0p005_pgc0p005
permanent_fork,sth_proof,12000,6.0,5.0,0.03,0.3,0.02,3.0,True,0.0,0.0,0.0,0.0,,,,,26995.0,,,,8.652560783263398,8.652560783263398,12.0,0.00017855548611731096,12,12,44003,0.005,0.005,0.0,True,0.2,0.08,800,10,0.0,0.0,0.0,0.9546453952789307,C:/Users/efasllija/dev/gossip-poc/out_nb_incremental_clean0104/scenario_tradeoff_hard/final_rerun/permanent_fork_sth_proof_n12000_pg0p03_a0p3_ff0p02_s44003_drop0_pc0p005_pgc0p005
permanent_fork,sth_proof,12000,6.0,5.0,0.03,0.3,0.02,3.0,True,0.0,0.0,0.0,0.0,,,,,24362.0,,,,8.495204882301657,8.495204882301657,4.0,6.227425582264292e-05,4,4,44004,0.005,0.005,0.0,True,0.2,0.08,800,10,0.0,0.0,0.0,0.9400391578674316,C:/Users/efasllija/dev/gossip-poc/out_nb_incremental_clean0104/scenario_tradeoff_hard/final_rerun/permanent_fork_sth_proof_n12000_pg0p03_a0p3_ff0p02_s44004_drop0_pc0p005_pgc0p005
permanent_fork,sth_proof,12000,6.0,5.0,0.03,0.3,0.02,3.0,True,105.0,105.0,0.0,0.0,,,,,47041.0,,,,7.345670092451968,7.345670092451968,17.0,0.00025066721715153573,17,17,44005,0.005,0.005,0.0,True,0.2,0.08,800,10,0.0,0.0,0.0,0.9392626285552979,C:/Users/efasllija/dev/gossip-poc/out_nb_incremental_clean0104/scenario_tradeoff_hard/final_rerun/permanent_fork_sth_proof_n12000_pg0p03_a0p3_ff0p02_s44005_drop0_pc0p005_pgc0p005
permanent_fork,sth_proof,12000,6.0,5.0,0.03,0.3,0.02,3.0,True,10.0,10.0,0.0,0.0,,,,,28251.0,,,,7.263974104318399,7.263974104318399,15.0,0.00022070183182520416,15,15,44006,0.005,0.005,0.0,True,0.2,0.08,800,10,0.0,0.0,0.0,0.9481534957885742,C:/Users/efasllija/dev/gossip-poc/out_nb_incremental_clean0104/scenario_tradeoff_hard/final_rerun/permanent_fork_sth_proof_n12000_pg0p03_a0p3_ff0p02_s44006_drop0_pc0p005_pgc0p005
permanent_fork,sth_proof,12000,6.0,5.0,0.03,0.3,0.02,3.0,True,40.0,40.0,0.0,0.0,,,,,31641.0,,,,8.344794783275796,8.344794783275796,5.0,7.671653241273494e-05,5,5,44007,0.005,0.005,0.0,True,0.2,0.08,800,10,0.0,0.0,0.0,0.9826624393463135,C:/Users/efasllija/dev/gossip-poc/out_nb_incremental_clean0104/scenario_tradeoff_hard/final_rerun/permanent_fork_sth_proof_n12000_pg0p03_a0p3_ff0p02_s44007_drop0_pc0p005_pgc0p005
permanent_fork,sth_proof,12000,6.0,5.0,0.03,0.3,0.02,3.0,True,0.0,0.0,0.0,0.0,,,,,27571.0,,,,7.82572820505318,7.82572820505318,14.0,0.0002048191008441473,14,14,44008,0.005,0.005,0.0,True,0.2,0.08,800,10,0.0,0.0,0.0,0.9492800235748291,C:/Users/efasllija/dev/gossip-poc/out_nb_incremental_clean0104/scenario_tradeoff_hard/final_rerun/permanent_fork_sth_proof_n12000_pg0p03_a0p3_ff0p02_s44008_drop0_pc0p005_pgc0p005
permanent_fork,sth_proof,12000,6.0,5.0,0.03,0.3,0.02,3.0,True,30.0,30.0,0.0,0.0,,,,,30521.0,,,,8.283661759502822,8.283661759502822,14.0,0.00021536142261602596,14,14,44009,0.005,0.005,0.0,True,0.2,0.08,800,10,0.0,0.0,0.0,0.9752664566040039,C:/Users/efasllija/dev/gossip-poc/out_nb_incremental_clean0104/scenario_tradeoff_hard/final_rerun/permanent_fork_sth_proof_n12000_pg0p03_a0p3_ff0p02_s44009_drop0_pc0p005_pgc0p005
permanent_fork,sth_proof,12000,6.0,5.0,0.03,0.3,0.02,3.0,True,35.0,35.0,0.0,0.0,,,,,31284.0,,,,8.08354446023605,8.08354446023605,8.0,0.00012358647963912748,8,8,44010,0.005,0.005,0.0,True,0.2,0.08,800,10,0.0,0.0,0.0,0.9920220375061035,C:/Users/efasllija/dev/gossip-poc/out_nb_incremental_clean0104/scenario_tradeoff_hard/final_rerun/permanent_fork_sth_proof_n12000_pg0p03_a0p3_ff0p02_s44010_drop0_pc0p005_pgc0p005
permanent_fork,sth_proof,12000,6.0,5.0,0.03,0.3,0.02,3.0,True,35.0,35.0,0.0,0.0,,,,,32080.0,,,,8.614369846878681,8.614369846878681,7.0,0.00010306242638398115,7,7,44011,0.005,0.005,0.0,True,0.2,0.08,800,10,0.0,0.0,0.0,1.0477840900421143,C:/Users/efasllija/dev/gossip-poc/out_nb_incremental_clean0104/scenario_tradeoff_hard/final_rerun/permanent_fork_sth_proof_n12000_pg0p03_a0p3_ff0p02_s44011_drop0_pc0p005_pgc0p005
permanent_fork,sth_proof,12000,6.0,5.0,0.05,0.3,0.02,3.0,True,0.0,0.0,0.0,0.0,,,,,26750.0,,,,12.327497425334707,12.327497425334707,30.0,0.0004827497425334707,30,30,44000,0.005,0.005,0.0,True,0.2,0.08,800,10,0.0,0.0,0.0,0.9640886783599854,C:/Users/efasllija/dev/gossip-poc/out_nb_incremental_clean0104/scenario_tradeoff_hard/final_rerun/permanent_fork_sth_proof_n12000_pg0p05_a0p3_ff0p02_s44000_drop0_pc0p005_pgc0p005
permanent_fork,sth_proof,12000,6.0,5.0,0.05,0.3,0.02,3.0,True,80.0,80.0,0.0,0.0,,,,,40012.0,,,,10.953444551679764,10.953444551679764,5.0,7.659665732187447e-05,5,5,44001,0.005,0.005,0.0,True,0.2,0.08,800,10,0.0,0.0,0.0,0.9442057609558105,C:/Users/efasllija/dev/gossip-poc/out_nb_incremental_clean0104/scenario_tradeoff_hard/final_rerun/permanent_fork_sth_proof_n12000_pg0p05_a0p3_ff0p02_s44001_drop0_pc0p005_pgc0p005
permanent_fork,sth_proof,12000,6.0,5.0,0.05,0.3,0.02,3.0,True,35.0,35.0,0.0,0.0,,,,,32144.0,,,,13.512570046238173,13.512570046238173,20.0,0.0003062130630492697,20,20,44002,0.005,0.005,0.0,True,0.2,0.08,800,10,0.0,0.0,0.0,0.9701800346374512,C:/Users/efasllija/dev/gossip-poc/out_nb_incremental_clean0104/scenario_tradeoff_hard/final_rerun/permanent_fork_sth_proof_n12000_pg0p05_a0p3_ff0p02_s44002_drop0_pc0p005_pgc0p005
permanent_fork,sth_proof,12000,6.0,5.0,0.05,0.3,0.02,3.0,True,0.0,0.0,0.0,0.0,,,,,26995.0,,,,15.345296550903193,15.345296550903193,29.0,0.00043150909145016814,29,29,44003,0.005,0.005,0.0,True,0.2,0.08,800,10,0.0,0.0,0.0,0.9247148036956787,C:/Users/efasllija/dev/gossip-poc/out_nb_incremental_clean0104/scenario_tradeoff_hard/final_rerun/permanent_fork_sth_proof_n12000_pg0p05_a0p3_ff0p02_s44003_drop0_pc0p005_pgc0p005
permanent_fork,sth_proof,12000,6.0,5.0,0.05,0.3,0.02,3.0,True,0.0,0.0,0.0,0.0,,,,,24362.0,,,,14.939843068875327,14.939843068875327,12.0,0.00018682276746792876,12,12,44004,0.005,0.005,0.0,True,0.2,0.08,800,10,0.0,0.0,0.0,0.9099645614624023,C:/Users/efasllija/dev/gossip-poc/out_nb_incremental_clean0104/scenario_tradeoff_hard/final_rerun/permanent_fork_sth_proof_n12000_pg0p05_a0p3_ff0p02_s44004_drop0_pc0p005_pgc0p005
permanent_fork,sth_proof,12000,6.0,5.0,0.05,0.3,0.02,3.0,True,70.0,70.0,0.0,0.0,,,,,39117.0,,,,11.533758976098143,11.533758976098143,22.0,0.00032439286925492857,22,22,44005,0.005,0.005,0.0,True,0.2,0.08,800,10,0.0,0.0,0.0,0.9481897354125977,C:/Users/efasllija/dev/gossip-poc/out_nb_incremental_clean0104/scenario_tradeoff_hard/final_rerun/permanent_fork_sth_proof_n12000_pg0p05_a0p3_ff0p02_s44005_drop0_pc0p005_pgc0p005
permanent_fork,sth_proof,12000,6.0,5.0,0.05,0.3,0.02,3.0,True,0.0,0.0,0.0,0.0,,,,,26826.0,,,,12.19451188111528,12.19451188111528,30.0,0.0004414036636504083,30,30,44006,0.005,0.005,0.0,True,0.2,0.08,800,10,0.0,0.0,0.0,0.9645237922668457,C:/Users/efasllija/dev/gossip-poc/out_nb_incremental_clean0104/scenario_tradeoff_hard/final_rerun/permanent_fork_sth_proof_n12000_pg0p05_a0p3_ff0p02_s44006_drop0_pc0p005_pgc0p005
permanent_fork,sth_proof,12000,6.0,5.0,0.05,0.3,0.02,3.0,True,40.0,40.0,0.0,0.0,,,,,31641.0,,,,12.9502416570771,12.9502416570771,10.0,0.00015343306482546988,10,10,44007,0.005,0.005,0.0,True,0.2,0.08,800,10,0.0,0.0,0.0,0.9638631343841553,C:/Users/efasllija/dev/gossip-poc/out_nb_incremental_clean0104/scenario_tradeoff_hard/final_rerun/permanent_fork_sth_proof_n12000_pg0p05_a0p3_ff0p02_s44007_drop0_pc0p005_pgc0p005
permanent_fork,sth_proof,12000,6.0,5.0,0.05,0.3,0.02,3.0,True,0.0,0.0,0.0,0.0,,,,,27571.0,,,,14.27507205243369,14.27507205243369,21.0,0.00030722865126622096,21,21,44008,0.005,0.005,0.0,True,0.2,0.08,800,10,0.0,0.0,0.0,0.9576747417449951,C:/Users/efasllija/dev/gossip-poc/out_nb_incremental_clean0104/scenario_tradeoff_hard/final_rerun/permanent_fork_sth_proof_n12000_pg0p05_a0p3_ff0p02_s44008_drop0_pc0p005_pgc0p005
permanent_fork,sth_proof,12000,6.0,5.0,0.05,0.3,0.02,3.0,True,30.0,30.0,0.0,0.0,,,,,30521.0,,,,13.672865999046257,13.672865999046257,39.0,0.0005999353915732152,39,39,44009,0.005,0.005,0.0,True,0.2,0.08,800,10,0.0,0.0,0.0,0.9411289691925049,C:/Users/efasllija/dev/gossip-poc/out_nb_incremental_clean0104/scenario_tradeoff_hard/final_rerun/permanent_fork_sth_proof_n12000_pg0p05_a0p3_ff0p02_s44009_drop0_pc0p005_pgc0p005
permanent_fork,sth_proof,12000,6.0,5.0,0.05,0.3,0.02,3.0,True,20.0,20.0,0.0,0.0,,,,,29067.0,,,,14.51992831984181,14.51992831984181,27.0,0.00041710436878205525,27,27,44010,0.005,0.005,0.0,True,0.2,0.08,800,10,0.0,0.0,0.0,0.9324936866760254,C:/Users/efasllija/dev/gossip-poc/out_nb_incremental_clean0104/scenario_tradeoff_hard/final_rerun/permanent_fork_sth_proof_n12000_pg0p05_a0p3_ff0p02_s44010_drop0_pc0p005_pgc0p005
permanent_fork,sth_proof,12000,6.0,5.0,0.05,0.3,0.02,3.0,True,15.0,15.0,0.0,0.0,,,,,28647.0,,,,15.170789163722025,15.170789163722025,12.0,0.00017667844522968197,12,12,44011,0.005,0.005,0.0,True,0.2,0.08,800,10,0.0,0.0,0.0,0.9542732238769531,C:/Users/efasllija/dev/gossip-poc/out_nb_incremental_clean0104/scenario_tradeoff_hard/final_rerun/permanent_fork_sth_proof_n12000_pg0p05_a0p3_ff0p02_s44011_drop0_pc0p005_pgc0p005
