server_mode,mode,users,hours,dt_min,p_gossip,adoption,fork_frac,fork_hour,detected,lat_aw_min,lat_ev_min,aware_cov_end,evid_cov_end,t10_aw,t50_aw,t10_ev,t50_ev,msgs_first_ev,msgs_10_ev,msgs_50_ev,msgs_95_ev,bytes_per_send,bytes_per_delivery,crosscuts,crosscut_rate,proof_inconsistent,evidence_events,seed,p_contact_cross,p_group_cross,p_drop_crosscut,sticky_victims,msg_rate_1to1,msg_rate_group,groups,avg_group_size,proof_withhold_rate,proof_timeout_rate,invalid_proof_rate,wall_s,run_dir,mix_level
permanent_fork,sth_proof,12000,6.0,5.0,0.003,0.1,0.05,3.0,True,120.0,120.0,0.0,0.0,,,,,50768.0,,,,0.24094657583363213,0.24094657583363213,1.0,1.4939643838890881e-05,1,1,48000,0.01,0.01,0.0,True,0.2,0.08,800,10,0.0,0.0,0.0,0.9458532333374023,C:/Users/efasllija/dev/gossip-poc/out_nb_incremental_clean0104/scenario_mixing_sweep/mix_0p01/permanent_fork_sth_proof_n12000_pg0p003_a0p1_ff0p05_s48000_drop0_pc0p01_pgc0p01,0.01
permanent_fork,sth_proof,12000,6.0,5.0,0.003,0.1,0.05,3.0,False,,,0.0,0.0,,,,,,,,,0.22893558180779752,0.22893558180779752,0.0,0.0,0,0,48001,0.01,0.01,0.0,True,0.2,0.08,800,10,0.0,0.0,0.0,0.9217770099639893,C:/Users/efasllija/dev/gossip-poc/out_nb_incremental_clean0104/scenario_mixing_sweep/mix_0p01/permanent_fork_sth_proof_n12000_pg0p003_a0p1_ff0p05_s48001_drop0_pc0p01_pgc0p01,0.01
permanent_fork,sth_proof,12000,6.0,5.0,0.003,0.1,0.05,3.0,True,155.0,155.0,0.0,0.0,,,,,60277.0,,,,0.20164133647397717,0.20164133647397717,1.0,1.5003075630504253e-05,1,1,48002,0.01,0.01,0.0,True,0.2,0.08,800,10,0.0,0.0,0.0,0.8578312397003174,C:/Users/efasllija/dev/gossip-poc/out_nb_incremental_clean0104/scenario_mixing_sweep/mix_0p01/permanent_fork_sth_proof_n12000_pg0p003_a0p1_ff0p05_s48002_drop0_pc0p01_pgc0p01,0.01
permanent_fork,sth_proof,12000,6.0,5.0,0.003,0.1,0.05,3.0,True,90.0,90.0,0.0,0.0,,,,,41624.0,,,,0.2618754614816638,0.2618754614816638,3.0,4.614816637952252e-05,3,3,48003,0.01,0.01,0.0,True,0.2,0.08,800,10,0.0,0.0,0.0,0.8667595386505127,C:/Users/efasllija/dev/gossip-poc/out_nb_incremental_clean0104/scenario_mixing_sweep/mix_0p01/permanent_fork_sth_proof_n12000_pg0p003_a0p1_ff0p05_s48003_drop0_pc0p01_pgc0p01,0.01
permanent_fork,sth_proof,12000,6.0,5.0,0.003,0.1,0.05,3.0,False,,,0.0,0.0,,,,,,,,,0.10974172114457185,0.10974172114457185,0.0,0.0,0,0,48004,0.01,0.01,0.0,True,0.2,0.08,800,10,0.0,0.0,0.0,0.883267879486084,C:/Users/efasllija/dev/gossip-poc/out_nb_incremental_clean0104/scenario_mixing_sweep/mix_0p01/permanent_fork_sth_proof_n12000_pg0p003_a0p1_ff0p05_s48004_drop0_pc0p01_pgc0p01,0.01
permanent_fork,sth_proof,12000,6.0,5.0,0.003,0.1,0.05,3.0,False,,,0.0,0.0,,,,,,,,,0.19784199137385364,0.19784199137385364,0.0,0.0,0,0,48005,0.01,0.01,0.0,True,0.2,0.08,800,10,0.0,0.0,0.0,0.9076147079467773,C:/Users/efasllija/dev/gossip-poc/out_nb_incremental_clean0104/scenario_mixing_sweep/mix_0p01/permanent_fork_sth_proof_n12000_pg0p003_a0p1_ff0p05_s48005_drop0_pc0p01_pgc0p01,0.01
permanent_fork,sth_proof,12000,6.0,5.0,0.003,0.1,0.05,3.0,True,155.0,155.0,0.0,0.0,,,,,59123.0,,,,0.3275502277193036,0.3275502277193036,1.0,1.5232060440815829e-05,1,1,48006,0.01,0.01,0.0,True,0.2,0.08,800,10,0.0,0.0,0.0,0.8746936321258545,C:/Users/efasllija/dev/gossip-poc/out_nb_incremental_clean0104/scenario_mixing_sweep/mix_0p01/permanent_fork_sth_proof_n12000_pg0p003_a0p1_ff0p05_s48006_drop0_pc0p01_pgc0p01,0.01
permanent_fork,sth_proof,12000,6.0,5.0,0.003,0.1,0.05,3.0,False,,,0.0,0.0,,,,,,,,,0.19991394010869046,0.19991394010869046,0.0,0.0,0,0,48007,0.01,0.01,0.0,True,0.2,0.08,800,10,0.0,0.0,0.0,0.8682599067687988,C:/Users/efasllija/dev/gossip-poc/out_nb_incremental_clean0104/scenario_mixing_sweep/mix_0p01/permanent_fork_sth_proof_n12000_pg0p003_a0p1_ff0p05_s48007_drop0_pc0p01_pgc0p01,0.01
permanent_fork,sth_proof,12000,6.0,5.0,0.003,0.1,0.05,3.0,True,25.0,25.0,0.0,0.0,,,,,29723.0,,,,0.47317573234755056,0.47317573234755056,2.0,3.106458326861545e-05,2,2,48008,0.01,0.01,0.0,True,0.2,0.08,800,10,0.0,0.0,0.0,0.8708884716033936,C:/Users/efasllija/dev/gossip-poc/out_nb_incremental_clean0104/scenario_mixing_sweep/mix_0p01/permanent_fork_sth_proof_n12000_pg0p003_a0p1_ff0p05_s48008_drop0_pc0p01_pgc0p01,0.01
permanent_fork,sth_proof,12000,6.0,5.0,0.003,0.1,0.05,3.0,False,,,0.0,0.0,,,,,,,,,0.3926083737515676,0.3926083737515676,0.0,0.0,0,0,48009,0.01,0.01,0.0,True,0.2,0.08,800,10,0.0,0.0,0.0,0.874943733215332,C:/Users/efasllija/dev/gossip-poc/out_nb_incremental_clean0104/scenario_mixing_sweep/mix_0p01/permanent_fork_sth_proof_n12000_pg0p003_a0p1_ff0p05_s48009_drop0_pc0p01_pgc0p01,0.01
permanent_fork,sth_proof,12000,6.0,5.0,0.003,0.1,0.05,3.0,True,55.0,55.0,0.0,0.0,,,,,34863.0,,,,0.25777535507707217,0.25777535507707217,1.0,1.5141879410072378e-05,1,1,48010,0.01,0.01,0.0,True,0.2,0.08,800,10,0.0,0.0,0.0,0.9212386608123779,C:/Users/efasllija/dev/gossip-poc/out_nb_incremental_clean0104/scenario_mixing_sweep/mix_0p01/permanent_fork_sth_proof_n12000_pg0p003_a0p1_ff0p05_s48010_drop0_pc0p01_pgc0p01,0.01
permanent_fork,sth_proof,12000,6.0,5.0,0.003,0.1,0.05,3.0,False,,,0.0,0.0,,,,,,,,,0.09749879525563898,0.09749879525563898,0.0,0.0,0,0,48011,0.01,0.01,0.0,True,0.2,0.08,800,10,0.0,0.0,0.0,0.8783679008483887,C:/Users/efasllija/dev/gossip-poc/out_nb_incremental_clean0104/scenario_mixing_sweep/mix_0p01/permanent_fork_sth_proof_n12000_pg0p003_a0p1_ff0p05_s48011_drop0_pc0p01_pgc0p01,0.01
permanent_fork,sth_proof,12000,6.0,5.0,0.003,0.1,0.05,3.0,True,95.0,95.0,0.0,0.0,,,,,42578.0,,,,0.15257910706545297,0.15257910706545297,1.0,1.548083472660846e-05,1,1,48012,0.01,0.01,0.0,True,0.2,0.08,800,10,0.0,0.0,0.0,0.8967645168304443,C:/Users/efasllija/dev/gossip-poc/out_nb_incremental_clean0104/scenario_mixing_sweep/mix_0p01/permanent_fork_sth_proof_n12000_pg0p003_a0p1_ff0p05_s48012_drop0_pc0p01_pgc0p01,0.01
permanent_fork,sth_proof,12000,6.0,5.0,0.003,0.1,0.05,3.0,True,80.0,80.0,0.0,0.0,,,,,42106.0,,,,0.3315571343990527,0.3315571343990527,3.0,4.440497335701598e-05,3,3,48013,0.01,0.01,0.0,True,0.2,0.08,800,10,0.0,0.0,0.0,0.8838560581207275,C:/Users/efasllija/dev/gossip-poc/out_nb_incremental_clean0104/scenario_mixing_sweep/mix_0p01/permanent_fork_sth_proof_n12000_pg0p003_a0p1_ff0p05_s48013_drop0_pc0p01_pgc0p01,0.01
permanent_fork,sth_proof,12000,6.0,5.0,0.003,0.1,0.05,3.0,True,105.0,105.0,0.0,0.0,,,,,48507.0,,,,0.0647417555420677,0.0647417555420677,1.0,1.4451284719211538e-05,1,1,48014,0.01,0.01,0.0,True,0.2,0.08,800,10,0.0,0.0,0.0,0.8874692916870117,C:/Users/efasllija/dev/gossip-poc/out_nb_incremental_clean0104/scenario_mixing_sweep/mix_0p01/permanent_fork_sth_proof_n12000_pg0p003_a0p1_ff0p05_s48014_drop0_pc0p01_pgc0p01,0.01
permanent_fork,sth_proof,12000,6.0,5.0,0.005,0.1,0.05,3.0,True,120.0,120.0,0.0,0.0,,,,,50768.0,,,,0.29449025935221707,0.29449025935221707,2.0,2.9879287677781763e-05,2,2,48000,0.01,0.01,0.0,True,0.2,0.08,800,10,0.0,0.0,0.0,0.8781254291534424,C:/Users/efasllija/dev/gossip-poc/out_nb_incremental_clean0104/scenario_mixing_sweep/mix_0p01/permanent_fork_sth_proof_n12000_pg0p005_a0p1_ff0p05_s48000_drop0_pc0p01_pgc0p01,0.01
permanent_fork,sth_proof,12000,6.0,5.0,0.005,0.1,0.05,3.0,False,,,0.0,0.0,,,,,,,,,0.47133796254546545,0.47133796254546545,0.0,0.0,0,0,48001,0.01,0.01,0.0,True,0.2,0.08,800,10,0.0,0.0,0.0,0.9246299266815186,C:/Users/efasllija/dev/gossip-poc/out_nb_incremental_clean0104/scenario_mixing_sweep/mix_0p01/permanent_fork_sth_proof_n12000_pg0p005_a0p1_ff0p05_s48001_drop0_pc0p01_pgc0p01,0.01
permanent_fork,sth_proof,12000,6.0,5.0,0.005,0.1,0.05,3.0,True,155.0,155.0,0.0,0.0,,,,,60277.0,,,,0.3898399171830225,0.3898399171830225,1.0,1.5003075630504253e-05,1,1,48002,0.01,0.01,0.0,True,0.2,0.08,800,10,0.0,0.0,0.0,0.9085595607757568,C:/Users/efasllija/dev/gossip-poc/out_nb_incremental_clean0104/scenario_mixing_sweep/mix_0p01/permanent_fork_sth_proof_n12000_pg0p005_a0p1_ff0p05_s48002_drop0_pc0p01_pgc0p01,0.01
permanent_fork,sth_proof,12000,6.0,5.0,0.005,0.1,0.05,3.0,True,90.0,90.0,0.0,0.0,,,,,41624.0,,,,0.49618508491262614,0.49618508491262614,3.0,4.614816637952252e-05,3,3,48003,0.01,0.01,0.0,True,0.2,0.08,800,10,0.0,0.0,0.0,0.9061212539672852,C:/Users/efasllija/dev/gossip-poc/out_nb_incremental_clean0104/scenario_mixing_sweep/mix_0p01/permanent_fork_sth_proof_n12000_pg0p005_a0p1_ff0p05_s48003_drop0_pc0p01_pgc0p01,0.01
permanent_fork,sth_proof,12000,6.0,5.0,0.005,0.1,0.05,3.0,True,10.0,10.0,0.0,0.0,,,,,26908.0,,,,0.2469188725752867,0.2469188725752867,1.0,1.5309949936463707e-05,1,1,48004,0.01,0.01,0.0,True,0.2,0.08,800,10,0.0,0.0,0.0,0.896808385848999,C:/Users/efasllija/dev/gossip-poc/out_nb_incremental_clean0104/scenario_mixing_sweep/mix_0p01/permanent_fork_sth_proof_n12000_pg0p005_a0p1_ff0p05_s48004_drop0_pc0p01_pgc0p01,0.01
permanent_fork,sth_proof,12000,6.0,5.0,0.005,0.1,0.05,3.0,False,,,0.0,0.0,,,,,,,,,0.36930505056452684,0.36930505056452684,0.0,0.0,0,0,48005,0.01,0.01,0.0,True,0.2,0.08,800,10,0.0,0.0,0.0,0.8894803524017334,C:/Users/efasllija/dev/gossip-poc/out_nb_incremental_clean0104/scenario_mixing_sweep/mix_0p01/permanent_fork_sth_proof_n12000_pg0p005_a0p1_ff0p05_s48005_drop0_pc0p01_pgc0p01,0.01
permanent_fork,sth_proof,12000,6.0,5.0,0.005,0.1,0.05,3.0,True,50.0,50.0,0.0,0.0,,,,,33377.0,,,,0.5459170461988393,0.5459170461988393,3.0,4.5696181322447485e-05,3,3,48006,0.01,0.01,0.0,True,0.2,0.08,800,10,0.0,0.0,0.0,0.8834216594696045,C:/Users/efasllija/dev/gossip-poc/out_nb_incremental_clean0104/scenario_mixing_sweep/mix_0p01/permanent_fork_sth_proof_n12000_pg0p005_a0p1_ff0p05_s48006_drop0_pc0p01_pgc0p01,0.01
permanent_fork,sth_proof,12000,6.0,5.0,0.005,0.1,0.05,3.0,True,125.0,125.0,0.0,0.0,,,,,48380.0,,,,0.27131177586179417,0.27131177586179417,2.0,3.187403381834988e-05,2,2,48007,0.01,0.01,0.0,True,0.2,0.08,800,10,0.0,0.0,0.0,0.8840045928955078,C:/Users/efasllija/dev/gossip-poc/out_nb_incremental_clean0104/scenario_mixing_sweep/mix_0p01/permanent_fork_sth_proof_n12000_pg0p005_a0p1_ff0p05_s48007_drop0_pc0p01_pgc0p01,0.01
permanent_fork,sth_proof,12000,6.0,5.0,0.005,0.1,0.05,3.0,True,25.0,25.0,0.0,0.0,,,,,29723.0,,,,0.5427603988692492,0.5427603988692492,3.0,4.659687490292318e-05,3,3,48008,0.01,0.01,0.0,True,0.2,0.08,800,10,0.0,0.0,0.0,0.8851885795593262,C:/Users/efasllija/dev/gossip-poc/out_nb_incremental_clean0104/scenario_mixing_sweep/mix_0p01/permanent_fork_sth_proof_n12000_pg0p005_a0p1_ff0p05_s48008_drop0_pc0p01_pgc0p01,0.01
permanent_fork,sth_proof,12000,6.0,5.0,0.005,0.1,0.05,3.0,False,,,0.0,0.0,,,,,,,,,0.7175256485804512,0.7175256485804512,0.0,0.0,0,0,48009,0.01,0.01,0.0,True,0.2,0.08,800,10,0.0,0.0,0.0,0.8796844482421875,C:/Users/efasllija/dev/gossip-poc/out_nb_incremental_clean0104/scenario_mixing_sweep/mix_0p01/permanent_fork_sth_proof_n12000_pg0p005_a0p1_ff0p05_s48009_drop0_pc0p01_pgc0p01,0.01
permanent_fork,sth_proof,12000,6.0,5.0,0.005,0.1,0.05,3.0,True,55.0,55.0,0.0,0.0,,,,,34863.0,,,,0.36631234668847096,0.36631234668847096,1.0,1.5141879410072378e-05,1,1,48010,0.01,0.01,0.0,True,0.2,0.08,800,10,0.0,0.0,0.0,0.8700480461120605,C:/Users/efasllija/dev/gossip-poc/out_nb_incremental_clean0104/scenario_mixing_sweep/mix_0p01/permanent_fork_sth_proof_n12000_pg0p005_a0p1_ff0p05_s48010_drop0_pc0p01_pgc0p01,0.01
permanent_fork,sth_proof,12000,6.0,5.0,0.005,0.1,0.05,3.0,False,,,0.0,0.0,,,,,,,,,0.2785679864446828,0.2785679864446828,0.0,0.0,0,0,48011,0.01,0.01,0.0,True,0.2,0.08,800,10,0.0,0.0,0.0,0.8692066669464111,C:/Users/efasllija/dev/gossip-poc/out_nb_incremental_clean0104/scenario_mixing_sweep/mix_0p01/permanent_fork_sth_proof_n12000_pg0p005_a0p1_ff0p05_s48011_drop0_pc0p01_pgc0p01,0.01
permanent_fork,sth_proof,12000,6.0,5.0,0.005,0.1,0.05,3.0,True,95.0,95.0,0.0,0.0,,,,,42578.0,,,,0.41612483745123535,0.41612483745123535,1.0,1.548083472660846e-05,1,1,48012,0.01,0.01,0.0,True,0.2,0.08,800,10,0.0,0.0,0.0,0.8811407089233398,C:/Users/efasllija/dev/gossip-poc/out_nb_incremental_clean0104/scenario_mixing_sweep/mix_0p01/permanent_fork_sth_proof_n12000_pg0p005_a0p1_ff0p05_s48012_drop0_pc0p01_pgc0p01,0.01
permanent_fork,sth_proof,12000,6.0,5.0,0.005,0.1,0.05,3.0,True,80.0,80.0,0.0,0.0,,,,,42106.0,,,,0.7692125518058023,0.7692125518058023,3.0,4.440497335701598e-05,3,3,48013,0.01,0.01,0.0,True,0.2,0.08,800,10,0.0,0.0,0.0,0.9194462299346924,C:/Users/efasllija/dev/gossip-poc/out_nb_incremental_clean0104/scenario_mixing_sweep/mix_0p01/permanent_fork_sth_proof_n12000_pg0p005_a0p1_ff0p05_s48013_drop0_pc0p01_pgc0p01,0.01
permanent_fork,sth_proof,12000,6.0,5.0,0.005,0.1,0.05,3.0,True,105.0,105.0,0.0,0.0,,,,,48507.0,,,,0.32370877771033846,0.32370877771033846,1.0,1.4451284719211538e-05,1,1,48014,0.01,0.01,0.0,True,0.2,0.08,800,10,0.0,0.0,0.0,0.8772790431976318,C:/Users/efasllija/dev/gossip-poc/out_nb_incremental_clean0104/scenario_mixing_sweep/mix_0p01/permanent_fork_sth_proof_n12000_pg0p005_a0p1_ff0p05_s48014_drop0_pc0p01_pgc0p01,0.01
permanent_fork,sth_proof,12000,6.0,5.0,0.007,0.1,0.05,3.0,True,50.0,50.0,0.0,0.0,,,,,35355.0,,,,0.7629974901398351,0.7629974901398351,3.0,4.4818931516672646e-05,3,3,48000,0.01,0.01,0.0,True,0.2,0.08,800,10,0.0,0.0,0.0,0.899369478225708,C:/Users/efasllija/dev/gossip-poc/out_nb_incremental_clean0104/scenario_mixing_sweep/mix_0p01/permanent_fork_sth_proof_n12000_pg0p007_a0p1_ff0p05_s48000_drop0_pc0p01_pgc0p01,0.01
permanent_fork,sth_proof,12000,6.0,5.0,0.007,0.1,0.05,3.0,True,90.0,90.0,0.0,0.0,,,,,42808.0,,,,0.7272071422130039,0.7272071422130039,4.0,6.011963807977876e-05,4,4,48001,0.01,0.01,0.0,True,0.2,0.08,800,10,0.0,0.0,0.0,0.9080541133880615,C:/Users/efasllija/dev/gossip-poc/out_nb_incremental_clean0104/scenario_mixing_sweep/mix_0p01/permanent_fork_sth_proof_n12000_pg0p007_a0p1_ff0p05_s48001_drop0_pc0p01_pgc0p01,0.01
permanent_fork,sth_proof,12000,6.0,5.0,0.007,0.1,0.05,3.0,True,30.0,30.0,0.0,0.0,,,,,31380.0,,,,0.7527943228361814,0.7527943228361814,2.0,3.0006151261008507e-05,2,2,48002,0.01,0.01,0.0,True,0.2,0.08,800,10,0.0,0.0,0.0,0.8907945156097412,C:/Users/efasllija/dev/gossip-poc/out_nb_incremental_clean0104/scenario_mixing_sweep/mix_0p01/permanent_fork_sth_proof_n12000_pg0p007_a0p1_ff0p05_s48002_drop0_pc0p01_pgc0p01,0.01
permanent_fork,sth_proof,12000,6.0,5.0,0.007,0.1,0.05,3.0,True,90.0,90.0,0.0,0.0,,,,,41624.0,,,,0.5375338419886783,0.5375338419886783,3.0,4.614816637952252e-05,3,3,48003,0.01,0.01,0.0,True,0.2,0.08,800,10,0.0,0.0,0.0,0.8759441375732422,C:/Users/efasllija/dev/gossip-poc/out_nb_incremental_clean0104/scenario_mixing_sweep/mix_0p01/permanent_fork_sth_proof_n12000_pg0p007_a0p1_ff0p05_s48003_drop0_pc0p01_pgc0p01,0.01
permanent_fork,sth_proof,12000,6.0,5.0,0.007,0.1,0.05,3.0,True,10.0,10.0,0.0,0.0,,,,,26908.0,,,,0.37037830886293,0.37037830886293,1.0,1.5309949936463707e-05,1,1,48004,0.01,0.01,0.0,True,0.2,0.08,800,10,0.0,0.0,0.0,0.8845500946044922,C:/Users/efasllija/dev/gossip-poc/out_nb_incremental_clean0104/scenario_mixing_sweep/mix_0p01/permanent_fork_sth_proof_n12000_pg0p007_a0p1_ff0p05_s48004_drop0_pc0p01_pgc0p01,0.01
permanent_fork,sth_proof,12000,6.0,5.0,0.007,0.1,0.05,3.0,False,,,0.0,0.0,,,,,,,,,0.3956839827477073,0.3956839827477073,0.0,0.0,0,0,48005,0.01,0.01,0.0,True,0.2,0.08,800,10,0.0,0.0,0.0,0.9008603096008301,C:/Users/efasllija/dev/gossip-poc/out_nb_incremental_clean0104/scenario_mixing_sweep/mix_0p01/permanent_fork_sth_proof_n12000_pg0p007_a0p1_ff0p05_s48005_drop0_pc0p01_pgc0p01,0.01
permanent_fork,sth_proof,12000,6.0,5.0,0.007,0.1,0.05,3.0,True,50.0,50.0,0.0,0.0,,,,,33377.0,,,,0.6005087508187232,0.6005087508187232,3.0,4.5696181322447485e-05,3,3,48006,0.01,0.01,0.0,True,0.2,0.08,800,10,0.0,0.0,0.0,0.8833856582641602,C:/Users/efasllija/dev/gossip-poc/out_nb_incremental_clean0104/scenario_mixing_sweep/mix_0p01/permanent_fork_sth_proof_n12000_pg0p007_a0p1_ff0p05_s48006_drop0_pc0p01_pgc0p01,0.01
permanent_fork,sth_proof,12000,6.0,5.0,0.007,0.1,0.05,3.0,True,125.0,125.0,0.0,0.0,,,,,48380.0,,,,0.4855052831211054,0.4855052831211054,3.0,4.781105072752482e-05,3,3,48007,0.01,0.01,0.0,True,0.2,0.08,800,10,0.0,0.0,0.0,0.8935561180114746,C:/Users/efasllija/dev/gossip-poc/out_nb_incremental_clean0104/scenario_mixing_sweep/mix_0p01/permanent_fork_sth_proof_n12000_pg0p007_a0p1_ff0p05_s48007_drop0_pc0p01_pgc0p01,0.01
permanent_fork,sth_proof,12000,6.0,5.0,0.007,0.1,0.05,3.0,True,25.0,25.0,0.0,0.0,,,,,29723.0,,,,0.5984281320866081,0.5984281320866081,3.0,4.659687490292318e-05,3,3,48008,0.01,0.01,0.0,True,0.2,0.08,800,10,0.0,0.0,0.0,0.8957488536834717,C:/Users/efasllija/dev/gossip-poc/out_nb_incremental_clean0104/scenario_mixing_sweep/mix_0p01/permanent_fork_sth_proof_n12000_pg0p007_a0p1_ff0p05_s48008_drop0_pc0p01_pgc0p01,0.01
permanent_fork,sth_proof,12000,6.0,5.0,0.007,0.1,0.05,3.0,False,,,0.0,0.0,,,,,,,,,1.164286901470166,1.164286901470166,0.0,0.0,0,0,48009,0.01,0.01,0.0,True,0.2,0.08,800,10,0.0,0.0,0.0,0.9126014709472656,C:/Users/efasllija/dev/gossip-poc/out_nb_incremental_clean0104/scenario_mixing_sweep/mix_0p01/permanent_fork_sth_proof_n12000_pg0p007_a0p1_ff0p05_s48009_drop0_pc0p01_pgc0p01,0.01
permanent_fork,sth_proof,12000,6.0,5.0,0.007,0.1,0.05,3.0,True,55.0,55.0,0.0,0.0,,,,,34863.0,,,,0.40701371854274554,0.40701371854274554,1.0,1.5141879410072378e-05,1,1,48010,0.01,0.01,0.0,True,0.2,0.08,800,10,0.0,0.0,0.0,0.9026591777801514,C:/Users/efasllija/dev/gossip-poc/out_nb_incremental_clean0104/scenario_mixing_sweep/mix_0p01/permanent_fork_sth_proof_n12000_pg0p007_a0p1_ff0p05_s48010_drop0_pc0p01_pgc0p01,0.01
permanent_fork,sth_proof,12000,6.0,5.0,0.007,0.1,0.05,3.0,False,,,0.0,0.0,,,,,,,,,0.3064247850891511,0.3064247850891511,0.0,0.0,0,0,48011,0.01,0.01,0.0,True,0.2,0.08,800,10,0.0,0.0,0.0,0.9069409370422363,C:/Users/efasllija/dev/gossip-poc/out_nb_incremental_clean0104/scenario_mixing_sweep/mix_0p01/permanent_fork_sth_proof_n12000_pg0p007_a0p1_ff0p05_s48011_drop0_pc0p01_pgc0p01,0.01
permanent_fork,sth_proof,12000,6.0,5.0,0.007,0.1,0.05,3.0,True,95.0,95.0,0.0,0.0,,,,,42578.0,,,,0.7628955353272648,0.7628955353272648,1.0,1.548083472660846e-05,1,1,48012,0.01,0.01,0.0,True,0.2,0.08,800,10,0.0,0.0,0.0,0.8763856887817383,C:/Users/efasllija/dev/gossip-poc/out_nb_incremental_clean0104/scenario_mixing_sweep/mix_0p01/permanent_fork_sth_proof_n12000_pg0p007_a0p1_ff0p05_s48012_drop0_pc0p01_pgc0p01,0.01
permanent_fork,sth_proof,12000,6.0,5.0,0.007,0.1,0.05,3.0,True,80.0,80.0,0.0,0.0,,,,,42106.0,,,,1.0609828300769686,1.0609828300769686,3.0,4.440497335701598e-05,3,3,48013,0.01,0.01,0.0,True,0.2,0.08,800,10,0.0,0.0,0.0,0.8929996490478516,C:/Users/efasllija/dev/gossip-poc/out_nb_incremental_clean0104/scenario_mixing_sweep/mix_0p01/permanent_fork_sth_proof_n12000_pg0p007_a0p1_ff0p05_s48013_drop0_pc0p01_pgc0p01,0.01
permanent_fork,sth_proof,12000,6.0,5.0,0.007,0.1,0.05,3.0,True,105.0,105.0,0.0,0.0,,,,,48507.0,,,,0.3755021821439926,0.3755021821439926,2.0,2.8902569438423076e-05,2,2,48014,0.01,0.01,0.0,True,0.2,0.08,800,10,0.0,0.0,0.0,0.8931386470794678,C:/Users/efasllija/dev/gossip-poc/out_nb_incremental_clean0104/scenario_mixing_sweep/mix_0p01/permanent_fork_sth_proof_n12000_pg0p007_a0p1_ff0p05_s48014_drop0_pc0p01_pgc0p01,0.01
permanent_fork,sth_proof,12000,6.0,5.0,0.01,0.1,0.05,3.0,True,50.0,50.0,0.0,0.0,,,,,35355.0,,,,0.8700848571770049,0.8700848571770049,3.0,4.4818931516672646e-05,3,3,48000,0.01,0.01,0.0,True,0.2,0.08,800,10,0.0,0.0,0.0,0.9014561176300049,C:/Users/efasllija/dev/gossip-poc/out_nb_incremental_clean0104/scenario_mixing_sweep/mix_0p01/permanent_fork_sth_proof_n12000_pg0p01_a0p1_ff0p05_s48000_drop0_pc0p01_pgc0p01,0.01
permanent_fork,sth_proof,12000,6.0,5.0,0.01,0.1,0.05,3.0,True,90.0,90.0,0.0,0.0,,,,,42808.0,,,,0.9696095229506718,0.9696095229506718,5.0,7.514954759972345e-05,5,5,48001,0.01,0.01,0.0,True,0.2,0.08,800,10,0.0,0.0,0.0,0.9378125667572021,C:/Users/efasllija/dev/gossip-poc/out_nb_incremental_clean0104/scenario_mixing_sweep/mix_0p01/permanent_fork_sth_proof_n12000_pg0p01_a0p1_ff0p05_s48001_drop0_pc0p01_pgc0p01,0.01
permanent_fork,sth_proof,12000,6.0,5.0,0.01,0.1,0.05,3.0,True,30.0,30.0,0.0,0.0,,,,,31380.0,,,,0.8603363689556359,0.8603363689556359,3.0,4.500922689151276e-05,3,3,48002,0.01,0.01,0.0,True,0.2,0.08,800,10,0.0,0.0,0.0,0.9072263240814209,C:/Users/efasllija/dev/gossip-poc/out_nb_incremental_clean0104/scenario_mixing_sweep/mix_0p01/permanent_fork_sth_proof_n12000_pg0p01_a0p1_ff0p05_s48002_drop0_pc0p01_pgc0p01,0.01
permanent_fork,sth_proof,12000,6.0,5.0,0.01,0.1,0.05,3.0,True,90.0,90.0,0.0,0.0,,,,,41624.0,,,,0.7994093034703421,0.7994093034703421,4.0,6.153088850603002e-05,4,4,48003,0.01,0.01,0.0,True,0.2,0.08,800,10,0.0,0.0,0.0,0.8898983001708984,C:/Users/efasllija/dev/gossip-poc/out_nb_incremental_clean0104/scenario_mixing_sweep/mix_0p01/permanent_fork_sth_proof_n12000_pg0p01_a0p1_ff0p05_s48003_drop0_pc0p01_pgc0p01,0.01
permanent_fork,sth_proof,12000,6.0,5.0,0.01,0.1,0.05,3.0,True,10.0,10.0,0.0,0.0,,,,,26908.0,,,,0.4389668845782874,0.4389668845782874,1.0,1.5309949936463707e-05,1,1,48004,0.01,0.01,0.0,True,0.2,0.08,800,10,0.0,0.0,0.0,0.9117615222930908,C:/Users/efasllija/dev/gossip-poc/out_nb_incremental_clean0104/scenario_mixing_sweep/mix_0p01/permanent_fork_sth_proof_n12000_pg0p01_a0p1_ff0p05_s48004_drop0_pc0p01_pgc0p01,0.01
permanent_fork,sth_proof,12000,6.0,5.0,0.01,0.1,0.05,3.0,True,145.0,145.0,0.0,0.0,,,,,57346.0,,,,0.6726627706711024,0.6726627706711024,1.0,1.472038626293554e-05,1,1,48005,0.01,0.01,0.0,True,0.2,0.08,800,10,0.0,0.0,0.0,0.908653736114502,C:/Users/efasllija/dev/gossip-poc/out_nb_incremental_clean0104/scenario_mixing_sweep/mix_0p01/permanent_fork_sth_proof_n12000_pg0p01_a0p1_ff0p05_s48005_drop0_pc0p01_pgc0p01,0.01
permanent_fork,sth_proof,12000,6.0,5.0,0.01,0.1,0.05,3.0,True,50.0,50.0,0.0,0.0,,,,,33377.0,,,,0.83252349545323,0.83252349545323,3.0,4.5696181322447485e-05,3,3,48006,0.01,0.01,0.0,True,0.2,0.08,800,10,0.0,0.0,0.0,0.9212684631347656,C:/Users/efasllija/dev/gossip-poc/out_nb_incremental_clean0104/scenario_mixing_sweep/mix_0p01/permanent_fork_sth_proof_n12000_pg0p01_a0p1_ff0p05_s48006_drop0_pc0p01_pgc0p01,0.01
permanent_fork,sth_proof,12000,6.0,5.0,0.01,0.1,0.05,3.0,True,125.0,125.0,0.0,0.0,,,,,48380.0,,,,0.5711826860248299,0.5711826860248299,3.0,4.781105072752482e-05,3,3,48007,0.01,0.01,0.0,True,0.2,0.08,800,10,0.0,0.0,0.0,0.8740780353546143,C:/Users/efasllija/dev/gossip-poc/out_nb_incremental_clean0104/scenario_mixing_sweep/mix_0p01/permanent_fork_sth_proof_n12000_pg0p01_a0p1_ff0p05_s48007_drop0_pc0p01_pgc0p01,0.01
permanent_fork,sth_proof,12000,6.0,5.0,0.01,0.1,0.05,3.0,True,25.0,25.0,0.0,0.0,,,,,29723.0,,,,0.6958466652169861,0.6958466652169861,3.0,4.659687490292318e-05,3,3,48008,0.01,0.01,0.0,True,0.2,0.08,800,10,0.0,0.0,0.0,0.8904674053192139,C:/Users/efasllija/dev/gossip-poc/out_nb_incremental_clean0104/scenario_mixing_sweep/mix_0p01/permanent_fork_sth_proof_n12000_pg0p01_a0p1_ff0p05_s48008_drop0_pc0p01_pgc0p01,0.01
permanent_fork,sth_proof,12000,6.0,5.0,0.01,0.1,0.05,3.0,False,,,0.0,0.0,,,,,,,,,1.2455162201773868,1.2455162201773868,0.0,0.0,0,0,48009,0.01,0.01,0.0,True,0.2,0.08,800,10,0.0,0.0,0.0,0.9031949043273926,C:/Users/efasllija/dev/gossip-poc/out_nb_incremental_clean0104/scenario_mixing_sweep/mix_0p01/permanent_fork_sth_proof_n12000_pg0p01_a0p1_ff0p05_s48009_drop0_pc0p01_pgc0p01,0.01
permanent_fork,sth_proof,12000,6.0,5.0,0.01,0.1,0.05,3.0,True,55.0,55.0,0.0,0.0,,,,,34863.0,,,,0.8004603131340662,0.8004603131340662,2.0,3.0283758820144755e-05,2,2,48010,0.01,0.01,0.0,True,0.2,0.08,800,10,0.0,0.0,0.0,0.8780019283294678,C:/Users/efasllija/dev/gossip-poc/out_nb_incremental_clean0104/scenario_mixing_sweep/mix_0p01/permanent_fork_sth_proof_n12000_pg0p01_a0p1_ff0p05_s48010_drop0_pc0p01_pgc0p01,0.01
permanent_fork,sth_proof,12000,6.0,5.0,0.01,0.1,0.05,3.0,False,,,0.0,0.0,,,,,,,,,0.6824915667894729,0.6824915667894729,0.0,0.0,0,0,48011,0.01,0.01,0.0,True,0.2,0.08,800,10,0.0,0.0,0.0,0.8728315830230713,C:/Users/efasllija/dev/gossip-poc/out_nb_incremental_clean0104/scenario_mixing_sweep/mix_0p01/permanent_fork_sth_proof_n12000_pg0p01_a0p1_ff0p05_s48011_drop0_pc0p01_pgc0p01,0.01
permanent_fork,sth_proof,12000,6.0,5.0,0.01,0.1,0.05,3.0,True,80.0,80.0,0.0,0.0,,,,,39033.0,,,,1.1512787169484178,1.1512787169484178,3.0,4.644250417982538e-05,3,3,48012,0.01,0.01,0.0,True,0.2,0.08,800,10,0.0,0.0,0.0,0.8883910179138184,C:/Users/efasllija/dev/gossip-poc/out_nb_incremental_clean0104/scenario_mixing_sweep/mix_0p01/permanent_fork_sth_proof_n12000_pg0p01_a0p1_ff0p05_s48012_drop0_pc0p01_pgc0p01,0.01
permanent_fork,sth_proof,12000,6.0,5.0,0.01,0.1,0.05,3.0,True,80.0,80.0,0.0,0.0,,,,,42106.0,,,,1.5384251036116046,1.5384251036116046,5.0,7.400828892835997e-05,5,5,48013,0.01,0.01,0.0,True,0.2,0.08,800,10,0.0,0.0,0.0,0.9023442268371582,C:/Users/efasllija/dev/gossip-poc/out_nb_incremental_clean0104/scenario_mixing_sweep/mix_0p01/permanent_fork_sth_proof_n12000_pg0p01_a0p1_ff0p05_s48013_drop0_pc0p01_pgc0p01,0.01
permanent_fork,sth_proof,12000,6.0,5.0,0.01,0.1,0.05,3.0,True,45.0,45.0,0.0,0.0,,,,,35588.0,,,,0.6344692043122634,0.6344692043122634,5.0,7.225642359605769e-05,5,5,48014,0.01,0.01,0.0,True,0.2,0.08,800,10,0.0,0.0,0.0,0.8950161933898926,C:/Users/efasllija/dev/gossip-poc/out_nb_incremental_clean0104/scenario_mixing_sweep/mix_0p01/permanent_fork_sth_proof_n12000_pg0p01_a0p1_ff0p05_s48014_drop0_pc0p01_pgc0p01,0.01
permanent_fork,sth_proof,12000,6.0,5.0,0.015,0.1,0.05,3.0,True,50.0,50.0,0.0,0.0,,,,,35355.0,,,,1.1378032747699296,1.1378032747699296,4.0,5.9758575355563525e-05,4,4,48000,0.01,0.01,0.0,True,0.2,0.08,800,10,0.0,0.0,0.0,0.9035539627075195,C:/Users/efasllija/dev/gossip-poc/out_nb_incremental_clean0104/scenario_mixing_sweep/mix_0p01/permanent_fork_sth_proof_n12000_pg0p015_a0p1_ff0p05_s48000_drop0_pc0p01_pgc0p01,0.01
permanent_fork,sth_proof,12000,6.0,5.0,0.015,0.1,0.05,3.0,True,70.0,70.0,0.0,0.0,,,,,38771.0,,,,1.8045510566026393,1.8045510566026393,7.0,0.00010520936663961282,7,7,48001,0.01,0.01,0.0,True,0.2,0.08,800,10,0.0,0.0,0.0,0.9057266712188721,C:/Users/efasllija/dev/gossip-poc/out_nb_incremental_clean0104/scenario_mixing_sweep/mix_0p01/permanent_fork_sth_proof_n12000_pg0p015_a0p1_ff0p05_s48001_drop0_pc0p01_pgc0p01,0.01
permanent_fork,sth_proof,12000,6.0,5.0,0.015,0.1,0.05,3.0,True,30.0,30.0,0.0,0.0,,,,,31380.0,,,,1.3980465995529083,1.3980465995529083,4.0,6.0012302522017014e-05,4,4,48002,0.01,0.01,0.0,True,0.2,0.08,800,10,0.0,0.0,0.0,0.9035089015960693,C:/Users/efasllija/dev/gossip-poc/out_nb_incremental_clean0104/scenario_mixing_sweep/mix_0p01/permanent_fork_sth_proof_n12000_pg0p015_a0p1_ff0p05_s48002_drop0_pc0p01_pgc0p01,0.01
permanent_fork,sth_proof,12000,6.0,5.0,0.015,0.1,0.05,3.0,True,50.0,50.0,0.0,0.0,,,,,33491.0,,,,1.5161210927885798,1.5161210927885798,6.0,9.229633275904504e-05,6,6,48003,0.01,0.01,0.0,True,0.2,0.08,800,10,0.0,0.0,0.0,0.8879399299621582,C:/Users/efasllija/dev/gossip-poc/out_nb_incremental_clean0104/scenario_mixing_sweep/mix_0p01/permanent_fork_sth_proof_n12000_pg0p015_a0p1_ff0p05_s48003_drop0_pc0p01_pgc0p01,0.01
permanent_fork,sth_proof,12000,6.0,5.0,0.015,0.1,0.05,3.0,True,10.0,10.0,0.0,0.0,,,,,26908.0,,,,1.138570356874933,1.138570356874933,3.0,4.5929849809391124e-05,3,3,48004,0.01,0.01,0.0,True,0.2,0.08,800,10,0.0,0.0,0.0,0.9024631977081299,C:/Users/efasllija/dev/gossip-poc/out_nb_incremental_clean0104/scenario_mixing_sweep/mix_0p01/permanent_fork_sth_proof_n12000_pg0p015_a0p1_ff0p05_s48004_drop0_pc0p01_pgc0p01,0.01
permanent_fork,sth_proof,12000,6.0,5.0,0.015,0.1,0.05,3.0,True,75.0,75.0,0.0,0.0,,,,,39883.0,,,,1.0551572873272195,1.0551572873272195,2.0,2.944077252587108e-05,2,2,48005,0.01,0.01,0.0,True,0.2,0.08,800,10,0.0,0.0,0.0,0.9293322563171387,C:/Users/efasllija/dev/gossip-poc/out_nb_incremental_clean0104/scenario_mixing_sweep/mix_0p01/permanent_fork_sth_proof_n12000_pg0p015_a0p1_ff0p05_s48005_drop0_pc0p01_pgc0p01,0.01
permanent_fork,sth_proof,12000,6.0,5.0,0.015,0.1,0.05,3.0,True,5.0,5.0,0.0,0.0,,,,,26234.0,,,,0.9417069046929978,0.9417069046929978,4.0,6.0928241763263316e-05,4,4,48006,0.01,0.01,0.0,True,0.2,0.08,800,10,0.0,0.0,0.0,0.9298248291015625,C:/Users/efasllija/dev/gossip-poc/out_nb_incremental_clean0104/scenario_mixing_sweep/mix_0p01/permanent_fork_sth_proof_n12000_pg0p015_a0p1_ff0p05_s48006_drop0_pc0p01_pgc0p01,0.01
permanent_fork,sth_proof,12000,6.0,5.0,0.015,0.1,0.05,3.0,True,125.0,125.0,0.0,0.0,,,,,48380.0,,,,0.7568170589828995,0.7568170589828995,4.0,6.374806763669976e-05,4,4,48007,0.01,0.01,0.0,True,0.2,0.08,800,10,0.0,0.0,0.0,0.9077107906341553,C:/Users/efasllija/dev/gossip-poc/out_nb_incremental_clean0104/scenario_mixing_sweep/mix_0p01/permanent_fork_sth_proof_n12000_pg0p015_a0p1_ff0p05_s48007_drop0_pc0p01_pgc0p01,0.01
permanent_fork,sth_proof,12000,6.0,5.0,0.015,0.1,0.05,3.0,True,25.0,25.0,0.0,0.0,,,,,29723.0,,,,1.155105464260197,1.155105464260197,3.0,4.659687490292318e-05,3,3,48008,0.01,0.01,0.0,True,0.2,0.08,800,10,0.0,0.0,0.0,0.9140219688415527,C:/Users/efasllija/dev/gossip-poc/out_nb_incremental_clean0104/scenario_mixing_sweep/mix_0p01/permanent_fork_sth_proof_n12000_pg0p015_a0p1_ff0p05_s48008_drop0_pc0p01_pgc0p01,0.01
permanent_fork,sth_proof,12000,6.0,5.0,0.015,0.1,0.05,3.0,True,125.0,125.0,0.0,0.0,,,,,50762.0,,,,1.82765967091247,1.82765967091247,1.0,1.510962029524198e-05,1,1,48009,0.01,0.01,0.0,True,0.2,0.08,800,10,0.0,0.0,0.0,0.9022564888000488,C:/Users/efasllija/dev/gossip-poc/out_nb_incremental_clean0104/scenario_mixing_sweep/mix_0p01/permanent_fork_sth_proof_n12000_pg0p015_a0p1_ff0p05_s48009_drop0_pc0p01_pgc0p01,0.01
permanent_fork,sth_proof,12000,6.0,5.0,0.015,0.1,0.05,3.0,True,55.0,55.0,0.0,0.0,,,,,34863.0,,,,1.4245480148996092,1.4245480148996092,4.0,6.056751764028951e-05,4,4,48010,0.01,0.01,0.0,True,0.2,0.08,800,10,0.0,0.0,0.0,0.887916088104248,C:/Users/efasllija/dev/gossip-poc/out_nb_incremental_clean0104/scenario_mixing_sweep/mix_0p01/permanent_fork_sth_proof_n12000_pg0p015_a0p1_ff0p05_s48010_drop0_pc0p01_pgc0p01,0.01
permanent_fork,sth_proof,12000,6.0,5.0,0.015,0.1,0.05,3.0,True,75.0,75.0,0.0,0.0,,,,,38169.0,,,,1.0446299491675606,1.0446299491675606,1.0,1.5545088529279174e-05,1,1,48011,0.01,0.01,0.0,True,0.2,0.08,800,10,0.0,0.0,0.0,0.8846423625946045,C:/Users/efasllija/dev/gossip-poc/out_nb_incremental_clean0104/scenario_mixing_sweep/mix_0p01/permanent_fork_sth_proof_n12000_pg0p015_a0p1_ff0p05_s48011_drop0_pc0p01_pgc0p01,0.01
permanent_fork,sth_proof,12000,6.0,5.0,0.015,0.1,0.05,3.0,True,0.0,0.0,0.0,0.0,,,,,25342.0,,,,1.539661898569571,1.539661898569571,4.0,6.192333890643384e-05,4,4,48012,0.01,0.01,0.0,True,0.2,0.08,800,10,0.0,0.0,0.0,0.8997259140014648,C:/Users/efasllija/dev/gossip-poc/out_nb_incremental_clean0104/scenario_mixing_sweep/mix_0p01/permanent_fork_sth_proof_n12000_pg0p015_a0p1_ff0p05_s48012_drop0_pc0p01_pgc0p01,0.01
permanent_fork,sth_proof,12000,6.0,5.0,0.015,0.1,0.05,3.0,True,80.0,80.0,0.0,0.0,,,,,42106.0,,,,2.0291296625222026,2.0291296625222026,7.0,0.00010361160449970396,7,7,48013,0.01,0.01,0.0,True,0.2,0.08,800,10,0.0,0.0,0.0,0.9112105369567871,C:/Users/efasllija/dev/gossip-poc/out_nb_incremental_clean0104/scenario_mixing_sweep/mix_0p01/permanent_fork_sth_proof_n12000_pg0p015_a0p1_ff0p05_s48013_drop0_pc0p01_pgc0p01,0.01
permanent_fork,sth_proof,12000,6.0,5.0,0.015,0.1,0.05,3.0,True,45.0,45.0,0.0,0.0,,,,,35588.0,,,,1.4631636752507298,1.4631636752507298,7.0,0.00010115899303448076,7,7,48014,0.01,0.01,0.0,True,0.2,0.08,800,10,0.0,0.0,0.0,0.9247727394104004,C:/Users/efasllija/dev/gossip-poc/out_nb_incremental_clean0104/scenario_mixing_sweep/mix_0p01/permanent_fork_sth_proof_n12000_pg0p015_a0p1_ff0p05_s48014_drop0_pc0p01_pgc0p01,0.01
permanent_fork,sth_proof,12000,6.0,5.0,0.02,0.1,0.05,3.0,True,50.0,50.0,0.0,0.0,,,,,35355.0,,,,1.5259949802796702,1.5259949802796702,5.0,7.46982191944544e-05,5,5,48000,0.01,0.01,0.0,True,0.2,0.08,800,10,0.0,0.0,0.0,0.90401291847229,C:/Users/efasllija/dev/gossip-poc/out_nb_incremental_clean0104/scenario_mixing_sweep/mix_0p01/permanent_fork_sth_proof_n12000_pg0p02_a0p1_ff0p05_s48000_drop0_pc0p01_pgc0p01,0.01
permanent_fork,sth_proof,12000,6.0,5.0,0.02,0.1,0.05,3.0,True,70.0,70.0,0.0,0.0,,,,,38771.0,,,,2.222021823428623,2.222021823428623,7.0,0.00010520936663961282,7,7,48001,0.01,0.01,0.0,True,0.2,0.08,800,10,0.0,0.0,0.0,0.8949985504150391,C:/Users/efasllija/dev/gossip-poc/out_nb_incremental_clean0104/scenario_mixing_sweep/mix_0p01/permanent_fork_sth_proof_n12000_pg0p02_a0p1_ff0p05_s48001_drop0_pc0p01_pgc0p01,0.01
permanent_fork,sth_proof,12000,6.0,5.0,0.02,0.1,0.05,3.0,True,30.0,30.0,0.0,0.0,,,,,31380.0,,,,2.056741632034567,2.056741632034567,5.0,7.501537815252127e-05,5,5,48002,0.01,0.01,0.0,True,0.2,0.08,800,10,0.0,0.0,0.0,0.9043281078338623,C:/Users/efasllija/dev/gossip-poc/out_nb_incremental_clean0104/scenario_mixing_sweep/mix_0p01/permanent_fork_sth_proof_n12000_pg0p02_a0p1_ff0p05_s48002_drop0_pc0p01_pgc0p01,0.01
permanent_fork,sth_proof,12000,6.0,5.0,0.02,0.1,0.05,3.0,True,50.0,50.0,0.0,0.0,,,,,33491.0,,,,1.9709574206251539,1.9709574206251539,7.0,0.00010767905488555255,7,7,48003,0.01,0.01,0.0,True,0.2,0.08,800,10,0.0,0.0,0.0,0.9165568351745605,C:/Users/efasllija/dev/gossip-poc/out_nb_incremental_clean0104/scenario_mixing_sweep/mix_0p01/permanent_fork_sth_proof_n12000_pg0p02_a0p1_ff0p05_s48003_drop0_pc0p01_pgc0p01,0.01
permanent_fork,sth_proof,12000,6.0,5.0,0.02,0.1,0.05,3.0,True,10.0,10.0,0.0,0.0,,,,,26908.0,,,,1.879326974600793,1.879326974600793,5.0,7.654974968231854e-05,5,5,48004,0.01,0.01,0.0,True,0.2,0.08,800,10,0.0,0.0,0.0,0.910853385925293,C:/Users/efasllija/dev/gossip-poc/out_nb_incremental_clean0104/scenario_mixing_sweep/mix_0p01/permanent_fork_sth_proof_n12000_pg0p02_a0p1_ff0p05_s48004_drop0_pc0p01_pgc0p01,0.01
permanent_fork,sth_proof,12000,6.0,5.0,0.02,0.1,0.05,3.0,True,55.0,55.0,0.0,0.0,,,,,35973.0,,,,1.2002414143347122,1.2002414143347122,3.0,4.416115878880662e-05,3,3,48005,0.01,0.01,0.0,True,0.2,0.08,800,10,0.0,0.0,0.0,0.9334125518798828,C:/Users/efasllija/dev/gossip-poc/out_nb_incremental_clean0104/scenario_mixing_sweep/mix_0p01/permanent_fork_sth_proof_n12000_pg0p02_a0p1_ff0p05_s48005_drop0_pc0p01_pgc0p01,0.01
permanent_fork,sth_proof,12000,6.0,5.0,0.02,0.1,0.05,3.0,True,5.0,5.0,0.0,0.0,,,,,26234.0,,,,1.1327778708625915,1.1327778708625915,6.0,9.139236264489497e-05,6,6,48006,0.01,0.01,0.0,True,0.2,0.08,800,10,0.0,0.0,0.0,0.9408988952636719,C:/Users/efasllija/dev/gossip-poc/out_nb_incremental_clean0104/scenario_mixing_sweep/mix_0p01/permanent_fork_sth_proof_n12000_pg0p02_a0p1_ff0p05_s48006_drop0_pc0p01_pgc0p01,0.01
permanent_fork,sth_proof,12000,6.0,5.0,0.02,0.1,0.05,3.0,True,125.0,125.0,0.0,0.0,,,,,48380.0,,,,1.642150222321386,1.642150222321386,4.0,6.374806763669976e-05,4,4,48007,0.01,0.01,0.0,True,0.2,0.08,800,10,0.0,0.0,0.0,0.9291055202484131,C:/Users/efasllija/dev/gossip-poc/out_nb_incremental_clean0104/scenario_mixing_sweep/mix_0p01/permanent_fork_sth_proof_n12000_pg0p02_a0p1_ff0p05_s48007_drop0_pc0p01_pgc0p01,0.01
permanent_fork,sth_proof,12000,6.0,5.0,0.02,0.1,0.05,3.0,True,25.0,25.0,0.0,0.0,,,,,29723.0,,,,1.2803578639992546,1.2803578639992546,3.0,4.659687490292318e-05,3,3,48008,0.01,0.01,0.0,True,0.2,0.08,800,10,0.0,0.0,0.0,0.8937778472900391,C:/Users/efasllija/dev/gossip-poc/out_nb_incremental_clean0104/scenario_mixing_sweep/mix_0p01/permanent_fork_sth_proof_n12000_pg0p02_a0p1_ff0p05_s48008_drop0_pc0p01_pgc0p01,0.01
permanent_fork,sth_proof,12000,6.0,5.0,0.02,0.1,0.05,3.0,True,5.0,5.0,0.0,0.0,,,,,27526.0,,,,2.2202680446640377,2.2202680446640377,4.0,6.043848118096792e-05,4,4,48009,0.01,0.01,0.0,True,0.2,0.08,800,10,0.0,0.0,0.0,0.893718957901001,C:/Users/efasllija/dev/gossip-poc/out_nb_incremental_clean0104/scenario_mixing_sweep/mix_0p01/permanent_fork_sth_proof_n12000_pg0p02_a0p1_ff0p05_s48009_drop0_pc0p01_pgc0p01,0.01
permanent_fork,sth_proof,12000,6.0,5.0,0.02,0.1,0.05,3.0,True,25.0,25.0,0.0,0.0,,,,,29959.0,,,,2.170739832227976,2.170739832227976,6.0,9.085127646043427e-05,6,6,48010,0.01,0.01,0.0,True,0.2,0.08,800,10,0.0,0.0,0.0,0.9309875965118408,C:/Users/efasllija/dev/gossip-poc/out_nb_incremental_clean0104/scenario_mixing_sweep/mix_0p01/permanent_fork_sth_proof_n12000_pg0p02_a0p1_ff0p05_s48010_drop0_pc0p01_pgc0p01,0.01
permanent_fork,sth_proof,12000,6.0,5.0,0.02,0.1,0.05,3.0,True,75.0,75.0,0.0,0.0,,,,,38169.0,,,,1.2674843383233068,1.2674843383233068,1.0,1.5545088529279174e-05,1,1,48011,0.01,0.01,0.0,True,0.2,0.08,800,10,0.0,0.0,0.0,0.915377140045166,C:/Users/efasllija/dev/gossip-poc/out_nb_incremental_clean0104/scenario_mixing_sweep/mix_0p01/permanent_fork_sth_proof_n12000_pg0p02_a0p1_ff0p05_s48011_drop0_pc0p01_pgc0p01,0.01
permanent_fork,sth_proof,12000,6.0,5.0,0.02,0.1,0.05,3.0,True,0.0,0.0,0.0,0.0,,,,,25342.0,,,,2.1222366710013003,2.1222366710013003,7.0,0.00010836584308625921,7,7,48012,0.01,0.01,0.0,True,0.2,0.08,800,10,0.0,0.0,0.0,0.9053184986114502,C:/Users/efasllija/dev/gossip-poc/out_nb_incremental_clean0104/scenario_mixing_sweep/mix_0p01/permanent_fork_sth_proof_n12000_pg0p02_a0p1_ff0p05_s48012_drop0_pc0p01_pgc0p01,0.01
permanent_fork,sth_proof,12000,6.0,5.0,0.02,0.1,0.05,3.0,True,80.0,80.0,0.0,0.0,,,,,42106.0,,,,2.2943753700414447,2.2943753700414447,7.0,0.00010361160449970396,7,7,48013,0.01,0.01,0.0,True,0.2,0.08,800,10,0.0,0.0,0.0,0.9020094871520996,C:/Users/efasllija/dev/gossip-poc/out_nb_incremental_clean0104/scenario_mixing_sweep/mix_0p01/permanent_fork_sth_proof_n12000_pg0p02_a0p1_ff0p05_s48013_drop0_pc0p01_pgc0p01,0.01
permanent_fork,sth_proof,12000,6.0,5.0,0.02,0.1,0.05,3.0,True,45.0,45.0,0.0,0.0,,,,,35588.0,,,,1.8386658573947223,1.8386658573947223,7.0,0.00010115899303448076,7,7,48014,0.01,0.01,0.0,True,0.2,0.08,800,10,0.0,0.0,0.0,0.9202690124511719,C:/Users/efasllija/dev/gossip-poc/out_nb_incremental_clean0104/scenario_mixing_sweep/mix_0p01/permanent_fork_sth_proof_n12000_pg0p02_a0p1_ff0p05_s48014_drop0_pc0p01_pgc0p01,0.01
permanent_fork,sth_proof,12000,6.0,5.0,0.03,0.1,0.05,3.0,True,0.0,0.0,0.0,0.0,,,,,27137.0,,,,2.864587068244293,2.864587068244293,10.0,0.0001493964383889088,10,10,48000,0.01,0.01,0.0,True,0.2,0.08,800,10,0.0,0.0,0.0,0.9110052585601807,C:/Users/efasllija/dev/gossip-poc/out_nb_incremental_clean0104/scenario_mixing_sweep/mix_0p01/permanent_fork_sth_proof_n12000_pg0p03_a0p1_ff0p05_s48000_drop0_pc0p01_pgc0p01,0.01
permanent_fork,sth_proof,12000,6.0,5.0,0.03,0.1,0.05,3.0,True,70.0,70.0,0.0,0.0,,,,,38771.0,,,,2.8145609763429222,2.8145609763429222,7.0,0.00010520936663961282,7,7,48001,0.01,0.01,0.0,True,0.2,0.08,800,10,0.0,0.0,0.0,0.9132637977600098,C:/Users/efasllija/dev/gossip-poc/out_nb_incremental_clean0104/scenario_mixing_sweep/mix_0p01/permanent_fork_sth_proof_n12000_pg0p03_a0p1_ff0p05_s48001_drop0_pc0p01_pgc0p01,0.01
permanent_fork,sth_proof,12000,6.0,5.0,0.03,0.1,0.05,3.0,True,30.0,30.0,0.0,0.0,,,,,31380.0,,,,2.8095359548707486,2.8095359548707486,6.0,9.001845378302552e-05,6,6,48002,0.01,0.01,0.0,True,0.2,0.08,800,10,0.0,0.0,0.0,0.9174330234527588,C:/Users/efasllija/dev/gossip-poc/out_nb_incremental_clean0104/scenario_mixing_sweep/mix_0p01/permanent_fork_sth_proof_n12000_pg0p03_a0p1_ff0p05_s48002_drop0_pc0p01_pgc0p01,0.01
permanent_fork,sth_proof,12000,6.0,5.0,0.03,0.1,0.05,3.0,True,50.0,50.0,0.0,0.0,,,,,33491.0,,,,3.2389859709574207,3.2389859709574207,8.0,0.00012306177701206005,8,8,48003,0.01,0.01,0.0,True,0.2,0.08,800,10,0.0,0.0,0.0,0.8897590637207031,C:/Users/efasllija/dev/gossip-poc/out_nb_incremental_clean0104/scenario_mixing_sweep/mix_0p01/permanent_fork_sth_proof_n12000_pg0p03_a0p1_ff0p05_s48003_drop0_pc0p01_pgc0p01,0.01
permanent_fork,sth_proof,12000,6.0,5.0,0.03,0.1,0.05,3.0,True,10.0,10.0,0.0,0.0,,,,,26908.0,,,,2.5377773014682243,2.5377773014682243,8.0,0.00012247959949170966,8,8,48004,0.01,0.01,0.0,True,0.2,0.08,800,10,0.0,0.0,0.0,0.8914430141448975,C:/Users/efasllija/dev/gossip-poc/out_nb_incremental_clean0104/scenario_mixing_sweep/mix_0p01/permanent_fork_sth_proof_n12000_pg0p03_a0p1_ff0p05_s48004_drop0_pc0p01_pgc0p01,0.01
permanent_fork,sth_proof,12000,6.0,5.0,0.03,0.1,0.05,3.0,True,55.0,55.0,0.0,0.0,,,,,35973.0,,,,1.6354937953571902,1.6354937953571902,3.0,4.416115878880662e-05,3,3,48005,0.01,0.01,0.0,True,0.2,0.08,800,10,0.0,0.0,0.0,0.9590325355529785,C:/Users/efasllija/dev/gossip-poc/out_nb_incremental_clean0104/scenario_mixing_sweep/mix_0p01/permanent_fork_sth_proof_n12000_pg0p03_a0p1_ff0p05_s48005_drop0_pc0p01_pgc0p01,0.01
permanent_fork,sth_proof,12000,6.0,5.0,0.03,0.1,0.05,3.0,True,5.0,5.0,0.0,0.0,,,,,26234.0,,,,1.8151741786111408,1.8151741786111408,7.0,0.00010662442308571081,7,7,48006,0.01,0.01,0.0,True,0.2,0.08,800,10,0.0,0.0,0.0,0.907163143157959,C:/Users/efasllija/dev/gossip-poc/out_nb_incremental_clean0104/scenario_mixing_sweep/mix_0p01/permanent_fork_sth_proof_n12000_pg0p03_a0p1_ff0p05_s48006_drop0_pc0p01_pgc0p01,0.01
permanent_fork,sth_proof,12000,6.0,5.0,0.03,0.1,0.05,3.0,True,60.0,60.0,0.0,0.0,,,,,34868.0,,,,3.1129456388353227,3.1129456388353227,7.0,0.00011155911836422458,7,7,48007,0.01,0.01,0.0,True,0.2,0.08,800,10,0.0,0.0,0.0,0.8805644512176514,C:/Users/efasllija/dev/gossip-poc/out_nb_incremental_clean0104/scenario_mixing_sweep/mix_0p01/permanent_fork_sth_proof_n12000_pg0p03_a0p1_ff0p05_s48007_drop0_pc0p01_pgc0p01,0.01
permanent_fork,sth_proof,12000,6.0,5.0,0.03,0.1,0.05,3.0,True,15.0,15.0,0.0,0.0,,,,,27948.0,,,,2.713801994346246,2.713801994346246,10.0,0.00015532291634307727,10,10,48008,0.01,0.01,0.0,True,0.2,0.08,800,10,0.0,0.0,0.0,0.9018776416778564,C:/Users/efasllija/dev/gossip-poc/out_nb_incremental_clean0104/scenario_mixing_sweep/mix_0p01/permanent_fork_sth_proof_n12000_pg0p03_a0p1_ff0p05_s48008_drop0_pc0p01_pgc0p01,0.01
permanent_fork,sth_proof,12000,6.0,5.0,0.03,0.1,0.05,3.0,True,5.0,5.0,0.0,0.0,,,,,27526.0,,,,3.195019869150688,3.195019869150688,7.0,0.00010576734206669386,7,7,48009,0.01,0.01,0.0,True,0.2,0.08,800,10,0.0,0.0,0.0,0.9197344779968262,C:/Users/efasllija/dev/gossip-poc/out_nb_incremental_clean0104/scenario_mixing_sweep/mix_0p01/permanent_fork_sth_proof_n12000_pg0p03_a0p1_ff0p05_s48009_drop0_pc0p01_pgc0p01,0.01
permanent_fork,sth_proof,12000,6.0,5.0,0.03,0.1,0.05,3.0,True,25.0,25.0,0.0,0.0,,,,,29959.0,,,,3.1204385088277156,3.1204385088277156,10.0,0.00015141879410072377,10,10,48010,0.01,0.01,0.0,True,0.2,0.08,800,10,0.0,0.0,0.0,0.898395299911499,C:/Users/efasllija/dev/gossip-poc/out_nb_incremental_clean0104/scenario_mixing_sweep/mix_0p01/permanent_fork_sth_proof_n12000_pg0p03_a0p1_ff0p05_s48010_drop0_pc0p01_pgc0p01,0.01
permanent_fork,sth_proof,12000,6.0,5.0,0.03,0.1,0.05,3.0,True,45.0,45.0,0.0,0.0,,,,,32668.0,,,,2.42354148206874,2.42354148206874,14.0,0.00021763123940990843,14,14,48011,0.01,0.01,0.0,True,0.2,0.08,800,10,0.0,0.0,0.0,0.8828895092010498,C:/Users/efasllija/dev/gossip-poc/out_nb_incremental_clean0104/scenario_mixing_sweep/mix_0p01/permanent_fork_sth_proof_n12000_pg0p03_a0p1_ff0p05_s48011_drop0_pc0p01_pgc0p01,0.01
permanent_fork,sth_proof,12000,6.0,5.0,0.03,0.1,0.05,3.0,True,0.0,0.0,0.0,0.0,,,,,25342.0,,,,2.6770697876029477,2.6770697876029477,9.0,0.00013932751253947613,9,9,48012,0.01,0.01,0.0,True,0.2,0.08,800,10,0.0,0.0,0.0,0.9005396366119385,C:/Users/efasllija/dev/gossip-poc/out_nb_incremental_clean0104/scenario_mixing_sweep/mix_0p01/permanent_fork_sth_proof_n12000_pg0p03_a0p1_ff0p05_s48012_drop0_pc0p01_pgc0p01,0.01
permanent_fork,sth_proof,12000,6.0,5.0,0.03,0.1,0.05,3.0,True,80.0,80.0,0.0,0.0,,,,,42106.0,,,,3.1431616341030195,3.1431616341030195,7.0,0.00010361160449970396,7,7,48013,0.01,0.01,0.0,True,0.2,0.08,800,10,0.0,0.0,0.0,0.9218099117279053,C:/Users/efasllija/dev/gossip-poc/out_nb_incremental_clean0104/scenario_mixing_sweep/mix_0p01/permanent_fork_sth_proof_n12000_pg0p03_a0p1_ff0p05_s48013_drop0_pc0p01_pgc0p01,0.01
permanent_fork,sth_proof,12000,6.0,5.0,0.03,0.1,0.05,3.0,True,45.0,45.0,0.0,0.0,,,,,35588.0,,,,3.0299141593687677,3.0299141593687677,12.0,0.00017341541663053845,12,12,48014,0.01,0.01,0.0,True,0.2,0.08,800,10,0.0,0.0,0.0,0.8906021118164062,C:/Users/efasllija/dev/gossip-poc/out_nb_incremental_clean0104/scenario_mixing_sweep/mix_0p01/permanent_fork_sth_proof_n12000_pg0p03_a0p1_ff0p05_s48014_drop0_pc0p01_pgc0p01,0.01
permanent_fork,sth_proof,12000,6.0,5.0,0.05,0.1,0.05,3.0,True,0.0,0.0,0.0,0.0,,,,,27137.0,,,,4.4842834946814865,4.4842834946814865,15.0,0.0002240946575833632,15,15,48000,0.01,0.01,0.0,True,0.2,0.08,800,10,0.0,0.0,0.0,0.9096693992614746,C:/Users/efasllija/dev/gossip-poc/out_nb_incremental_clean0104/scenario_mixing_sweep/mix_0p01/permanent_fork_sth_proof_n12000_pg0p05_a0p1_ff0p05_s48000_drop0_pc0p01_pgc0p01,0.01
permanent_fork,sth_proof,12000,6.0,5.0,0.05,0.1,0.05,3.0,True,35.0,35.0,0.0,0.0,,,,,32162.0,,,,4.807647217963748,4.807647217963748,18.0,0.00027053837135900444,18,18,48001,0.01,0.01,0.0,True,0.2,0.08,800,10,0.0,0.0,0.0,0.9238314628601074,C:/Users/efasllija/dev/gossip-poc/out_nb_incremental_clean0104/scenario_mixing_sweep/mix_0p01/permanent_fork_sth_proof_n12000_pg0p05_a0p1_ff0p05_s48001_drop0_pc0p01_pgc0p01,0.01
permanent_fork,sth_proof,12000,6.0,5.0,0.05,0.1,0.05,3.0,True,30.0,30.0,0.0,0.0,,,,,31380.0,,,,4.503323181252156,4.503323181252156,14.0,0.00021004305882705955,14,14,48002,0.01,0.01,0.0,True,0.2,0.08,800,10,0.0,0.0,0.0,0.9331169128417969,C:/Users/efasllija/dev/gossip-poc/out_nb_incremental_clean0104/scenario_mixing_sweep/mix_0p01/permanent_fork_sth_proof_n12000_pg0p05_a0p1_ff0p05_s48002_drop0_pc0p01_pgc0p01,0.01
permanent_fork,sth_proof,12000,6.0,5.0,0.05,0.1,0.05,3.0,True,50.0,50.0,0.0,0.0,,,,,33491.0,,,,5.320206743785381,5.320206743785381,9.0,0.00013844449913856757,9,9,48003,0.01,0.01,0.0,True,0.2,0.08,800,10,0.0,0.0,0.0,0.9002516269683838,C:/Users/efasllija/dev/gossip-poc/out_nb_incremental_clean0104/scenario_mixing_sweep/mix_0p01/permanent_fork_sth_proof_n12000_pg0p05_a0p1_ff0p05_s48003_drop0_pc0p01_pgc0p01,0.01
permanent_fork,sth_proof,12000,6.0,5.0,0.05,0.1,0.05,3.0,True,10.0,10.0,0.0,0.0,,,,,26908.0,,,,4.677740863787376,4.677740863787376,15.0,0.00022964924904695562,15,15,48004,0.01,0.01,0.0,True,0.2,0.08,800,10,0.0,0.0,0.0,0.8964278697967529,C:/Users/efasllija/dev/gossip-poc/out_nb_incremental_clean0104/scenario_mixing_sweep/mix_0p01/permanent_fork_sth_proof_n12000_pg0p05_a0p1_ff0p05_s48004_drop0_pc0p01_pgc0p01,0.01
permanent_fork,sth_proof,12000,6.0,5.0,0.05,0.1,0.05,3.0,True,55.0,55.0,0.0,0.0,,,,,35973.0,,,,3.1522823958900683,3.1522823958900683,7.0,0.00010304270384054877,7,7,48005,0.01,0.01,0.0,True,0.2,0.08,800,10,0.0,0.0,0.0,0.9337875843048096,C:/Users/efasllija/dev/gossip-poc/out_nb_incremental_clean0104/scenario_mixing_sweep/mix_0p01/permanent_fork_sth_proof_n12000_pg0p05_a0p1_ff0p05_s48005_drop0_pc0p01_pgc0p01,0.01
permanent_fork,sth_proof,12000,6.0,5.0,0.05,0.1,0.05,3.0,True,5.0,5.0,0.0,0.0,,,,,26234.0,,,,3.316446055657949,3.316446055657949,9.0,0.00013708854396734247,9,9,48006,0.01,0.01,0.0,True,0.2,0.08,800,10,0.0,0.0,0.0,0.9075820446014404,C:/Users/efasllija/dev/gossip-poc/out_nb_incremental_clean0104/scenario_mixing_sweep/mix_0p01/permanent_fork_sth_proof_n12000_pg0p05_a0p1_ff0p05_s48006_drop0_pc0p01_pgc0p01,0.01
permanent_fork,sth_proof,12000,6.0,5.0,0.05,0.1,0.05,3.0,True,60.0,60.0,0.0,0.0,,,,,34868.0,,,,4.298149712336845,4.298149712336845,9.0,0.00014343315218257448,9,9,48007,0.01,0.01,0.0,True,0.2,0.08,800,10,0.0,0.0,0.0,0.9245860576629639,C:/Users/efasllija/dev/gossip-poc/out_nb_incremental_clean0104/scenario_mixing_sweep/mix_0p01/permanent_fork_sth_proof_n12000_pg0p05_a0p1_ff0p05_s48007_drop0_pc0p01_pgc0p01,0.01
permanent_fork,sth_proof,12000,6.0,5.0,0.05,0.1,0.05,3.0,True,15.0,15.0,0.0,0.0,,,,,27948.0,,,,3.8410735919977634,3.8410735919977634,14.0,0.00021745208288030817,14,14,48008,0.01,0.01,0.0,True,0.2,0.08,800,10,0.0,0.0,0.0,0.9118649959564209,C:/Users/efasllija/dev/gossip-poc/out_nb_incremental_clean0104/scenario_mixing_sweep/mix_0p01/permanent_fork_sth_proof_n12000_pg0p05_a0p1_ff0p05_s48008_drop0_pc0p01_pgc0p01,0.01
permanent_fork,sth_proof,12000,6.0,5.0,0.05,0.1,0.05,3.0,True,0.0,0.0,0.0,0.0,,,,,26858.0,,,,3.871930858377529,3.871930858377529,12.0,0.00018131544354290378,12,12,48009,0.01,0.01,0.0,True,0.2,0.08,800,10,0.0,0.0,0.0,0.914907693862915,C:/Users/efasllija/dev/gossip-poc/out_nb_incremental_clean0104/scenario_mixing_sweep/mix_0p01/permanent_fork_sth_proof_n12000_pg0p05_a0p1_ff0p05_s48009_drop0_pc0p01_pgc0p01,0.01
permanent_fork,sth_proof,12000,6.0,5.0,0.05,0.1,0.05,3.0,True,25.0,25.0,0.0,0.0,,,,,29959.0,,,,4.762060506950123,4.762060506950123,18.0,0.0002725538293813028,18,18,48010,0.01,0.01,0.0,True,0.2,0.08,800,10,0.0,0.0,0.0,0.8836052417755127,C:/Users/efasllija/dev/gossip-poc/out_nb_incremental_clean0104/scenario_mixing_sweep/mix_0p01/permanent_fork_sth_proof_n12000_pg0p05_a0p1_ff0p05_s48010_drop0_pc0p01_pgc0p01,0.01
permanent_fork,sth_proof,12000,6.0,5.0,0.05,0.1,0.05,3.0,True,45.0,45.0,0.0,0.0,,,,,32668.0,,,,4.331732189214818,4.331732189214818,16.0,0.0002487214164684668,16,16,48011,0.01,0.01,0.0,True,0.2,0.08,800,10,0.0,0.0,0.0,0.9044125080108643,C:/Users/efasllija/dev/gossip-poc/out_nb_incremental_clean0104/scenario_mixing_sweep/mix_0p01/permanent_fork_sth_proof_n12000_pg0p05_a0p1_ff0p05_s48011_drop0_pc0p01_pgc0p01,0.01
permanent_fork,sth_proof,12000,6.0,5.0,0.05,0.1,0.05,3.0,True,0.0,0.0,0.0,0.0,,,,,25342.0,,,,5.048981361074989,5.048981361074989,19.0,0.00029413585980556074,19,19,48012,0.01,0.01,0.0,True,0.2,0.08,800,10,0.0,0.0,0.0,0.8891134262084961,C:/Users/efasllija/dev/gossip-poc/out_nb_incremental_clean0104/scenario_mixing_sweep/mix_0p01/permanent_fork_sth_proof_n12000_pg0p05_a0p1_ff0p05_s48012_drop0_pc0p01_pgc0p01,0.01
permanent_fork,sth_proof,12000,6.0,5.0,0.05,0.1,0.05,3.0,True,20.0,20.0,0.0,0.0,,,,,31500.0,,,,5.185553582001184,5.185553582001184,12.0,0.00017761989342806393,12,12,48013,0.01,0.01,0.0,True,0.2,0.08,800,10,0.0,0.0,0.0,0.900165319442749,C:/Users/efasllija/dev/gossip-poc/out_nb_incremental_clean0104/scenario_mixing_sweep/mix_0p01/permanent_fork_sth_proof_n12000_pg0p05_a0p1_ff0p05_s48013_drop0_pc0p01_pgc0p01,0.01
permanent_fork,sth_proof,12000,6.0,5.0,0.05,0.1,0.05,3.0,True,35.0,35.0,0.0,0.0,,,,,33918.0,,,,5.826757998786092,5.826757998786092,35.0,0.0005057949651724039,35,35,48014,0.01,0.01,0.0,True,0.2,0.08,800,10,0.0,0.0,0.0,0.9470043182373047,C:/Users/efasllija/dev/gossip-poc/out_nb_incremental_clean0104/scenario_mixing_sweep/mix_0p01/permanent_fork_sth_proof_n12000_pg0p05_a0p1_ff0p05_s48014_drop0_pc0p01_pgc0p01,0.01
permanent_fork,sth_proof,12000,6.0,5.0,0.003,0.2,0.05,3.0,True,40.0,40.0,0.0,0.0,,,,,32886.0,,,,0.49943506229379775,0.49943506229379775,4.0,6.026002199490803e-05,4,4,48000,0.01,0.01,0.0,True,0.2,0.08,800,10,0.0,0.0,0.0,0.9080169200897217,C:/Users/efasllija/dev/gossip-poc/out_nb_incremental_clean0104/scenario_mixing_sweep/mix_0p01/permanent_fork_sth_proof_n12000_pg0p003_a0p2_ff0p05_s48000_drop0_pc0p01_pgc0p01,0.01
permanent_fork,sth_proof,12000,6.0,5.0,0.003,0.2,0.05,3.0,True,0.0,0.0,0.0,0.0,,,,,26628.0,,,,0.4602647005499486,0.4602647005499486,1.0,1.5108478878346528e-05,1,1,48001,0.01,0.01,0.0,True,0.2,0.08,800,10,0.0,0.0,0.0,0.9144325256347656,C:/Users/efasllija/dev/gossip-poc/out_nb_incremental_clean0104/scenario_mixing_sweep/mix_0p01/permanent_fork_sth_proof_n12000_pg0p003_a0p2_ff0p05_s48001_drop0_pc0p01_pgc0p01,0.01
permanent_fork,sth_proof,12000,6.0,5.0,0.003,0.2,0.05,3.0,True,0.0,0.0,0.0,0.0,,,,,26748.0,,,,1.03632048547481,1.03632048547481,17.0,0.0002553549433712861,17,17,48002,0.01,0.01,0.0,True,0.2,0.08,800,10,0.0,0.0,0.0,0.9002549648284912,C:/Users/efasllija/dev/gossip-poc/out_nb_incremental_clean0104/scenario_mixing_sweep/mix_0p01/permanent_fork_sth_proof_n12000_pg0p003_a0p2_ff0p05_s48002_drop0_pc0p01_pgc0p01,0.01
permanent_fork,sth_proof,12000,6.0,5.0,0.003,0.2,0.05,3.0,False,,,0.0,0.0,,,,,,,,,0.22172729522395446,0.22172729522395446,0.0,0.0,0,0,48003,0.01,0.01,0.0,True,0.2,0.08,800,10,0.0,0.0,0.0,0.8943579196929932,C:/Users/efasllija/dev/gossip-poc/out_nb_incremental_clean0104/scenario_mixing_sweep/mix_0p01/permanent_fork_sth_proof_n12000_pg0p003_a0p2_ff0p05_s48003_drop0_pc0p01_pgc0p01,0.01
permanent_fork,sth_proof,12000,6.0,5.0,0.003,0.2,0.05,3.0,True,100.0,100.0,0.0,0.0,,,,,42930.0,,,,1.1167370339788432,1.1167370339788432,3.0,4.6738436131927026e-05,3,3,48004,0.01,0.01,0.0,True,0.2,0.08,800,10,0.0,0.0,0.0,0.8991601467132568,C:/Users/efasllija/dev/gossip-poc/out_nb_incremental_clean0104/scenario_mixing_sweep/mix_0p01/permanent_fork_sth_proof_n12000_pg0p003_a0p2_ff0p05_s48004_drop0_pc0p01_pgc0p01,0.01
permanent_fork,sth_proof,12000,6.0,5.0,0.003,0.2,0.05,3.0,True,135.0,135.0,0.0,0.0,,,,,54110.0,,,,0.29198637238927566,0.29198637238927566,1.0,1.4812620352540365e-05,1,1,48005,0.01,0.01,0.0,True,0.2,0.08,800,10,0.0,0.0,0.0,0.9256093502044678,C:/Users/efasllija/dev/gossip-poc/out_nb_incremental_clean0104/scenario_mixing_sweep/mix_0p01/permanent_fork_sth_proof_n12000_pg0p003_a0p2_ff0p05_s48005_drop0_pc0p01_pgc0p01,0.01
permanent_fork,sth_proof,12000,6.0,5.0,0.003,0.2,0.05,3.0,True,20.0,20.0,0.0,0.0,,,,,28369.0,,,,0.30284221846673837,0.30284221846673837,2.0,3.0726686126901216e-05,2,2,48006,0.01,0.01,0.0,True,0.2,0.08,800,10,0.0,0.0,0.0,0.9380335807800293,C:/Users/efasllija/dev/gossip-poc/out_nb_incremental_clean0104/scenario_mixing_sweep/mix_0p01/permanent_fork_sth_proof_n12000_pg0p003_a0p2_ff0p05_s48006_drop0_pc0p01_pgc0p01,0.01
permanent_fork,sth_proof,12000,6.0,5.0,0.003,0.2,0.05,3.0,True,15.0,15.0,0.0,0.0,,,,,28440.0,,,,0.5768572460468256,0.5768572460468256,19.0,0.0002983527786065355,19,19,48007,0.01,0.01,0.0,True,0.2,0.08,800,10,0.0,0.0,0.0,0.9030280113220215,C:/Users/efasllija/dev/gossip-poc/out_nb_incremental_clean0104/scenario_mixing_sweep/mix_0p01/permanent_fork_sth_proof_n12000_pg0p003_a0p2_ff0p05_s48007_drop0_pc0p01_pgc0p01,0.01
permanent_fork,sth_proof,12000,6.0,5.0,0.003,0.2,0.05,3.0,True,45.0,45.0,0.0,0.0,,,,,33339.0,,,,0.27344584490493484,0.27344584490493484,2.0,3.051850947599719e-05,2,2,48008,0.01,0.01,0.0,True,0.2,0.08,800,10,0.0,0.0,0.0,0.908775806427002,C:/Users/efasllija/dev/gossip-poc/out_nb_incremental_clean0104/scenario_mixing_sweep/mix_0p01/permanent_fork_sth_proof_n12000_pg0p003_a0p2_ff0p05_s48008_drop0_pc0p01_pgc0p01,0.01
permanent_fork,sth_proof,12000,6.0,5.0,0.003,0.2,0.05,3.0,True,125.0,125.0,0.0,0.0,,,,,50678.0,,,,0.48560761170661204,0.48560761170661204,2.0,3.0109598940142117e-05,2,2,48009,0.01,0.01,0.0,True,0.2,0.08,800,10,0.0,0.0,0.0,0.9172964096069336,C:/Users/efasllija/dev/gossip-poc/out_nb_incremental_clean0104/scenario_mixing_sweep/mix_0p01/permanent_fork_sth_proof_n12000_pg0p003_a0p2_ff0p05_s48009_drop0_pc0p01_pgc0p01,0.01
permanent_fork,sth_proof,12000,6.0,5.0,0.003,0.2,0.05,3.0,True,10.0,10.0,0.0,0.0,,,,,28524.0,,,,0.5963350243296407,0.5963350243296407,2.0,2.9580110333811547e-05,2,2,48010,0.01,0.01,0.0,True,0.2,0.08,800,10,0.0,0.0,0.0,0.8951718807220459,C:/Users/efasllija/dev/gossip-poc/out_nb_incremental_clean0104/scenario_mixing_sweep/mix_0p01/permanent_fork_sth_proof_n12000_pg0p003_a0p2_ff0p05_s48010_drop0_pc0p01_pgc0p01,0.01
permanent_fork,sth_proof,12000,6.0,5.0,0.003,0.2,0.05,3.0,True,170.0,170.0,0.0,0.0,,,,,63307.0,,,,0.33175457813295484,0.33175457813295484,1.0,1.5427575247998273e-05,1,1,48011,0.01,0.01,0.0,True,0.2,0.08,800,10,0.0,0.0,0.0,0.9023849964141846,C:/Users/efasllija/dev/gossip-poc/out_nb_incremental_clean0104/scenario_mixing_sweep/mix_0p01/permanent_fork_sth_proof_n12000_pg0p003_a0p2_ff0p05_s48011_drop0_pc0p01_pgc0p01,0.01
permanent_fork,sth_proof,12000,6.0,5.0,0.003,0.2,0.05,3.0,True,20.0,20.0,0.0,0.0,,,,,28749.0,,,,0.5426685240142936,0.5426685240142936,1.0,1.5141420870934528e-05,1,1,48012,0.01,0.01,0.0,True,0.2,0.08,800,10,0.0,0.0,0.0,0.900275468826294,C:/Users/efasllija/dev/gossip-poc/out_nb_incremental_clean0104/scenario_mixing_sweep/mix_0p01/permanent_fork_sth_proof_n12000_pg0p003_a0p2_ff0p05_s48012_drop0_pc0p01_pgc0p01,0.01
permanent_fork,sth_proof,12000,6.0,5.0,0.003,0.2,0.05,3.0,True,35.0,35.0,0.0,0.0,,,,,33765.0,,,,0.868995312339275,0.868995312339275,2.0,2.93897224140718e-05,2,2,48013,0.01,0.01,0.0,True,0.2,0.08,800,10,0.0,0.0,0.0,0.9026618003845215,C:/Users/efasllija/dev/gossip-poc/out_nb_incremental_clean0104/scenario_mixing_sweep/mix_0p01/permanent_fork_sth_proof_n12000_pg0p003_a0p2_ff0p05_s48013_drop0_pc0p01_pgc0p01,0.01
permanent_fork,sth_proof,12000,6.0,5.0,0.003,0.2,0.05,3.0,True,55.0,55.0,0.0,0.0,,,,,37174.0,,,,0.3383587509077705,0.3383587509077705,3.0,4.3572984749455335e-05,3,3,48014,0.01,0.01,0.0,True,0.2,0.08,800,10,0.0,0.0,0.0,0.9168384075164795,C:/Users/efasllija/dev/gossip-poc/out_nb_incremental_clean0104/scenario_mixing_sweep/mix_0p01/permanent_fork_sth_proof_n12000_pg0p003_a0p2_ff0p05_s48014_drop0_pc0p01_pgc0p01,0.01
permanent_fork,sth_proof,12000,6.0,5.0,0.005,0.2,0.05,3.0,True,40.0,40.0,0.0,0.0,,,,,32886.0,,,,0.9043824100995796,0.9043824100995796,5.0,7.532502749363504e-05,5,5,48000,0.01,0.01,0.0,True,0.2,0.08,800,10,0.0,0.0,0.0,0.9284296035766602,C:/Users/efasllija/dev/gossip-poc/out_nb_incremental_clean0104/scenario_mixing_sweep/mix_0p01/permanent_fork_sth_proof_n12000_pg0p005_a0p2_ff0p05_s48000_drop0_pc0p01_pgc0p01,0.01
permanent_fork,sth_proof,12000,6.0,5.0,0.005,0.2,0.05,3.0,True,0.0,0.0,0.0,0.0,,,,,26628.0,,,,0.8799178098749018,0.8799178098749018,3.0,4.5325436635039584e-05,3,3,48001,0.01,0.01,0.0,True,0.2,0.08,800,10,0.0,0.0,0.0,0.9291350841522217,C:/Users/efasllija/dev/gossip-poc/out_nb_incremental_clean0104/scenario_mixing_sweep/mix_0p01/permanent_fork_sth_proof_n12000_pg0p005_a0p2_ff0p05_s48001_drop0_pc0p01_pgc0p01,0.01
permanent_fork,sth_proof,12000,6.0,5.0,0.005,0.2,0.05,3.0,True,0.0,0.0,0.0,0.0,,,,,26748.0,,,,1.5477513744104305,1.5477513744104305,21.0,0.00031543845945864753,21,21,48002,0.01,0.01,0.0,True,0.2,0.08,800,10,0.0,0.0,0.0,0.9551553726196289,C:/Users/efasllija/dev/gossip-poc/out_nb_incremental_clean0104/scenario_mixing_sweep/mix_0p01/permanent_fork_sth_proof_n12000_pg0p005_a0p2_ff0p05_s48002_drop0_pc0p01_pgc0p01,0.01
permanent_fork,sth_proof,12000,6.0,5.0,0.005,0.2,0.05,3.0,True,25.0,25.0,0.0,0.0,,,,,29365.0,,,,0.3880227666419203,0.3880227666419203,1.0,1.546646869586736e-05,1,1,48003,0.01,0.01,0.0,True,0.2,0.08,800,10,0.0,0.0,0.0,0.9697518348693848,C:/Users/efasllija/dev/gossip-poc/out_nb_incremental_clean0104/scenario_mixing_sweep/mix_0p01/permanent_fork_sth_proof_n12000_pg0p005_a0p2_ff0p05_s48003_drop0_pc0p01_pgc0p01,0.01
permanent_fork,sth_proof,12000,6.0,5.0,0.005,0.2,0.05,3.0,True,100.0,100.0,0.0,0.0,,,,,42930.0,,,,1.7449016155919423,1.7449016155919423,3.0,4.6738436131927026e-05,3,3,48004,0.01,0.01,0.0,True,0.2,0.08,800,10,0.0,0.0,0.0,0.944342851638794,C:/Users/efasllija/dev/gossip-poc/out_nb_incremental_clean0104/scenario_mixing_sweep/mix_0p01/permanent_fork_sth_proof_n12000_pg0p005_a0p2_ff0p05_s48004_drop0_pc0p01_pgc0p01,0.01
permanent_fork,sth_proof,12000,6.0,5.0,0.005,0.2,0.05,3.0,True,135.0,135.0,0.0,0.0,,,,,54110.0,,,,0.5441564212709228,0.5441564212709228,1.0,1.4812620352540365e-05,1,1,48005,0.01,0.01,0.0,True,0.2,0.08,800,10,0.0,0.0,0.0,0.9522690773010254,C:/Users/efasllija/dev/gossip-poc/out_nb_incremental_clean0104/scenario_mixing_sweep/mix_0p01/permanent_fork_sth_proof_n12000_pg0p005_a0p2_ff0p05_s48005_drop0_pc0p01_pgc0p01,0.01
permanent_fork,sth_proof,12000,6.0,5.0,0.005,0.2,0.05,3.0,True,20.0,20.0,0.0,0.0,,,,,28369.0,,,,0.49555999385466276,0.49555999385466276,2.0,3.0726686126901216e-05,2,2,48006,0.01,0.01,0.0,True,0.2,0.08,800,10,0.0,0.0,0.0,0.9416184425354004,C:/Users/efasllija/dev/gossip-poc/out_nb_incremental_clean0104/scenario_mixing_sweep/mix_0p01/permanent_fork_sth_proof_n12000_pg0p005_a0p2_ff0p05_s48006_drop0_pc0p01_pgc0p01,0.01
permanent_fork,sth_proof,12000,6.0,5.0,0.005,0.2,0.05,3.0,True,10.0,10.0,0.0,0.0,,,,,27785.0,,,,0.8863904024621956,0.8863904024621956,22.0,0.0003454611120707253,22,22,48007,0.01,0.01,0.0,True,0.2,0.08,800,10,0.0,0.0,0.0,0.9423222541809082,C:/Users/efasllija/dev/gossip-poc/out_nb_incremental_clean0104/scenario_mixing_sweep/mix_0p01/permanent_fork_sth_proof_n12000_pg0p005_a0p2_ff0p05_s48007_drop0_pc0p01_pgc0p01,0.01
permanent_fork,sth_proof,12000,6.0,5.0,0.005,0.2,0.05,3.0,True,45.0,45.0,0.0,0.0,,,,,33339.0,,,,0.36915189062166204,0.36915189062166204,2.0,3.051850947599719e-05,2,2,48008,0.01,0.01,0.0,True,0.2,0.08,800,10,0.0,0.0,0.0,0.9043707847595215,C:/Users/efasllija/dev/gossip-poc/out_nb_incremental_clean0104/scenario_mixing_sweep/mix_0p01/permanent_fork_sth_proof_n12000_pg0p005_a0p2_ff0p05_s48008_drop0_pc0p01_pgc0p01,0.01
permanent_fork,sth_proof,12000,6.0,5.0,0.005,0.2,0.05,3.0,True,10.0,10.0,0.0,0.0,,,,,28474.0,,,,0.6744550162591835,0.6744550162591835,3.0,4.5164398410213176e-05,3,3,48009,0.01,0.01,0.0,True,0.2,0.08,800,10,0.0,0.0,0.0,0.9003753662109375,C:/Users/efasllija/dev/gossip-poc/out_nb_incremental_clean0104/scenario_mixing_sweep/mix_0p01/permanent_fork_sth_proof_n12000_pg0p005_a0p2_ff0p05_s48009_drop0_pc0p01_pgc0p01,0.01
permanent_fork,sth_proof,12000,6.0,5.0,0.005,0.2,0.05,3.0,True,10.0,10.0,0.0,0.0,,,,,28524.0,,,,1.1661662698001865,1.1661662698001865,2.0,2.9580110333811547e-05,2,2,48010,0.01,0.01,0.0,True,0.2,0.08,800,10,0.0,0.0,0.0,0.919234037399292,C:/Users/efasllija/dev/gossip-poc/out_nb_incremental_clean0104/scenario_mixing_sweep/mix_0p01/permanent_fork_sth_proof_n12000_pg0p005_a0p2_ff0p05_s48010_drop0_pc0p01_pgc0p01,0.01
permanent_fork,sth_proof,12000,6.0,5.0,0.005,0.2,0.05,3.0,True,135.0,135.0,0.0,0.0,,,,,52631.0,,,,0.4285163300884,0.4285163300884,2.0,3.0855150495996546e-05,2,2,48011,0.01,0.01,0.0,True,0.2,0.08,800,10,0.0,0.0,0.0,0.9109675884246826,C:/Users/efasllija/dev/gossip-poc/out_nb_incremental_clean0104/scenario_mixing_sweep/mix_0p01/permanent_fork_sth_proof_n12000_pg0p005_a0p2_ff0p05_s48011_drop0_pc0p01_pgc0p01,0.01
permanent_fork,sth_proof,12000,6.0,5.0,0.005,0.2,0.05,3.0,True,20.0,20.0,0.0,0.0,,,,,28749.0,,,,0.9768033432257283,0.9768033432257283,3.0,4.5424262612803584e-05,3,3,48012,0.01,0.01,0.0,True,0.2,0.08,800,10,0.0,0.0,0.0,0.9348092079162598,C:/Users/efasllija/dev/gossip-poc/out_nb_incremental_clean0104/scenario_mixing_sweep/mix_0p01/permanent_fork_sth_proof_n12000_pg0p005_a0p2_ff0p05_s48012_drop0_pc0p01_pgc0p01,0.01
permanent_fork,sth_proof,12000,6.0,5.0,0.005,0.2,0.05,3.0,True,35.0,35.0,0.0,0.0,,,,,33765.0,,,,1.198160203376879,1.198160203376879,2.0,2.93897224140718e-05,2,2,48013,0.01,0.01,0.0,True,0.2,0.08,800,10,0.0,0.0,0.0,0.9271063804626465,C:/Users/efasllija/dev/gossip-poc/out_nb_incremental_clean0104/scenario_mixing_sweep/mix_0p01/permanent_fork_sth_proof_n12000_pg0p005_a0p2_ff0p05_s48013_drop0_pc0p01_pgc0p01,0.01
permanent_fork,sth_proof,12000,6.0,5.0,0.005,0.2,0.05,3.0,True,40.0,40.0,0.0,0.0,,,,,34390.0,,,,0.8979520697167755,0.8979520697167755,6.0,8.714596949891067e-05,6,6,48014,0.01,0.01,0.0,True,0.2,0.08,800,10,0.0,0.0,0.0,0.9285862445831299,C:/Users/efasllija/dev/gossip-poc/out_nb_incremental_clean0104/scenario_mixing_sweep/mix_0p01/permanent_fork_sth_proof_n12000_pg0p005_a0p2_ff0p05_s48014_drop0_pc0p01_pgc0p01,0.01
permanent_fork,sth_proof,12000,6.0,5.0,0.007,0.2,0.05,3.0,True,40.0,40.0,0.0,0.0,,,,,32886.0,,,,1.1608490637099083,1.1608490637099083,5.0,7.532502749363504e-05,5,5,48000,0.01,0.01,0.0,True,0.2,0.08,800,10,0.0,0.0,0.0,0.893312931060791,C:/Users/efasllija/dev/gossip-poc/out_nb_incremental_clean0104/scenario_mixing_sweep/mix_0p01/permanent_fork_sth_proof_n12000_pg0p007_a0p2_ff0p05_s48000_drop0_pc0p01_pgc0p01,0.01
permanent_fork,sth_proof,12000,6.0,5.0,0.007,0.2,0.05,3.0,True,0.0,0.0,0.0,0.0,,,,,26628.0,,,,1.082975765999879,1.082975765999879,4.0,6.043391551338611e-05,4,4,48001,0.01,0.01,0.0,True,0.2,0.08,800,10,0.0,0.0,0.0,0.9348251819610596,C:/Users/efasllija/dev/gossip-poc/out_nb_incremental_clean0104/scenario_mixing_sweep/mix_0p01/permanent_fork_sth_proof_n12000_pg0p007_a0p2_ff0p05_s48001_drop0_pc0p01_pgc0p01,0.01
permanent_fork,sth_proof,12000,6.0,5.0,0.007,0.2,0.05,3.0,True,0.0,0.0,0.0,0.0,,,,,26748.0,,,,1.736173280860396,1.736173280860396,21.0,0.00031543845945864753,21,21,48002,0.01,0.01,0.0,True,0.2,0.08,800,10,0.0,0.0,0.0,0.9042613506317139,C:/Users/efasllija/dev/gossip-poc/out_nb_incremental_clean0104/scenario_mixing_sweep/mix_0p01/permanent_fork_sth_proof_n12000_pg0p007_a0p2_ff0p05_s48002_drop0_pc0p01_pgc0p01,0.01
permanent_fork,sth_proof,12000,6.0,5.0,0.007,0.2,0.05,3.0,True,25.0,25.0,0.0,0.0,,,,,29365.0,,,,0.7899034892353378,0.7899034892353378,1.0,1.546646869586736e-05,1,1,48003,0.01,0.01,0.0,True,0.2,0.08,800,10,0.0,0.0,0.0,0.9189407825469971,C:/Users/efasllija/dev/gossip-poc/out_nb_incremental_clean0104/scenario_mixing_sweep/mix_0p01/permanent_fork_sth_proof_n12000_pg0p007_a0p2_ff0p05_s48003_drop0_pc0p01_pgc0p01,0.01
permanent_fork,sth_proof,12000,6.0,5.0,0.007,0.2,0.05,3.0,True,100.0,100.0,0.0,0.0,,,,,42930.0,,,,2.0101266611619177,2.0101266611619177,4.0,6.231791484256937e-05,4,4,48004,0.01,0.01,0.0,True,0.2,0.08,800,10,0.0,0.0,0.0,0.8962807655334473,C:/Users/efasllija/dev/gossip-poc/out_nb_incremental_clean0104/scenario_mixing_sweep/mix_0p01/permanent_fork_sth_proof_n12000_pg0p007_a0p2_ff0p05_s48004_drop0_pc0p01_pgc0p01,0.01
permanent_fork,sth_proof,12000,6.0,5.0,0.007,0.2,0.05,3.0,True,135.0,135.0,0.0,0.0,,,,,54110.0,,,,0.637061176122056,0.637061176122056,1.0,1.4812620352540365e-05,1,1,48005,0.01,0.01,0.0,True,0.2,0.08,800,10,0.0,0.0,0.0,0.9122328758239746,C:/Users/efasllija/dev/gossip-poc/out_nb_incremental_clean0104/scenario_mixing_sweep/mix_0p01/permanent_fork_sth_proof_n12000_pg0p007_a0p2_ff0p05_s48005_drop0_pc0p01_pgc0p01,0.01
permanent_fork,sth_proof,12000,6.0,5.0,0.007,0.2,0.05,3.0,True,20.0,20.0,0.0,0.0,,,,,28369.0,,,,1.0048855430941772,1.0048855430941772,12.0,0.0001843601167614073,12,12,48006,0.01,0.01,0.0,True,0.2,0.08,800,10,0.0,0.0,0.0,0.9023678302764893,C:/Users/efasllija/dev/gossip-poc/out_nb_incremental_clean0104/scenario_mixing_sweep/mix_0p01/permanent_fork_sth_proof_n12000_pg0p007_a0p2_ff0p05_s48006_drop0_pc0p01_pgc0p01,0.01
permanent_fork,sth_proof,12000,6.0,5.0,0.007,0.2,0.05,3.0,True,10.0,10.0,0.0,0.0,,,,,27785.0,,,,1.1115054253097374,1.1115054253097374,22.0,0.0003454611120707253,22,22,48007,0.01,0.01,0.0,True,0.2,0.08,800,10,0.0,0.0,0.0,0.8803324699401855,C:/Users/efasllija/dev/gossip-poc/out_nb_incremental_clean0104/scenario_mixing_sweep/mix_0p01/permanent_fork_sth_proof_n12000_pg0p007_a0p2_ff0p05_s48007_drop0_pc0p01_pgc0p01,0.01
permanent_fork,sth_proof,12000,6.0,5.0,0.007,0.2,0.05,3.0,True,45.0,45.0,0.0,0.0,,,,,33339.0,,,,0.6699423200170904,0.6699423200170904,3.0,4.577776421399579e-05,3,3,48008,0.01,0.01,0.0,True,0.2,0.08,800,10,0.0,0.0,0.0,0.9167044162750244,C:/Users/efasllija/dev/gossip-poc/out_nb_incremental_clean0104/scenario_mixing_sweep/mix_0p01/permanent_fork_sth_proof_n12000_pg0p007_a0p2_ff0p05_s48008_drop0_pc0p01_pgc0p01,0.01
permanent_fork,sth_proof,12000,6.0,5.0,0.007,0.2,0.05,3.0,True,10.0,10.0,0.0,0.0,,,,,28474.0,,,,1.1330844273154281,1.1330844273154281,4.0,6.0219197880284235e-05,4,4,48009,0.01,0.01,0.0,True,0.2,0.08,800,10,0.0,0.0,0.0,0.9028072357177734,C:/Users/efasllija/dev/gossip-poc/out_nb_incremental_clean0104/scenario_mixing_sweep/mix_0p01/permanent_fork_sth_proof_n12000_pg0p007_a0p2_ff0p05_s48009_drop0_pc0p01_pgc0p01,0.01
permanent_fork,sth_proof,12000,6.0,5.0,0.007,0.2,0.05,3.0,True,10.0,10.0,0.0,0.0,,,,,28524.0,,,,1.4179521689615902,1.4179521689615902,3.0,4.4370165500717315e-05,3,3,48010,0.01,0.01,0.0,True,0.2,0.08,800,10,0.0,0.0,0.0,0.9375510215759277,C:/Users/efasllija/dev/gossip-poc/out_nb_incremental_clean0104/scenario_mixing_sweep/mix_0p01/permanent_fork_sth_proof_n12000_pg0p007_a0p2_ff0p05_s48010_drop0_pc0p01_pgc0p01,0.01
permanent_fork,sth_proof,12000,6.0,5.0,0.007,0.2,0.05,3.0,True,135.0,135.0,0.0,0.0,,,,,52631.0,,,,0.5805705117326709,0.5805705117326709,2.0,3.0855150495996546e-05,2,2,48011,0.01,0.01,0.0,True,0.2,0.08,800,10,0.0,0.0,0.0,0.8979225158691406,C:/Users/efasllija/dev/gossip-poc/out_nb_incremental_clean0104/scenario_mixing_sweep/mix_0p01/permanent_fork_sth_proof_n12000_pg0p007_a0p2_ff0p05_s48011_drop0_pc0p01_pgc0p01,0.01
permanent_fork,sth_proof,12000,6.0,5.0,0.007,0.2,0.05,3.0,True,20.0,20.0,0.0,0.0,,,,,28749.0,,,,1.5330385803403792,1.5330385803403792,6.0,9.084852522560717e-05,6,6,48012,0.01,0.01,0.0,True,0.2,0.08,800,10,0.0,0.0,0.0,0.917374849319458,C:/Users/efasllija/dev/gossip-poc/out_nb_incremental_clean0104/scenario_mixing_sweep/mix_0p01/permanent_fork_sth_proof_n12000_pg0p007_a0p2_ff0p05_s48012_drop0_pc0p01_pgc0p01,0.01
permanent_fork,sth_proof,12000,6.0,5.0,0.007,0.2,0.05,3.0,True,35.0,35.0,0.0,0.0,,,,,33765.0,,,,1.4483255205654582,1.4483255205654582,2.0,2.93897224140718e-05,2,2,48013,0.01,0.01,0.0,True,0.2,0.08,800,10,0.0,0.0,0.0,0.9045352935791016,C:/Users/efasllija/dev/gossip-poc/out_nb_incremental_clean0104/scenario_mixing_sweep/mix_0p01/permanent_fork_sth_proof_n12000_pg0p007_a0p2_ff0p05_s48013_drop0_pc0p01_pgc0p01,0.01
permanent_fork,sth_proof,12000,6.0,5.0,0.007,0.2,0.05,3.0,True,40.0,40.0,0.0,0.0,,,,,34390.0,,,,1.275352214960058,1.275352214960058,6.0,8.714596949891067e-05,6,6,48014,0.01,0.01,0.0,True,0.2,0.08,800,10,0.0,0.0,0.0,0.9799654483795166,C:/Users/efasllija/dev/gossip-poc/out_nb_incremental_clean0104/scenario_mixing_sweep/mix_0p01/permanent_fork_sth_proof_n12000_pg0p007_a0p2_ff0p05_s48014_drop0_pc0p01_pgc0p01,0.01
permanent_fork,sth_proof,12000,6.0,5.0,0.01,0.2,0.05,3.0,True,40.0,40.0,0.0,0.0,,,,,32886.0,,,,1.6062911462962683,1.6062911462962683,6.0,9.039003299236204e-05,6,6,48000,0.01,0.01,0.0,True,0.2,0.08,800,10,0.0,0.0,0.0,0.9087119102478027,C:/Users/efasllija/dev/gossip-poc/out_nb_incremental_clean0104/scenario_mixing_sweep/mix_0p01/permanent_fork_sth_proof_n12000_pg0p01_a0p2_ff0p05_s48000_drop0_pc0p01_pgc0p01,0.01
permanent_fork,sth_proof,12000,6.0,5.0,0.01,0.2,0.05,3.0,True,0.0,0.0,0.0,0.0,,,,,26628.0,,,,1.3131081162748535,1.3131081162748535,5.0,7.554239439173264e-05,5,5,48001,0.01,0.01,0.0,True,0.2,0.08,800,10,0.0,0.0,0.0,0.9334380626678467,C:/Users/efasllija/dev/gossip-poc/out_nb_incremental_clean0104/scenario_mixing_sweep/mix_0p01/permanent_fork_sth_proof_n12000_pg0p01_a0p2_ff0p05_s48001_drop0_pc0p01_pgc0p01,0.01
permanent_fork,sth_proof,12000,6.0,5.0,0.01,0.2,0.05,3.0,True,0.0,0.0,0.0,0.0,,,,,26748.0,,,,2.2745215850031544,2.2745215850031544,22.0,0.0003304593384804879,22,22,48002,0.01,0.01,0.0,True,0.2,0.08,800,10,0.0,0.0,0.0,0.9164783954620361,C:/Users/efasllija/dev/gossip-poc/out_nb_incremental_clean0104/scenario_mixing_sweep/mix_0p01/permanent_fork_sth_proof_n12000_pg0p01_a0p2_ff0p05_s48002_drop0_pc0p01_pgc0p01,0.01
permanent_fork,sth_proof,12000,6.0,5.0,0.01,0.2,0.05,3.0,True,25.0,25.0,0.0,0.0,,,,,29365.0,,,,1.0670626082652808,1.0670626082652808,1.0,1.546646869586736e-05,1,1,48003,0.01,0.01,0.0,True,0.2,0.08,800,10,0.0,0.0,0.0,0.9119207859039307,C:/Users/efasllija/dev/gossip-poc/out_nb_incremental_clean0104/scenario_mixing_sweep/mix_0p01/permanent_fork_sth_proof_n12000_pg0p01_a0p2_ff0p05_s48003_drop0_pc0p01_pgc0p01,0.01
permanent_fork,sth_proof,12000,6.0,5.0,0.01,0.2,0.05,3.0,True,100.0,100.0,0.0,0.0,,,,,42930.0,,,,2.3730661972050413,2.3730661972050413,5.0,7.789739355321171e-05,5,5,48004,0.01,0.01,0.0,True,0.2,0.08,800,10,0.0,0.0,0.0,0.9148328304290771,C:/Users/efasllija/dev/gossip-poc/out_nb_incremental_clean0104/scenario_mixing_sweep/mix_0p01/permanent_fork_sth_proof_n12000_pg0p01_a0p2_ff0p05_s48004_drop0_pc0p01_pgc0p01,0.01
permanent_fork,sth_proof,12000,6.0,5.0,0.01,0.2,0.05,3.0,True,125.0,125.0,0.0,0.0,,,,,51356.0,,,,1.3404828914234928,1.3404828914234928,3.0,4.4437861057621094e-05,3,3,48005,0.01,0.01,0.0,True,0.2,0.08,800,10,0.0,0.0,0.0,0.9336767196655273,C:/Users/efasllija/dev/gossip-poc/out_nb_incremental_clean0104/scenario_mixing_sweep/mix_0p01/permanent_fork_sth_proof_n12000_pg0p01_a0p2_ff0p05_s48005_drop0_pc0p01_pgc0p01,0.01
permanent_fork,sth_proof,12000,6.0,5.0,0.01,0.2,0.05,3.0,True,20.0,20.0,0.0,0.0,,,,,28369.0,,,,1.1838377630972499,1.1838377630972499,13.0,0.0001997234598248579,13,13,48006,0.01,0.01,0.0,True,0.2,0.08,800,10,0.0,0.0,0.0,0.937957763671875,C:/Users/efasllija/dev/gossip-poc/out_nb_incremental_clean0104/scenario_mixing_sweep/mix_0p01/permanent_fork_sth_proof_n12000_pg0p01_a0p2_ff0p05_s48006_drop0_pc0p01_pgc0p01,0.01
permanent_fork,sth_proof,12000,6.0,5.0,0.01,0.2,0.05,3.0,True,10.0,10.0,0.0,0.0,,,,,27785.0,,,,1.7024323602845344,1.7024323602845344,24.0,0.00037686666771351854,24,24,48007,0.01,0.01,0.0,True,0.2,0.08,800,10,0.0,0.0,0.0,0.9094469547271729,C:/Users/efasllija/dev/gossip-poc/out_nb_incremental_clean0104/scenario_mixing_sweep/mix_0p01/permanent_fork_sth_proof_n12000_pg0p01_a0p2_ff0p05_s48007_drop0_pc0p01_pgc0p01,0.01
permanent_fork,sth_proof,12000,6.0,5.0,0.01,0.2,0.05,3.0,True,20.0,20.0,0.0,0.0,,,,,28817.0,,,,1.1894894253364665,1.1894894253364665,4.0,6.103701895199438e-05,4,4,48008,0.01,0.01,0.0,True,0.2,0.08,800,10,0.0,0.0,0.0,0.9149961471557617,C:/Users/efasllija/dev/gossip-poc/out_nb_incremental_clean0104/scenario_mixing_sweep/mix_0p01/permanent_fork_sth_proof_n12000_pg0p01_a0p2_ff0p05_s48008_drop0_pc0p01_pgc0p01,0.01
permanent_fork,sth_proof,12000,6.0,5.0,0.01,0.2,0.05,3.0,True,10.0,10.0,0.0,0.0,,,,,28474.0,,,,1.9424304468264482,1.9424304468264482,5.0,7.52739973503553e-05,5,5,48009,0.01,0.01,0.0,True,0.2,0.08,800,10,0.0,0.0,0.0,0.9381880760192871,C:/Users/efasllija/dev/gossip-poc/out_nb_incremental_clean0104/scenario_mixing_sweep/mix_0p01/permanent_fork_sth_proof_n12000_pg0p01_a0p2_ff0p05_s48009_drop0_pc0p01_pgc0p01,0.01
permanent_fork,sth_proof,12000,6.0,5.0,0.01,0.2,0.05,3.0,True,10.0,10.0,0.0,0.0,,,,,28524.0,,,,1.8420126307071125,1.8420126307071125,5.0,7.395027583452886e-05,5,5,48010,0.01,0.01,0.0,True,0.2,0.08,800,10,0.0,0.0,0.0,0.9206383228302002,C:/Users/efasllija/dev/gossip-poc/out_nb_incremental_clean0104/scenario_mixing_sweep/mix_0p01/permanent_fork_sth_proof_n12000_pg0p01_a0p2_ff0p05_s48010_drop0_pc0p01_pgc0p01,0.01
permanent_fork,sth_proof,12000,6.0,5.0,0.01,0.2,0.05,3.0,True,20.0,20.0,0.0,0.0,,,,,29050.0,,,,1.4928956015982968,1.4928956015982968,4.0,6.171030099199309e-05,4,4,48011,0.01,0.01,0.0,True,0.2,0.08,800,10,0.0,0.0,0.0,0.947723388671875,C:/Users/efasllija/dev/gossip-poc/out_nb_incremental_clean0104/scenario_mixing_sweep/mix_0p01/permanent_fork_sth_proof_n12000_pg0p01_a0p2_ff0p05_s48011_drop0_pc0p01_pgc0p01,0.01
permanent_fork,sth_proof,12000,6.0,5.0,0.01,0.2,0.05,3.0,True,20.0,20.0,0.0,0.0,,,,,28749.0,,,,2.0214402519532433,2.0214402519532433,7.0,0.0001059899460965417,7,7,48012,0.01,0.01,0.0,True,0.2,0.08,800,10,0.0,0.0,0.0,0.8932309150695801,C:/Users/efasllija/dev/gossip-poc/out_nb_incremental_clean0104/scenario_mixing_sweep/mix_0p01/permanent_fork_sth_proof_n12000_pg0p01_a0p2_ff0p05_s48012_drop0_pc0p01_pgc0p01,0.01
permanent_fork,sth_proof,12000,6.0,5.0,0.01,0.2,0.05,3.0,True,35.0,35.0,0.0,0.0,,,,,33765.0,,,,1.9618227505841208,1.9618227505841208,3.0,4.40845836211077e-05,3,3,48013,0.01,0.01,0.0,True,0.2,0.08,800,10,0.0,0.0,0.0,0.9264028072357178,C:/Users/efasllija/dev/gossip-poc/out_nb_incremental_clean0104/scenario_mixing_sweep/mix_0p01/permanent_fork_sth_proof_n12000_pg0p01_a0p2_ff0p05_s48013_drop0_pc0p01_pgc0p01,0.01
permanent_fork,sth_proof,12000,6.0,5.0,0.01,0.2,0.05,3.0,True,40.0,40.0,0.0,0.0,,,,,34390.0,,,,1.8870007262164126,1.8870007262164126,6.0,8.714596949891067e-05,6,6,48014,0.01,0.01,0.0,True,0.2,0.08,800,10,0.0,0.0,0.0,0.9286465644836426,C:/Users/efasllija/dev/gossip-poc/out_nb_incremental_clean0104/scenario_mixing_sweep/mix_0p01/permanent_fork_sth_proof_n12000_pg0p01_a0p2_ff0p05_s48014_drop0_pc0p01_pgc0p01,0.01
permanent_fork,sth_proof,12000,6.0,5.0,0.015,0.2,0.05,3.0,True,40.0,40.0,0.0,0.0,,,,,32886.0,,,,2.8751261694210517,2.8751261694210517,10.0,0.00015065005498727008,10,10,48000,0.01,0.01,0.0,True,0.2,0.08,800,10,0.0,0.0,0.0,0.9350180625915527,C:/Users/efasllija/dev/gossip-poc/out_nb_incremental_clean0104/scenario_mixing_sweep/mix_0p01/permanent_fork_sth_proof_n12000_pg0p015_a0p2_ff0p05_s48000_drop0_pc0p01_pgc0p01,0.01
permanent_fork,sth_proof,12000,6.0,5.0,0.015,0.2,0.05,3.0,True,0.0,0.0,0.0,0.0,,,,,26628.0,,,,2.5856046413247116,2.5856046413247116,7.0,0.0001057593521484257,7,7,48001,0.01,0.01,0.0,True,0.2,0.08,800,10,0.0,0.0,0.0,0.9320955276489258,C:/Users/efasllija/dev/gossip-poc/out_nb_incremental_clean0104/scenario_mixing_sweep/mix_0p01/permanent_fork_sth_proof_n12000_pg0p015_a0p2_ff0p05_s48001_drop0_pc0p01_pgc0p01,0.01
permanent_fork,sth_proof,12000,6.0,5.0,0.015,0.2,0.05,3.0,True,0.0,0.0,0.0,0.0,,,,,26748.0,,,,3.418511731306516,3.418511731306516,26.0,0.00039054285456784933,26,26,48002,0.01,0.01,0.0,True,0.2,0.08,800,10,0.0,0.0,0.0,0.9138326644897461,C:/Users/efasllija/dev/gossip-poc/out_nb_incremental_clean0104/scenario_mixing_sweep/mix_0p01/permanent_fork_sth_proof_n12000_pg0p015_a0p2_ff0p05_s48002_drop0_pc0p01_pgc0p01,0.01
permanent_fork,sth_proof,12000,6.0,5.0,0.015,0.2,0.05,3.0,True,25.0,25.0,0.0,0.0,,,,,29365.0,,,,1.89853996535511,1.89853996535511,2.0,3.093293739173472e-05,2,2,48003,0.01,0.01,0.0,True,0.2,0.08,800,10,0.0,0.0,0.0,0.9310941696166992,C:/Users/efasllija/dev/gossip-poc/out_nb_incremental_clean0104/scenario_mixing_sweep/mix_0p01/permanent_fork_sth_proof_n12000_pg0p015_a0p2_ff0p05_s48003_drop0_pc0p01_pgc0p01,0.01
permanent_fork,sth_proof,12000,6.0,5.0,0.015,0.2,0.05,3.0,True,45.0,45.0,0.0,0.0,,,,,32246.0,,,,3.266455824388116,3.266455824388116,8.0,0.00012463582968513874,8,8,48004,0.01,0.01,0.0,True,0.2,0.08,800,10,0.0,0.0,0.0,0.9128882884979248,C:/Users/efasllija/dev/gossip-poc/out_nb_incremental_clean0104/scenario_mixing_sweep/mix_0p01/permanent_fork_sth_proof_n12000_pg0p015_a0p2_ff0p05_s48004_drop0_pc0p01_pgc0p01,0.01
permanent_fork,sth_proof,12000,6.0,5.0,0.015,0.2,0.05,3.0,True,35.0,35.0,0.0,0.0,,,,,32306.0,,,,2.3358909791142053,2.3358909791142053,18.0,0.00026662716634572655,18,18,48005,0.01,0.01,0.0,True,0.2,0.08,800,10,0.0,0.0,0.0,0.9514243602752686,C:/Users/efasllija/dev/gossip-poc/out_nb_incremental_clean0104/scenario_mixing_sweep/mix_0p01/permanent_fork_sth_proof_n12000_pg0p015_a0p2_ff0p05_s48005_drop0_pc0p01_pgc0p01,0.01
permanent_fork,sth_proof,12000,6.0,5.0,0.015,0.2,0.05,3.0,True,20.0,20.0,0.0,0.0,,,,,28369.0,,,,1.8583499769549854,1.8583499769549854,14.0,0.00021508680288830848,14,14,48006,0.01,0.01,0.0,True,0.2,0.08,800,10,0.0,0.0,0.0,0.964813232421875,C:/Users/efasllija/dev/gossip-poc/out_nb_incremental_clean0104/scenario_mixing_sweep/mix_0p01/permanent_fork_sth_proof_n12000_pg0p015_a0p2_ff0p05_s48006_drop0_pc0p01_pgc0p01,0.01
permanent_fork,sth_proof,12000,6.0,5.0,0.015,0.2,0.05,3.0,True,10.0,10.0,0.0,0.0,,,,,27785.0,,,,2.5747530738187585,2.5747530738187585,29.0,0.00045538055682050157,29,29,48007,0.01,0.01,0.0,True,0.2,0.08,800,10,0.0,0.0,0.0,0.9659059047698975,C:/Users/efasllija/dev/gossip-poc/out_nb_incremental_clean0104/scenario_mixing_sweep/mix_0p01/permanent_fork_sth_proof_n12000_pg0p015_a0p2_ff0p05_s48007_drop0_pc0p01_pgc0p01,0.01
permanent_fork,sth_proof,12000,6.0,5.0,0.015,0.2,0.05,3.0,True,15.0,15.0,0.0,0.0,,,,,27818.0,,,,2.0371715445417644,2.0371715445417644,15.0,0.00022888882106997894,15,15,48008,0.01,0.01,0.0,True,0.2,0.08,800,10,0.0,0.0,0.0,0.9341316223144531,C:/Users/efasllija/dev/gossip-poc/out_nb_incremental_clean0104/scenario_mixing_sweep/mix_0p01/permanent_fork_sth_proof_n12000_pg0p015_a0p2_ff0p05_s48008_drop0_pc0p01_pgc0p01,0.01
permanent_fork,sth_proof,12000,6.0,5.0,0.015,0.2,0.05,3.0,True,10.0,10.0,0.0,0.0,,,,,28474.0,,,,3.0350475731663256,3.0350475731663256,7.0,0.00010538359629049741,7,7,48009,0.01,0.01,0.0,True,0.2,0.08,800,10,0.0,0.0,0.0,0.9442539215087891,C:/Users/efasllija/dev/gossip-poc/out_nb_incremental_clean0104/scenario_mixing_sweep/mix_0p01/permanent_fork_sth_proof_n12000_pg0p015_a0p2_ff0p05_s48009_drop0_pc0p01_pgc0p01,0.01
permanent_fork,sth_proof,12000,6.0,5.0,0.015,0.2,0.05,3.0,True,10.0,10.0,0.0,0.0,,,,,28524.0,,,,2.756393001345895,2.756393001345895,5.0,7.395027583452886e-05,5,5,48010,0.01,0.01,0.0,True,0.2,0.08,800,10,0.0,0.0,0.0,0.9311795234680176,C:/Users/efasllija/dev/gossip-poc/out_nb_incremental_clean0104/scenario_mixing_sweep/mix_0p01/permanent_fork_sth_proof_n12000_pg0p015_a0p2_ff0p05_s48010_drop0_pc0p01_pgc0p01,0.01
permanent_fork,sth_proof,12000,6.0,5.0,0.015,0.2,0.05,3.0,True,20.0,20.0,0.0,0.0,,,,,29050.0,,,,1.9628812539533163,1.9628812539533163,5.0,7.713787623999136e-05,5,5,48011,0.01,0.01,0.0,True,0.2,0.08,800,10,0.0,0.0,0.0,0.9170215129852295,C:/Users/efasllija/dev/gossip-poc/out_nb_incremental_clean0104/scenario_mixing_sweep/mix_0p01/permanent_fork_sth_proof_n12000_pg0p015_a0p2_ff0p05_s48011_drop0_pc0p01_pgc0p01,0.01
permanent_fork,sth_proof,12000,6.0,5.0,0.015,0.2,0.05,3.0,True,20.0,20.0,0.0,0.0,,,,,28749.0,,,,2.69977590697111,2.69977590697111,7.0,0.0001059899460965417,7,7,48012,0.01,0.01,0.0,True,0.2,0.08,800,10,0.0,0.0,0.0,0.9317677021026611,C:/Users/efasllija/dev/gossip-poc/out_nb_incremental_clean0104/scenario_mixing_sweep/mix_0p01/permanent_fork_sth_proof_n12000_pg0p015_a0p2_ff0p05_s48012_drop0_pc0p01_pgc0p01,0.01
permanent_fork,sth_proof,12000,6.0,5.0,0.015,0.2,0.05,3.0,True,35.0,35.0,0.0,0.0,,,,,33765.0,,,,3.2653157190930333,3.2653157190930333,8.0,0.0001175588896562872,8,8,48013,0.01,0.01,0.0,True,0.2,0.08,800,10,0.0,0.0,0.0,0.9180750846862793,C:/Users/efasllija/dev/gossip-poc/out_nb_incremental_clean0104/scenario_mixing_sweep/mix_0p01/permanent_fork_sth_proof_n12000_pg0p015_a0p2_ff0p05_s48013_drop0_pc0p01_pgc0p01,0.01
permanent_fork,sth_proof,12000,6.0,5.0,0.015,0.2,0.05,3.0,True,40.0,40.0,0.0,0.0,,,,,34390.0,,,,2.771938997821351,2.771938997821351,8.0,0.00011619462599854757,8,8,48014,0.01,0.01,0.0,True,0.2,0.08,800,10,0.0,0.0,0.0,0.9406330585479736,C:/Users/efasllija/dev/gossip-poc/out_nb_incremental_clean0104/scenario_mixing_sweep/mix_0p01/permanent_fork_sth_proof_n12000_pg0p015_a0p2_ff0p05_s48014_drop0_pc0p01_pgc0p01,0.01
permanent_fork,sth_proof,12000,6.0,5.0,0.02,0.2,0.05,3.0,True,40.0,40.0,0.0,0.0,,,,,32886.0,,,,3.5095436809834437,3.5095436809834437,11.0,0.00016571506048599708,11,11,48000,0.01,0.01,0.0,True,0.2,0.08,800,10,0.0,0.0,0.0,0.9389536380767822,C:/Users/efasllija/dev/gossip-poc/out_nb_incremental_clean0104/scenario_mixing_sweep/mix_0p01/permanent_fork_sth_proof_n12000_pg0p02_a0p2_ff0p05_s48000_drop0_pc0p01_pgc0p01,0.01
permanent_fork,sth_proof,12000,6.0,5.0,0.02,0.2,0.05,3.0,True,0.0,0.0,0.0,0.0,,,,,26628.0,,,,3.682117604399589,3.682117604399589,7.0,0.0001057593521484257,7,7,48001,0.01,0.01,0.0,True,0.2,0.08,800,10,0.0,0.0,0.0,0.9488790035247803,C:/Users/efasllija/dev/gossip-poc/out_nb_incremental_clean0104/scenario_mixing_sweep/mix_0p01/permanent_fork_sth_proof_n12000_pg0p02_a0p2_ff0p05_s48001_drop0_pc0p01_pgc0p01,0.01
permanent_fork,sth_proof,12000,6.0,5.0,0.02,0.2,0.05,3.0,True,0.0,0.0,0.0,0.0,,,,,26748.0,,,,5.141226304563343,5.141226304563343,29.0,0.0004356054916333704,29,29,48002,0.01,0.01,0.0,True,0.2,0.08,800,10,0.0,0.0,0.0,0.9626145362854004,C:/Users/efasllija/dev/gossip-poc/out_nb_incremental_clean0104/scenario_mixing_sweep/mix_0p01/permanent_fork_sth_proof_n12000_pg0p02_a0p2_ff0p05_s48002_drop0_pc0p01_pgc0p01,0.01
permanent_fork,sth_proof,12000,6.0,5.0,0.02,0.2,0.05,3.0,True,25.0,25.0,0.0,0.0,,,,,29365.0,,,,2.9933184855233854,2.9933184855233854,2.0,3.093293739173472e-05,2,2,48003,0.01,0.01,0.0,True,0.2,0.08,800,10,0.0,0.0,0.0,0.9788818359375,C:/Users/efasllija/dev/gossip-poc/out_nb_incremental_clean0104/scenario_mixing_sweep/mix_0p01/permanent_fork_sth_proof_n12000_pg0p02_a0p2_ff0p05_s48003_drop0_pc0p01_pgc0p01,0.01
permanent_fork,sth_proof,12000,6.0,5.0,0.02,0.2,0.05,3.0,True,45.0,45.0,0.0,0.0,,,,,32246.0,,,,3.9085796189259505,3.9085796189259505,9.0,0.00014021530839578107,9,9,48004,0.01,0.01,0.0,True,0.2,0.08,800,10,0.0,0.0,0.0,0.9235312938690186,C:/Users/efasllija/dev/gossip-poc/out_nb_incremental_clean0104/scenario_mixing_sweep/mix_0p01/permanent_fork_sth_proof_n12000_pg0p02_a0p2_ff0p05_s48004_drop0_pc0p01_pgc0p01,0.01
permanent_fork,sth_proof,12000,6.0,5.0,0.02,0.2,0.05,3.0,True,35.0,35.0,0.0,0.0,,,,,32306.0,,,,2.787142645533995,2.787142645533995,21.0,0.0003110650274033477,21,21,48005,0.01,0.01,0.0,True,0.2,0.08,800,10,0.0,0.0,0.0,0.9604856967926025,C:/Users/efasllija/dev/gossip-poc/out_nb_incremental_clean0104/scenario_mixing_sweep/mix_0p01/permanent_fork_sth_proof_n12000_pg0p02_a0p2_ff0p05_s48005_drop0_pc0p01_pgc0p01,0.01
permanent_fork,sth_proof,12000,6.0,5.0,0.02,0.2,0.05,3.0,True,20.0,20.0,0.0,0.0,,,,,28369.0,,,,3.386326624673529,3.386326624673529,19.0,0.0002919035182055615,19,19,48006,0.01,0.01,0.0,True,0.2,0.08,800,10,0.0,0.0,0.0,0.9095852375030518,C:/Users/efasllija/dev/gossip-poc/out_nb_incremental_clean0104/scenario_mixing_sweep/mix_0p01/permanent_fork_sth_proof_n12000_pg0p02_a0p2_ff0p05_s48006_drop0_pc0p01_pgc0p01,0.01
permanent_fork,sth_proof,12000,6.0,5.0,0.02,0.2,0.05,3.0,True,10.0,10.0,0.0,0.0,,,,,27785.0,,,,3.489282854136897,3.489282854136897,32.0,0.0005024888902846914,32,32,48007,0.01,0.01,0.0,True,0.2,0.08,800,10,0.0,0.0,0.0,0.9119019508361816,C:/Users/efasllija/dev/gossip-poc/out_nb_incremental_clean0104/scenario_mixing_sweep/mix_0p01/permanent_fork_sth_proof_n12000_pg0p02_a0p2_ff0p05_s48007_drop0_pc0p01_pgc0p01,0.01
permanent_fork,sth_proof,12000,6.0,5.0,0.02,0.2,0.05,3.0,True,10.0,10.0,0.0,0.0,,,,,27030.0,,,,2.912198248237556,2.912198248237556,20.0,0.0003051850947599719,20,20,48008,0.01,0.01,0.0,True,0.2,0.08,800,10,0.0,0.0,0.0,0.9444425106048584,C:/Users/efasllija/dev/gossip-poc/out_nb_incremental_clean0104/scenario_mixing_sweep/mix_0p01/permanent_fork_sth_proof_n12000_pg0p02_a0p2_ff0p05_s48008_drop0_pc0p01_pgc0p01,0.01
permanent_fork,sth_proof,12000,6.0,5.0,0.02,0.2,0.05,3.0,True,10.0,10.0,0.0,0.0,,,,,28474.0,,,,3.5746115861736723,3.5746115861736723,7.0,0.00010538359629049741,7,7,48009,0.01,0.01,0.0,True,0.2,0.08,800,10,0.0,0.0,0.0,0.9390232563018799,C:/Users/efasllija/dev/gossip-poc/out_nb_incremental_clean0104/scenario_mixing_sweep/mix_0p01/permanent_fork_sth_proof_n12000_pg0p02_a0p2_ff0p05_s48009_drop0_pc0p01_pgc0p01,0.01
permanent_fork,sth_proof,12000,6.0,5.0,0.02,0.2,0.05,3.0,True,10.0,10.0,0.0,0.0,,,,,28524.0,,,,3.3659799151050835,3.3659799151050835,9.0,0.00013311049650215195,9,9,48010,0.01,0.01,0.0,True,0.2,0.08,800,10,0.0,0.0,0.0,0.9226245880126953,C:/Users/efasllija/dev/gossip-poc/out_nb_incremental_clean0104/scenario_mixing_sweep/mix_0p01/permanent_fork_sth_proof_n12000_pg0p02_a0p2_ff0p05_s48010_drop0_pc0p01_pgc0p01,0.01
permanent_fork,sth_proof,12000,6.0,5.0,0.02,0.2,0.05,3.0,True,20.0,20.0,0.0,0.0,,,,,29050.0,,,,3.096376062574245,3.096376062574245,7.0,0.0001079930267359879,7,7,48011,0.01,0.01,0.0,True,0.2,0.08,800,10,0.0,0.0,0.0,0.921839714050293,C:/Users/efasllija/dev/gossip-poc/out_nb_incremental_clean0104/scenario_mixing_sweep/mix_0p01/permanent_fork_sth_proof_n12000_pg0p02_a0p2_ff0p05_s48011_drop0_pc0p01_pgc0p01,0.01
permanent_fork,sth_proof,12000,6.0,5.0,0.02,0.2,0.05,3.0,True,20.0,20.0,0.0,0.0,,,,,28749.0,,,,3.2017442916843315,3.2017442916843315,11.0,0.00016655562958027982,11,11,48012,0.01,0.01,0.0,True,0.2,0.08,800,10,0.0,0.0,0.0,0.938204288482666,C:/Users/efasllija/dev/gossip-poc/out_nb_incremental_clean0104/scenario_mixing_sweep/mix_0p01/permanent_fork_sth_proof_n12000_pg0p02_a0p2_ff0p05_s48012_drop0_pc0p01_pgc0p01,0.01
permanent_fork,sth_proof,12000,6.0,5.0,0.02,0.2,0.05,3.0,True,35.0,35.0,0.0,0.0,,,,,33765.0,,,,4.160644222715317,4.160644222715317,12.0,0.0001763383344844308,12,12,48013,0.01,0.01,0.0,True,0.2,0.08,800,10,0.0,0.0,0.0,0.9509141445159912,C:/Users/efasllija/dev/gossip-poc/out_nb_incremental_clean0104/scenario_mixing_sweep/mix_0p01/permanent_fork_sth_proof_n12000_pg0p02_a0p2_ff0p05_s48013_drop0_pc0p01_pgc0p01,0.01
permanent_fork,sth_proof,12000,6.0,5.0,0.02,0.2,0.05,3.0,True,40.0,40.0,0.0,0.0,,,,,34390.0,,,,3.7479738562091502,3.7479738562091502,9.0,0.00013071895424836603,9,9,48014,0.01,0.01,0.0,True,0.2,0.08,800,10,0.0,0.0,0.0,0.9351773262023926,C:/Users/efasllija/dev/gossip-poc/out_nb_incremental_clean0104/scenario_mixing_sweep/mix_0p01/permanent_fork_sth_proof_n12000_pg0p02_a0p2_ff0p05_s48014_drop0_pc0p01_pgc0p01,0.01
permanent_fork,sth_proof,12000,6.0,5.0,0.03,0.2,0.05,3.0,True,20.0,20.0,0.0,0.0,,,,,29792.0,,,,5.507283930158635,5.507283930158635,18.0,0.0002711700989770861,18,18,48000,0.01,0.01,0.0,True,0.2,0.08,800,10,0.0,0.0,0.0,0.9121978282928467,C:/Users/efasllija/dev/gossip-poc/out_nb_incremental_clean0104/scenario_mixing_sweep/mix_0p01/permanent_fork_sth_proof_n12000_pg0p03_a0p2_ff0p05_s48000_drop0_pc0p01_pgc0p01,0.01
permanent_fork,sth_proof,12000,6.0,5.0,0.03,0.2,0.05,3.0,True,0.0,0.0,0.0,0.0,,,,,26628.0,,,,4.92753973529945,4.92753973529945,11.0,0.00016619326766181182,11,11,48001,0.01,0.01,0.0,True,0.2,0.08,800,10,0.0,0.0,0.0,0.9136314392089844,C:/Users/efasllija/dev/gossip-poc/out_nb_incremental_clean0104/scenario_mixing_sweep/mix_0p01/permanent_fork_sth_proof_n12000_pg0p03_a0p2_ff0p05_s48001_drop0_pc0p01_pgc0p01,0.01
permanent_fork,sth_proof,12000,6.0,5.0,0.03,0.2,0.05,3.0,True,0.0,0.0,0.0,0.0,,,,,26748.0,,,,6.796647339802325,6.796647339802325,33.0,0.0004956890077207318,33,33,48002,0.01,0.01,0.0,True,0.2,0.08,800,10,0.0,0.0,0.0,0.9385786056518555,C:/Users/efasllija/dev/gossip-poc/out_nb_incremental_clean0104/scenario_mixing_sweep/mix_0p01/permanent_fork_sth_proof_n12000_pg0p03_a0p2_ff0p05_s48002_drop0_pc0p01_pgc0p01,0.01
permanent_fork,sth_proof,12000,6.0,5.0,0.03,0.2,0.05,3.0,True,25.0,25.0,0.0,0.0,,,,,29365.0,,,,4.9334323187329865,4.9334323187329865,8.0,0.00012373174956693887,8,8,48003,0.01,0.01,0.0,True,0.2,0.08,800,10,0.0,0.0,0.0,0.9234676361083984,C:/Users/efasllija/dev/gossip-poc/out_nb_incremental_clean0104/scenario_mixing_sweep/mix_0p01/permanent_fork_sth_proof_n12000_pg0p03_a0p2_ff0p05_s48003_drop0_pc0p01_pgc0p01,0.01
permanent_fork,sth_proof,12000,6.0,5.0,0.03,0.2,0.05,3.0,True,25.0,25.0,0.0,0.0,,,,,29085.0,,,,6.407278732453612,6.407278732453612,14.0,0.0002181127019489928,14,14,48004,0.01,0.01,0.0,True,0.2,0.08,800,10,0.0,0.0,0.0,0.921762228012085,C:/Users/efasllija/dev/gossip-poc/out_nb_incremental_clean0104/scenario_mixing_sweep/mix_0p01/permanent_fork_sth_proof_n12000_pg0p03_a0p2_ff0p05_s48004_drop0_pc0p01_pgc0p01,0.01
permanent_fork,sth_proof,12000,6.0,5.0,0.03,0.2,0.05,3.0,True,35.0,35.0,0.0,0.0,,,,,32306.0,,,,4.273618723152126,4.273618723152126,24.0,0.00035550288846096875,24,24,48005,0.01,0.01,0.0,True,0.2,0.08,800,10,0.0,0.0,0.0,0.9433083534240723,C:/Users/efasllija/dev/gossip-poc/out_nb_incremental_clean0104/scenario_mixing_sweep/mix_0p01/permanent_fork_sth_proof_n12000_pg0p03_a0p2_ff0p05_s48005_drop0_pc0p01_pgc0p01,0.01
permanent_fork,sth_proof,12000,6.0,5.0,0.03,0.2,0.05,3.0,True,20.0,20.0,0.0,0.0,,,,,28369.0,,,,4.955599938546627,4.955599938546627,23.0,0.00035335689045936394,23,23,48006,0.01,0.01,0.0,True,0.2,0.08,800,10,0.0,0.0,0.0,0.9270448684692383,C:/Users/efasllija/dev/gossip-poc/out_nb_incremental_clean0104/scenario_mixing_sweep/mix_0p01/permanent_fork_sth_proof_n12000_pg0p03_a0p2_ff0p05_s48006_drop0_pc0p01_pgc0p01,0.01
permanent_fork,sth_proof,12000,6.0,5.0,0.03,0.2,0.05,3.0,True,10.0,10.0,0.0,0.0,,,,,27785.0,,,,5.6982240158284,5.6982240158284,39.0,0.0006124083350344676,39,39,48007,0.01,0.01,0.0,True,0.2,0.08,800,10,0.0,0.0,0.0,0.9455668926239014,C:/Users/efasllija/dev/gossip-poc/out_nb_incremental_clean0104/scenario_mixing_sweep/mix_0p01/permanent_fork_sth_proof_n12000_pg0p03_a0p2_ff0p05_s48007_drop0_pc0p01_pgc0p01,0.01
permanent_fork,sth_proof,12000,6.0,5.0,0.03,0.2,0.05,3.0,True,10.0,10.0,0.0,0.0,,,,,27030.0,,,,4.78530228583636,4.78530228583636,40.0,0.0006103701895199438,40,40,48008,0.01,0.01,0.0,True,0.2,0.08,800,10,0.0,0.0,0.0,0.910914421081543,C:/Users/efasllija/dev/gossip-poc/out_nb_incremental_clean0104/scenario_mixing_sweep/mix_0p01/permanent_fork_sth_proof_n12000_pg0p03_a0p2_ff0p05_s48008_drop0_pc0p01_pgc0p01,0.01
permanent_fork,sth_proof,12000,6.0,5.0,0.03,0.2,0.05,3.0,True,10.0,10.0,0.0,0.0,,,,,28474.0,,,,5.530531133325304,5.530531133325304,13.0,0.00019571239311092376,13,13,48009,0.01,0.01,0.0,True,0.2,0.08,800,10,0.0,0.0,0.0,0.9173851013183594,C:/Users/efasllija/dev/gossip-poc/out_nb_incremental_clean0104/scenario_mixing_sweep/mix_0p01/permanent_fork_sth_proof_n12000_pg0p03_a0p2_ff0p05_s48009_drop0_pc0p01_pgc0p01,0.01
permanent_fork,sth_proof,12000,6.0,5.0,0.03,0.2,0.05,3.0,True,10.0,10.0,0.0,0.0,,,,,28524.0,,,,6.016357801014598,6.016357801014598,14.0,0.00020706077233668082,14,14,48010,0.01,0.01,0.0,True,0.2,0.08,800,10,0.0,0.0,0.0,0.9070556163787842,C:/Users/efasllija/dev/gossip-poc/out_nb_incremental_clean0104/scenario_mixing_sweep/mix_0p01/permanent_fork_sth_proof_n12000_pg0p03_a0p2_ff0p05_s48010_drop0_pc0p01_pgc0p01,0.01
permanent_fork,sth_proof,12000,6.0,5.0,0.03,0.2,0.05,3.0,True,20.0,20.0,0.0,0.0,,,,,29050.0,,,,4.893380027461084,4.893380027461084,10.0,0.00015427575247998273,10,10,48011,0.01,0.01,0.0,True,0.2,0.08,800,10,0.0,0.0,0.0,0.9247674942016602,C:/Users/efasllija/dev/gossip-poc/out_nb_incremental_clean0104/scenario_mixing_sweep/mix_0p01/permanent_fork_sth_proof_n12000_pg0p03_a0p2_ff0p05_s48011_drop0_pc0p01_pgc0p01,0.01
permanent_fork,sth_proof,12000,6.0,5.0,0.03,0.2,0.05,3.0,True,10.0,10.0,0.0,0.0,,,,,27262.0,,,,5.942220337956514,5.942220337956514,34.0,0.000514808309611774,34,34,48012,0.01,0.01,0.0,True,0.2,0.08,800,10,0.0,0.0,0.0,0.9505100250244141,C:/Users/efasllija/dev/gossip-poc/out_nb_incremental_clean0104/scenario_mixing_sweep/mix_0p01/permanent_fork_sth_proof_n12000_pg0p03_a0p2_ff0p05_s48012_drop0_pc0p01_pgc0p01,0.01
permanent_fork,sth_proof,12000,6.0,5.0,0.03,0.2,0.05,3.0,True,25.0,25.0,0.0,0.0,,,,,32233.0,,,,5.569469956356262,5.569469956356262,15.0,0.0002204229181055385,15,15,48013,0.01,0.01,0.0,True,0.2,0.08,800,10,0.0,0.0,0.0,0.9184675216674805,C:/Users/efasllija/dev/gossip-poc/out_nb_incremental_clean0104/scenario_mixing_sweep/mix_0p01/permanent_fork_sth_proof_n12000_pg0p03_a0p2_ff0p05_s48013_drop0_pc0p01_pgc0p01,0.01
permanent_fork,sth_proof,12000,6.0,5.0,0.03,0.2,0.05,3.0,True,25.0,25.0,0.0,0.0,,,,,31928.0,,,,6.142512708787218,6.142512708787218,16.0,0.00023238925199709515,16,16,48014,0.01,0.01,0.0,True,0.2,0.08,800,10,0.0,0.0,0.0,0.9341506958007812,C:/Users/efasllija/dev/gossip-poc/out_nb_incremental_clean0104/scenario_mixing_sweep/mix_0p01/permanent_fork_sth_proof_n12000_pg0p03_a0p2_ff0p05_s48014_drop0_pc0p01_pgc0p01,0.01
permanent_fork,sth_proof,12000,6.0,5.0,0.05,0.2,0.05,3.0,True,20.0,20.0,0.0,0.0,,,,,29792.0,,,,9.597252142997032,9.597252142997032,30.0,0.0004519501649618102,30,30,48000,0.01,0.01,0.0,True,0.2,0.08,800,10,0.0,0.0,0.0,0.9023823738098145,C:/Users/efasllija/dev/gossip-poc/out_nb_incremental_clean0104/scenario_mixing_sweep/mix_0p01/permanent_fork_sth_proof_n12000_pg0p05_a0p2_ff0p05_s48000_drop0_pc0p01_pgc0p01,0.01
permanent_fork,sth_proof,12000,6.0,5.0,0.05,0.2,0.05,3.0,True,0.0,0.0,0.0,0.0,,,,,26628.0,,,,8.934550069499004,8.934550069499004,22.0,0.00033238653532362364,22,22,48001,0.01,0.01,0.0,True,0.2,0.08,800,10,0.0,0.0,0.0,0.9310512542724609,C:/Users/efasllija/dev/gossip-poc/out_nb_incremental_clean0104/scenario_mixing_sweep/mix_0p01/permanent_fork_sth_proof_n12000_pg0p05_a0p2_ff0p05_s48001_drop0_pc0p01_pgc0p01,0.01
permanent_fork,sth_proof,12000,6.0,5.0,0.05,0.2,0.05,3.0,True,0.0,0.0,0.0,0.0,,,,,26748.0,,,,10.255535193919549,10.255535193919549,42.0,0.0006308769189172951,42,42,48002,0.01,0.01,0.0,True,0.2,0.08,800,10,0.0,0.0,0.0,0.9036786556243896,C:/Users/efasllija/dev/gossip-poc/out_nb_incremental_clean0104/scenario_mixing_sweep/mix_0p01/permanent_fork_sth_proof_n12000_pg0p05_a0p2_ff0p05_s48002_drop0_pc0p01_pgc0p01,0.01
permanent_fork,sth_proof,12000,6.0,5.0,0.05,0.2,0.05,3.0,True,25.0,25.0,0.0,0.0,,,,,29365.0,,,,8.190051967334819,8.190051967334819,22.0,0.0003402623113090819,22,22,48003,0.01,0.01,0.0,True,0.2,0.08,800,10,0.0,0.0,0.0,0.9444262981414795,C:/Users/efasllija/dev/gossip-poc/out_nb_incremental_clean0104/scenario_mixing_sweep/mix_0p01/permanent_fork_sth_proof_n12000_pg0p05_a0p2_ff0p05_s48003_drop0_pc0p01_pgc0p01,0.01
permanent_fork,sth_proof,12000,6.0,5.0,0.05,0.2,0.05,3.0,True,25.0,25.0,0.0,0.0,,,,,29085.0,,,,9.492264788820165,9.492264788820165,35.0,0.000545281754872482,35,35,48004,0.01,0.01,0.0,True,0.2,0.08,800,10,0.0,0.0,0.0,0.9225497245788574,C:/Users/efasllija/dev/gossip-poc/out_nb_incremental_clean0104/scenario_mixing_sweep/mix_0p01/permanent_fork_sth_proof_n12000_pg0p05_a0p2_ff0p05_s48004_drop0_pc0p01_pgc0p01,0.01
permanent_fork,sth_proof,12000,6.0,5.0,0.05,0.2,0.05,3.0,True,15.0,15.0,0.0,0.0,,,,,29165.0,,,,8.042897348540956,8.042897348540956,34.0,0.0005036290919863724,34,34,48005,0.01,0.01,0.0,True,0.2,0.08,800,10,0.0,0.0,0.0,0.9665899276733398,C:/Users/efasllija/dev/gossip-poc/out_nb_incremental_clean0104/scenario_mixing_sweep/mix_0p01/permanent_fork_sth_proof_n12000_pg0p05_a0p2_ff0p05_s48005_drop0_pc0p01_pgc0p01,0.01
permanent_fork,sth_proof,12000,6.0,5.0,0.05,0.2,0.05,3.0,True,15.0,15.0,0.0,0.0,,,,,27655.0,,,,8.21803656475649,8.21803656475649,33.0,0.00050699032109387,33,33,48006,0.01,0.01,0.0,True,0.2,0.08,800,10,0.0,0.0,0.0,0.929844856262207,C:/Users/efasllija/dev/gossip-poc/out_nb_incremental_clean0104/scenario_mixing_sweep/mix_0p01/permanent_fork_sth_proof_n12000_pg0p05_a0p2_ff0p05_s48006_drop0_pc0p01_pgc0p01,0.01
permanent_fork,sth_proof,12000,6.0,5.0,0.05,0.2,0.05,3.0,True,10.0,10.0,0.0,0.0,,,,,27785.0,,,,8.765416202126156,8.765416202126156,46.0,0.0007223277797842438,46,46,48007,0.01,0.01,0.0,True,0.2,0.08,800,10,0.0,0.0,0.0,0.9062550067901611,C:/Users/efasllija/dev/gossip-poc/out_nb_incremental_clean0104/scenario_mixing_sweep/mix_0p01/permanent_fork_sth_proof_n12000_pg0p05_a0p2_ff0p05_s48007_drop0_pc0p01_pgc0p01,0.01
permanent_fork,sth_proof,12000,6.0,5.0,0.05,0.2,0.05,3.0,True,0.0,0.0,0.0,0.0,,,,,25357.0,,,,9.310831019013031,9.310831019013031,63.0,0.0009613330484939116,63,63,48008,0.01,0.01,0.0,True,0.2,0.08,800,10,0.0,0.0,0.0,0.9309751987457275,C:/Users/efasllija/dev/gossip-poc/out_nb_incremental_clean0104/scenario_mixing_sweep/mix_0p01/permanent_fork_sth_proof_n12000_pg0p05_a0p2_ff0p05_s48008_drop0_pc0p01_pgc0p01,0.01
permanent_fork,sth_proof,12000,6.0,5.0,0.05,0.2,0.05,3.0,True,10.0,10.0,0.0,0.0,,,,,28474.0,,,,7.864145489582079,7.864145489582079,22.0,0.0003312055883415633,22,22,48009,0.01,0.01,0.0,True,0.2,0.08,800,10,0.0,0.0,0.0,0.9353890419006348,C:/Users/efasllija/dev/gossip-poc/out_nb_incremental_clean0104/scenario_mixing_sweep/mix_0p01/permanent_fork_sth_proof_n12000_pg0p05_a0p2_ff0p05_s48009_drop0_pc0p01_pgc0p01,0.01
permanent_fork,sth_proof,12000,6.0,5.0,0.05,0.2,0.05,3.0,True,0.0,0.0,0.0,0.0,,,,,27034.0,,,,10.906305000517651,10.906305000517651,29.0,0.0004289115998402674,29,29,48010,0.01,0.01,0.0,True,0.2,0.08,800,10,0.0,0.0,0.0,0.963925838470459,C:/Users/efasllija/dev/gossip-poc/out_nb_incremental_clean0104/scenario_mixing_sweep/mix_0p01/permanent_fork_sth_proof_n12000_pg0p05_a0p2_ff0p05_s48010_drop0_pc0p01_pgc0p01,0.01
permanent_fork,sth_proof,12000,6.0,5.0,0.05,0.2,0.05,3.0,True,20.0,20.0,0.0,0.0,,,,,29050.0,,,,9.178543328345084,9.178543328345084,18.0,0.0002776963544639689,18,18,48011,0.01,0.01,0.0,True,0.2,0.08,800,10,0.0,0.0,0.0,0.9126441478729248,C:/Users/efasllija/dev/gossip-poc/out_nb_incremental_clean0104/scenario_mixing_sweep/mix_0p01/permanent_fork_sth_proof_n12000_pg0p05_a0p2_ff0p05_s48011_drop0_pc0p01_pgc0p01,0.01
permanent_fork,sth_proof,12000,6.0,5.0,0.05,0.2,0.05,3.0,True,10.0,10.0,0.0,0.0,,,,,27262.0,,,,10.459935800375508,10.459935800375508,49.0,0.0007419296226757919,49,49,48012,0.01,0.01,0.0,True,0.2,0.08,800,10,0.0,0.0,0.0,0.948387861251831,C:/Users/efasllija/dev/gossip-poc/out_nb_incremental_clean0104/scenario_mixing_sweep/mix_0p01/permanent_fork_sth_proof_n12000_pg0p05_a0p2_ff0p05_s48012_drop0_pc0p01_pgc0p01,0.01
permanent_fork,sth_proof,12000,6.0,5.0,0.05,0.2,0.05,3.0,True,20.0,20.0,0.0,0.0,,,,,31416.0,,,,9.374616096750966,9.374616096750966,28.0,0.00041145611379700517,28,28,48013,0.01,0.01,0.0,True,0.2,0.08,800,10,0.0,0.0,0.0,0.9154472351074219,C:/Users/efasllija/dev/gossip-poc/out_nb_incremental_clean0104/scenario_mixing_sweep/mix_0p01/permanent_fork_sth_proof_n12000_pg0p05_a0p2_ff0p05_s48013_drop0_pc0p01_pgc0p01,0.01
permanent_fork,sth_proof,12000,6.0,5.0,0.05,0.2,0.05,3.0,True,15.0,15.0,0.0,0.0,,,,,30441.0,,,,11.413100944081336,11.413100944081336,33.0,0.0004793028322440087,33,33,48014,0.01,0.01,0.0,True,0.2,0.08,800,10,0.0,0.0,0.0,0.9744575023651123,C:/Users/efasllija/dev/gossip-poc/out_nb_incremental_clean0104/scenario_mixing_sweep/mix_0p01/permanent_fork_sth_proof_n12000_pg0p05_a0p2_ff0p05_s48014_drop0_pc0p01_pgc0p01,0.01
permanent_fork,sth_proof,12000,6.0,5.0,0.003,0.3,0.05,3.0,True,80.0,80.0,0.0,0.0,,,,,40641.0,,,,0.797802662159307,0.797802662159307,6.0,9.054963629229422e-05,6,6,48000,0.01,0.01,0.0,True,0.2,0.08,800,10,0.0,0.0,0.0,0.9162821769714355,C:/Users/efasllija/dev/gossip-poc/out_nb_incremental_clean0104/scenario_mixing_sweep/mix_0p01/permanent_fork_sth_proof_n12000_pg0p003_a0p3_ff0p05_s48000_drop0_pc0p01_pgc0p01,0.01
permanent_fork,sth_proof,12000,6.0,5.0,0.003,0.3,0.05,3.0,True,60.0,60.0,0.0,0.0,,,,,36580.0,,,,0.3489671495124107,0.3489671495124107,1.0,1.4979702503108287e-05,1,1,48001,0.01,0.01,0.0,True,0.2,0.08,800,10,0.0,0.0,0.0,0.9587051868438721,C:/Users/efasllija/dev/gossip-poc/out_nb_incremental_clean0104/scenario_mixing_sweep/mix_0p01/permanent_fork_sth_proof_n12000_pg0p003_a0p3_ff0p05_s48001_drop0_pc0p01_pgc0p01,0.01
permanent_fork,sth_proof,12000,6.0,5.0,0.003,0.3,0.05,3.0,True,135.0,135.0,0.0,0.0,,,,,54668.0,,,,0.8986153731008159,0.8986153731008159,14.0,0.00020956515230895892,14,14,48002,0.01,0.01,0.0,True,0.2,0.08,800,10,0.0,0.0,0.0,0.946561336517334,C:/Users/efasllija/dev/gossip-poc/out_nb_incremental_clean0104/scenario_mixing_sweep/mix_0p01/permanent_fork_sth_proof_n12000_pg0p003_a0p3_ff0p05_s48002_drop0_pc0p01_pgc0p01,0.01
permanent_fork,sth_proof,12000,6.0,5.0,0.003,0.3,0.05,3.0,True,155.0,155.0,0.0,0.0,,,,,58512.0,,,,1.1164507891579238,1.1164507891579238,2.0,3.0766390794695876e-05,2,2,48003,0.01,0.01,0.0,True,0.2,0.08,800,10,0.0,0.0,0.0,0.9150192737579346,C:/Users/efasllija/dev/gossip-poc/out_nb_incremental_clean0104/scenario_mixing_sweep/mix_0p01/permanent_fork_sth_proof_n12000_pg0p003_a0p3_ff0p05_s48003_drop0_pc0p01_pgc0p01,0.01
permanent_fork,sth_proof,12000,6.0,5.0,0.003,0.3,0.05,3.0,True,20.0,20.0,0.0,0.0,,,,,28575.0,,,,0.2582720169915801,0.2582720169915801,4.0,6.068421451869832e-05,4,4,48004,0.01,0.01,0.0,True,0.2,0.08,800,10,0.0,0.0,0.0,0.9468107223510742,C:/Users/efasllija/dev/gossip-poc/out_nb_incremental_clean0104/scenario_mixing_sweep/mix_0p01/permanent_fork_sth_proof_n12000_pg0p003_a0p3_ff0p05_s48004_drop0_pc0p01_pgc0p01,0.01
permanent_fork,sth_proof,12000,6.0,5.0,0.003,0.3,0.05,3.0,True,50.0,50.0,0.0,0.0,,,,,35229.0,,,,0.6305041098351575,0.6305041098351575,1.0,1.4972077076252788e-05,1,1,48005,0.01,0.01,0.0,True,0.2,0.08,800,10,0.0,0.0,0.0,0.942551851272583,C:/Users/efasllija/dev/gossip-poc/out_nb_incremental_clean0104/scenario_mixing_sweep/mix_0p01/permanent_fork_sth_proof_n12000_pg0p003_a0p3_ff0p05_s48005_drop0_pc0p01_pgc0p01,0.01
permanent_fork,sth_proof,12000,6.0,5.0,0.003,0.3,0.05,3.0,True,75.0,75.0,0.0,0.0,,,,,38519.0,,,,0.7934045801526718,0.7934045801526718,2.0,3.0534351145038166e-05,2,2,48006,0.01,0.01,0.0,True,0.2,0.08,800,10,0.0,0.0,0.0,0.9544341564178467,C:/Users/efasllija/dev/gossip-poc/out_nb_incremental_clean0104/scenario_mixing_sweep/mix_0p01/permanent_fork_sth_proof_n12000_pg0p003_a0p3_ff0p05_s48006_drop0_pc0p01_pgc0p01,0.01
permanent_fork,sth_proof,12000,6.0,5.0,0.003,0.3,0.05,3.0,True,95.0,95.0,0.0,0.0,,,,,42791.0,,,,0.6810622983370563,0.6810622983370563,2.0,3.1025068255150164e-05,2,2,48007,0.01,0.01,0.0,True,0.2,0.08,800,10,0.0,0.0,0.0,0.9236626625061035,C:/Users/efasllija/dev/gossip-poc/out_nb_incremental_clean0104/scenario_mixing_sweep/mix_0p01/permanent_fork_sth_proof_n12000_pg0p003_a0p3_ff0p05_s48007_drop0_pc0p01_pgc0p01,0.01
permanent_fork,sth_proof,12000,6.0,5.0,0.003,0.3,0.05,3.0,True,45.0,45.0,0.0,0.0,,,,,33315.0,,,,1.0191178074508032,1.0191178074508032,1.0,1.5580935167728767e-05,1,1,48008,0.01,0.01,0.0,True,0.2,0.08,800,10,0.0,0.0,0.0,0.9326412677764893,C:/Users/efasllija/dev/gossip-poc/out_nb_incremental_clean0104/scenario_mixing_sweep/mix_0p01/permanent_fork_sth_proof_n12000_pg0p003_a0p3_ff0p05_s48008_drop0_pc0p01_pgc0p01,0.01
permanent_fork,sth_proof,12000,6.0,5.0,0.003,0.3,0.05,3.0,False,,,0.0,0.0,,,,,,,,,0.3795289169931773,0.3795289169931773,0.0,0.0,0,0,48009,0.01,0.01,0.0,True,0.2,0.08,800,10,0.0,0.0,0.0,0.9400696754455566,C:/Users/efasllija/dev/gossip-poc/out_nb_incremental_clean0104/scenario_mixing_sweep/mix_0p01/permanent_fork_sth_proof_n12000_pg0p003_a0p3_ff0p05_s48009_drop0_pc0p01_pgc0p01,0.01
permanent_fork,sth_proof,12000,6.0,5.0,0.003,0.3,0.05,3.0,True,85.0,85.0,0.0,0.0,,,,,42155.0,,,,1.0981705129738133,1.0981705129738133,2.0,2.989357885926103e-05,2,2,48010,0.01,0.01,0.0,True,0.2,0.08,800,10,0.0,0.0,0.0,0.9621307849884033,C:/Users/efasllija/dev/gossip-poc/out_nb_incremental_clean0104/scenario_mixing_sweep/mix_0p01/permanent_fork_sth_proof_n12000_pg0p003_a0p3_ff0p05_s48010_drop0_pc0p01_pgc0p01,0.01
permanent_fork,sth_proof,12000,6.0,5.0,0.003,0.3,0.05,3.0,True,50.0,50.0,0.0,0.0,,,,,33839.0,,,,0.6355295822860931,0.6355295822860931,1.0,1.5419487147857463e-05,1,1,48011,0.01,0.01,0.0,True,0.2,0.08,800,10,0.0,0.0,0.0,0.9159026145935059,C:/Users/efasllija/dev/gossip-poc/out_nb_incremental_clean0104/scenario_mixing_sweep/mix_0p01/permanent_fork_sth_proof_n12000_pg0p003_a0p3_ff0p05_s48011_drop0_pc0p01_pgc0p01,0.01
permanent_fork,sth_proof,12000,6.0,5.0,0.003,0.3,0.05,3.0,True,50.0,50.0,0.0,0.0,,,,,33122.0,,,,0.46174366436279857,0.46174366436279857,10.0,0.00015157026797623377,10,10,48012,0.01,0.01,0.0,True,0.2,0.08,800,10,0.0,0.0,0.0,0.9567792415618896,C:/Users/efasllija/dev/gossip-poc/out_nb_incremental_clean0104/scenario_mixing_sweep/mix_0p01/permanent_fork_sth_proof_n12000_pg0p003_a0p3_ff0p05_s48012_drop0_pc0p01_pgc0p01,0.01
permanent_fork,sth_proof,12000,6.0,5.0,0.003,0.3,0.05,3.0,True,50.0,50.0,0.0,0.0,,,,,35723.0,,,,0.869980879541109,0.869980879541109,2.0,2.9875717017208412e-05,2,2,48013,0.01,0.01,0.0,True,0.2,0.08,800,10,0.0,0.0,0.0,0.9322521686553955,C:/Users/efasllija/dev/gossip-poc/out_nb_incremental_clean0104/scenario_mixing_sweep/mix_0p01/permanent_fork_sth_proof_n12000_pg0p003_a0p3_ff0p05_s48013_drop0_pc0p01_pgc0p01,0.01
permanent_fork,sth_proof,12000,6.0,5.0,0.003,0.3,0.05,3.0,True,35.0,35.0,0.0,0.0,,,,,33849.0,,,,0.7960848287112561,0.7960848287112561,3.0,4.369610813330226e-05,3,3,48014,0.01,0.01,0.0,True,0.2,0.08,800,10,0.0,0.0,0.0,0.9325098991394043,C:/Users/efasllija/dev/gossip-poc/out_nb_incremental_clean0104/scenario_mixing_sweep/mix_0p01/permanent_fork_sth_proof_n12000_pg0p003_a0p3_ff0p05_s48014_drop0_pc0p01_pgc0p01,0.01
permanent_fork,sth_proof,12000,6.0,5.0,0.005,0.3,0.05,3.0,True,80.0,80.0,0.0,0.0,,,,,40641.0,,,,0.9735896894147475,0.9735896894147475,7.0,0.00010564124234100993,7,7,48000,0.01,0.01,0.0,True,0.2,0.08,800,10,0.0,0.0,0.0,0.9883809089660645,C:/Users/efasllija/dev/gossip-poc/out_nb_incremental_clean0104/scenario_mixing_sweep/mix_0p01/permanent_fork_sth_proof_n12000_pg0p005_a0p3_ff0p05_s48000_drop0_pc0p01_pgc0p01,0.01
permanent_fork,sth_proof,12000,6.0,5.0,0.005,0.3,0.05,3.0,True,60.0,60.0,0.0,0.0,,,,,36580.0,,,,0.7247779259103915,0.7247779259103915,1.0,1.4979702503108287e-05,1,1,48001,0.01,0.01,0.0,True,0.2,0.08,800,10,0.0,0.0,0.0,0.9355008602142334,C:/Users/efasllija/dev/gossip-poc/out_nb_incremental_clean0104/scenario_mixing_sweep/mix_0p01/permanent_fork_sth_proof_n12000_pg0p005_a0p3_ff0p05_s48001_drop0_pc0p01_pgc0p01,0.01
permanent_fork,sth_proof,12000,6.0,5.0,0.005,0.3,0.05,3.0,True,135.0,135.0,0.0,0.0,,,,,54668.0,,,,1.663109048723898,1.663109048723898,14.0,0.00020956515230895892,14,14,48002,0.01,0.01,0.0,True,0.2,0.08,800,10,0.0,0.0,0.0,0.9218146800994873,C:/Users/efasllija/dev/gossip-poc/out_nb_incremental_clean0104/scenario_mixing_sweep/mix_0p01/permanent_fork_sth_proof_n12000_pg0p005_a0p3_ff0p05_s48002_drop0_pc0p01_pgc0p01,0.01
permanent_fork,sth_proof,12000,6.0,5.0,0.005,0.3,0.05,3.0,True,155.0,155.0,0.0,0.0,,,,,58512.0,,,,1.4886010522105653,1.4886010522105653,2.0,3.0766390794695876e-05,2,2,48003,0.01,0.01,0.0,True,0.2,0.08,800,10,0.0,0.0,0.0,0.9356417655944824,C:/Users/efasllija/dev/gossip-poc/out_nb_incremental_clean0104/scenario_mixing_sweep/mix_0p01/permanent_fork_sth_proof_n12000_pg0p005_a0p3_ff0p05_s48003_drop0_pc0p01_pgc0p01,0.01
permanent_fork,sth_proof,12000,6.0,5.0,0.005,0.3,0.05,3.0,True,20.0,20.0,0.0,0.0,,,,,28575.0,,,,0.5573238261397254,0.5573238261397254,4.0,6.068421451869832e-05,4,4,48004,0.01,0.01,0.0,True,0.2,0.08,800,10,0.0,0.0,0.0,0.9272429943084717,C:/Users/efasllija/dev/gossip-poc/out_nb_incremental_clean0104/scenario_mixing_sweep/mix_0p01/permanent_fork_sth_proof_n12000_pg0p005_a0p3_ff0p05_s48004_drop0_pc0p01_pgc0p01,0.01
permanent_fork,sth_proof,12000,6.0,5.0,0.005,0.3,0.05,3.0,True,50.0,50.0,0.0,0.0,,,,,35229.0,,,,1.2341782575496698,1.2341782575496698,2.0,2.9944154152505576e-05,2,2,48005,0.01,0.01,0.0,True,0.2,0.08,800,10,0.0,0.0,0.0,0.966038703918457,C:/Users/efasllija/dev/gossip-poc/out_nb_incremental_clean0104/scenario_mixing_sweep/mix_0p01/permanent_fork_sth_proof_n12000_pg0p005_a0p3_ff0p05_s48005_drop0_pc0p01_pgc0p01,0.01
permanent_fork,sth_proof,12000,6.0,5.0,0.005,0.3,0.05,3.0,True,35.0,35.0,0.0,0.0,,,,,31357.0,,,,1.2858625954198473,1.2858625954198473,5.0,7.633587786259542e-05,5,5,48006,0.01,0.01,0.0,True,0.2,0.08,800,10,0.0,0.0,0.0,0.941753625869751,C:/Users/efasllija/dev/gossip-poc/out_nb_incremental_clean0104/scenario_mixing_sweep/mix_0p01/permanent_fork_sth_proof_n12000_pg0p005_a0p3_ff0p05_s48006_drop0_pc0p01_pgc0p01,0.01
permanent_fork,sth_proof,12000,6.0,5.0,0.005,0.3,0.05,3.0,True,90.0,90.0,0.0,0.0,,,,,41637.0,,,,1.487217671878878,1.487217671878878,4.0,6.205013651030033e-05,4,4,48007,0.01,0.01,0.0,True,0.2,0.08,800,10,0.0,0.0,0.0,0.9396605491638184,C:/Users/efasllija/dev/gossip-poc/out_nb_incremental_clean0104/scenario_mixing_sweep/mix_0p01/permanent_fork_sth_proof_n12000_pg0p005_a0p3_ff0p05_s48007_drop0_pc0p01_pgc0p01,0.01
permanent_fork,sth_proof,12000,6.0,5.0,0.005,0.3,0.05,3.0,True,30.0,30.0,0.0,0.0,,,,,30660.0,,,,1.661301631323912,1.661301631323912,3.0,4.67428055031863e-05,3,3,48008,0.01,0.01,0.0,True,0.2,0.08,800,10,0.0,0.0,0.0,0.9350950717926025,C:/Users/efasllija/dev/gossip-poc/out_nb_incremental_clean0104/scenario_mixing_sweep/mix_0p01/permanent_fork_sth_proof_n12000_pg0p005_a0p3_ff0p05_s48008_drop0_pc0p01_pgc0p01,0.01
permanent_fork,sth_proof,12000,6.0,5.0,0.005,0.3,0.05,3.0,False,,,0.0,0.0,,,,,,,,,1.3825696261894316,1.3825696261894316,0.0,0.0,0,0,48009,0.01,0.01,0.0,True,0.2,0.08,800,10,0.0,0.0,0.0,0.9079031944274902,C:/Users/efasllija/dev/gossip-poc/out_nb_incremental_clean0104/scenario_mixing_sweep/mix_0p01/permanent_fork_sth_proof_n12000_pg0p005_a0p3_ff0p05_s48009_drop0_pc0p01_pgc0p01,0.01
permanent_fork,sth_proof,12000,6.0,5.0,0.005,0.3,0.05,3.0,True,85.0,85.0,0.0,0.0,,,,,42155.0,,,,2.1829487026186776,2.1829487026186776,5.0,7.473394714815258e-05,5,5,48010,0.01,0.01,0.0,True,0.2,0.08,800,10,0.0,0.0,0.0,0.9072351455688477,C:/Users/efasllija/dev/gossip-poc/out_nb_incremental_clean0104/scenario_mixing_sweep/mix_0p01/permanent_fork_sth_proof_n12000_pg0p005_a0p3_ff0p05_s48010_drop0_pc0p01_pgc0p01,0.01
permanent_fork,sth_proof,12000,6.0,5.0,0.005,0.3,0.05,3.0,True,50.0,50.0,0.0,0.0,,,,,33839.0,,,,1.0914529782739426,1.0914529782739426,3.0,4.625846144357239e-05,3,3,48011,0.01,0.01,0.0,True,0.2,0.08,800,10,0.0,0.0,0.0,0.9133775234222412,C:/Users/efasllija/dev/gossip-poc/out_nb_incremental_clean0104/scenario_mixing_sweep/mix_0p01/permanent_fork_sth_proof_n12000_pg0p005_a0p3_ff0p05_s48011_drop0_pc0p01_pgc0p01,0.01
permanent_fork,sth_proof,12000,6.0,5.0,0.005,0.3,0.05,3.0,True,50.0,50.0,0.0,0.0,,,,,33122.0,,,,0.6518734085121862,0.6518734085121862,11.0,0.00016672729477385716,11,11,48012,0.01,0.01,0.0,True,0.2,0.08,800,10,0.0,0.0,0.0,0.9832363128662109,C:/Users/efasllija/dev/gossip-poc/out_nb_incremental_clean0104/scenario_mixing_sweep/mix_0p01/permanent_fork_sth_proof_n12000_pg0p005_a0p3_ff0p05_s48012_drop0_pc0p01_pgc0p01,0.01
permanent_fork,sth_proof,12000,6.0,5.0,0.005,0.3,0.05,3.0,True,50.0,50.0,0.0,0.0,,,,,35723.0,,,,1.4722753346080306,1.4722753346080306,3.0,4.481357552581262e-05,3,3,48013,0.01,0.01,0.0,True,0.2,0.08,800,10,0.0,0.0,0.0,0.9371435642242432,C:/Users/efasllija/dev/gossip-poc/out_nb_incremental_clean0104/scenario_mixing_sweep/mix_0p01/permanent_fork_sth_proof_n12000_pg0p005_a0p3_ff0p05_s48013_drop0_pc0p01_pgc0p01,0.01
permanent_fork,sth_proof,12000,6.0,5.0,0.005,0.3,0.05,3.0,True,35.0,35.0,0.0,0.0,,,,,33849.0,,,,1.5791190864600326,1.5791190864600326,7.0,0.00010195758564437195,7,7,48014,0.01,0.01,0.0,True,0.2,0.08,800,10,0.0,0.0,0.0,0.9168064594268799,C:/Users/efasllija/dev/gossip-poc/out_nb_incremental_clean0104/scenario_mixing_sweep/mix_0p01/permanent_fork_sth_proof_n12000_pg0p005_a0p3_ff0p05_s48014_drop0_pc0p01_pgc0p01,0.01
permanent_fork,sth_proof,12000,6.0,5.0,0.007,0.3,0.05,3.0,True,45.0,45.0,0.0,0.0,,,,,34169.0,,,,1.3792520600042257,1.3792520600042257,9.0,0.00013582445443844135,9,9,48000,0.01,0.01,0.0,True,0.2,0.08,800,10,0.0,0.0,0.0,0.9124891757965088,C:/Users/efasllija/dev/gossip-poc/out_nb_incremental_clean0104/scenario_mixing_sweep/mix_0p01/permanent_fork_sth_proof_n12000_pg0p007_a0p3_ff0p05_s48000_drop0_pc0p01_pgc0p01,0.01
permanent_fork,sth_proof,12000,6.0,5.0,0.007,0.3,0.05,3.0,True,60.0,60.0,0.0,0.0,,,,,36580.0,,,,1.4092904114924278,1.4092904114924278,1.0,1.4979702503108287e-05,1,1,48001,0.01,0.01,0.0,True,0.2,0.08,800,10,0.0,0.0,0.0,0.9347763061523438,C:/Users/efasllija/dev/gossip-poc/out_nb_incremental_clean0104/scenario_mixing_sweep/mix_0p01/permanent_fork_sth_proof_n12000_pg0p007_a0p3_ff0p05_s48001_drop0_pc0p01_pgc0p01,0.01
permanent_fork,sth_proof,12000,6.0,5.0,0.007,0.3,0.05,3.0,True,135.0,135.0,0.0,0.0,,,,,54668.0,,,,2.3739540453558865,2.3739540453558865,15.0,0.00022453409175959884,15,15,48002,0.01,0.01,0.0,True,0.2,0.08,800,10,0.0,0.0,0.0,0.9052650928497314,C:/Users/efasllija/dev/gossip-poc/out_nb_incremental_clean0104/scenario_mixing_sweep/mix_0p01/permanent_fork_sth_proof_n12000_pg0p007_a0p3_ff0p05_s48002_drop0_pc0p01_pgc0p01,0.01
permanent_fork,sth_proof,12000,6.0,5.0,0.007,0.3,0.05,3.0,True,155.0,155.0,0.0,0.0,,,,,58512.0,,,,1.8469679721871828,1.8469679721871828,2.0,3.0766390794695876e-05,2,2,48003,0.01,0.01,0.0,True,0.2,0.08,800,10,0.0,0.0,0.0,0.9050695896148682,C:/Users/efasllija/dev/gossip-poc/out_nb_incremental_clean0104/scenario_mixing_sweep/mix_0p01/permanent_fork_sth_proof_n12000_pg0p007_a0p3_ff0p05_s48003_drop0_pc0p01_pgc0p01,0.01
permanent_fork,sth_proof,12000,6.0,5.0,0.007,0.3,0.05,3.0,True,20.0,20.0,0.0,0.0,,,,,28575.0,,,,1.345733141166654,1.345733141166654,10.0,0.0001517105362967458,10,10,48004,0.01,0.01,0.0,True,0.2,0.08,800,10,0.0,0.0,0.0,0.9633219242095947,C:/Users/efasllija/dev/gossip-poc/out_nb_incremental_clean0104/scenario_mixing_sweep/mix_0p01/permanent_fork_sth_proof_n12000_pg0p007_a0p3_ff0p05_s48004_drop0_pc0p01_pgc0p01,0.01
permanent_fork,sth_proof,12000,6.0,5.0,0.007,0.3,0.05,3.0,True,50.0,50.0,0.0,0.0,,,,,35229.0,,,,1.82443742420386,1.82443742420386,3.0,4.4916231228758364e-05,3,3,48005,0.01,0.01,0.0,True,0.2,0.08,800,10,0.0,0.0,0.0,0.9442636966705322,C:/Users/efasllija/dev/gossip-poc/out_nb_incremental_clean0104/scenario_mixing_sweep/mix_0p01/permanent_fork_sth_proof_n12000_pg0p007_a0p3_ff0p05_s48005_drop0_pc0p01_pgc0p01,0.01
permanent_fork,sth_proof,12000,6.0,5.0,0.007,0.3,0.05,3.0,True,35.0,35.0,0.0,0.0,,,,,31357.0,,,,1.7646412213740459,1.7646412213740459,5.0,7.633587786259542e-05,5,5,48006,0.01,0.01,0.0,True,0.2,0.08,800,10,0.0,0.0,0.0,0.9203736782073975,C:/Users/efasllija/dev/gossip-poc/out_nb_incremental_clean0104/scenario_mixing_sweep/mix_0p01/permanent_fork_sth_proof_n12000_pg0p007_a0p3_ff0p05_s48006_drop0_pc0p01_pgc0p01,0.01
permanent_fork,sth_proof,12000,6.0,5.0,0.007,0.3,0.05,3.0,True,90.0,90.0,0.0,0.0,,,,,41637.0,,,,1.9041945892280963,1.9041945892280963,5.0,7.75626706378754e-05,5,5,48007,0.01,0.01,0.0,True,0.2,0.08,800,10,0.0,0.0,0.0,0.9286766052246094,C:/Users/efasllija/dev/gossip-poc/out_nb_incremental_clean0104/scenario_mixing_sweep/mix_0p01/permanent_fork_sth_proof_n12000_pg0p007_a0p3_ff0p05_s48007_drop0_pc0p01_pgc0p01,0.01
permanent_fork,sth_proof,12000,6.0,5.0,0.007,0.3,0.05,3.0,True,15.0,15.0,0.0,0.0,,,,,28171.0,,,,2.289524937286736,2.289524937286736,7.0,0.00010906654617410136,7,7,48008,0.01,0.01,0.0,True,0.2,0.08,800,10,0.0,0.0,0.0,0.92596435546875,C:/Users/efasllija/dev/gossip-poc/out_nb_incremental_clean0104/scenario_mixing_sweep/mix_0p01/permanent_fork_sth_proof_n12000_pg0p007_a0p3_ff0p05_s48008_drop0_pc0p01_pgc0p01,0.01
permanent_fork,sth_proof,12000,6.0,5.0,0.007,0.3,0.05,3.0,True,115.0,115.0,0.0,0.0,,,,,47805.0,,,,1.5587794805076924,1.5587794805076924,1.0,1.5127906449026519e-05,1,1,48009,0.01,0.01,0.0,True,0.2,0.08,800,10,0.0,0.0,0.0,0.9434869289398193,C:/Users/efasllija/dev/gossip-poc/out_nb_incremental_clean0104/scenario_mixing_sweep/mix_0p01/permanent_fork_sth_proof_n12000_pg0p007_a0p3_ff0p05_s48009_drop0_pc0p01_pgc0p01,0.01
permanent_fork,sth_proof,12000,6.0,5.0,0.007,0.3,0.05,3.0,True,85.0,85.0,0.0,0.0,,,,,42155.0,,,,2.705249312447686,2.705249312447686,10.0,0.00014946789429630517,10,10,48010,0.01,0.01,0.0,True,0.2,0.08,800,10,0.0,0.0,0.0,0.9447605609893799,C:/Users/efasllija/dev/gossip-poc/out_nb_incremental_clean0104/scenario_mixing_sweep/mix_0p01/permanent_fork_sth_proof_n12000_pg0p007_a0p3_ff0p05_s48010_drop0_pc0p01_pgc0p01,0.01
permanent_fork,sth_proof,12000,6.0,5.0,0.007,0.3,0.05,3.0,True,50.0,50.0,0.0,0.0,,,,,33839.0,,,,1.3125067460256272,1.3125067460256272,3.0,4.625846144357239e-05,3,3,48011,0.01,0.01,0.0,True,0.2,0.08,800,10,0.0,0.0,0.0,0.9277994632720947,C:/Users/efasllija/dev/gossip-poc/out_nb_incremental_clean0104/scenario_mixing_sweep/mix_0p01/permanent_fork_sth_proof_n12000_pg0p007_a0p3_ff0p05_s48011_drop0_pc0p01_pgc0p01,0.01
permanent_fork,sth_proof,12000,6.0,5.0,0.007,0.3,0.05,3.0,True,50.0,50.0,0.0,0.0,,,,,33122.0,,,,0.8555838486722445,0.8555838486722445,11.0,0.00016672729477385716,11,11,48012,0.01,0.01,0.0,True,0.2,0.08,800,10,0.0,0.0,0.0,0.9448947906494141,C:/Users/efasllija/dev/gossip-poc/out_nb_incremental_clean0104/scenario_mixing_sweep/mix_0p01/permanent_fork_sth_proof_n12000_pg0p007_a0p3_ff0p05_s48012_drop0_pc0p01_pgc0p01,0.01
permanent_fork,sth_proof,12000,6.0,5.0,0.007,0.3,0.05,3.0,True,50.0,50.0,0.0,0.0,,,,,35723.0,,,,2.275334608030593,2.275334608030593,3.0,4.481357552581262e-05,3,3,48013,0.01,0.01,0.0,True,0.2,0.08,800,10,0.0,0.0,0.0,0.9230854511260986,C:/Users/efasllija/dev/gossip-poc/out_nb_incremental_clean0104/scenario_mixing_sweep/mix_0p01/permanent_fork_sth_proof_n12000_pg0p007_a0p3_ff0p05_s48013_drop0_pc0p01_pgc0p01,0.01
permanent_fork,sth_proof,12000,6.0,5.0,0.007,0.3,0.05,3.0,True,35.0,35.0,0.0,0.0,,,,,33849.0,,,,2.4926590538336053,2.4926590538336053,18.0,0.00026217664879981355,18,18,48014,0.01,0.01,0.0,True,0.2,0.08,800,10,0.0,0.0,0.0,0.9140172004699707,C:/Users/efasllija/dev/gossip-poc/out_nb_incremental_clean0104/scenario_mixing_sweep/mix_0p01/permanent_fork_sth_proof_n12000_pg0p007_a0p3_ff0p05_s48014_drop0_pc0p01_pgc0p01,0.01
permanent_fork,sth_proof,12000,6.0,5.0,0.01,0.3,0.05,3.0,True,45.0,45.0,0.0,0.0,,,,,34169.0,,,,1.9336572998098458,1.9336572998098458,9.0,0.00013582445443844135,9,9,48000,0.01,0.01,0.0,True,0.2,0.08,800,10,0.0,0.0,0.0,0.9461691379547119,C:/Users/efasllija/dev/gossip-poc/out_nb_incremental_clean0104/scenario_mixing_sweep/mix_0p01/permanent_fork_sth_proof_n12000_pg0p01_a0p3_ff0p05_s48000_drop0_pc0p01_pgc0p01,0.01
permanent_fork,sth_proof,12000,6.0,5.0,0.01,0.3,0.05,3.0,True,60.0,60.0,0.0,0.0,,,,,36580.0,,,,1.9461629492038288,1.9461629492038288,1.0,1.4979702503108287e-05,1,1,48001,0.01,0.01,0.0,True,0.2,0.08,800,10,0.0,0.0,0.0,0.9227414131164551,C:/Users/efasllija/dev/gossip-poc/out_nb_incremental_clean0104/scenario_mixing_sweep/mix_0p01/permanent_fork_sth_proof_n12000_pg0p01_a0p3_ff0p05_s48001_drop0_pc0p01_pgc0p01,0.01
permanent_fork,sth_proof,12000,6.0,5.0,0.01,0.3,0.05,3.0,True,60.0,60.0,0.0,0.0,,,,,37581.0,,,,3.3798667764388894,3.3798667764388894,18.0,0.0002694409101115186,18,18,48002,0.01,0.01,0.0,True,0.2,0.08,800,10,0.0,0.0,0.0,0.9578046798706055,C:/Users/efasllija/dev/gossip-poc/out_nb_incremental_clean0104/scenario_mixing_sweep/mix_0p01/permanent_fork_sth_proof_n12000_pg0p01_a0p3_ff0p05_s48002_drop0_pc0p01_pgc0p01,0.01
permanent_fork,sth_proof,12000,6.0,5.0,0.01,0.3,0.05,3.0,True,0.0,0.0,0.0,0.0,,,,,25412.0,,,,2.3569516660000613,2.3569516660000613,3.0,4.6149586192043814e-05,3,3,48003,0.01,0.01,0.0,True,0.2,0.08,800,10,0.0,0.0,0.0,0.9022448062896729,C:/Users/efasllija/dev/gossip-poc/out_nb_incremental_clean0104/scenario_mixing_sweep/mix_0p01/permanent_fork_sth_proof_n12000_pg0p01_a0p3_ff0p05_s48003_drop0_pc0p01_pgc0p01,0.01
permanent_fork,sth_proof,12000,6.0,5.0,0.01,0.3,0.05,3.0,True,20.0,20.0,0.0,0.0,,,,,28575.0,,,,1.8214973829932488,1.8214973829932488,13.0,0.00019722369718576954,13,13,48004,0.01,0.01,0.0,True,0.2,0.08,800,10,0.0,0.0,0.0,0.9160594940185547,C:/Users/efasllija/dev/gossip-poc/out_nb_incremental_clean0104/scenario_mixing_sweep/mix_0p01/permanent_fork_sth_proof_n12000_pg0p01_a0p3_ff0p05_s48004_drop0_pc0p01_pgc0p01,0.01
permanent_fork,sth_proof,12000,6.0,5.0,0.01,0.3,0.05,3.0,True,45.0,45.0,0.0,0.0,,,,,34256.0,,,,2.991540776451917,2.991540776451917,7.0,0.00010480453953376952,7,7,48005,0.01,0.01,0.0,True,0.2,0.08,800,10,0.0,0.0,0.0,0.9307212829589844,C:/Users/efasllija/dev/gossip-poc/out_nb_incremental_clean0104/scenario_mixing_sweep/mix_0p01/permanent_fork_sth_proof_n12000_pg0p01_a0p3_ff0p05_s48005_drop0_pc0p01_pgc0p01,0.01
permanent_fork,sth_proof,12000,6.0,5.0,0.01,0.3,0.05,3.0,True,35.0,35.0,0.0,0.0,,,,,31357.0,,,,2.7085190839694655,2.7085190839694655,7.0,0.00010687022900763359,7,7,48006,0.01,0.01,0.0,True,0.2,0.08,800,10,0.0,0.0,0.0,0.9191606044769287,C:/Users/efasllija/dev/gossip-poc/out_nb_incremental_clean0104/scenario_mixing_sweep/mix_0p01/permanent_fork_sth_proof_n12000_pg0p01_a0p3_ff0p05_s48006_drop0_pc0p01_pgc0p01,0.01
permanent_fork,sth_proof,12000,6.0,5.0,0.01,0.3,0.05,3.0,True,70.0,70.0,0.0,0.0,,,,,37543.0,,,,2.196078431372549,2.196078431372549,6.0,9.307520476545048e-05,6,6,48007,0.01,0.01,0.0,True,0.2,0.08,800,10,0.0,0.0,0.0,0.8982076644897461,C:/Users/efasllija/dev/gossip-poc/out_nb_incremental_clean0104/scenario_mixing_sweep/mix_0p01/permanent_fork_sth_proof_n12000_pg0p01_a0p3_ff0p05_s48007_drop0_pc0p01_pgc0p01,0.01
permanent_fork,sth_proof,12000,6.0,5.0,0.01,0.3,0.05,3.0,True,15.0,15.0,0.0,0.0,,,,,28171.0,,,,3.448247923840389,3.448247923840389,10.0,0.00015580935167728766,10,10,48008,0.01,0.01,0.0,True,0.2,0.08,800,10,0.0,0.0,0.0,0.9372618198394775,C:/Users/efasllija/dev/gossip-poc/out_nb_incremental_clean0104/scenario_mixing_sweep/mix_0p01/permanent_fork_sth_proof_n12000_pg0p01_a0p3_ff0p05_s48008_drop0_pc0p01_pgc0p01,0.01
permanent_fork,sth_proof,12000,6.0,5.0,0.01,0.3,0.05,3.0,True,115.0,115.0,0.0,0.0,,,,,47805.0,,,,1.992526814214181,1.992526814214181,3.0,4.538371934707956e-05,3,3,48009,0.01,0.01,0.0,True,0.2,0.08,800,10,0.0,0.0,0.0,0.9449825286865234,C:/Users/efasllija/dev/gossip-poc/out_nb_incremental_clean0104/scenario_mixing_sweep/mix_0p01/permanent_fork_sth_proof_n12000_pg0p01_a0p3_ff0p05_s48009_drop0_pc0p01_pgc0p01,0.01
permanent_fork,sth_proof,12000,6.0,5.0,0.01,0.3,0.05,3.0,True,85.0,85.0,0.0,0.0,,,,,42155.0,,,,3.3212961855793375,3.3212961855793375,11.0,0.00016441468372593567,11,11,48010,0.01,0.01,0.0,True,0.2,0.08,800,10,0.0,0.0,0.0,0.9142880439758301,C:/Users/efasllija/dev/gossip-poc/out_nb_incremental_clean0104/scenario_mixing_sweep/mix_0p01/permanent_fork_sth_proof_n12000_pg0p01_a0p3_ff0p05_s48010_drop0_pc0p01_pgc0p01,0.01
permanent_fork,sth_proof,12000,6.0,5.0,0.01,0.3,0.05,3.0,True,50.0,50.0,0.0,0.0,,,,,33839.0,,,,1.7546142815289965,1.7546142815289965,3.0,4.625846144357239e-05,3,3,48011,0.01,0.01,0.0,True,0.2,0.08,800,10,0.0,0.0,0.0,0.9503235816955566,C:/Users/efasllija/dev/gossip-poc/out_nb_incremental_clean0104/scenario_mixing_sweep/mix_0p01/permanent_fork_sth_proof_n12000_pg0p01_a0p3_ff0p05_s48011_drop0_pc0p01_pgc0p01,0.01
permanent_fork,sth_proof,12000,6.0,5.0,0.01,0.3,0.05,3.0,True,50.0,50.0,0.0,0.0,,,,,33122.0,,,,1.3852309930883957,1.3852309930883957,11.0,0.00016672729477385716,11,11,48012,0.01,0.01,0.0,True,0.2,0.08,800,10,0.0,0.0,0.0,0.9528350830078125,C:/Users/efasllija/dev/gossip-poc/out_nb_incremental_clean0104/scenario_mixing_sweep/mix_0p01/permanent_fork_sth_proof_n12000_pg0p01_a0p3_ff0p05_s48012_drop0_pc0p01_pgc0p01,0.01
permanent_fork,sth_proof,12000,6.0,5.0,0.01,0.3,0.05,3.0,True,50.0,50.0,0.0,0.0,,,,,35723.0,,,,3.453154875717017,3.453154875717017,5.0,7.468929254302103e-05,5,5,48013,0.01,0.01,0.0,True,0.2,0.08,800,10,0.0,0.0,0.0,0.9508779048919678,C:/Users/efasllija/dev/gossip-poc/out_nb_incremental_clean0104/scenario_mixing_sweep/mix_0p01/permanent_fork_sth_proof_n12000_pg0p01_a0p3_ff0p05_s48013_drop0_pc0p01_pgc0p01,0.01
permanent_fork,sth_proof,12000,6.0,5.0,0.01,0.3,0.05,3.0,True,35.0,35.0,0.0,0.0,,,,,33849.0,,,,3.6802610114192498,3.6802610114192498,25.0,0.0003641342344441855,25,25,48014,0.01,0.01,0.0,True,0.2,0.08,800,10,0.0,0.0,0.0,0.948988676071167,C:/Users/efasllija/dev/gossip-poc/out_nb_incremental_clean0104/scenario_mixing_sweep/mix_0p01/permanent_fork_sth_proof_n12000_pg0p01_a0p3_ff0p05_s48014_drop0_pc0p01_pgc0p01,0.01
permanent_fork,sth_proof,12000,6.0,5.0,0.015,0.3,0.05,3.0,True,15.0,15.0,0.0,0.0,,,,,29086.0,,,,3.7997042045214453,3.7997042045214453,24.0,0.0003621985451691769,24,24,48000,0.01,0.01,0.0,True,0.2,0.08,800,10,0.0,0.0,0.0,0.9720907211303711,C:/Users/efasllija/dev/gossip-poc/out_nb_incremental_clean0104/scenario_mixing_sweep/mix_0p01/permanent_fork_sth_proof_n12000_pg0p015_a0p3_ff0p05_s48000_drop0_pc0p01_pgc0p01,0.01
permanent_fork,sth_proof,12000,6.0,5.0,0.015,0.3,0.05,3.0,True,15.0,15.0,0.0,0.0,,,,,28608.0,,,,2.523300927243585,2.523300927243585,3.0,4.4939107509324866e-05,3,3,48001,0.01,0.01,0.0,True,0.2,0.08,800,10,0.0,0.0,0.0,0.9771487712860107,C:/Users/efasllija/dev/gossip-poc/out_nb_incremental_clean0104/scenario_mixing_sweep/mix_0p01/permanent_fork_sth_proof_n12000_pg0p015_a0p3_ff0p05_s48001_drop0_pc0p01_pgc0p01,0.01
permanent_fork,sth_proof,12000,6.0,5.0,0.015,0.3,0.05,3.0,True,35.0,35.0,0.0,0.0,,,,,32815.0,,,,4.747908090711773,4.747908090711773,22.0,0.0003293166679140783,22,22,48002,0.01,0.01,0.0,True,0.2,0.08,800,10,0.0,0.0,0.0,0.9297754764556885,C:/Users/efasllija/dev/gossip-poc/out_nb_incremental_clean0104/scenario_mixing_sweep/mix_0p01/permanent_fork_sth_proof_n12000_pg0p015_a0p3_ff0p05_s48002_drop0_pc0p01_pgc0p01,0.01
permanent_fork,sth_proof,12000,6.0,5.0,0.015,0.3,0.05,3.0,True,0.0,0.0,0.0,0.0,,,,,25412.0,,,,3.8042026889825555,3.8042026889825555,6.0,9.229917238408763e-05,6,6,48003,0.01,0.01,0.0,True,0.2,0.08,800,10,0.0,0.0,0.0,0.9519188404083252,C:/Users/efasllija/dev/gossip-poc/out_nb_incremental_clean0104/scenario_mixing_sweep/mix_0p01/permanent_fork_sth_proof_n12000_pg0p015_a0p3_ff0p05_s48003_drop0_pc0p01_pgc0p01,0.01
permanent_fork,sth_proof,12000,6.0,5.0,0.015,0.3,0.05,3.0,True,15.0,15.0,0.0,0.0,,,,,27873.0,,,,3.0584844117423957,3.0584844117423957,19.0,0.00028825001896381705,19,19,48004,0.01,0.01,0.0,True,0.2,0.08,800,10,0.0,0.0,0.0,0.9681942462921143,C:/Users/efasllija/dev/gossip-poc/out_nb_incremental_clean0104/scenario_mixing_sweep/mix_0p01/permanent_fork_sth_proof_n12000_pg0p015_a0p3_ff0p05_s48004_drop0_pc0p01_pgc0p01,0.01
permanent_fork,sth_proof,12000,6.0,5.0,0.015,0.3,0.05,3.0,True,45.0,45.0,0.0,0.0,,,,,34256.0,,,,4.011079337036427,4.011079337036427,10.0,0.00014972077076252788,10,10,48005,0.01,0.01,0.0,True,0.2,0.08,800,10,0.0,0.0,0.0,0.9672377109527588,C:/Users/efasllija/dev/gossip-poc/out_nb_incremental_clean0104/scenario_mixing_sweep/mix_0p01/permanent_fork_sth_proof_n12000_pg0p015_a0p3_ff0p05_s48005_drop0_pc0p01_pgc0p01,0.01
permanent_fork,sth_proof,12000,6.0,5.0,0.015,0.3,0.05,3.0,True,35.0,35.0,0.0,0.0,,,,,31357.0,,,,4.144854961832061,4.144854961832061,10.0,0.00015267175572519084,10,10,48006,0.01,0.01,0.0,True,0.2,0.08,800,10,0.0,0.0,0.0,0.9330885410308838,C:/Users/efasllija/dev/gossip-poc/out_nb_incremental_clean0104/scenario_mixing_sweep/mix_0p01/permanent_fork_sth_proof_n12000_pg0p015_a0p3_ff0p05_s48006_drop0_pc0p01_pgc0p01,0.01
permanent_fork,sth_proof,12000,6.0,5.0,0.015,0.3,0.05,3.0,True,70.0,70.0,0.0,0.0,,,,,37543.0,,,,3.3358153387937453,3.3358153387937453,8.0,0.00012410027302060066,8,8,48007,0.01,0.01,0.0,True,0.2,0.08,800,10,0.0,0.0,0.0,1.0146656036376953,C:/Users/efasllija/dev/gossip-poc/out_nb_incremental_clean0104/scenario_mixing_sweep/mix_0p01/permanent_fork_sth_proof_n12000_pg0p015_a0p3_ff0p05_s48007_drop0_pc0p01_pgc0p01,0.01
permanent_fork,sth_proof,12000,6.0,5.0,0.015,0.3,0.05,3.0,True,15.0,15.0,0.0,0.0,,,,,28171.0,,,,5.179352144715726,5.179352144715726,24.0,0.0003739424440254904,24,24,48008,0.01,0.01,0.0,True,0.2,0.08,800,10,0.0,0.0,0.0,0.9428329467773438,C:/Users/efasllija/dev/gossip-poc/out_nb_incremental_clean0104/scenario_mixing_sweep/mix_0p01/permanent_fork_sth_proof_n12000_pg0p015_a0p3_ff0p05_s48008_drop0_pc0p01_pgc0p01,0.01
permanent_fork,sth_proof,12000,6.0,5.0,0.015,0.3,0.05,3.0,True,5.0,5.0,0.0,0.0,,,,,27436.0,,,,2.9277945025187964,2.9277945025187964,6.0,9.076743869415912e-05,6,6,48009,0.01,0.01,0.0,True,0.2,0.08,800,10,0.0,0.0,0.0,0.9201500415802002,C:/Users/efasllija/dev/gossip-poc/out_nb_incremental_clean0104/scenario_mixing_sweep/mix_0p01/permanent_fork_sth_proof_n12000_pg0p015_a0p3_ff0p05_s48009_drop0_pc0p01_pgc0p01,0.01
permanent_fork,sth_proof,12000,6.0,5.0,0.015,0.3,0.05,3.0,True,80.0,80.0,0.0,0.0,,,,,41094.0,,,,5.4774602415401175,5.4774602415401175,23.0,0.00034377615688150183,23,23,48010,0.01,0.01,0.0,True,0.2,0.08,800,10,0.0,0.0,0.0,0.917494535446167,C:/Users/efasllija/dev/gossip-poc/out_nb_incremental_clean0104/scenario_mixing_sweep/mix_0p01/permanent_fork_sth_proof_n12000_pg0p015_a0p3_ff0p05_s48010_drop0_pc0p01_pgc0p01,0.01
permanent_fork,sth_proof,12000,6.0,5.0,0.015,0.3,0.05,3.0,True,50.0,50.0,0.0,0.0,,,,,33839.0,,,,3.219095492883907,3.219095492883907,6.0,9.251692288714478e-05,6,6,48011,0.01,0.01,0.0,True,0.2,0.08,800,10,0.0,0.0,0.0,0.9321351051330566,C:/Users/efasllija/dev/gossip-poc/out_nb_incremental_clean0104/scenario_mixing_sweep/mix_0p01/permanent_fork_sth_proof_n12000_pg0p015_a0p3_ff0p05_s48011_drop0_pc0p01_pgc0p01,0.01
permanent_fork,sth_proof,12000,6.0,5.0,0.015,0.3,0.05,3.0,True,40.0,40.0,0.0,0.0,,,,,31408.0,,,,2.553170850006063,2.553170850006063,19.0,0.00028798350915484416,19,19,48012,0.01,0.01,0.0,True,0.2,0.08,800,10,0.0,0.0,0.0,0.9173500537872314,C:/Users/efasllija/dev/gossip-poc/out_nb_incremental_clean0104/scenario_mixing_sweep/mix_0p01/permanent_fork_sth_proof_n12000_pg0p015_a0p3_ff0p05_s48012_drop0_pc0p01_pgc0p01,0.01
permanent_fork,sth_proof,12000,6.0,5.0,0.015,0.3,0.05,3.0,True,50.0,50.0,0.0,0.0,,,,,35723.0,,,,4.845124282982791,4.845124282982791,9.0,0.00013444072657743786,9,9,48013,0.01,0.01,0.0,True,0.2,0.08,800,10,0.0,0.0,0.0,0.9279685020446777,C:/Users/efasllija/dev/gossip-poc/out_nb_incremental_clean0104/scenario_mixing_sweep/mix_0p01/permanent_fork_sth_proof_n12000_pg0p015_a0p3_ff0p05_s48013_drop0_pc0p01_pgc0p01,0.01
permanent_fork,sth_proof,12000,6.0,5.0,0.015,0.3,0.05,3.0,True,10.0,10.0,0.0,0.0,,,,,29899.0,,,,5.572593800978793,5.572593800978793,32.0,0.00046609182008855747,32,32,48014,0.01,0.01,0.0,True,0.2,0.08,800,10,0.0,0.0,0.0,0.9366562366485596,C:/Users/efasllija/dev/gossip-poc/out_nb_incremental_clean0104/scenario_mixing_sweep/mix_0p01/permanent_fork_sth_proof_n12000_pg0p015_a0p3_ff0p05_s48014_drop0_pc0p01_pgc0p01,0.01
permanent_fork,sth_proof,12000,6.0,5.0,0.02,0.3,0.05,3.0,True,15.0,15.0,0.0,0.0,,,,,29086.0,,,,5.530530319036552,5.530530319036552,35.0,0.0005282062117050497,35,35,48000,0.01,0.01,0.0,True,0.2,0.08,800,10,0.0,0.0,0.0,0.9075570106506348,C:/Users/efasllija/dev/gossip-poc/out_nb_incremental_clean0104/scenario_mixing_sweep/mix_0p01/permanent_fork_sth_proof_n12000_pg0p02_a0p3_ff0p05_s48000_drop0_pc0p01_pgc0p01,0.01
permanent_fork,sth_proof,12000,6.0,5.0,0.02,0.3,0.05,3.0,True,15.0,15.0,0.0,0.0,,,,,28608.0,,,,3.731264137094237,3.731264137094237,7.0,0.00010485791752175802,7,7,48001,0.01,0.01,0.0,True,0.2,0.08,800,10,0.0,0.0,0.0,0.9503521919250488,C:/Users/efasllija/dev/gossip-poc/out_nb_incremental_clean0104/scenario_mixing_sweep/mix_0p01/permanent_fork_sth_proof_n12000_pg0p02_a0p3_ff0p05_s48001_drop0_pc0p01_pgc0p01,0.01
permanent_fork,sth_proof,12000,6.0,5.0,0.02,0.3,0.05,3.0,True,35.0,35.0,0.0,0.0,,,,,32815.0,,,,6.196422423471297,6.196422423471297,23.0,0.0003442856073647182,23,23,48002,0.01,0.01,0.0,True,0.2,0.08,800,10,0.0,0.0,0.0,0.9244503974914551,C:/Users/efasllija/dev/gossip-poc/out_nb_incremental_clean0104/scenario_mixing_sweep/mix_0p01/permanent_fork_sth_proof_n12000_pg0p02_a0p3_ff0p05_s48002_drop0_pc0p01_pgc0p01,0.01
permanent_fork,sth_proof,12000,6.0,5.0,0.02,0.3,0.05,3.0,True,0.0,0.0,0.0,0.0,,,,,25412.0,,,,5.279020398117097,5.279020398117097,10.0,0.00015383195397347937,10,10,48003,0.01,0.01,0.0,True,0.2,0.08,800,10,0.0,0.0,0.0,0.9531006813049316,C:/Users/efasllija/dev/gossip-poc/out_nb_incremental_clean0104/scenario_mixing_sweep/mix_0p01/permanent_fork_sth_proof_n12000_pg0p02_a0p3_ff0p05_s48003_drop0_pc0p01_pgc0p01,0.01
permanent_fork,sth_proof,12000,6.0,5.0,0.02,0.3,0.05,3.0,True,15.0,15.0,0.0,0.0,,,,,27873.0,,,,4.077979215656527,4.077979215656527,22.0,0.0003337631798528408,22,22,48004,0.01,0.01,0.0,True,0.2,0.08,800,10,0.0,0.0,0.0,0.9413087368011475,C:/Users/efasllija/dev/gossip-poc/out_nb_incremental_clean0104/scenario_mixing_sweep/mix_0p01/permanent_fork_sth_proof_n12000_pg0p02_a0p3_ff0p05_s48004_drop0_pc0p01_pgc0p01,0.01
permanent_fork,sth_proof,12000,6.0,5.0,0.02,0.3,0.05,3.0,True,45.0,45.0,0.0,0.0,,,,,34256.0,,,,4.72207333323352,4.72207333323352,12.0,0.00017966492491503346,12,12,48005,0.01,0.01,0.0,True,0.2,0.08,800,10,0.0,0.0,0.0,0.9267234802246094,C:/Users/efasllija/dev/gossip-poc/out_nb_incremental_clean0104/scenario_mixing_sweep/mix_0p01/permanent_fork_sth_proof_n12000_pg0p02_a0p3_ff0p05_s48005_drop0_pc0p01_pgc0p01,0.01
permanent_fork,sth_proof,12000,6.0,5.0,0.02,0.3,0.05,3.0,True,35.0,35.0,0.0,0.0,,,,,31357.0,,,,5.075053435114504,5.075053435114504,14.0,0.00021374045801526718,14,14,48006,0.01,0.01,0.0,True,0.2,0.08,800,10,0.0,0.0,0.0,0.9254357814788818,C:/Users/efasllija/dev/gossip-poc/out_nb_incremental_clean0104/scenario_mixing_sweep/mix_0p01/permanent_fork_sth_proof_n12000_pg0p02_a0p3_ff0p05_s48006_drop0_pc0p01_pgc0p01,0.01
permanent_fork,sth_proof,12000,6.0,5.0,0.02,0.3,0.05,3.0,True,70.0,70.0,0.0,0.0,,,,,37543.0,,,,4.628443782576322,4.628443782576322,17.0,0.00026371308016877635,17,17,48007,0.01,0.01,0.0,True,0.2,0.08,800,10,0.0,0.0,0.0,0.928516149520874,C:/Users/efasllija/dev/gossip-poc/out_nb_incremental_clean0104/scenario_mixing_sweep/mix_0p01/permanent_fork_sth_proof_n12000_pg0p02_a0p3_ff0p05_s48007_drop0_pc0p01_pgc0p01,0.01
permanent_fork,sth_proof,12000,6.0,5.0,0.02,0.3,0.05,3.0,True,15.0,15.0,0.0,0.0,,,,,28171.0,,,,7.036101026783627,7.036101026783627,27.0,0.0004206852495286767,27,27,48008,0.01,0.01,0.0,True,0.2,0.08,800,10,0.0,0.0,0.0,0.9036765098571777,C:/Users/efasllija/dev/gossip-poc/out_nb_incremental_clean0104/scenario_mixing_sweep/mix_0p01/permanent_fork_sth_proof_n12000_pg0p02_a0p3_ff0p05_s48008_drop0_pc0p01_pgc0p01,0.01
permanent_fork,sth_proof,12000,6.0,5.0,0.02,0.3,0.05,3.0,True,5.0,5.0,0.0,0.0,,,,,27436.0,,,,4.052826649320001,4.052826649320001,9.0,0.00013615115804123867,9,9,48009,0.01,0.01,0.0,True,0.2,0.08,800,10,0.0,0.0,0.0,0.9121665954589844,C:/Users/efasllija/dev/gossip-poc/out_nb_incremental_clean0104/scenario_mixing_sweep/mix_0p01/permanent_fork_sth_proof_n12000_pg0p02_a0p3_ff0p05_s48009_drop0_pc0p01_pgc0p01,0.01
permanent_fork,sth_proof,12000,6.0,5.0,0.02,0.3,0.05,3.0,True,70.0,70.0,0.0,0.0,,,,,38974.0,,,,6.45509984455339,6.45509984455339,26.0,0.0003886165251703934,26,26,48010,0.01,0.01,0.0,True,0.2,0.08,800,10,0.0,0.0,0.0,0.918229341506958,C:/Users/efasllija/dev/gossip-poc/out_nb_incremental_clean0104/scenario_mixing_sweep/mix_0p01/permanent_fork_sth_proof_n12000_pg0p02_a0p3_ff0p05_s48010_drop0_pc0p01_pgc0p01,0.01
permanent_fork,sth_proof,12000,6.0,5.0,0.02,0.3,0.05,3.0,True,15.0,15.0,0.0,0.0,,,,,28322.0,,,,4.669760843754337,4.669760843754337,7.0,0.00010793641003500224,7,7,48011,0.01,0.01,0.0,True,0.2,0.08,800,10,0.0,0.0,0.0,0.9225854873657227,C:/Users/efasllija/dev/gossip-poc/out_nb_incremental_clean0104/scenario_mixing_sweep/mix_0p01/permanent_fork_sth_proof_n12000_pg0p02_a0p3_ff0p05_s48011_drop0_pc0p01_pgc0p01,0.01
permanent_fork,sth_proof,12000,6.0,5.0,0.02,0.3,0.05,3.0,True,40.0,40.0,0.0,0.0,,,,,31408.0,,,,4.5087910755426215,4.5087910755426215,37.0,0.000560809991512065,37,37,48012,0.01,0.01,0.0,True,0.2,0.08,800,10,0.0,0.0,0.0,0.9429371356964111,C:/Users/efasllija/dev/gossip-poc/out_nb_incremental_clean0104/scenario_mixing_sweep/mix_0p01/permanent_fork_sth_proof_n12000_pg0p02_a0p3_ff0p05_s48012_drop0_pc0p01_pgc0p01,0.01
permanent_fork,sth_proof,12000,6.0,5.0,0.02,0.3,0.05,3.0,True,35.0,35.0,0.0,0.0,,,,,33359.0,,,,6.250478011472276,6.250478011472276,13.0,0.0001941921606118547,13,13,48013,0.01,0.01,0.0,True,0.2,0.08,800,10,0.0,0.0,0.0,0.9404263496398926,C:/Users/efasllija/dev/gossip-poc/out_nb_incremental_clean0104/scenario_mixing_sweep/mix_0p01/permanent_fork_sth_proof_n12000_pg0p02_a0p3_ff0p05_s48013_drop0_pc0p01_pgc0p01,0.01
permanent_fork,sth_proof,12000,6.0,5.0,0.02,0.3,0.05,3.0,True,10.0,10.0,0.0,0.0,,,,,29899.0,,,,7.425774877650897,7.425774877650897,39.0,0.0005680494057329294,39,39,48014,0.01,0.01,0.0,True,0.2,0.08,800,10,0.0,0.0,0.0,0.9766521453857422,C:/Users/efasllija/dev/gossip-poc/out_nb_incremental_clean0104/scenario_mixing_sweep/mix_0p01/permanent_fork_sth_proof_n12000_pg0p02_a0p3_ff0p05_s48014_drop0_pc0p01_pgc0p01,0.01
permanent_fork,sth_proof,12000,6.0,5.0,0.03,0.3,0.05,3.0,True,15.0,15.0,0.0,0.0,,,,,29086.0,,,,8.69469680963448,8.69469680963448,46.0,0.0006942138782409224,46,46,48000,0.01,0.01,0.0,True,0.2,0.08,800,10,0.0,0.0,0.0,0.917243242263794,C:/Users/efasllija/dev/gossip-poc/out_nb_incremental_clean0104/scenario_mixing_sweep/mix_0p01/permanent_fork_sth_proof_n12000_pg0p03_a0p3_ff0p05_s48000_drop0_pc0p01_pgc0p01,0.01
permanent_fork,sth_proof,12000,6.0,5.0,0.03,0.3,0.05,3.0,True,15.0,15.0,0.0,0.0,,,,,28608.0,,,,5.972706982039337,5.972706982039337,11.0,0.00016477672753419117,11,11,48001,0.01,0.01,0.0,True,0.2,0.08,800,10,0.0,0.0,0.0,0.9458315372467041,C:/Users/efasllija/dev/gossip-poc/out_nb_incremental_clean0104/scenario_mixing_sweep/mix_0p01/permanent_fork_sth_proof_n12000_pg0p03_a0p3_ff0p05_s48001_drop0_pc0p01_pgc0p01,0.01
permanent_fork,sth_proof,12000,6.0,5.0,0.03,0.3,0.05,3.0,True,5.0,5.0,0.0,0.0,,,,,28267.0,,,,8.261896564628396,8.261896564628396,34.0,0.0005089439413217574,34,34,48002,0.01,0.01,0.0,True,0.2,0.08,800,10,0.0,0.0,0.0,0.9334375858306885,C:/Users/efasllija/dev/gossip-poc/out_nb_incremental_clean0104/scenario_mixing_sweep/mix_0p01/permanent_fork_sth_proof_n12000_pg0p03_a0p3_ff0p05_s48002_drop0_pc0p01_pgc0p01,0.01
permanent_fork,sth_proof,12000,6.0,5.0,0.03,0.3,0.05,3.0,True,0.0,0.0,0.0,0.0,,,,,25412.0,,,,7.511921976432944,7.511921976432944,29.0,0.00044611266652309017,29,29,48003,0.01,0.01,0.0,True,0.2,0.08,800,10,0.0,0.0,0.0,0.939446210861206,C:/Users/efasllija/dev/gossip-poc/out_nb_incremental_clean0104/scenario_mixing_sweep/mix_0p01/permanent_fork_sth_proof_n12000_pg0p03_a0p3_ff0p05_s48003_drop0_pc0p01_pgc0p01,0.01
permanent_fork,sth_proof,12000,6.0,5.0,0.03,0.3,0.05,3.0,True,15.0,15.0,0.0,0.0,,,,,27873.0,,,,6.089782295380414,6.089782295380414,26.0,0.0003944473943715391,26,26,48004,0.01,0.01,0.0,True,0.2,0.08,800,10,0.0,0.0,0.0,0.9292178153991699,C:/Users/efasllija/dev/gossip-poc/out_nb_incremental_clean0104/scenario_mixing_sweep/mix_0p01/permanent_fork_sth_proof_n12000_pg0p03_a0p3_ff0p05_s48004_drop0_pc0p01_pgc0p01,0.01
permanent_fork,sth_proof,12000,6.0,5.0,0.03,0.3,0.05,3.0,True,5.0,5.0,0.0,0.0,,,,,27548.0,,,,7.405069545298019,7.405069545298019,20.0,0.00029944154152505576,20,20,48005,0.01,0.01,0.0,True,0.2,0.08,800,10,0.0,0.0,0.0,0.9402420520782471,C:/Users/efasllija/dev/gossip-poc/out_nb_incremental_clean0104/scenario_mixing_sweep/mix_0p01/permanent_fork_sth_proof_n12000_pg0p03_a0p3_ff0p05_s48005_drop0_pc0p01_pgc0p01,0.01
permanent_fork,sth_proof,12000,6.0,5.0,0.03,0.3,0.05,3.0,True,35.0,35.0,0.0,0.0,,,,,31357.0,,,,7.68781679389313,7.68781679389313,29.0,0.00044274809160305345,29,29,48006,0.01,0.01,0.0,True,0.2,0.08,800,10,0.0,0.0,0.0,0.9391930103302002,C:/Users/efasllija/dev/gossip-poc/out_nb_incremental_clean0104/scenario_mixing_sweep/mix_0p01/permanent_fork_sth_proof_n12000_pg0p03_a0p3_ff0p05_s48006_drop0_pc0p01_pgc0p01,0.01
permanent_fork,sth_proof,12000,6.0,5.0,0.03,0.3,0.05,3.0,True,15.0,15.0,0.0,0.0,,,,,28382.0,,,,7.241499131298089,7.241499131298089,25.0,0.00038781335318937703,25,25,48007,0.01,0.01,0.0,True,0.2,0.08,800,10,0.0,0.0,0.0,0.9269404411315918,C:/Users/efasllija/dev/gossip-poc/out_nb_incremental_clean0104/scenario_mixing_sweep/mix_0p01/permanent_fork_sth_proof_n12000_pg0p03_a0p3_ff0p05_s48007_drop0_pc0p01_pgc0p01,0.01
permanent_fork,sth_proof,12000,6.0,5.0,0.03,0.3,0.05,3.0,True,15.0,15.0,0.0,0.0,,,,,28171.0,,,,10.009691341674328,10.009691341674328,36.0,0.0005609136660382356,36,36,48008,0.01,0.01,0.0,True,0.2,0.08,800,10,0.0,0.0,0.0,0.9128684997558594,C:/Users/efasllija/dev/gossip-poc/out_nb_incremental_clean0104/scenario_mixing_sweep/mix_0p01/permanent_fork_sth_proof_n12000_pg0p03_a0p3_ff0p05_s48008_drop0_pc0p01_pgc0p01,0.01
permanent_fork,sth_proof,12000,6.0,5.0,0.03,0.3,0.05,3.0,True,0.0,0.0,0.0,0.0,,,,,26707.0,,,,5.923362025929231,5.923362025929231,13.0,0.00019666278383734476,13,13,48009,0.01,0.01,0.0,True,0.2,0.08,800,10,0.0,0.0,0.0,0.9318351745605469,C:/Users/efasllija/dev/gossip-poc/out_nb_incremental_clean0104/scenario_mixing_sweep/mix_0p01/permanent_fork_sth_proof_n12000_pg0p03_a0p3_ff0p05_s48009_drop0_pc0p01_pgc0p01,0.01
permanent_fork,sth_proof,12000,6.0,5.0,0.03,0.3,0.05,3.0,True,40.0,40.0,0.0,0.0,,,,,33510.0,,,,9.388018653593209,9.388018653593209,36.0,0.0005380844194666986,36,36,48010,0.01,0.01,0.0,True,0.2,0.08,800,10,0.0,0.0,0.0,0.931877613067627,C:/Users/efasllija/dev/gossip-poc/out_nb_incremental_clean0104/scenario_mixing_sweep/mix_0p01/permanent_fork_sth_proof_n12000_pg0p03_a0p3_ff0p05_s48010_drop0_pc0p01_pgc0p01,0.01
permanent_fork,sth_proof,12000,6.0,5.0,0.03,0.3,0.05,3.0,True,15.0,15.0,0.0,0.0,,,,,28322.0,,,,6.7283240559419,6.7283240559419,9.0,0.00013877538433071715,9,9,48011,0.01,0.01,0.0,True,0.2,0.08,800,10,0.0,0.0,0.0,0.9228134155273438,C:/Users/efasllija/dev/gossip-poc/out_nb_incremental_clean0104/scenario_mixing_sweep/mix_0p01/permanent_fork_sth_proof_n12000_pg0p03_a0p3_ff0p05_s48011_drop0_pc0p01_pgc0p01,0.01
permanent_fork,sth_proof,12000,6.0,5.0,0.03,0.3,0.05,3.0,True,10.0,10.0,0.0,0.0,,,,,26874.0,,,,7.618770461986177,7.618770461986177,59.0,0.0008942645810597793,59,59,48012,0.01,0.01,0.0,True,0.2,0.08,800,10,0.0,0.0,0.0,0.9283866882324219,C:/Users/efasllija/dev/gossip-poc/out_nb_incremental_clean0104/scenario_mixing_sweep/mix_0p01/permanent_fork_sth_proof_n12000_pg0p03_a0p3_ff0p05_s48012_drop0_pc0p01_pgc0p01,0.01
permanent_fork,sth_proof,12000,6.0,5.0,0.03,0.3,0.05,3.0,True,10.0,10.0,0.0,0.0,,,,,29424.0,,,,8.632887189292543,8.632887189292543,19.0,0.00028381931166347995,19,19,48013,0.01,0.01,0.0,True,0.2,0.08,800,10,0.0,0.0,0.0,0.9275894165039062,C:/Users/efasllija/dev/gossip-poc/out_nb_incremental_clean0104/scenario_mixing_sweep/mix_0p01/permanent_fork_sth_proof_n12000_pg0p03_a0p3_ff0p05_s48013_drop0_pc0p01_pgc0p01,0.01
permanent_fork,sth_proof,12000,6.0,5.0,0.03,0.3,0.05,3.0,True,10.0,10.0,0.0,0.0,,,,,29899.0,,,,9.461663947797716,9.461663947797716,41.0,0.0005971801444884643,41,41,48014,0.01,0.01,0.0,True,0.2,0.08,800,10,0.0,0.0,0.0,0.9315221309661865,C:/Users/efasllija/dev/gossip-poc/out_nb_incremental_clean0104/scenario_mixing_sweep/mix_0p01/permanent_fork_sth_proof_n12000_pg0p03_a0p3_ff0p05_s48014_drop0_pc0p01_pgc0p01,0.01
permanent_fork,sth_proof,12000,6.0,5.0,0.05,0.3,0.05,3.0,True,0.0,0.0,0.0,0.0,,,,,27051.0,,,,14.509190788083668,14.509190788083668,82.0,0.0012375116959946878,82,82,48000,0.01,0.01,0.0,True,0.2,0.08,800,10,0.0,0.0,0.0,0.9323973655700684,C:/Users/efasllija/dev/gossip-poc/out_nb_incremental_clean0104/scenario_mixing_sweep/mix_0p01/permanent_fork_sth_proof_n12000_pg0p05_a0p3_ff0p05_s48000_drop0_pc0p01_pgc0p01,0.01
permanent_fork,sth_proof,12000,6.0,5.0,0.05,0.3,0.05,3.0,True,15.0,15.0,0.0,0.0,,,,,28608.0,,,,11.784352202765254,11.784352202765254,29.0,0.0004344113725901404,29,29,48001,0.01,0.01,0.0,True,0.2,0.08,800,10,0.0,0.0,0.0,0.9513363838195801,C:/Users/efasllija/dev/gossip-poc/out_nb_incremental_clean0104/scenario_mixing_sweep/mix_0p01/permanent_fork_sth_proof_n12000_pg0p05_a0p3_ff0p05_s48001_drop0_pc0p01_pgc0p01,0.01
permanent_fork,sth_proof,12000,6.0,5.0,0.05,0.3,0.05,3.0,True,5.0,5.0,0.0,0.0,,,,,28267.0,,,,12.714736920889155,12.714736920889155,48.0,0.0007185090936307162,48,48,48002,0.01,0.01,0.0,True,0.2,0.08,800,10,0.0,0.0,0.0,0.905205488204956,C:/Users/efasllija/dev/gossip-poc/out_nb_incremental_clean0104/scenario_mixing_sweep/mix_0p01/permanent_fork_sth_proof_n12000_pg0p05_a0p3_ff0p05_s48002_drop0_pc0p01_pgc0p01,0.01
permanent_fork,sth_proof,12000,6.0,5.0,0.05,0.3,0.05,3.0,True,0.0,0.0,0.0,0.0,,,,,25412.0,,,,12.680675629941852,12.680675629941852,51.0,0.0007845429652647448,51,51,48003,0.01,0.01,0.0,True,0.2,0.08,800,10,0.0,0.0,0.0,0.9065511226654053,C:/Users/efasllija/dev/gossip-poc/out_nb_incremental_clean0104/scenario_mixing_sweep/mix_0p01/permanent_fork_sth_proof_n12000_pg0p05_a0p3_ff0p05_s48003_drop0_pc0p01_pgc0p01,0.01
permanent_fork,sth_proof,12000,6.0,5.0,0.05,0.3,0.05,3.0,True,10.0,10.0,0.0,0.0,,,,,27140.0,,,,11.948479101873625,11.948479101873625,54.0,0.0008192368960024274,54,54,48004,0.01,0.01,0.0,True,0.2,0.08,800,10,0.0,0.0,0.0,0.9197731018066406,C:/Users/efasllija/dev/gossip-poc/out_nb_incremental_clean0104/scenario_mixing_sweep/mix_0p01/permanent_fork_sth_proof_n12000_pg0p05_a0p3_ff0p05_s48004_drop0_pc0p01_pgc0p01,0.01
permanent_fork,sth_proof,12000,6.0,5.0,0.05,0.3,0.05,3.0,True,5.0,5.0,0.0,0.0,,,,,27548.0,,,,12.905211780030244,12.905211780030244,44.0,0.0006587713913551227,44,44,48005,0.01,0.01,0.0,True,0.2,0.08,800,10,0.0,0.0,0.0,0.9317243099212646,C:/Users/efasllija/dev/gossip-poc/out_nb_incremental_clean0104/scenario_mixing_sweep/mix_0p01/permanent_fork_sth_proof_n12000_pg0p05_a0p3_ff0p05_s48005_drop0_pc0p01_pgc0p01,0.01
permanent_fork,sth_proof,12000,6.0,5.0,0.05,0.3,0.05,3.0,True,15.0,15.0,0.0,0.0,,,,,28101.0,,,,13.282687022900763,13.282687022900763,56.0,0.0008549618320610687,56,56,48006,0.01,0.01,0.0,True,0.2,0.08,800,10,0.0,0.0,0.0,0.9445781707763672,C:/Users/efasllija/dev/gossip-poc/out_nb_incremental_clean0104/scenario_mixing_sweep/mix_0p01/permanent_fork_sth_proof_n12000_pg0p05_a0p3_ff0p05_s48006_drop0_pc0p01_pgc0p01,0.01
permanent_fork,sth_proof,12000,6.0,5.0,0.05,0.3,0.05,3.0,True,0.0,0.0,0.0,0.0,,,,,26226.0,,,,11.856043683296104,11.856043683296104,56.0,0.0008687019111442045,56,56,48007,0.01,0.01,0.0,True,0.2,0.08,800,10,0.0,0.0,0.0,0.9260928630828857,C:/Users/efasllija/dev/gossip-poc/out_nb_incremental_clean0104/scenario_mixing_sweep/mix_0p01/permanent_fork_sth_proof_n12000_pg0p05_a0p3_ff0p05_s48007_drop0_pc0p01_pgc0p01,0.01
permanent_fork,sth_proof,12000,6.0,5.0,0.05,0.3,0.05,3.0,True,15.0,15.0,0.0,0.0,,,,,28171.0,,,,15.677661613250027,15.677661613250027,53.0,0.0008257895638896246,53,53,48008,0.01,0.01,0.0,True,0.2,0.08,800,10,0.0,0.0,0.0,0.921574592590332,C:/Users/efasllija/dev/gossip-poc/out_nb_incremental_clean0104/scenario_mixing_sweep/mix_0p01/permanent_fork_sth_proof_n12000_pg0p05_a0p3_ff0p05_s48008_drop0_pc0p01_pgc0p01,0.01
permanent_fork,sth_proof,12000,6.0,5.0,0.05,0.3,0.05,3.0,True,0.0,0.0,0.0,0.0,,,,,26707.0,,,,10.735246509235587,10.735246509235587,34.0,0.0005143488192669017,34,34,48009,0.01,0.01,0.0,True,0.2,0.08,800,10,0.0,0.0,0.0,0.926760196685791,C:/Users/efasllija/dev/gossip-poc/out_nb_incremental_clean0104/scenario_mixing_sweep/mix_0p01/permanent_fork_sth_proof_n12000_pg0p05_a0p3_ff0p05_s48009_drop0_pc0p01_pgc0p01,0.01
permanent_fork,sth_proof,12000,6.0,5.0,0.05,0.3,0.05,3.0,True,20.0,20.0,0.0,0.0,,,,,30256.0,,,,14.396747578620113,14.396747578620113,45.0,0.0006726055243333732,45,45,48010,0.01,0.01,0.0,True,0.2,0.08,800,10,0.0,0.0,0.0,0.9130399227142334,C:/Users/efasllija/dev/gossip-poc/out_nb_incremental_clean0104/scenario_mixing_sweep/mix_0p01/permanent_fork_sth_proof_n12000_pg0p05_a0p3_ff0p05_s48010_drop0_pc0p01_pgc0p01,0.01
permanent_fork,sth_proof,12000,6.0,5.0,0.05,0.3,0.05,3.0,True,5.0,5.0,0.0,0.0,,,,,26986.0,,,,13.843492205449246,13.843492205449246,36.0,0.0005551015373228686,36,36,48011,0.01,0.01,0.0,True,0.2,0.08,800,10,0.0,0.0,0.0,0.9253394603729248,C:/Users/efasllija/dev/gossip-poc/out_nb_incremental_clean0104/scenario_mixing_sweep/mix_0p01/permanent_fork_sth_proof_n12000_pg0p05_a0p3_ff0p05_s48011_drop0_pc0p01_pgc0p01,0.01
permanent_fork,sth_proof,12000,6.0,5.0,0.05,0.3,0.05,3.0,True,10.0,10.0,0.0,0.0,,,,,26874.0,,,,12.779434946040984,12.779434946040984,75.0,0.0011367770098217533,75,75,48012,0.01,0.01,0.0,True,0.2,0.08,800,10,0.0,0.0,0.0,0.9166457653045654,C:/Users/efasllija/dev/gossip-poc/out_nb_incremental_clean0104/scenario_mixing_sweep/mix_0p01/permanent_fork_sth_proof_n12000_pg0p05_a0p3_ff0p05_s48012_drop0_pc0p01_pgc0p01,0.01
permanent_fork,sth_proof,12000,6.0,5.0,0.05,0.3,0.05,3.0,True,10.0,10.0,0.0,0.0,,,,,29424.0,,,,13.919694072657744,13.919694072657744,35.0,0.0005228250478011472,35,35,48013,0.01,0.01,0.0,True,0.2,0.08,800,10,0.0,0.0,0.0,0.907813549041748,C:/Users/efasllija/dev/gossip-poc/out_nb_incremental_clean0104/scenario_mixing_sweep/mix_0p01/permanent_fork_sth_proof_n12000_pg0p05_a0p3_ff0p05_s48013_drop0_pc0p01_pgc0p01,0.01
permanent_fork,sth_proof,12000,6.0,5.0,0.05,0.3,0.05,3.0,True,10.0,10.0,0.0,0.0,,,,,29899.0,,,,15.491027732463296,15.491027732463296,76.0,0.001106968072710324,76,76,48014,0.01,0.01,0.0,True,0.2,0.08,800,10,0.0,0.0,0.0,0.9503152370452881,C:/Users/efasllija/dev/gossip-poc/out_nb_incremental_clean0104/scenario_mixing_sweep/mix_0p01/permanent_fork_sth_proof_n12000_pg0p05_a0p3_ff0p05_s48014_drop0_pc0p01_pgc0p01,0.01
permanent_fork,sth_proof,12000,6.0,5.0,0.003,0.1,0.05,3.0,True,120.0,120.0,0.0,0.0,,,,,50768.0,,,,0.24094657583363213,0.24094657583363213,1.0,1.4939643838890881e-05,1,1,48000,0.02,0.02,0.0,True,0.2,0.08,800,10,0.0,0.0,0.0,0.898531436920166,C:/Users/efasllija/dev/gossip-poc/out_nb_incremental_clean0104/scenario_mixing_sweep/mix_0p02/permanent_fork_sth_proof_n12000_pg0p003_a0p1_ff0p05_s48000_drop0_pc0p02_pgc0p02,0.02
permanent_fork,sth_proof,12000,6.0,5.0,0.003,0.1,0.05,3.0,False,,,0.0,0.0,,,,,,,,,0.22893558180779752,0.22893558180779752,0.0,0.0,0,0,48001,0.02,0.02,0.0,True,0.2,0.08,800,10,0.0,0.0,0.0,0.9074211120605469,C:/Users/efasllija/dev/gossip-poc/out_nb_incremental_clean0104/scenario_mixing_sweep/mix_0p02/permanent_fork_sth_proof_n12000_pg0p003_a0p1_ff0p05_s48001_drop0_pc0p02_pgc0p02,0.02
permanent_fork,sth_proof,12000,6.0,5.0,0.003,0.1,0.05,3.0,True,155.0,155.0,0.0,0.0,,,,,60277.0,,,,0.20164133647397717,0.20164133647397717,1.0,1.5003075630504253e-05,1,1,48002,0.02,0.02,0.0,True,0.2,0.08,800,10,0.0,0.0,0.0,0.9156651496887207,C:/Users/efasllija/dev/gossip-poc/out_nb_incremental_clean0104/scenario_mixing_sweep/mix_0p02/permanent_fork_sth_proof_n12000_pg0p003_a0p1_ff0p05_s48002_drop0_pc0p02_pgc0p02,0.02
permanent_fork,sth_proof,12000,6.0,5.0,0.003,0.1,0.05,3.0,True,90.0,90.0,0.0,0.0,,,,,41624.0,,,,0.2618754614816638,0.2618754614816638,3.0,4.614816637952252e-05,3,3,48003,0.02,0.02,0.0,True,0.2,0.08,800,10,0.0,0.0,0.0,0.8991899490356445,C:/Users/efasllija/dev/gossip-poc/out_nb_incremental_clean0104/scenario_mixing_sweep/mix_0p02/permanent_fork_sth_proof_n12000_pg0p003_a0p1_ff0p05_s48003_drop0_pc0p02_pgc0p02,0.02
permanent_fork,sth_proof,12000,6.0,5.0,0.003,0.1,0.05,3.0,False,,,0.0,0.0,,,,,,,,,0.10974172114457185,0.10974172114457185,0.0,0.0,0,0,48004,0.02,0.02,0.0,True,0.2,0.08,800,10,0.0,0.0,0.0,0.9217791557312012,C:/Users/efasllija/dev/gossip-poc/out_nb_incremental_clean0104/scenario_mixing_sweep/mix_0p02/permanent_fork_sth_proof_n12000_pg0p003_a0p1_ff0p05_s48004_drop0_pc0p02_pgc0p02,0.02
permanent_fork,sth_proof,12000,6.0,5.0,0.003,0.1,0.05,3.0,False,,,0.0,0.0,,,,,,,,,0.19784199137385364,0.19784199137385364,0.0,0.0,0,0,48005,0.02,0.02,0.0,True,0.2,0.08,800,10,0.0,0.0,0.0,0.946826696395874,C:/Users/efasllija/dev/gossip-poc/out_nb_incremental_clean0104/scenario_mixing_sweep/mix_0p02/permanent_fork_sth_proof_n12000_pg0p003_a0p1_ff0p05_s48005_drop0_pc0p02_pgc0p02,0.02
permanent_fork,sth_proof,12000,6.0,5.0,0.003,0.1,0.05,3.0,True,155.0,155.0,0.0,0.0,,,,,59123.0,,,,0.3275502277193036,0.3275502277193036,1.0,1.5232060440815829e-05,1,1,48006,0.02,0.02,0.0,True,0.2,0.08,800,10,0.0,0.0,0.0,0.9020891189575195,C:/Users/efasllija/dev/gossip-poc/out_nb_incremental_clean0104/scenario_mixing_sweep/mix_0p02/permanent_fork_sth_proof_n12000_pg0p003_a0p1_ff0p05_s48006_drop0_pc0p02_pgc0p02,0.02
permanent_fork,sth_proof,12000,6.0,5.0,0.003,0.1,0.05,3.0,False,,,0.0,0.0,,,,,,,,,0.19991394010869046,0.19991394010869046,0.0,0.0,0,0,48007,0.02,0.02,0.0,True,0.2,0.08,800,10,0.0,0.0,0.0,0.9127969741821289,C:/Users/efasllija/dev/gossip-poc/out_nb_incremental_clean0104/scenario_mixing_sweep/mix_0p02/permanent_fork_sth_proof_n12000_pg0p003_a0p1_ff0p05_s48007_drop0_pc0p02_pgc0p02,0.02
permanent_fork,sth_proof,12000,6.0,5.0,0.003,0.1,0.05,3.0,True,25.0,25.0,0.0,0.0,,,,,29723.0,,,,0.47317573234755056,0.47317573234755056,2.0,3.106458326861545e-05,2,2,48008,0.02,0.02,0.0,True,0.2,0.08,800,10,0.0,0.0,0.0,0.8988368511199951,C:/Users/efasllija/dev/gossip-poc/out_nb_incremental_clean0104/scenario_mixing_sweep/mix_0p02/permanent_fork_sth_proof_n12000_pg0p003_a0p1_ff0p05_s48008_drop0_pc0p02_pgc0p02,0.02
permanent_fork,sth_proof,12000,6.0,5.0,0.003,0.1,0.05,3.0,False,,,0.0,0.0,,,,,,,,,0.3926083737515676,0.3926083737515676,0.0,0.0,0,0,48009,0.02,0.02,0.0,True,0.2,0.08,800,10,0.0,0.0,0.0,0.9240975379943848,C:/Users/efasllija/dev/gossip-poc/out_nb_incremental_clean0104/scenario_mixing_sweep/mix_0p02/permanent_fork_sth_proof_n12000_pg0p003_a0p1_ff0p05_s48009_drop0_pc0p02_pgc0p02,0.02
permanent_fork,sth_proof,12000,6.0,5.0,0.003,0.1,0.05,3.0,True,55.0,55.0,0.0,0.0,,,,,34863.0,,,,0.25777535507707217,0.25777535507707217,1.0,1.5141879410072378e-05,1,1,48010,0.02,0.02,0.0,True,0.2,0.08,800,10,0.0,0.0,0.0,0.921797513961792,C:/Users/efasllija/dev/gossip-poc/out_nb_incremental_clean0104/scenario_mixing_sweep/mix_0p02/permanent_fork_sth_proof_n12000_pg0p003_a0p1_ff0p05_s48010_drop0_pc0p02_pgc0p02,0.02
permanent_fork,sth_proof,12000,6.0,5.0,0.003,0.1,0.05,3.0,False,,,0.0,0.0,,,,,,,,,0.09749879525563898,0.09749879525563898,0.0,0.0,0,0,48011,0.02,0.02,0.0,True,0.2,0.08,800,10,0.0,0.0,0.0,0.9370212554931641,C:/Users/efasllija/dev/gossip-poc/out_nb_incremental_clean0104/scenario_mixing_sweep/mix_0p02/permanent_fork_sth_proof_n12000_pg0p003_a0p1_ff0p05_s48011_drop0_pc0p02_pgc0p02,0.02
permanent_fork,sth_proof,12000,6.0,5.0,0.003,0.1,0.05,3.0,True,95.0,95.0,0.0,0.0,,,,,42578.0,,,,0.15257910706545297,0.15257910706545297,1.0,1.548083472660846e-05,1,1,48012,0.02,0.02,0.0,True,0.2,0.08,800,10,0.0,0.0,0.0,0.9119126796722412,C:/Users/efasllija/dev/gossip-poc/out_nb_incremental_clean0104/scenario_mixing_sweep/mix_0p02/permanent_fork_sth_proof_n12000_pg0p003_a0p1_ff0p05_s48012_drop0_pc0p02_pgc0p02,0.02
permanent_fork,sth_proof,12000,6.0,5.0,0.003,0.1,0.05,3.0,True,80.0,80.0,0.0,0.0,,,,,42106.0,,,,0.3315571343990527,0.3315571343990527,3.0,4.440497335701598e-05,3,3,48013,0.02,0.02,0.0,True,0.2,0.08,800,10,0.0,0.0,0.0,0.9209258556365967,C:/Users/efasllija/dev/gossip-poc/out_nb_incremental_clean0104/scenario_mixing_sweep/mix_0p02/permanent_fork_sth_proof_n12000_pg0p003_a0p1_ff0p05_s48013_drop0_pc0p02_pgc0p02,0.02
permanent_fork,sth_proof,12000,6.0,5.0,0.003,0.1,0.05,3.0,True,105.0,105.0,0.0,0.0,,,,,48507.0,,,,0.0647417555420677,0.0647417555420677,1.0,1.4451284719211538e-05,1,1,48014,0.02,0.02,0.0,True,0.2,0.08,800,10,0.0,0.0,0.0,0.9226086139678955,C:/Users/efasllija/dev/gossip-poc/out_nb_incremental_clean0104/scenario_mixing_sweep/mix_0p02/permanent_fork_sth_proof_n12000_pg0p003_a0p1_ff0p05_s48014_drop0_pc0p02_pgc0p02,0.02
permanent_fork,sth_proof,12000,6.0,5.0,0.005,0.1,0.05,3.0,True,120.0,120.0,0.0,0.0,,,,,50768.0,,,,0.29449025935221707,0.29449025935221707,2.0,2.9879287677781763e-05,2,2,48000,0.02,0.02,0.0,True,0.2,0.08,800,10,0.0,0.0,0.0,0.9156177043914795,C:/Users/efasllija/dev/gossip-poc/out_nb_incremental_clean0104/scenario_mixing_sweep/mix_0p02/permanent_fork_sth_proof_n12000_pg0p005_a0p1_ff0p05_s48000_drop0_pc0p02_pgc0p02,0.02
permanent_fork,sth_proof,12000,6.0,5.0,0.005,0.1,0.05,3.0,False,,,0.0,0.0,,,,,,,,,0.47133796254546545,0.47133796254546545,0.0,0.0,0,0,48001,0.02,0.02,0.0,True,0.2,0.08,800,10,0.0,0.0,0.0,0.9264953136444092,C:/Users/efasllija/dev/gossip-poc/out_nb_incremental_clean0104/scenario_mixing_sweep/mix_0p02/permanent_fork_sth_proof_n12000_pg0p005_a0p1_ff0p05_s48001_drop0_pc0p02_pgc0p02,0.02
permanent_fork,sth_proof,12000,6.0,5.0,0.005,0.1,0.05,3.0,True,155.0,155.0,0.0,0.0,,,,,60277.0,,,,0.3898399171830225,0.3898399171830225,1.0,1.5003075630504253e-05,1,1,48002,0.02,0.02,0.0,True,0.2,0.08,800,10,0.0,0.0,0.0,0.9222836494445801,C:/Users/efasllija/dev/gossip-poc/out_nb_incremental_clean0104/scenario_mixing_sweep/mix_0p02/permanent_fork_sth_proof_n12000_pg0p005_a0p1_ff0p05_s48002_drop0_pc0p02_pgc0p02,0.02
permanent_fork,sth_proof,12000,6.0,5.0,0.005,0.1,0.05,3.0,True,90.0,90.0,0.0,0.0,,,,,41624.0,,,,0.49618508491262614,0.49618508491262614,3.0,4.614816637952252e-05,3,3,48003,0.02,0.02,0.0,True,0.2,0.08,800,10,0.0,0.0,0.0,0.8915269374847412,C:/Users/efasllija/dev/gossip-poc/out_nb_incremental_clean0104/scenario_mixing_sweep/mix_0p02/permanent_fork_sth_proof_n12000_pg0p005_a0p1_ff0p05_s48003_drop0_pc0p02_pgc0p02,0.02
permanent_fork,sth_proof,12000,6.0,5.0,0.005,0.1,0.05,3.0,True,10.0,10.0,0.0,0.0,,,,,26908.0,,,,0.2469188725752867,0.2469188725752867,1.0,1.5309949936463707e-05,1,1,48004,0.02,0.02,0.0,True,0.2,0.08,800,10,0.0,0.0,0.0,0.9327852725982666,C:/Users/efasllija/dev/gossip-poc/out_nb_incremental_clean0104/scenario_mixing_sweep/mix_0p02/permanent_fork_sth_proof_n12000_pg0p005_a0p1_ff0p05_s48004_drop0_pc0p02_pgc0p02,0.02
permanent_fork,sth_proof,12000,6.0,5.0,0.005,0.1,0.05,3.0,False,,,0.0,0.0,,,,,,,,,0.36930505056452684,0.36930505056452684,0.0,0.0,0,0,48005,0.02,0.02,0.0,True,0.2,0.08,800,10,0.0,0.0,0.0,0.9285323619842529,C:/Users/efasllija/dev/gossip-poc/out_nb_incremental_clean0104/scenario_mixing_sweep/mix_0p02/permanent_fork_sth_proof_n12000_pg0p005_a0p1_ff0p05_s48005_drop0_pc0p02_pgc0p02,0.02
permanent_fork,sth_proof,12000,6.0,5.0,0.005,0.1,0.05,3.0,True,50.0,50.0,0.0,0.0,,,,,33377.0,,,,0.5459170461988393,0.5459170461988393,3.0,4.5696181322447485e-05,3,3,48006,0.02,0.02,0.0,True,0.2,0.08,800,10,0.0,0.0,0.0,0.926903486251831,C:/Users/efasllija/dev/gossip-poc/out_nb_incremental_clean0104/scenario_mixing_sweep/mix_0p02/permanent_fork_sth_proof_n12000_pg0p005_a0p1_ff0p05_s48006_drop0_pc0p02_pgc0p02,0.02
permanent_fork,sth_proof,12000,6.0,5.0,0.005,0.1,0.05,3.0,True,125.0,125.0,0.0,0.0,,,,,48380.0,,,,0.27131177586179417,0.27131177586179417,2.0,3.187403381834988e-05,2,2,48007,0.02,0.02,0.0,True,0.2,0.08,800,10,0.0,0.0,0.0,0.8945882320404053,C:/Users/efasllija/dev/gossip-poc/out_nb_incremental_clean0104/scenario_mixing_sweep/mix_0p02/permanent_fork_sth_proof_n12000_pg0p005_a0p1_ff0p05_s48007_drop0_pc0p02_pgc0p02,0.02
permanent_fork,sth_proof,12000,6.0,5.0,0.005,0.1,0.05,3.0,True,25.0,25.0,0.0,0.0,,,,,29723.0,,,,0.5427603988692492,0.5427603988692492,3.0,4.659687490292318e-05,3,3,48008,0.02,0.02,0.0,True,0.2,0.08,800,10,0.0,0.0,0.0,0.9465427398681641,C:/Users/efasllija/dev/gossip-poc/out_nb_incremental_clean0104/scenario_mixing_sweep/mix_0p02/permanent_fork_sth_proof_n12000_pg0p005_a0p1_ff0p05_s48008_drop0_pc0p02_pgc0p02,0.02
permanent_fork,sth_proof,12000,6.0,5.0,0.005,0.1,0.05,3.0,False,,,0.0,0.0,,,,,,,,,0.7175256485804512,0.7175256485804512,0.0,0.0,0,0,48009,0.02,0.02,0.0,True,0.2,0.08,800,10,0.0,0.0,0.0,0.9161744117736816,C:/Users/efasllija/dev/gossip-poc/out_nb_incremental_clean0104/scenario_mixing_sweep/mix_0p02/permanent_fork_sth_proof_n12000_pg0p005_a0p1_ff0p05_s48009_drop0_pc0p02_pgc0p02,0.02
permanent_fork,sth_proof,12000,6.0,5.0,0.005,0.1,0.05,3.0,True,55.0,55.0,0.0,0.0,,,,,34863.0,,,,0.36631234668847096,0.36631234668847096,1.0,1.5141879410072378e-05,1,1,48010,0.02,0.02,0.0,True,0.2,0.08,800,10,0.0,0.0,0.0,0.9051682949066162,C:/Users/efasllija/dev/gossip-poc/out_nb_incremental_clean0104/scenario_mixing_sweep/mix_0p02/permanent_fork_sth_proof_n12000_pg0p005_a0p1_ff0p05_s48010_drop0_pc0p02_pgc0p02,0.02
permanent_fork,sth_proof,12000,6.0,5.0,0.005,0.1,0.05,3.0,False,,,0.0,0.0,,,,,,,,,0.2785679864446828,0.2785679864446828,0.0,0.0,0,0,48011,0.02,0.02,0.0,True,0.2,0.08,800,10,0.0,0.0,0.0,0.914043664932251,C:/Users/efasllija/dev/gossip-poc/out_nb_incremental_clean0104/scenario_mixing_sweep/mix_0p02/permanent_fork_sth_proof_n12000_pg0p005_a0p1_ff0p05_s48011_drop0_pc0p02_pgc0p02,0.02
permanent_fork,sth_proof,12000,6.0,5.0,0.005,0.1,0.05,3.0,True,95.0,95.0,0.0,0.0,,,,,42578.0,,,,0.41612483745123535,0.41612483745123535,1.0,1.548083472660846e-05,1,1,48012,0.02,0.02,0.0,True,0.2,0.08,800,10,0.0,0.0,0.0,0.931713342666626,C:/Users/efasllija/dev/gossip-poc/out_nb_incremental_clean0104/scenario_mixing_sweep/mix_0p02/permanent_fork_sth_proof_n12000_pg0p005_a0p1_ff0p05_s48012_drop0_pc0p02_pgc0p02,0.02
permanent_fork,sth_proof,12000,6.0,5.0,0.005,0.1,0.05,3.0,True,80.0,80.0,0.0,0.0,,,,,42106.0,,,,0.7692125518058023,0.7692125518058023,3.0,4.440497335701598e-05,3,3,48013,0.02,0.02,0.0,True,0.2,0.08,800,10,0.0,0.0,0.0,0.9355220794677734,C:/Users/efasllija/dev/gossip-poc/out_nb_incremental_clean0104/scenario_mixing_sweep/mix_0p02/permanent_fork_sth_proof_n12000_pg0p005_a0p1_ff0p05_s48013_drop0_pc0p02_pgc0p02,0.02
permanent_fork,sth_proof,12000,6.0,5.0,0.005,0.1,0.05,3.0,True,105.0,105.0,0.0,0.0,,,,,48507.0,,,,0.32370877771033846,0.32370877771033846,1.0,1.4451284719211538e-05,1,1,48014,0.02,0.02,0.0,True,0.2,0.08,800,10,0.0,0.0,0.0,0.934638261795044,C:/Users/efasllija/dev/gossip-poc/out_nb_incremental_clean0104/scenario_mixing_sweep/mix_0p02/permanent_fork_sth_proof_n12000_pg0p005_a0p1_ff0p05_s48014_drop0_pc0p02_pgc0p02,0.02
permanent_fork,sth_proof,12000,6.0,5.0,0.007,0.1,0.05,3.0,True,50.0,50.0,0.0,0.0,,,,,35355.0,,,,0.7629974901398351,0.7629974901398351,3.0,4.4818931516672646e-05,3,3,48000,0.02,0.02,0.0,True,0.2,0.08,800,10,0.0,0.0,0.0,0.9073572158813477,C:/Users/efasllija/dev/gossip-poc/out_nb_incremental_clean0104/scenario_mixing_sweep/mix_0p02/permanent_fork_sth_proof_n12000_pg0p007_a0p1_ff0p05_s48000_drop0_pc0p02_pgc0p02,0.02
permanent_fork,sth_proof,12000,6.0,5.0,0.007,0.1,0.05,3.0,True,90.0,90.0,0.0,0.0,,,,,42808.0,,,,0.7272071422130039,0.7272071422130039,4.0,6.011963807977876e-05,4,4,48001,0.02,0.02,0.0,True,0.2,0.08,800,10,0.0,0.0,0.0,0.9369168281555176,C:/Users/efasllija/dev/gossip-poc/out_nb_incremental_clean0104/scenario_mixing_sweep/mix_0p02/permanent_fork_sth_proof_n12000_pg0p007_a0p1_ff0p05_s48001_drop0_pc0p02_pgc0p02,0.02
permanent_fork,sth_proof,12000,6.0,5.0,0.007,0.1,0.05,3.0,True,30.0,30.0,0.0,0.0,,,,,31380.0,,,,0.7527943228361814,0.7527943228361814,2.0,3.0006151261008507e-05,2,2,48002,0.02,0.02,0.0,True,0.2,0.08,800,10,0.0,0.0,0.0,0.9414012432098389,C:/Users/efasllija/dev/gossip-poc/out_nb_incremental_clean0104/scenario_mixing_sweep/mix_0p02/permanent_fork_sth_proof_n12000_pg0p007_a0p1_ff0p05_s48002_drop0_pc0p02_pgc0p02,0.02
permanent_fork,sth_proof,12000,6.0,5.0,0.007,0.1,0.05,3.0,True,90.0,90.0,0.0,0.0,,,,,41624.0,,,,0.5375338419886783,0.5375338419886783,3.0,4.614816637952252e-05,3,3,48003,0.02,0.02,0.0,True,0.2,0.08,800,10,0.0,0.0,0.0,0.9139418601989746,C:/Users/efasllija/dev/gossip-poc/out_nb_incremental_clean0104/scenario_mixing_sweep/mix_0p02/permanent_fork_sth_proof_n12000_pg0p007_a0p1_ff0p05_s48003_drop0_pc0p02_pgc0p02,0.02
permanent_fork,sth_proof,12000,6.0,5.0,0.007,0.1,0.05,3.0,True,10.0,10.0,0.0,0.0,,,,,26908.0,,,,0.37037830886293,0.37037830886293,1.0,1.5309949936463707e-05,1,1,48004,0.02,0.02,0.0,True,0.2,0.08,800,10,0.0,0.0,0.0,0.9135315418243408,C:/Users/efasllija/dev/gossip-poc/out_nb_incremental_clean0104/scenario_mixing_sweep/mix_0p02/permanent_fork_sth_proof_n12000_pg0p007_a0p1_ff0p05_s48004_drop0_pc0p02_pgc0p02,0.02
permanent_fork,sth_proof,12000,6.0,5.0,0.007,0.1,0.05,3.0,False,,,0.0,0.0,,,,,,,,,0.3956839827477073,0.3956839827477073,0.0,0.0,0,0,48005,0.02,0.02,0.0,True,0.2,0.08,800,10,0.0,0.0,0.0,0.941957950592041,C:/Users/efasllija/dev/gossip-poc/out_nb_incremental_clean0104/scenario_mixing_sweep/mix_0p02/permanent_fork_sth_proof_n12000_pg0p007_a0p1_ff0p05_s48005_drop0_pc0p02_pgc0p02,0.02
permanent_fork,sth_proof,12000,6.0,5.0,0.007,0.1,0.05,3.0,True,50.0,50.0,0.0,0.0,,,,,33377.0,,,,0.6005087508187232,0.6005087508187232,3.0,4.5696181322447485e-05,3,3,48006,0.02,0.02,0.0,True,0.2,0.08,800,10,0.0,0.0,0.0,0.9269614219665527,C:/Users/efasllija/dev/gossip-poc/out_nb_incremental_clean0104/scenario_mixing_sweep/mix_0p02/permanent_fork_sth_proof_n12000_pg0p007_a0p1_ff0p05_s48006_drop0_pc0p02_pgc0p02,0.02
permanent_fork,sth_proof,12000,6.0,5.0,0.007,0.1,0.05,3.0,True,125.0,125.0,0.0,0.0,,,,,48380.0,,,,0.4855052831211054,0.4855052831211054,3.0,4.781105072752482e-05,3,3,48007,0.02,0.02,0.0,True,0.2,0.08,800,10,0.0,0.0,0.0,0.8891525268554688,C:/Users/efasllija/dev/gossip-poc/out_nb_incremental_clean0104/scenario_mixing_sweep/mix_0p02/permanent_fork_sth_proof_n12000_pg0p007_a0p1_ff0p05_s48007_drop0_pc0p02_pgc0p02,0.02
permanent_fork,sth_proof,12000,6.0,5.0,0.007,0.1,0.05,3.0,True,25.0,25.0,0.0,0.0,,,,,29723.0,,,,0.5984281320866081,0.5984281320866081,3.0,4.659687490292318e-05,3,3,48008,0.02,0.02,0.0,True,0.2,0.08,800,10,0.0,0.0,0.0,0.8964431285858154,C:/Users/efasllija/dev/gossip-poc/out_nb_incremental_clean0104/scenario_mixing_sweep/mix_0p02/permanent_fork_sth_proof_n12000_pg0p007_a0p1_ff0p05_s48008_drop0_pc0p02_pgc0p02,0.02
permanent_fork,sth_proof,12000,6.0,5.0,0.007,0.1,0.05,3.0,False,,,0.0,0.0,,,,,,,,,1.164286901470166,1.164286901470166,0.0,0.0,0,0,48009,0.02,0.02,0.0,True,0.2,0.08,800,10,0.0,0.0,0.0,0.9168853759765625,C:/Users/efasllija/dev/gossip-poc/out_nb_incremental_clean0104/scenario_mixing_sweep/mix_0p02/permanent_fork_sth_proof_n12000_pg0p007_a0p1_ff0p05_s48009_drop0_pc0p02_pgc0p02,0.02
permanent_fork,sth_proof,12000,6.0,5.0,0.007,0.1,0.05,3.0,True,55.0,55.0,0.0,0.0,,,,,34863.0,,,,0.40701371854274554,0.40701371854274554,1.0,1.5141879410072378e-05,1,1,48010,0.02,0.02,0.0,True,0.2,0.08,800,10,0.0,0.0,0.0,0.9002654552459717,C:/Users/efasllija/dev/gossip-poc/out_nb_incremental_clean0104/scenario_mixing_sweep/mix_0p02/permanent_fork_sth_proof_n12000_pg0p007_a0p1_ff0p05_s48010_drop0_pc0p02_pgc0p02,0.02
permanent_fork,sth_proof,12000,6.0,5.0,0.007,0.1,0.05,3.0,False,,,0.0,0.0,,,,,,,,,0.3064247850891511,0.3064247850891511,0.0,0.0,0,0,48011,0.02,0.02,0.0,True,0.2,0.08,800,10,0.0,0.0,0.0,0.9089367389678955,C:/Users/efasllija/dev/gossip-poc/out_nb_incremental_clean0104/scenario_mixing_sweep/mix_0p02/permanent_fork_sth_proof_n12000_pg0p007_a0p1_ff0p05_s48011_drop0_pc0p02_pgc0p02,0.02
permanent_fork,sth_proof,12000,6.0,5.0,0.007,0.1,0.05,3.0,True,95.0,95.0,0.0,0.0,,,,,42578.0,,,,0.7628955353272648,0.7628955353272648,1.0,1.548083472660846e-05,1,1,48012,0.02,0.02,0.0,True,0.2,0.08,800,10,0.0,0.0,0.0,0.933025598526001,C:/Users/efasllija/dev/gossip-poc/out_nb_incremental_clean0104/scenario_mixing_sweep/mix_0p02/permanent_fork_sth_proof_n12000_pg0p007_a0p1_ff0p05_s48012_drop0_pc0p02_pgc0p02,0.02
permanent_fork,sth_proof,12000,6.0,5.0,0.007,0.1,0.05,3.0,True,80.0,80.0,0.0,0.0,,,,,42106.0,,,,1.0609828300769686,1.0609828300769686,3.0,4.440497335701598e-05,3,3,48013,0.02,0.02,0.0,True,0.2,0.08,800,10,0.0,0.0,0.0,0.9134788513183594,C:/Users/efasllija/dev/gossip-poc/out_nb_incremental_clean0104/scenario_mixing_sweep/mix_0p02/permanent_fork_sth_proof_n12000_pg0p007_a0p1_ff0p05_s48013_drop0_pc0p02_pgc0p02,0.02
permanent_fork,sth_proof,12000,6.0,5.0,0.007,0.1,0.05,3.0,True,105.0,105.0,0.0,0.0,,,,,48507.0,,,,0.3755021821439926,0.3755021821439926,2.0,2.8902569438423076e-05,2,2,48014,0.02,0.02,0.0,True,0.2,0.08,800,10,0.0,0.0,0.0,0.9263098239898682,C:/Users/efasllija/dev/gossip-poc/out_nb_incremental_clean0104/scenario_mixing_sweep/mix_0p02/permanent_fork_sth_proof_n12000_pg0p007_a0p1_ff0p05_s48014_drop0_pc0p02_pgc0p02,0.02
permanent_fork,sth_proof,12000,6.0,5.0,0.01,0.1,0.05,3.0,True,50.0,50.0,0.0,0.0,,,,,35355.0,,,,0.8700848571770049,0.8700848571770049,3.0,4.4818931516672646e-05,3,3,48000,0.02,0.02,0.0,True,0.2,0.08,800,10,0.0,0.0,0.0,0.9329683780670166,C:/Users/efasllija/dev/gossip-poc/out_nb_incremental_clean0104/scenario_mixing_sweep/mix_0p02/permanent_fork_sth_proof_n12000_pg0p01_a0p1_ff0p05_s48000_drop0_pc0p02_pgc0p02,0.02
permanent_fork,sth_proof,12000,6.0,5.0,0.01,0.1,0.05,3.0,True,90.0,90.0,0.0,0.0,,,,,42808.0,,,,0.9696095229506718,0.9696095229506718,5.0,7.514954759972345e-05,5,5,48001,0.02,0.02,0.0,True,0.2,0.08,800,10,0.0,0.0,0.0,0.9317889213562012,C:/Users/efasllija/dev/gossip-poc/out_nb_incremental_clean0104/scenario_mixing_sweep/mix_0p02/permanent_fork_sth_proof_n12000_pg0p01_a0p1_ff0p05_s48001_drop0_pc0p02_pgc0p02,0.02
permanent_fork,sth_proof,12000,6.0,5.0,0.01,0.1,0.05,3.0,True,30.0,30.0,0.0,0.0,,,,,31380.0,,,,0.8603363689556359,0.8603363689556359,3.0,4.500922689151276e-05,3,3,48002,0.02,0.02,0.0,True,0.2,0.08,800,10,0.0,0.0,0.0,0.9895992279052734,C:/Users/efasllija/dev/gossip-poc/out_nb_incremental_clean0104/scenario_mixing_sweep/mix_0p02/permanent_fork_sth_proof_n12000_pg0p01_a0p1_ff0p05_s48002_drop0_pc0p02_pgc0p02,0.02
permanent_fork,sth_proof,12000,6.0,5.0,0.01,0.1,0.05,3.0,True,90.0,90.0,0.0,0.0,,,,,41624.0,,,,0.7994093034703421,0.7994093034703421,4.0,6.153088850603002e-05,4,4,48003,0.02,0.02,0.0,True,0.2,0.08,800,10,0.0,0.0,0.0,0.9252617359161377,C:/Users/efasllija/dev/gossip-poc/out_nb_incremental_clean0104/scenario_mixing_sweep/mix_0p02/permanent_fork_sth_proof_n12000_pg0p01_a0p1_ff0p05_s48003_drop0_pc0p02_pgc0p02,0.02
permanent_fork,sth_proof,12000,6.0,5.0,0.01,0.1,0.05,3.0,True,10.0,10.0,0.0,0.0,,,,,26908.0,,,,0.4389668845782874,0.4389668845782874,1.0,1.5309949936463707e-05,1,1,48004,0.02,0.02,0.0,True,0.2,0.08,800,10,0.0,0.0,0.0,0.9218554496765137,C:/Users/efasllija/dev/gossip-poc/out_nb_incremental_clean0104/scenario_mixing_sweep/mix_0p02/permanent_fork_sth_proof_n12000_pg0p01_a0p1_ff0p05_s48004_drop0_pc0p02_pgc0p02,0.02
permanent_fork,sth_proof,12000,6.0,5.0,0.01,0.1,0.05,3.0,True,145.0,145.0,0.0,0.0,,,,,57346.0,,,,0.6726627706711024,0.6726627706711024,1.0,1.472038626293554e-05,1,1,48005,0.02,0.02,0.0,True,0.2,0.08,800,10,0.0,0.0,0.0,0.9493520259857178,C:/Users/efasllija/dev/gossip-poc/out_nb_incremental_clean0104/scenario_mixing_sweep/mix_0p02/permanent_fork_sth_proof_n12000_pg0p01_a0p1_ff0p05_s48005_drop0_pc0p02_pgc0p02,0.02
permanent_fork,sth_proof,12000,6.0,5.0,0.01,0.1,0.05,3.0,True,50.0,50.0,0.0,0.0,,,,,33377.0,,,,0.83252349545323,0.83252349545323,3.0,4.5696181322447485e-05,3,3,48006,0.02,0.02,0.0,True,0.2,0.08,800,10,0.0,0.0,0.0,0.9390285015106201,C:/Users/efasllija/dev/gossip-poc/out_nb_incremental_clean0104/scenario_mixing_sweep/mix_0p02/permanent_fork_sth_proof_n12000_pg0p01_a0p1_ff0p05_s48006_drop0_pc0p02_pgc0p02,0.02
permanent_fork,sth_proof,12000,6.0,5.0,0.01,0.1,0.05,3.0,True,125.0,125.0,0.0,0.0,,,,,48380.0,,,,0.5711826860248299,0.5711826860248299,3.0,4.781105072752482e-05,3,3,48007,0.02,0.02,0.0,True,0.2,0.08,800,10,0.0,0.0,0.0,0.9141228199005127,C:/Users/efasllija/dev/gossip-poc/out_nb_incremental_clean0104/scenario_mixing_sweep/mix_0p02/permanent_fork_sth_proof_n12000_pg0p01_a0p1_ff0p05_s48007_drop0_pc0p02_pgc0p02,0.02
permanent_fork,sth_proof,12000,6.0,5.0,0.01,0.1,0.05,3.0,True,25.0,25.0,0.0,0.0,,,,,29723.0,,,,0.6958466652169861,0.6958466652169861,3.0,4.659687490292318e-05,3,3,48008,0.02,0.02,0.0,True,0.2,0.08,800,10,0.0,0.0,0.0,0.9438543319702148,C:/Users/efasllija/dev/gossip-poc/out_nb_incremental_clean0104/scenario_mixing_sweep/mix_0p02/permanent_fork_sth_proof_n12000_pg0p01_a0p1_ff0p05_s48008_drop0_pc0p02_pgc0p02,0.02
permanent_fork,sth_proof,12000,6.0,5.0,0.01,0.1,0.05,3.0,False,,,0.0,0.0,,,,,,,,,1.2455162201773868,1.2455162201773868,0.0,0.0,0,0,48009,0.02,0.02,0.0,True,0.2,0.08,800,10,0.0,0.0,0.0,0.933068037033081,C:/Users/efasllija/dev/gossip-poc/out_nb_incremental_clean0104/scenario_mixing_sweep/mix_0p02/permanent_fork_sth_proof_n12000_pg0p01_a0p1_ff0p05_s48009_drop0_pc0p02_pgc0p02,0.02
permanent_fork,sth_proof,12000,6.0,5.0,0.01,0.1,0.05,3.0,True,55.0,55.0,0.0,0.0,,,,,34863.0,,,,0.8004603131340662,0.8004603131340662,2.0,3.0283758820144755e-05,2,2,48010,0.02,0.02,0.0,True,0.2,0.08,800,10,0.0,0.0,0.0,0.919165849685669,C:/Users/efasllija/dev/gossip-poc/out_nb_incremental_clean0104/scenario_mixing_sweep/mix_0p02/permanent_fork_sth_proof_n12000_pg0p01_a0p1_ff0p05_s48010_drop0_pc0p02_pgc0p02,0.02
permanent_fork,sth_proof,12000,6.0,5.0,0.01,0.1,0.05,3.0,False,,,0.0,0.0,,,,,,,,,0.6824915667894729,0.6824915667894729,0.0,0.0,0,0,48011,0.02,0.02,0.0,True,0.2,0.08,800,10,0.0,0.0,0.0,0.927166223526001,C:/Users/efasllija/dev/gossip-poc/out_nb_incremental_clean0104/scenario_mixing_sweep/mix_0p02/permanent_fork_sth_proof_n12000_pg0p01_a0p1_ff0p05_s48011_drop0_pc0p02_pgc0p02,0.02
permanent_fork,sth_proof,12000,6.0,5.0,0.01,0.1,0.05,3.0,True,80.0,80.0,0.0,0.0,,,,,39033.0,,,,1.1512787169484178,1.1512787169484178,3.0,4.644250417982538e-05,3,3,48012,0.02,0.02,0.0,True,0.2,0.08,800,10,0.0,0.0,0.0,0.9357354640960693,C:/Users/efasllija/dev/gossip-poc/out_nb_incremental_clean0104/scenario_mixing_sweep/mix_0p02/permanent_fork_sth_proof_n12000_pg0p01_a0p1_ff0p05_s48012_drop0_pc0p02_pgc0p02,0.02
permanent_fork,sth_proof,12000,6.0,5.0,0.01,0.1,0.05,3.0,True,80.0,80.0,0.0,0.0,,,,,42106.0,,,,1.5384251036116046,1.5384251036116046,5.0,7.400828892835997e-05,5,5,48013,0.02,0.02,0.0,True,0.2,0.08,800,10,0.0,0.0,0.0,0.9738600254058838,C:/Users/efasllija/dev/gossip-poc/out_nb_incremental_clean0104/scenario_mixing_sweep/mix_0p02/permanent_fork_sth_proof_n12000_pg0p01_a0p1_ff0p05_s48013_drop0_pc0p02_pgc0p02,0.02
permanent_fork,sth_proof,12000,6.0,5.0,0.01,0.1,0.05,3.0,True,45.0,45.0,0.0,0.0,,,,,35588.0,,,,0.6344692043122634,0.6344692043122634,5.0,7.225642359605769e-05,5,5,48014,0.02,0.02,0.0,True,0.2,0.08,800,10,0.0,0.0,0.0,0.9737122058868408,C:/Users/efasllija/dev/gossip-poc/out_nb_incremental_clean0104/scenario_mixing_sweep/mix_0p02/permanent_fork_sth_proof_n12000_pg0p01_a0p1_ff0p05_s48014_drop0_pc0p02_pgc0p02,0.02
permanent_fork,sth_proof,12000,6.0,5.0,0.015,0.1,0.05,3.0,True,50.0,50.0,0.0,0.0,,,,,35355.0,,,,1.1378032747699296,1.1378032747699296,4.0,5.9758575355563525e-05,4,4,48000,0.02,0.02,0.0,True,0.2,0.08,800,10,0.0,0.0,0.0,0.9498496055603027,C:/Users/efasllija/dev/gossip-poc/out_nb_incremental_clean0104/scenario_mixing_sweep/mix_0p02/permanent_fork_sth_proof_n12000_pg0p015_a0p1_ff0p05_s48000_drop0_pc0p02_pgc0p02,0.02
permanent_fork,sth_proof,12000,6.0,5.0,0.015,0.1,0.05,3.0,True,70.0,70.0,0.0,0.0,,,,,38771.0,,,,1.8045510566026393,1.8045510566026393,7.0,0.00010520936663961282,7,7,48001,0.02,0.02,0.0,True,0.2,0.08,800,10,0.0,0.0,0.0,0.9692323207855225,C:/Users/efasllija/dev/gossip-poc/out_nb_incremental_clean0104/scenario_mixing_sweep/mix_0p02/permanent_fork_sth_proof_n12000_pg0p015_a0p1_ff0p05_s48001_drop0_pc0p02_pgc0p02,0.02
permanent_fork,sth_proof,12000,6.0,5.0,0.015,0.1,0.05,3.0,True,30.0,30.0,0.0,0.0,,,,,31380.0,,,,1.3980465995529083,1.3980465995529083,4.0,6.0012302522017014e-05,4,4,48002,0.02,0.02,0.0,True,0.2,0.08,800,10,0.0,0.0,0.0,0.954430103302002,C:/Users/efasllija/dev/gossip-poc/out_nb_incremental_clean0104/scenario_mixing_sweep/mix_0p02/permanent_fork_sth_proof_n12000_pg0p015_a0p1_ff0p05_s48002_drop0_pc0p02_pgc0p02,0.02
permanent_fork,sth_proof,12000,6.0,5.0,0.015,0.1,0.05,3.0,True,50.0,50.0,0.0,0.0,,,,,33491.0,,,,1.5161210927885798,1.5161210927885798,6.0,9.229633275904504e-05,6,6,48003,0.02,0.02,0.0,True,0.2,0.08,800,10,0.0,0.0,0.0,0.92478346824646,C:/Users/efasllija/dev/gossip-poc/out_nb_incremental_clean0104/scenario_mixing_sweep/mix_0p02/permanent_fork_sth_proof_n12000_pg0p015_a0p1_ff0p05_s48003_drop0_pc0p02_pgc0p02,0.02
permanent_fork,sth_proof,12000,6.0,5.0,0.015,0.1,0.05,3.0,True,10.0,10.0,0.0,0.0,,,,,26908.0,,,,1.138570356874933,1.138570356874933,3.0,4.5929849809391124e-05,3,3,48004,0.02,0.02,0.0,True,0.2,0.08,800,10,0.0,0.0,0.0,0.925884485244751,C:/Users/efasllija/dev/gossip-poc/out_nb_incremental_clean0104/scenario_mixing_sweep/mix_0p02/permanent_fork_sth_proof_n12000_pg0p015_a0p1_ff0p05_s48004_drop0_pc0p02_pgc0p02,0.02
permanent_fork,sth_proof,12000,6.0,5.0,0.015,0.1,0.05,3.0,True,75.0,75.0,0.0,0.0,,,,,39883.0,,,,1.0551572873272195,1.0551572873272195,2.0,2.944077252587108e-05,2,2,48005,0.02,0.02,0.0,True,0.2,0.08,800,10,0.0,0.0,0.0,0.9495668411254883,C:/Users/efasllija/dev/gossip-poc/out_nb_incremental_clean0104/scenario_mixing_sweep/mix_0p02/permanent_fork_sth_proof_n12000_pg0p015_a0p1_ff0p05_s48005_drop0_pc0p02_pgc0p02,0.02
permanent_fork,sth_proof,12000,6.0,5.0,0.015,0.1,0.05,3.0,True,5.0,5.0,0.0,0.0,,,,,26234.0,,,,0.9417069046929978,0.9417069046929978,4.0,6.0928241763263316e-05,4,4,48006,0.02,0.02,0.0,True,0.2,0.08,800,10,0.0,0.0,0.0,0.9240717887878418,C:/Users/efasllija/dev/gossip-poc/out_nb_incremental_clean0104/scenario_mixing_sweep/mix_0p02/permanent_fork_sth_proof_n12000_pg0p015_a0p1_ff0p05_s48006_drop0_pc0p02_pgc0p02,0.02
permanent_fork,sth_proof,12000,6.0,5.0,0.015,0.1,0.05,3.0,True,125.0,125.0,0.0,0.0,,,,,48380.0,,,,0.7568170589828995,0.7568170589828995,4.0,6.374806763669976e-05,4,4,48007,0.02,0.02,0.0,True,0.2,0.08,800,10,0.0,0.0,0.0,0.9112346172332764,C:/Users/efasllija/dev/gossip-poc/out_nb_incremental_clean0104/scenario_mixing_sweep/mix_0p02/permanent_fork_sth_proof_n12000_pg0p015_a0p1_ff0p05_s48007_drop0_pc0p02_pgc0p02,0.02
permanent_fork,sth_proof,12000,6.0,5.0,0.015,0.1,0.05,3.0,True,25.0,25.0,0.0,0.0,,,,,29723.0,,,,1.155105464260197,1.155105464260197,3.0,4.659687490292318e-05,3,3,48008,0.02,0.02,0.0,True,0.2,0.08,800,10,0.0,0.0,0.0,0.9266669750213623,C:/Users/efasllija/dev/gossip-poc/out_nb_incremental_clean0104/scenario_mixing_sweep/mix_0p02/permanent_fork_sth_proof_n12000_pg0p015_a0p1_ff0p05_s48008_drop0_pc0p02_pgc0p02,0.02
permanent_fork,sth_proof,12000,6.0,5.0,0.015,0.1,0.05,3.0,True,125.0,125.0,0.0,0.0,,,,,50762.0,,,,1.82765967091247,1.82765967091247,1.0,1.510962029524198e-05,1,1,48009,0.02,0.02,0.0,True,0.2,0.08,800,10,0.0,0.0,0.0,0.9272472858428955,C:/Users/efasllija/dev/gossip-poc/out_nb_incremental_clean0104/scenario_mixing_sweep/mix_0p02/permanent_fork_sth_proof_n12000_pg0p015_a0p1_ff0p05_s48009_drop0_pc0p02_pgc0p02,0.02
permanent_fork,sth_proof,12000,6.0,5.0,0.015,0.1,0.05,3.0,True,55.0,55.0,0.0,0.0,,,,,34863.0,,,,1.4245480148996092,1.4245480148996092,4.0,6.056751764028951e-05,4,4,48010,0.02,0.02,0.0,True,0.2,0.08,800,10,0.0,0.0,0.0,0.9219105243682861,C:/Users/efasllija/dev/gossip-poc/out_nb_incremental_clean0104/scenario_mixing_sweep/mix_0p02/permanent_fork_sth_proof_n12000_pg0p015_a0p1_ff0p05_s48010_drop0_pc0p02_pgc0p02,0.02
permanent_fork,sth_proof,12000,6.0,5.0,0.015,0.1,0.05,3.0,True,75.0,75.0,0.0,0.0,,,,,38169.0,,,,1.0446299491675606,1.0446299491675606,1.0,1.5545088529279174e-05,1,1,48011,0.02,0.02,0.0,True,0.2,0.08,800,10,0.0,0.0,0.0,0.8921418190002441,C:/Users/efasllija/dev/gossip-poc/out_nb_incremental_clean0104/scenario_mixing_sweep/mix_0p02/permanent_fork_sth_proof_n12000_pg0p015_a0p1_ff0p05_s48011_drop0_pc0p02_pgc0p02,0.02
permanent_fork,sth_proof,12000,6.0,5.0,0.015,0.1,0.05,3.0,True,0.0,0.0,0.0,0.0,,,,,25342.0,,,,1.539661898569571,1.539661898569571,4.0,6.192333890643384e-05,4,4,48012,0.02,0.02,0.0,True,0.2,0.08,800,10,0.0,0.0,0.0,0.9496393203735352,C:/Users/efasllija/dev/gossip-poc/out_nb_incremental_clean0104/scenario_mixing_sweep/mix_0p02/permanent_fork_sth_proof_n12000_pg0p015_a0p1_ff0p05_s48012_drop0_pc0p02_pgc0p02,0.02
permanent_fork,sth_proof,12000,6.0,5.0,0.015,0.1,0.05,3.0,True,80.0,80.0,0.0,0.0,,,,,42106.0,,,,2.0291296625222026,2.0291296625222026,7.0,0.00010361160449970396,7,7,48013,0.02,0.02,0.0,True,0.2,0.08,800,10,0.0,0.0,0.0,0.9325950145721436,C:/Users/efasllija/dev/gossip-poc/out_nb_incremental_clean0104/scenario_mixing_sweep/mix_0p02/permanent_fork_sth_proof_n12000_pg0p015_a0p1_ff0p05_s48013_drop0_pc0p02_pgc0p02,0.02
permanent_fork,sth_proof,12000,6.0,5.0,0.015,0.1,0.05,3.0,True,45.0,45.0,0.0,0.0,,,,,35588.0,,,,1.4631636752507298,1.4631636752507298,7.0,0.00010115899303448076,7,7,48014,0.02,0.02,0.0,True,0.2,0.08,800,10,0.0,0.0,0.0,0.9377734661102295,C:/Users/efasllija/dev/gossip-poc/out_nb_incremental_clean0104/scenario_mixing_sweep/mix_0p02/permanent_fork_sth_proof_n12000_pg0p015_a0p1_ff0p05_s48014_drop0_pc0p02_pgc0p02,0.02
permanent_fork,sth_proof,12000,6.0,5.0,0.02,0.1,0.05,3.0,True,50.0,50.0,0.0,0.0,,,,,35355.0,,,,1.5259949802796702,1.5259949802796702,5.0,7.46982191944544e-05,5,5,48000,0.02,0.02,0.0,True,0.2,0.08,800,10,0.0,0.0,0.0,0.9245553016662598,C:/Users/efasllija/dev/gossip-poc/out_nb_incremental_clean0104/scenario_mixing_sweep/mix_0p02/permanent_fork_sth_proof_n12000_pg0p02_a0p1_ff0p05_s48000_drop0_pc0p02_pgc0p02,0.02
permanent_fork,sth_proof,12000,6.0,5.0,0.02,0.1,0.05,3.0,True,70.0,70.0,0.0,0.0,,,,,38771.0,,,,2.222021823428623,2.222021823428623,7.0,0.00010520936663961282,7,7,48001,0.02,0.02,0.0,True,0.2,0.08,800,10,0.0,0.0,0.0,0.9667489528656006,C:/Users/efasllija/dev/gossip-poc/out_nb_incremental_clean0104/scenario_mixing_sweep/mix_0p02/permanent_fork_sth_proof_n12000_pg0p02_a0p1_ff0p05_s48001_drop0_pc0p02_pgc0p02,0.02
permanent_fork,sth_proof,12000,6.0,5.0,0.02,0.1,0.05,3.0,True,30.0,30.0,0.0,0.0,,,,,31380.0,,,,2.056741632034567,2.056741632034567,5.0,7.501537815252127e-05,5,5,48002,0.02,0.02,0.0,True,0.2,0.08,800,10,0.0,0.0,0.0,0.9048042297363281,C:/Users/efasllija/dev/gossip-poc/out_nb_incremental_clean0104/scenario_mixing_sweep/mix_0p02/permanent_fork_sth_proof_n12000_pg0p02_a0p1_ff0p05_s48002_drop0_pc0p02_pgc0p02,0.02
permanent_fork,sth_proof,12000,6.0,5.0,0.02,0.1,0.05,3.0,True,50.0,50.0,0.0,0.0,,,,,33491.0,,,,1.9709574206251539,1.9709574206251539,7.0,0.00010767905488555255,7,7,48003,0.02,0.02,0.0,True,0.2,0.08,800,10,0.0,0.0,0.0,0.9421882629394531,C:/Users/efasllija/dev/gossip-poc/out_nb_incremental_clean0104/scenario_mixing_sweep/mix_0p02/permanent_fork_sth_proof_n12000_pg0p02_a0p1_ff0p05_s48003_drop0_pc0p02_pgc0p02,0.02
permanent_fork,sth_proof,12000,6.0,5.0,0.02,0.1,0.05,3.0,True,10.0,10.0,0.0,0.0,,,,,26908.0,,,,1.879326974600793,1.879326974600793,5.0,7.654974968231854e-05,5,5,48004,0.02,0.02,0.0,True,0.2,0.08,800,10,0.0,0.0,0.0,0.9221367835998535,C:/Users/efasllija/dev/gossip-poc/out_nb_incremental_clean0104/scenario_mixing_sweep/mix_0p02/permanent_fork_sth_proof_n12000_pg0p02_a0p1_ff0p05_s48004_drop0_pc0p02_pgc0p02,0.02
permanent_fork,sth_proof,12000,6.0,5.0,0.02,0.1,0.05,3.0,True,55.0,55.0,0.0,0.0,,,,,35973.0,,,,1.2002414143347122,1.2002414143347122,3.0,4.416115878880662e-05,3,3,48005,0.02,0.02,0.0,True,0.2,0.08,800,10,0.0,0.0,0.0,0.9750826358795166,C:/Users/efasllija/dev/gossip-poc/out_nb_incremental_clean0104/scenario_mixing_sweep/mix_0p02/permanent_fork_sth_proof_n12000_pg0p02_a0p1_ff0p05_s48005_drop0_pc0p02_pgc0p02,0.02
permanent_fork,sth_proof,12000,6.0,5.0,0.02,0.1,0.05,3.0,True,5.0,5.0,0.0,0.0,,,,,26234.0,,,,1.1327778708625915,1.1327778708625915,6.0,9.139236264489497e-05,6,6,48006,0.02,0.02,0.0,True,0.2,0.08,800,10,0.0,0.0,0.0,0.9166469573974609,C:/Users/efasllija/dev/gossip-poc/out_nb_incremental_clean0104/scenario_mixing_sweep/mix_0p02/permanent_fork_sth_proof_n12000_pg0p02_a0p1_ff0p05_s48006_drop0_pc0p02_pgc0p02,0.02
permanent_fork,sth_proof,12000,6.0,5.0,0.02,0.1,0.05,3.0,True,125.0,125.0,0.0,0.0,,,,,48380.0,,,,1.642150222321386,1.642150222321386,4.0,6.374806763669976e-05,4,4,48007,0.02,0.02,0.0,True,0.2,0.08,800,10,0.0,0.0,0.0,0.9215126037597656,C:/Users/efasllija/dev/gossip-poc/out_nb_incremental_clean0104/scenario_mixing_sweep/mix_0p02/permanent_fork_sth_proof_n12000_pg0p02_a0p1_ff0p05_s48007_drop0_pc0p02_pgc0p02,0.02
permanent_fork,sth_proof,12000,6.0,5.0,0.02,0.1,0.05,3.0,True,25.0,25.0,0.0,0.0,,,,,29723.0,,,,1.2803578639992546,1.2803578639992546,3.0,4.659687490292318e-05,3,3,48008,0.02,0.02,0.0,True,0.2,0.08,800,10,0.0,0.0,0.0,0.9322419166564941,C:/Users/efasllija/dev/gossip-poc/out_nb_incremental_clean0104/scenario_mixing_sweep/mix_0p02/permanent_fork_sth_proof_n12000_pg0p02_a0p1_ff0p05_s48008_drop0_pc0p02_pgc0p02,0.02
permanent_fork,sth_proof,12000,6.0,5.0,0.02,0.1,0.05,3.0,True,5.0,5.0,0.0,0.0,,,,,27526.0,,,,2.2202680446640377,2.2202680446640377,4.0,6.043848118096792e-05,4,4,48009,0.02,0.02,0.0,True,0.2,0.08,800,10,0.0,0.0,0.0,0.90602707862854,C:/Users/efasllija/dev/gossip-poc/out_nb_incremental_clean0104/scenario_mixing_sweep/mix_0p02/permanent_fork_sth_proof_n12000_pg0p02_a0p1_ff0p05_s48009_drop0_pc0p02_pgc0p02,0.02
permanent_fork,sth_proof,12000,6.0,5.0,0.02,0.1,0.05,3.0,True,25.0,25.0,0.0,0.0,,,,,29959.0,,,,2.170739832227976,2.170739832227976,6.0,9.085127646043427e-05,6,6,48010,0.02,0.02,0.0,True,0.2,0.08,800,10,0.0,0.0,0.0,0.9134807586669922,C:/Users/efasllija/dev/gossip-poc/out_nb_incremental_clean0104/scenario_mixing_sweep/mix_0p02/permanent_fork_sth_proof_n12000_pg0p02_a0p1_ff0p05_s48010_drop0_pc0p02_pgc0p02,0.02
permanent_fork,sth_proof,12000,6.0,5.0,0.02,0.1,0.05,3.0,True,75.0,75.0,0.0,0.0,,,,,38169.0,,,,1.2674843383233068,1.2674843383233068,1.0,1.5545088529279174e-05,1,1,48011,0.02,0.02,0.0,True,0.2,0.08,800,10,0.0,0.0,0.0,0.9225234985351562,C:/Users/efasllija/dev/gossip-poc/out_nb_incremental_clean0104/scenario_mixing_sweep/mix_0p02/permanent_fork_sth_proof_n12000_pg0p02_a0p1_ff0p05_s48011_drop0_pc0p02_pgc0p02,0.02
permanent_fork,sth_proof,12000,6.0,5.0,0.02,0.1,0.05,3.0,True,0.0,0.0,0.0,0.0,,,,,25342.0,,,,2.1222366710013003,2.1222366710013003,7.0,0.00010836584308625921,7,7,48012,0.02,0.02,0.0,True,0.2,0.08,800,10,0.0,0.0,0.0,0.8949177265167236,C:/Users/efasllija/dev/gossip-poc/out_nb_incremental_clean0104/scenario_mixing_sweep/mix_0p02/permanent_fork_sth_proof_n12000_pg0p02_a0p1_ff0p05_s48012_drop0_pc0p02_pgc0p02,0.02
permanent_fork,sth_proof,12000,6.0,5.0,0.02,0.1,0.05,3.0,True,80.0,80.0,0.0,0.0,,,,,42106.0,,,,2.2943753700414447,2.2943753700414447,7.0,0.00010361160449970396,7,7,48013,0.02,0.02,0.0,True,0.2,0.08,800,10,0.0,0.0,0.0,0.9250800609588623,C:/Users/efasllija/dev/gossip-poc/out_nb_incremental_clean0104/scenario_mixing_sweep/mix_0p02/permanent_fork_sth_proof_n12000_pg0p02_a0p1_ff0p05_s48013_drop0_pc0p02_pgc0p02,0.02
permanent_fork,sth_proof,12000,6.0,5.0,0.02,0.1,0.05,3.0,True,45.0,45.0,0.0,0.0,,,,,35588.0,,,,1.8386658573947223,1.8386658573947223,7.0,0.00010115899303448076,7,7,48014,0.02,0.02,0.0,True,0.2,0.08,800,10,0.0,0.0,0.0,0.9241082668304443,C:/Users/efasllija/dev/gossip-poc/out_nb_incremental_clean0104/scenario_mixing_sweep/mix_0p02/permanent_fork_sth_proof_n12000_pg0p02_a0p1_ff0p05_s48014_drop0_pc0p02_pgc0p02,0.02
permanent_fork,sth_proof,12000,6.0,5.0,0.03,0.1,0.05,3.0,True,0.0,0.0,0.0,0.0,,,,,27137.0,,,,2.864587068244293,2.864587068244293,10.0,0.0001493964383889088,10,10,48000,0.02,0.02,0.0,True,0.2,0.08,800,10,0.0,0.0,0.0,0.9470837116241455,C:/Users/efasllija/dev/gossip-poc/out_nb_incremental_clean0104/scenario_mixing_sweep/mix_0p02/permanent_fork_sth_proof_n12000_pg0p03_a0p1_ff0p05_s48000_drop0_pc0p02_pgc0p02,0.02
permanent_fork,sth_proof,12000,6.0,5.0,0.03,0.1,0.05,3.0,True,70.0,70.0,0.0,0.0,,,,,38771.0,,,,2.8145609763429222,2.8145609763429222,7.0,0.00010520936663961282,7,7,48001,0.02,0.02,0.0,True,0.2,0.08,800,10,0.0,0.0,0.0,0.9472835063934326,C:/Users/efasllija/dev/gossip-poc/out_nb_incremental_clean0104/scenario_mixing_sweep/mix_0p02/permanent_fork_sth_proof_n12000_pg0p03_a0p1_ff0p05_s48001_drop0_pc0p02_pgc0p02,0.02
permanent_fork,sth_proof,12000,6.0,5.0,0.03,0.1,0.05,3.0,True,30.0,30.0,0.0,0.0,,,,,31380.0,,,,2.8095359548707486,2.8095359548707486,6.0,9.001845378302552e-05,6,6,48002,0.02,0.02,0.0,True,0.2,0.08,800,10,0.0,0.0,0.0,0.9248256683349609,C:/Users/efasllija/dev/gossip-poc/out_nb_incremental_clean0104/scenario_mixing_sweep/mix_0p02/permanent_fork_sth_proof_n12000_pg0p03_a0p1_ff0p05_s48002_drop0_pc0p02_pgc0p02,0.02
permanent_fork,sth_proof,12000,6.0,5.0,0.03,0.1,0.05,3.0,True,50.0,50.0,0.0,0.0,,,,,33491.0,,,,3.2389859709574207,3.2389859709574207,8.0,0.00012306177701206005,8,8,48003,0.02,0.02,0.0,True,0.2,0.08,800,10,0.0,0.0,0.0,0.9272036552429199,C:/Users/efasllija/dev/gossip-poc/out_nb_incremental_clean0104/scenario_mixing_sweep/mix_0p02/permanent_fork_sth_proof_n12000_pg0p03_a0p1_ff0p05_s48003_drop0_pc0p02_pgc0p02,0.02
permanent_fork,sth_proof,12000,6.0,5.0,0.03,0.1,0.05,3.0,True,10.0,10.0,0.0,0.0,,,,,26908.0,,,,2.5377773014682243,2.5377773014682243,8.0,0.00012247959949170966,8,8,48004,0.02,0.02,0.0,True,0.2,0.08,800,10,0.0,0.0,0.0,0.9195647239685059,C:/Users/efasllija/dev/gossip-poc/out_nb_incremental_clean0104/scenario_mixing_sweep/mix_0p02/permanent_fork_sth_proof_n12000_pg0p03_a0p1_ff0p05_s48004_drop0_pc0p02_pgc0p02,0.02
permanent_fork,sth_proof,12000,6.0,5.0,0.03,0.1,0.05,3.0,True,55.0,55.0,0.0,0.0,,,,,35973.0,,,,1.6354937953571902,1.6354937953571902,3.0,4.416115878880662e-05,3,3,48005,0.02,0.02,0.0,True,0.2,0.08,800,10,0.0,0.0,0.0,0.9614923000335693,C:/Users/efasllija/dev/gossip-poc/out_nb_incremental_clean0104/scenario_mixing_sweep/mix_0p02/permanent_fork_sth_proof_n12000_pg0p03_a0p1_ff0p05_s48005_drop0_pc0p02_pgc0p02,0.02
permanent_fork,sth_proof,12000,6.0,5.0,0.03,0.1,0.05,3.0,True,5.0,5.0,0.0,0.0,,,,,26234.0,,,,1.8151741786111408,1.8151741786111408,7.0,0.00010662442308571081,7,7,48006,0.02,0.02,0.0,True,0.2,0.08,800,10,0.0,0.0,0.0,0.9228734970092773,C:/Users/efasllija/dev/gossip-poc/out_nb_incremental_clean0104/scenario_mixing_sweep/mix_0p02/permanent_fork_sth_proof_n12000_pg0p03_a0p1_ff0p05_s48006_drop0_pc0p02_pgc0p02,0.02
permanent_fork,sth_proof,12000,6.0,5.0,0.03,0.1,0.05,3.0,True,60.0,60.0,0.0,0.0,,,,,34868.0,,,,3.1129456388353227,3.1129456388353227,7.0,0.00011155911836422458,7,7,48007,0.02,0.02,0.0,True,0.2,0.08,800,10,0.0,0.0,0.0,0.910142183303833,C:/Users/efasllija/dev/gossip-poc/out_nb_incremental_clean0104/scenario_mixing_sweep/mix_0p02/permanent_fork_sth_proof_n12000_pg0p03_a0p1_ff0p05_s48007_drop0_pc0p02_pgc0p02,0.02
permanent_fork,sth_proof,12000,6.0,5.0,0.03,0.1,0.05,3.0,True,15.0,15.0,0.0,0.0,,,,,27948.0,,,,2.713801994346246,2.713801994346246,10.0,0.00015532291634307727,10,10,48008,0.02,0.02,0.0,True,0.2,0.08,800,10,0.0,0.0,0.0,0.9732747077941895,C:/Users/efasllija/dev/gossip-poc/out_nb_incremental_clean0104/scenario_mixing_sweep/mix_0p02/permanent_fork_sth_proof_n12000_pg0p03_a0p1_ff0p05_s48008_drop0_pc0p02_pgc0p02,0.02
permanent_fork,sth_proof,12000,6.0,5.0,0.03,0.1,0.05,3.0,True,5.0,5.0,0.0,0.0,,,,,27526.0,,,,3.195019869150688,3.195019869150688,7.0,0.00010576734206669386,7,7,48009,0.02,0.02,0.0,True,0.2,0.08,800,10,0.0,0.0,0.0,0.9413995742797852,C:/Users/efasllija/dev/gossip-poc/out_nb_incremental_clean0104/scenario_mixing_sweep/mix_0p02/permanent_fork_sth_proof_n12000_pg0p03_a0p1_ff0p05_s48009_drop0_pc0p02_pgc0p02,0.02
permanent_fork,sth_proof,12000,6.0,5.0,0.03,0.1,0.05,3.0,True,25.0,25.0,0.0,0.0,,,,,29959.0,,,,3.1204385088277156,3.1204385088277156,10.0,0.00015141879410072377,10,10,48010,0.02,0.02,0.0,True,0.2,0.08,800,10,0.0,0.0,0.0,0.950542688369751,C:/Users/efasllija/dev/gossip-poc/out_nb_incremental_clean0104/scenario_mixing_sweep/mix_0p02/permanent_fork_sth_proof_n12000_pg0p03_a0p1_ff0p05_s48010_drop0_pc0p02_pgc0p02,0.02
permanent_fork,sth_proof,12000,6.0,5.0,0.03,0.1,0.05,3.0,True,45.0,45.0,0.0,0.0,,,,,32668.0,,,,2.42354148206874,2.42354148206874,14.0,0.00021763123940990843,14,14,48011,0.02,0.02,0.0,True,0.2,0.08,800,10,0.0,0.0,0.0,0.9464612007141113,C:/Users/efasllija/dev/gossip-poc/out_nb_incremental_clean0104/scenario_mixing_sweep/mix_0p02/permanent_fork_sth_proof_n12000_pg0p03_a0p1_ff0p05_s48011_drop0_pc0p02_pgc0p02,0.02
permanent_fork,sth_proof,12000,6.0,5.0,0.03,0.1,0.05,3.0,True,0.0,0.0,0.0,0.0,,,,,25342.0,,,,2.6770697876029477,2.6770697876029477,9.0,0.00013932751253947613,9,9,48012,0.02,0.02,0.0,True,0.2,0.08,800,10,0.0,0.0,0.0,0.9537627696990967,C:/Users/efasllija/dev/gossip-poc/out_nb_incremental_clean0104/scenario_mixing_sweep/mix_0p02/permanent_fork_sth_proof_n12000_pg0p03_a0p1_ff0p05_s48012_drop0_pc0p02_pgc0p02,0.02
permanent_fork,sth_proof,12000,6.0,5.0,0.03,0.1,0.05,3.0,True,80.0,80.0,0.0,0.0,,,,,42106.0,,,,3.1431616341030195,3.1431616341030195,7.0,0.00010361160449970396,7,7,48013,0.02,0.02,0.0,True,0.2,0.08,800,10,0.0,0.0,0.0,0.92745041847229,C:/Users/efasllija/dev/gossip-poc/out_nb_incremental_clean0104/scenario_mixing_sweep/mix_0p02/permanent_fork_sth_proof_n12000_pg0p03_a0p1_ff0p05_s48013_drop0_pc0p02_pgc0p02,0.02
permanent_fork,sth_proof,12000,6.0,5.0,0.03,0.1,0.05,3.0,True,45.0,45.0,0.0,0.0,,,,,35588.0,,,,3.0299141593687677,3.0299141593687677,12.0,0.00017341541663053845,12,12,48014,0.02,0.02,0.0,True,0.2,0.08,800,10,0.0,0.0,0.0,0.9671375751495361,C:/Users/efasllija/dev/gossip-poc/out_nb_incremental_clean0104/scenario_mixing_sweep/mix_0p02/permanent_fork_sth_proof_n12000_pg0p03_a0p1_ff0p05_s48014_drop0_pc0p02_pgc0p02,0.02
permanent_fork,sth_proof,12000,6.0,5.0,0.05,0.1,0.05,3.0,True,0.0,0.0,0.0,0.0,,,,,27137.0,,,,4.4842834946814865,4.4842834946814865,15.0,0.0002240946575833632,15,15,48000,0.02,0.02,0.0,True,0.2,0.08,800,10,0.0,0.0,0.0,0.9433307647705078,C:/Users/efasllija/dev/gossip-poc/out_nb_incremental_clean0104/scenario_mixing_sweep/mix_0p02/permanent_fork_sth_proof_n12000_pg0p05_a0p1_ff0p05_s48000_drop0_pc0p02_pgc0p02,0.02
permanent_fork,sth_proof,12000,6.0,5.0,0.05,0.1,0.05,3.0,True,35.0,35.0,0.0,0.0,,,,,32162.0,,,,4.807647217963748,4.807647217963748,18.0,0.00027053837135900444,18,18,48001,0.02,0.02,0.0,True,0.2,0.08,800,10,0.0,0.0,0.0,0.9097795486450195,C:/Users/efasllija/dev/gossip-poc/out_nb_incremental_clean0104/scenario_mixing_sweep/mix_0p02/permanent_fork_sth_proof_n12000_pg0p05_a0p1_ff0p05_s48001_drop0_pc0p02_pgc0p02,0.02
permanent_fork,sth_proof,12000,6.0,5.0,0.05,0.1,0.05,3.0,True,30.0,30.0,0.0,0.0,,,,,31380.0,,,,4.503323181252156,4.503323181252156,14.0,0.00021004305882705955,14,14,48002,0.02,0.02,0.0,True,0.2,0.08,800,10,0.0,0.0,0.0,0.9152936935424805,C:/Users/efasllija/dev/gossip-poc/out_nb_incremental_clean0104/scenario_mixing_sweep/mix_0p02/permanent_fork_sth_proof_n12000_pg0p05_a0p1_ff0p05_s48002_drop0_pc0p02_pgc0p02,0.02
permanent_fork,sth_proof,12000,6.0,5.0,0.05,0.1,0.05,3.0,True,50.0,50.0,0.0,0.0,,,,,33491.0,,,,5.320206743785381,5.320206743785381,9.0,0.00013844449913856757,9,9,48003,0.02,0.02,0.0,True,0.2,0.08,800,10,0.0,0.0,0.0,0.9371533393859863,C:/Users/efasllija/dev/gossip-poc/out_nb_incremental_clean0104/scenario_mixing_sweep/mix_0p02/permanent_fork_sth_proof_n12000_pg0p05_a0p1_ff0p05_s48003_drop0_pc0p02_pgc0p02,0.02
permanent_fork,sth_proof,12000,6.0,5.0,0.05,0.1,0.05,3.0,True,10.0,10.0,0.0,0.0,,,,,26908.0,,,,4.677740863787376,4.677740863787376,15.0,0.00022964924904695562,15,15,48004,0.02,0.02,0.0,True,0.2,0.08,800,10,0.0,0.0,0.0,0.9096472263336182,C:/Users/efasllija/dev/gossip-poc/out_nb_incremental_clean0104/scenario_mixing_sweep/mix_0p02/permanent_fork_sth_proof_n12000_pg0p05_a0p1_ff0p05_s48004_drop0_pc0p02_pgc0p02,0.02
permanent_fork,sth_proof,12000,6.0,5.0,0.05,0.1,0.05,3.0,True,55.0,55.0,0.0,0.0,,,,,35973.0,,,,3.1522823958900683,3.1522823958900683,7.0,0.00010304270384054877,7,7,48005,0.02,0.02,0.0,True,0.2,0.08,800,10,0.0,0.0,0.0,0.9602594375610352,C:/Users/efasllija/dev/gossip-poc/out_nb_incremental_clean0104/scenario_mixing_sweep/mix_0p02/permanent_fork_sth_proof_n12000_pg0p05_a0p1_ff0p05_s48005_drop0_pc0p02_pgc0p02,0.02
permanent_fork,sth_proof,12000,6.0,5.0,0.05,0.1,0.05,3.0,True,5.0,5.0,0.0,0.0,,,,,26234.0,,,,3.316446055657949,3.316446055657949,9.0,0.00013708854396734247,9,9,48006,0.02,0.02,0.0,True,0.2,0.08,800,10,0.0,0.0,0.0,0.9004852771759033,C:/Users/efasllija/dev/gossip-poc/out_nb_incremental_clean0104/scenario_mixing_sweep/mix_0p02/permanent_fork_sth_proof_n12000_pg0p05_a0p1_ff0p05_s48006_drop0_pc0p02_pgc0p02,0.02
permanent_fork,sth_proof,12000,6.0,5.0,0.05,0.1,0.05,3.0,True,60.0,60.0,0.0,0.0,,,,,34868.0,,,,4.298149712336845,4.298149712336845,9.0,0.00014343315218257448,9,9,48007,0.02,0.02,0.0,True,0.2,0.08,800,10,0.0,0.0,0.0,0.9097049236297607,C:/Users/efasllija/dev/gossip-poc/out_nb_incremental_clean0104/scenario_mixing_sweep/mix_0p02/permanent_fork_sth_proof_n12000_pg0p05_a0p1_ff0p05_s48007_drop0_pc0p02_pgc0p02,0.02
permanent_fork,sth_proof,12000,6.0,5.0,0.05,0.1,0.05,3.0,True,15.0,15.0,0.0,0.0,,,,,27948.0,,,,3.8410735919977634,3.8410735919977634,14.0,0.00021745208288030817,14,14,48008,0.02,0.02,0.0,True,0.2,0.08,800,10,0.0,0.0,0.0,0.9532830715179443,C:/Users/efasllija/dev/gossip-poc/out_nb_incremental_clean0104/scenario_mixing_sweep/mix_0p02/permanent_fork_sth_proof_n12000_pg0p05_a0p1_ff0p05_s48008_drop0_pc0p02_pgc0p02,0.02
permanent_fork,sth_proof,12000,6.0,5.0,0.05,0.1,0.05,3.0,True,0.0,0.0,0.0,0.0,,,,,26858.0,,,,3.871930858377529,3.871930858377529,12.0,0.00018131544354290378,12,12,48009,0.02,0.02,0.0,True,0.2,0.08,800,10,0.0,0.0,0.0,0.9095978736877441,C:/Users/efasllija/dev/gossip-poc/out_nb_incremental_clean0104/scenario_mixing_sweep/mix_0p02/permanent_fork_sth_proof_n12000_pg0p05_a0p1_ff0p05_s48009_drop0_pc0p02_pgc0p02,0.02
permanent_fork,sth_proof,12000,6.0,5.0,0.05,0.1,0.05,3.0,True,25.0,25.0,0.0,0.0,,,,,29959.0,,,,4.762060506950123,4.762060506950123,18.0,0.0002725538293813028,18,18,48010,0.02,0.02,0.0,True,0.2,0.08,800,10,0.0,0.0,0.0,0.8993911743164062,C:/Users/efasllija/dev/gossip-poc/out_nb_incremental_clean0104/scenario_mixing_sweep/mix_0p02/permanent_fork_sth_proof_n12000_pg0p05_a0p1_ff0p05_s48010_drop0_pc0p02_pgc0p02,0.02
permanent_fork,sth_proof,12000,6.0,5.0,0.05,0.1,0.05,3.0,True,45.0,45.0,0.0,0.0,,,,,32668.0,,,,4.331732189214818,4.331732189214818,16.0,0.0002487214164684668,16,16,48011,0.02,0.02,0.0,True,0.2,0.08,800,10,0.0,0.0,0.0,0.9144799709320068,C:/Users/efasllija/dev/gossip-poc/out_nb_incremental_clean0104/scenario_mixing_sweep/mix_0p02/permanent_fork_sth_proof_n12000_pg0p05_a0p1_ff0p05_s48011_drop0_pc0p02_pgc0p02,0.02
permanent_fork,sth_proof,12000,6.0,5.0,0.05,0.1,0.05,3.0,True,0.0,0.0,0.0,0.0,,,,,25342.0,,,,5.048981361074989,5.048981361074989,19.0,0.00029413585980556074,19,19,48012,0.02,0.02,0.0,True,0.2,0.08,800,10,0.0,0.0,0.0,0.9335851669311523,C:/Users/efasllija/dev/gossip-poc/out_nb_incremental_clean0104/scenario_mixing_sweep/mix_0p02/permanent_fork_sth_proof_n12000_pg0p05_a0p1_ff0p05_s48012_drop0_pc0p02_pgc0p02,0.02
permanent_fork,sth_proof,12000,6.0,5.0,0.05,0.1,0.05,3.0,True,20.0,20.0,0.0,0.0,,,,,31500.0,,,,5.185553582001184,5.185553582001184,12.0,0.00017761989342806393,12,12,48013,0.02,0.02,0.0,True,0.2,0.08,800,10,0.0,0.0,0.0,0.9235610961914062,C:/Users/efasllija/dev/gossip-poc/out_nb_incremental_clean0104/scenario_mixing_sweep/mix_0p02/permanent_fork_sth_proof_n12000_pg0p05_a0p1_ff0p05_s48013_drop0_pc0p02_pgc0p02,0.02
permanent_fork,sth_proof,12000,6.0,5.0,0.05,0.1,0.05,3.0,True,35.0,35.0,0.0,0.0,,,,,33918.0,,,,5.826757998786092,5.826757998786092,35.0,0.0005057949651724039,35,35,48014,0.02,0.02,0.0,True,0.2,0.08,800,10,0.0,0.0,0.0,0.9433908462524414,C:/Users/efasllija/dev/gossip-poc/out_nb_incremental_clean0104/scenario_mixing_sweep/mix_0p02/permanent_fork_sth_proof_n12000_pg0p05_a0p1_ff0p05_s48014_drop0_pc0p02_pgc0p02,0.02
permanent_fork,sth_proof,12000,6.0,5.0,0.003,0.2,0.05,3.0,True,40.0,40.0,0.0,0.0,,,,,32886.0,,,,0.49943506229379775,0.49943506229379775,4.0,6.026002199490803e-05,4,4,48000,0.02,0.02,0.0,True,0.2,0.08,800,10,0.0,0.0,0.0,0.9348831176757812,C:/Users/efasllija/dev/gossip-poc/out_nb_incremental_clean0104/scenario_mixing_sweep/mix_0p02/permanent_fork_sth_proof_n12000_pg0p003_a0p2_ff0p05_s48000_drop0_pc0p02_pgc0p02,0.02
permanent_fork,sth_proof,12000,6.0,5.0,0.003,0.2,0.05,3.0,True,0.0,0.0,0.0,0.0,,,,,26628.0,,,,0.4602647005499486,0.4602647005499486,1.0,1.5108478878346528e-05,1,1,48001,0.02,0.02,0.0,True,0.2,0.08,800,10,0.0,0.0,0.0,0.9571833610534668,C:/Users/efasllija/dev/gossip-poc/out_nb_incremental_clean0104/scenario_mixing_sweep/mix_0p02/permanent_fork_sth_proof_n12000_pg0p003_a0p2_ff0p05_s48001_drop0_pc0p02_pgc0p02,0.02
permanent_fork,sth_proof,12000,6.0,5.0,0.003,0.2,0.05,3.0,True,0.0,0.0,0.0,0.0,,,,,26748.0,,,,1.03632048547481,1.03632048547481,17.0,0.0002553549433712861,17,17,48002,0.02,0.02,0.0,True,0.2,0.08,800,10,0.0,0.0,0.0,0.9361920356750488,C:/Users/efasllija/dev/gossip-poc/out_nb_incremental_clean0104/scenario_mixing_sweep/mix_0p02/permanent_fork_sth_proof_n12000_pg0p003_a0p2_ff0p05_s48002_drop0_pc0p02_pgc0p02,0.02
permanent_fork,sth_proof,12000,6.0,5.0,0.003,0.2,0.05,3.0,False,,,0.0,0.0,,,,,,,,,0.22172729522395446,0.22172729522395446,0.0,0.0,0,0,48003,0.02,0.02,0.0,True,0.2,0.08,800,10,0.0,0.0,0.0,0.8996915817260742,C:/Users/efasllija/dev/gossip-poc/out_nb_incremental_clean0104/scenario_mixing_sweep/mix_0p02/permanent_fork_sth_proof_n12000_pg0p003_a0p2_ff0p05_s48003_drop0_pc0p02_pgc0p02,0.02
permanent_fork,sth_proof,12000,6.0,5.0,0.003,0.2,0.05,3.0,True,100.0,100.0,0.0,0.0,,,,,42930.0,,,,1.1167370339788432,1.1167370339788432,3.0,4.6738436131927026e-05,3,3,48004,0.02,0.02,0.0,True,0.2,0.08,800,10,0.0,0.0,0.0,0.9499163627624512,C:/Users/efasllija/dev/gossip-poc/out_nb_incremental_clean0104/scenario_mixing_sweep/mix_0p02/permanent_fork_sth_proof_n12000_pg0p003_a0p2_ff0p05_s48004_drop0_pc0p02_pgc0p02,0.02
permanent_fork,sth_proof,12000,6.0,5.0,0.003,0.2,0.05,3.0,True,135.0,135.0,0.0,0.0,,,,,54110.0,,,,0.29198637238927566,0.29198637238927566,1.0,1.4812620352540365e-05,1,1,48005,0.02,0.02,0.0,True,0.2,0.08,800,10,0.0,0.0,0.0,0.9270761013031006,C:/Users/efasllija/dev/gossip-poc/out_nb_incremental_clean0104/scenario_mixing_sweep/mix_0p02/permanent_fork_sth_proof_n12000_pg0p003_a0p2_ff0p05_s48005_drop0_pc0p02_pgc0p02,0.02
permanent_fork,sth_proof,12000,6.0,5.0,0.003,0.2,0.05,3.0,True,20.0,20.0,0.0,0.0,,,,,28369.0,,,,0.30284221846673837,0.30284221846673837,2.0,3.0726686126901216e-05,2,2,48006,0.02,0.02,0.0,True,0.2,0.08,800,10,0.0,0.0,0.0,0.8940999507904053,C:/Users/efasllija/dev/gossip-poc/out_nb_incremental_clean0104/scenario_mixing_sweep/mix_0p02/permanent_fork_sth_proof_n12000_pg0p003_a0p2_ff0p05_s48006_drop0_pc0p02_pgc0p02,0.02
permanent_fork,sth_proof,12000,6.0,5.0,0.003,0.2,0.05,3.0,True,15.0,15.0,0.0,0.0,,,,,28440.0,,,,0.5768572460468256,0.5768572460468256,19.0,0.0002983527786065355,19,19,48007,0.02,0.02,0.0,True,0.2,0.08,800,10,0.0,0.0,0.0,0.9272491931915283,C:/Users/efasllija/dev/gossip-poc/out_nb_incremental_clean0104/scenario_mixing_sweep/mix_0p02/permanent_fork_sth_proof_n12000_pg0p003_a0p2_ff0p05_s48007_drop0_pc0p02_pgc0p02,0.02
permanent_fork,sth_proof,12000,6.0,5.0,0.003,0.2,0.05,3.0,True,45.0,45.0,0.0,0.0,,,,,33339.0,,,,0.27344584490493484,0.27344584490493484,2.0,3.051850947599719e-05,2,2,48008,0.02,0.02,0.0,True,0.2,0.08,800,10,0.0,0.0,0.0,0.9121997356414795,C:/Users/efasllija/dev/gossip-poc/out_nb_incremental_clean0104/scenario_mixing_sweep/mix_0p02/permanent_fork_sth_proof_n12000_pg0p003_a0p2_ff0p05_s48008_drop0_pc0p02_pgc0p02,0.02
permanent_fork,sth_proof,12000,6.0,5.0,0.003,0.2,0.05,3.0,True,125.0,125.0,0.0,0.0,,,,,50678.0,,,,0.48560761170661204,0.48560761170661204,2.0,3.0109598940142117e-05,2,2,48009,0.02,0.02,0.0,True,0.2,0.08,800,10,0.0,0.0,0.0,0.9375889301300049,C:/Users/efasllija/dev/gossip-poc/out_nb_incremental_clean0104/scenario_mixing_sweep/mix_0p02/permanent_fork_sth_proof_n12000_pg0p003_a0p2_ff0p05_s48009_drop0_pc0p02_pgc0p02,0.02
permanent_fork,sth_proof,12000,6.0,5.0,0.003,0.2,0.05,3.0,True,10.0,10.0,0.0,0.0,,,,,28524.0,,,,0.5963350243296407,0.5963350243296407,2.0,2.9580110333811547e-05,2,2,48010,0.02,0.02,0.0,True,0.2,0.08,800,10,0.0,0.0,0.0,0.9297478199005127,C:/Users/efasllija/dev/gossip-poc/out_nb_incremental_clean0104/scenario_mixing_sweep/mix_0p02/permanent_fork_sth_proof_n12000_pg0p003_a0p2_ff0p05_s48010_drop0_pc0p02_pgc0p02,0.02
permanent_fork,sth_proof,12000,6.0,5.0,0.003,0.2,0.05,3.0,True,170.0,170.0,0.0,0.0,,,,,63307.0,,,,0.33175457813295484,0.33175457813295484,1.0,1.5427575247998273e-05,1,1,48011,0.02,0.02,0.0,True,0.2,0.08,800,10,0.0,0.0,0.0,0.9155881404876709,C:/Users/efasllija/dev/gossip-poc/out_nb_incremental_clean0104/scenario_mixing_sweep/mix_0p02/permanent_fork_sth_proof_n12000_pg0p003_a0p2_ff0p05_s48011_drop0_pc0p02_pgc0p02,0.02
permanent_fork,sth_proof,12000,6.0,5.0,0.003,0.2,0.05,3.0,True,20.0,20.0,0.0,0.0,,,,,28749.0,,,,0.5426685240142936,0.5426685240142936,1.0,1.5141420870934528e-05,1,1,48012,0.02,0.02,0.0,True,0.2,0.08,800,10,0.0,0.0,0.0,0.9310860633850098,C:/Users/efasllija/dev/gossip-poc/out_nb_incremental_clean0104/scenario_mixing_sweep/mix_0p02/permanent_fork_sth_proof_n12000_pg0p003_a0p2_ff0p05_s48012_drop0_pc0p02_pgc0p02,0.02
permanent_fork,sth_proof,12000,6.0,5.0,0.003,0.2,0.05,3.0,True,35.0,35.0,0.0,0.0,,,,,33765.0,,,,0.868995312339275,0.868995312339275,2.0,2.93897224140718e-05,2,2,48013,0.02,0.02,0.0,True,0.2,0.08,800,10,0.0,0.0,0.0,0.9312958717346191,C:/Users/efasllija/dev/gossip-poc/out_nb_incremental_clean0104/scenario_mixing_sweep/mix_0p02/permanent_fork_sth_proof_n12000_pg0p003_a0p2_ff0p05_s48013_drop0_pc0p02_pgc0p02,0.02
permanent_fork,sth_proof,12000,6.0,5.0,0.003,0.2,0.05,3.0,True,55.0,55.0,0.0,0.0,,,,,37174.0,,,,0.3383587509077705,0.3383587509077705,3.0,4.3572984749455335e-05,3,3,48014,0.02,0.02,0.0,True,0.2,0.08,800,10,0.0,0.0,0.0,0.9302008152008057,C:/Users/efasllija/dev/gossip-poc/out_nb_incremental_clean0104/scenario_mixing_sweep/mix_0p02/permanent_fork_sth_proof_n12000_pg0p003_a0p2_ff0p05_s48014_drop0_pc0p02_pgc0p02,0.02
permanent_fork,sth_proof,12000,6.0,5.0,0.005,0.2,0.05,3.0,True,40.0,40.0,0.0,0.0,,,,,32886.0,,,,0.9043824100995796,0.9043824100995796,5.0,7.532502749363504e-05,5,5,48000,0.02,0.02,0.0,True,0.2,0.08,800,10,0.0,0.0,0.0,0.9596512317657471,C:/Users/efasllija/dev/gossip-poc/out_nb_incremental_clean0104/scenario_mixing_sweep/mix_0p02/permanent_fork_sth_proof_n12000_pg0p005_a0p2_ff0p05_s48000_drop0_pc0p02_pgc0p02,0.02
permanent_fork,sth_proof,12000,6.0,5.0,0.005,0.2,0.05,3.0,True,0.0,0.0,0.0,0.0,,,,,26628.0,,,,0.8799178098749018,0.8799178098749018,3.0,4.5325436635039584e-05,3,3,48001,0.02,0.02,0.0,True,0.2,0.08,800,10,0.0,0.0,0.0,0.9546265602111816,C:/Users/efasllija/dev/gossip-poc/out_nb_incremental_clean0104/scenario_mixing_sweep/mix_0p02/permanent_fork_sth_proof_n12000_pg0p005_a0p2_ff0p05_s48001_drop0_pc0p02_pgc0p02,0.02
permanent_fork,sth_proof,12000,6.0,5.0,0.005,0.2,0.05,3.0,True,0.0,0.0,0.0,0.0,,,,,26748.0,,,,1.5477513744104305,1.5477513744104305,21.0,0.00031543845945864753,21,21,48002,0.02,0.02,0.0,True,0.2,0.08,800,10,0.0,0.0,0.0,0.9448556900024414,C:/Users/efasllija/dev/gossip-poc/out_nb_incremental_clean0104/scenario_mixing_sweep/mix_0p02/permanent_fork_sth_proof_n12000_pg0p005_a0p2_ff0p05_s48002_drop0_pc0p02_pgc0p02,0.02
permanent_fork,sth_proof,12000,6.0,5.0,0.005,0.2,0.05,3.0,True,25.0,25.0,0.0,0.0,,,,,29365.0,,,,0.3880227666419203,0.3880227666419203,1.0,1.546646869586736e-05,1,1,48003,0.02,0.02,0.0,True,0.2,0.08,800,10,0.0,0.0,0.0,0.92655348777771,C:/Users/efasllija/dev/gossip-poc/out_nb_incremental_clean0104/scenario_mixing_sweep/mix_0p02/permanent_fork_sth_proof_n12000_pg0p005_a0p2_ff0p05_s48003_drop0_pc0p02_pgc0p02,0.02
permanent_fork,sth_proof,12000,6.0,5.0,0.005,0.2,0.05,3.0,True,100.0,100.0,0.0,0.0,,,,,42930.0,,,,1.7449016155919423,1.7449016155919423,3.0,4.6738436131927026e-05,3,3,48004,0.02,0.02,0.0,True,0.2,0.08,800,10,0.0,0.0,0.0,0.9334015846252441,C:/Users/efasllija/dev/gossip-poc/out_nb_incremental_clean0104/scenario_mixing_sweep/mix_0p02/permanent_fork_sth_proof_n12000_pg0p005_a0p2_ff0p05_s48004_drop0_pc0p02_pgc0p02,0.02
permanent_fork,sth_proof,12000,6.0,5.0,0.005,0.2,0.05,3.0,True,135.0,135.0,0.0,0.0,,,,,54110.0,,,,0.5441564212709228,0.5441564212709228,1.0,1.4812620352540365e-05,1,1,48005,0.02,0.02,0.0,True,0.2,0.08,800,10,0.0,0.0,0.0,0.9480507373809814,C:/Users/efasllija/dev/gossip-poc/out_nb_incremental_clean0104/scenario_mixing_sweep/mix_0p02/permanent_fork_sth_proof_n12000_pg0p005_a0p2_ff0p05_s48005_drop0_pc0p02_pgc0p02,0.02
permanent_fork,sth_proof,12000,6.0,5.0,0.005,0.2,0.05,3.0,True,20.0,20.0,0.0,0.0,,,,,28369.0,,,,0.49555999385466276,0.49555999385466276,2.0,3.0726686126901216e-05,2,2,48006,0.02,0.02,0.0,True,0.2,0.08,800,10,0.0,0.0,0.0,0.9329795837402344,C:/Users/efasllija/dev/gossip-poc/out_nb_incremental_clean0104/scenario_mixing_sweep/mix_0p02/permanent_fork_sth_proof_n12000_pg0p005_a0p2_ff0p05_s48006_drop0_pc0p02_pgc0p02,0.02
permanent_fork,sth_proof,12000,6.0,5.0,0.005,0.2,0.05,3.0,True,10.0,10.0,0.0,0.0,,,,,27785.0,,,,0.8863904024621956,0.8863904024621956,22.0,0.0003454611120707253,22,22,48007,0.02,0.02,0.0,True,0.2,0.08,800,10,0.0,0.0,0.0,0.9063074588775635,C:/Users/efasllija/dev/gossip-poc/out_nb_incremental_clean0104/scenario_mixing_sweep/mix_0p02/permanent_fork_sth_proof_n12000_pg0p005_a0p2_ff0p05_s48007_drop0_pc0p02_pgc0p02,0.02
permanent_fork,sth_proof,12000,6.0,5.0,0.005,0.2,0.05,3.0,True,45.0,45.0,0.0,0.0,,,,,33339.0,,,,0.36915189062166204,0.36915189062166204,2.0,3.051850947599719e-05,2,2,48008,0.02,0.02,0.0,True,0.2,0.08,800,10,0.0,0.0,0.0,0.9071857929229736,C:/Users/efasllija/dev/gossip-poc/out_nb_incremental_clean0104/scenario_mixing_sweep/mix_0p02/permanent_fork_sth_proof_n12000_pg0p005_a0p2_ff0p05_s48008_drop0_pc0p02_pgc0p02,0.02
permanent_fork,sth_proof,12000,6.0,5.0,0.005,0.2,0.05,3.0,True,10.0,10.0,0.0,0.0,,,,,28474.0,,,,0.6744550162591835,0.6744550162591835,3.0,4.5164398410213176e-05,3,3,48009,0.02,0.02,0.0,True,0.2,0.08,800,10,0.0,0.0,0.0,0.9002232551574707,C:/Users/efasllija/dev/gossip-poc/out_nb_incremental_clean0104/scenario_mixing_sweep/mix_0p02/permanent_fork_sth_proof_n12000_pg0p005_a0p2_ff0p05_s48009_drop0_pc0p02_pgc0p02,0.02
permanent_fork,sth_proof,12000,6.0,5.0,0.005,0.2,0.05,3.0,True,10.0,10.0,0.0,0.0,,,,,28524.0,,,,1.1661662698001865,1.1661662698001865,2.0,2.9580110333811547e-05,2,2,48010,0.02,0.02,0.0,True,0.2,0.08,800,10,0.0,0.0,0.0,0.9009084701538086,C:/Users/efasllija/dev/gossip-poc/out_nb_incremental_clean0104/scenario_mixing_sweep/mix_0p02/permanent_fork_sth_proof_n12000_pg0p005_a0p2_ff0p05_s48010_drop0_pc0p02_pgc0p02,0.02
permanent_fork,sth_proof,12000,6.0,5.0,0.005,0.2,0.05,3.0,True,135.0,135.0,0.0,0.0,,,,,52631.0,,,,0.4285163300884,0.4285163300884,2.0,3.0855150495996546e-05,2,2,48011,0.02,0.02,0.0,True,0.2,0.08,800,10,0.0,0.0,0.0,0.9241609573364258,C:/Users/efasllija/dev/gossip-poc/out_nb_incremental_clean0104/scenario_mixing_sweep/mix_0p02/permanent_fork_sth_proof_n12000_pg0p005_a0p2_ff0p05_s48011_drop0_pc0p02_pgc0p02,0.02
permanent_fork,sth_proof,12000,6.0,5.0,0.005,0.2,0.05,3.0,True,20.0,20.0,0.0,0.0,,,,,28749.0,,,,0.9768033432257283,0.9768033432257283,3.0,4.5424262612803584e-05,3,3,48012,0.02,0.02,0.0,True,0.2,0.08,800,10,0.0,0.0,0.0,0.9398610591888428,C:/Users/efasllija/dev/gossip-poc/out_nb_incremental_clean0104/scenario_mixing_sweep/mix_0p02/permanent_fork_sth_proof_n12000_pg0p005_a0p2_ff0p05_s48012_drop0_pc0p02_pgc0p02,0.02
permanent_fork,sth_proof,12000,6.0,5.0,0.005,0.2,0.05,3.0,True,35.0,35.0,0.0,0.0,,,,,33765.0,,,,1.198160203376879,1.198160203376879,2.0,2.93897224140718e-05,2,2,48013,0.02,0.02,0.0,True,0.2,0.08,800,10,0.0,0.0,0.0,0.9391200542449951,C:/Users/efasllija/dev/gossip-poc/out_nb_incremental_clean0104/scenario_mixing_sweep/mix_0p02/permanent_fork_sth_proof_n12000_pg0p005_a0p2_ff0p05_s48013_drop0_pc0p02_pgc0p02,0.02
permanent_fork,sth_proof,12000,6.0,5.0,0.005,0.2,0.05,3.0,True,40.0,40.0,0.0,0.0,,,,,34390.0,,,,0.8979520697167755,0.8979520697167755,6.0,8.714596949891067e-05,6,6,48014,0.02,0.02,0.0,True,0.2,0.08,800,10,0.0,0.0,0.0,1.0446155071258545,C:/Users/efasllija/dev/gossip-poc/out_nb_incremental_clean0104/scenario_mixing_sweep/mix_0p02/permanent_fork_sth_proof_n12000_pg0p005_a0p2_ff0p05_s48014_drop0_pc0p02_pgc0p02,0.02
permanent_fork,sth_proof,12000,6.0,5.0,0.007,0.2,0.05,3.0,True,40.0,40.0,0.0,0.0,,,,,32886.0,,,,1.1608490637099083,1.1608490637099083,5.0,7.532502749363504e-05,5,5,48000,0.02,0.02,0.0,True,0.2,0.08,800,10,0.0,0.0,0.0,0.9582386016845703,C:/Users/efasllija/dev/gossip-poc/out_nb_incremental_clean0104/scenario_mixing_sweep/mix_0p02/permanent_fork_sth_proof_n12000_pg0p007_a0p2_ff0p05_s48000_drop0_pc0p02_pgc0p02,0.02
permanent_fork,sth_proof,12000,6.0,5.0,0.007,0.2,0.05,3.0,True,0.0,0.0,0.0,0.0,,,,,26628.0,,,,1.082975765999879,1.082975765999879,4.0,6.043391551338611e-05,4,4,48001,0.02,0.02,0.0,True,0.2,0.08,800,10,0.0,0.0,0.0,0.9291665554046631,C:/Users/efasllija/dev/gossip-poc/out_nb_incremental_clean0104/scenario_mixing_sweep/mix_0p02/permanent_fork_sth_proof_n12000_pg0p007_a0p2_ff0p05_s48001_drop0_pc0p02_pgc0p02,0.02
permanent_fork,sth_proof,12000,6.0,5.0,0.007,0.2,0.05,3.0,True,0.0,0.0,0.0,0.0,,,,,26748.0,,,,1.736173280860396,1.736173280860396,21.0,0.00031543845945864753,21,21,48002,0.02,0.02,0.0,True,0.2,0.08,800,10,0.0,0.0,0.0,0.9409551620483398,C:/Users/efasllija/dev/gossip-poc/out_nb_incremental_clean0104/scenario_mixing_sweep/mix_0p02/permanent_fork_sth_proof_n12000_pg0p007_a0p2_ff0p05_s48002_drop0_pc0p02_pgc0p02,0.02
permanent_fork,sth_proof,12000,6.0,5.0,0.007,0.2,0.05,3.0,True,25.0,25.0,0.0,0.0,,,,,29365.0,,,,0.7899034892353378,0.7899034892353378,1.0,1.546646869586736e-05,1,1,48003,0.02,0.02,0.0,True,0.2,0.08,800,10,0.0,0.0,0.0,0.9100949764251709,C:/Users/efasllija/dev/gossip-poc/out_nb_incremental_clean0104/scenario_mixing_sweep/mix_0p02/permanent_fork_sth_proof_n12000_pg0p007_a0p2_ff0p05_s48003_drop0_pc0p02_pgc0p02,0.02
permanent_fork,sth_proof,12000,6.0,5.0,0.007,0.2,0.05,3.0,True,100.0,100.0,0.0,0.0,,,,,42930.0,,,,2.0101266611619177,2.0101266611619177,4.0,6.231791484256937e-05,4,4,48004,0.02,0.02,0.0,True,0.2,0.08,800,10,0.0,0.0,0.0,0.924835205078125,C:/Users/efasllija/dev/gossip-poc/out_nb_incremental_clean0104/scenario_mixing_sweep/mix_0p02/permanent_fork_sth_proof_n12000_pg0p007_a0p2_ff0p05_s48004_drop0_pc0p02_pgc0p02,0.02
permanent_fork,sth_proof,12000,6.0,5.0,0.007,0.2,0.05,3.0,True,135.0,135.0,0.0,0.0,,,,,54110.0,,,,0.637061176122056,0.637061176122056,1.0,1.4812620352540365e-05,1,1,48005,0.02,0.02,0.0,True,0.2,0.08,800,10,0.0,0.0,0.0,0.9591350555419922,C:/Users/efasllija/dev/gossip-poc/out_nb_incremental_clean0104/scenario_mixing_sweep/mix_0p02/permanent_fork_sth_proof_n12000_pg0p007_a0p2_ff0p05_s48005_drop0_pc0p02_pgc0p02,0.02
permanent_fork,sth_proof,12000,6.0,5.0,0.007,0.2,0.05,3.0,True,20.0,20.0,0.0,0.0,,,,,28369.0,,,,1.0048855430941772,1.0048855430941772,12.0,0.0001843601167614073,12,12,48006,0.02,0.02,0.0,True,0.2,0.08,800,10,0.0,0.0,0.0,1.0098612308502197,C:/Users/efasllija/dev/gossip-poc/out_nb_incremental_clean0104/scenario_mixing_sweep/mix_0p02/permanent_fork_sth_proof_n12000_pg0p007_a0p2_ff0p05_s48006_drop0_pc0p02_pgc0p02,0.02
permanent_fork,sth_proof,12000,6.0,5.0,0.007,0.2,0.05,3.0,True,10.0,10.0,0.0,0.0,,,,,27785.0,,,,1.1115054253097374,1.1115054253097374,22.0,0.0003454611120707253,22,22,48007,0.02,0.02,0.0,True,0.2,0.08,800,10,0.0,0.0,0.0,0.9475307464599609,C:/Users/efasllija/dev/gossip-poc/out_nb_incremental_clean0104/scenario_mixing_sweep/mix_0p02/permanent_fork_sth_proof_n12000_pg0p007_a0p2_ff0p05_s48007_drop0_pc0p02_pgc0p02,0.02
permanent_fork,sth_proof,12000,6.0,5.0,0.007,0.2,0.05,3.0,True,45.0,45.0,0.0,0.0,,,,,33339.0,,,,0.6699423200170904,0.6699423200170904,3.0,4.577776421399579e-05,3,3,48008,0.02,0.02,0.0,True,0.2,0.08,800,10,0.0,0.0,0.0,0.9537551403045654,C:/Users/efasllija/dev/gossip-poc/out_nb_incremental_clean0104/scenario_mixing_sweep/mix_0p02/permanent_fork_sth_proof_n12000_pg0p007_a0p2_ff0p05_s48008_drop0_pc0p02_pgc0p02,0.02
permanent_fork,sth_proof,12000,6.0,5.0,0.007,0.2,0.05,3.0,True,10.0,10.0,0.0,0.0,,,,,28474.0,,,,1.1330844273154281,1.1330844273154281,4.0,6.0219197880284235e-05,4,4,48009,0.02,0.02,0.0,True,0.2,0.08,800,10,0.0,0.0,0.0,0.9183263778686523,C:/Users/efasllija/dev/gossip-poc/out_nb_incremental_clean0104/scenario_mixing_sweep/mix_0p02/permanent_fork_sth_proof_n12000_pg0p007_a0p2_ff0p05_s48009_drop0_pc0p02_pgc0p02,0.02
permanent_fork,sth_proof,12000,6.0,5.0,0.007,0.2,0.05,3.0,True,10.0,10.0,0.0,0.0,,,,,28524.0,,,,1.4179521689615902,1.4179521689615902,3.0,4.4370165500717315e-05,3,3,48010,0.02,0.02,0.0,True,0.2,0.08,800,10,0.0,0.0,0.0,0.9206595420837402,C:/Users/efasllija/dev/gossip-poc/out_nb_incremental_clean0104/scenario_mixing_sweep/mix_0p02/permanent_fork_sth_proof_n12000_pg0p007_a0p2_ff0p05_s48010_drop0_pc0p02_pgc0p02,0.02
permanent_fork,sth_proof,12000,6.0,5.0,0.007,0.2,0.05,3.0,True,135.0,135.0,0.0,0.0,,,,,52631.0,,,,0.5805705117326709,0.5805705117326709,2.0,3.0855150495996546e-05,2,2,48011,0.02,0.02,0.0,True,0.2,0.08,800,10,0.0,0.0,0.0,0.9128179550170898,C:/Users/efasllija/dev/gossip-poc/out_nb_incremental_clean0104/scenario_mixing_sweep/mix_0p02/permanent_fork_sth_proof_n12000_pg0p007_a0p2_ff0p05_s48011_drop0_pc0p02_pgc0p02,0.02
permanent_fork,sth_proof,12000,6.0,5.0,0.007,0.2,0.05,3.0,True,20.0,20.0,0.0,0.0,,,,,28749.0,,,,1.5330385803403792,1.5330385803403792,6.0,9.084852522560717e-05,6,6,48012,0.02,0.02,0.0,True,0.2,0.08,800,10,0.0,0.0,0.0,0.9306426048278809,C:/Users/efasllija/dev/gossip-poc/out_nb_incremental_clean0104/scenario_mixing_sweep/mix_0p02/permanent_fork_sth_proof_n12000_pg0p007_a0p2_ff0p05_s48012_drop0_pc0p02_pgc0p02,0.02
permanent_fork,sth_proof,12000,6.0,5.0,0.007,0.2,0.05,3.0,True,35.0,35.0,0.0,0.0,,,,,33765.0,,,,1.4483255205654582,1.4483255205654582,2.0,2.93897224140718e-05,2,2,48013,0.02,0.02,0.0,True,0.2,0.08,800,10,0.0,0.0,0.0,0.9284188747406006,C:/Users/efasllija/dev/gossip-poc/out_nb_incremental_clean0104/scenario_mixing_sweep/mix_0p02/permanent_fork_sth_proof_n12000_pg0p007_a0p2_ff0p05_s48013_drop0_pc0p02_pgc0p02,0.02
permanent_fork,sth_proof,12000,6.0,5.0,0.007,0.2,0.05,3.0,True,40.0,40.0,0.0,0.0,,,,,34390.0,,,,1.275352214960058,1.275352214960058,6.0,8.714596949891067e-05,6,6,48014,0.02,0.02,0.0,True,0.2,0.08,800,10,0.0,0.0,0.0,0.9449427127838135,C:/Users/efasllija/dev/gossip-poc/out_nb_incremental_clean0104/scenario_mixing_sweep/mix_0p02/permanent_fork_sth_proof_n12000_pg0p007_a0p2_ff0p05_s48014_drop0_pc0p02_pgc0p02,0.02
permanent_fork,sth_proof,12000,6.0,5.0,0.01,0.2,0.05,3.0,True,40.0,40.0,0.0,0.0,,,,,32886.0,,,,1.6062911462962683,1.6062911462962683,6.0,9.039003299236204e-05,6,6,48000,0.02,0.02,0.0,True,0.2,0.08,800,10,0.0,0.0,0.0,0.9213886260986328,C:/Users/efasllija/dev/gossip-poc/out_nb_incremental_clean0104/scenario_mixing_sweep/mix_0p02/permanent_fork_sth_proof_n12000_pg0p01_a0p2_ff0p05_s48000_drop0_pc0p02_pgc0p02,0.02
permanent_fork,sth_proof,12000,6.0,5.0,0.01,0.2,0.05,3.0,True,0.0,0.0,0.0,0.0,,,,,26628.0,,,,1.3131081162748535,1.3131081162748535,5.0,7.554239439173264e-05,5,5,48001,0.02,0.02,0.0,True,0.2,0.08,800,10,0.0,0.0,0.0,0.9165098667144775,C:/Users/efasllija/dev/gossip-poc/out_nb_incremental_clean0104/scenario_mixing_sweep/mix_0p02/permanent_fork_sth_proof_n12000_pg0p01_a0p2_ff0p05_s48001_drop0_pc0p02_pgc0p02,0.02
permanent_fork,sth_proof,12000,6.0,5.0,0.01,0.2,0.05,3.0,True,0.0,0.0,0.0,0.0,,,,,26748.0,,,,2.2745215850031544,2.2745215850031544,22.0,0.0003304593384804879,22,22,48002,0.02,0.02,0.0,True,0.2,0.08,800,10,0.0,0.0,0.0,0.9320683479309082,C:/Users/efasllija/dev/gossip-poc/out_nb_incremental_clean0104/scenario_mixing_sweep/mix_0p02/permanent_fork_sth_proof_n12000_pg0p01_a0p2_ff0p05_s48002_drop0_pc0p02_pgc0p02,0.02
permanent_fork,sth_proof,12000,6.0,5.0,0.01,0.2,0.05,3.0,True,25.0,25.0,0.0,0.0,,,,,29365.0,,,,1.0670626082652808,1.0670626082652808,1.0,1.546646869586736e-05,1,1,48003,0.02,0.02,0.0,True,0.2,0.08,800,10,0.0,0.0,0.0,0.9440147876739502,C:/Users/efasllija/dev/gossip-poc/out_nb_incremental_clean0104/scenario_mixing_sweep/mix_0p02/permanent_fork_sth_proof_n12000_pg0p01_a0p2_ff0p05_s48003_drop0_pc0p02_pgc0p02,0.02
permanent_fork,sth_proof,12000,6.0,5.0,0.01,0.2,0.05,3.0,True,100.0,100.0,0.0,0.0,,,,,42930.0,,,,2.3730661972050413,2.3730661972050413,5.0,7.789739355321171e-05,5,5,48004,0.02,0.02,0.0,True,0.2,0.08,800,10,0.0,0.0,0.0,0.9114339351654053,C:/Users/efasllija/dev/gossip-poc/out_nb_incremental_clean0104/scenario_mixing_sweep/mix_0p02/permanent_fork_sth_proof_n12000_pg0p01_a0p2_ff0p05_s48004_drop0_pc0p02_pgc0p02,0.02
permanent_fork,sth_proof,12000,6.0,5.0,0.01,0.2,0.05,3.0,True,125.0,125.0,0.0,0.0,,,,,51356.0,,,,1.3404828914234928,1.3404828914234928,3.0,4.4437861057621094e-05,3,3,48005,0.02,0.02,0.0,True,0.2,0.08,800,10,0.0,0.0,0.0,0.9208829402923584,C:/Users/efasllija/dev/gossip-poc/out_nb_incremental_clean0104/scenario_mixing_sweep/mix_0p02/permanent_fork_sth_proof_n12000_pg0p01_a0p2_ff0p05_s48005_drop0_pc0p02_pgc0p02,0.02
permanent_fork,sth_proof,12000,6.0,5.0,0.01,0.2,0.05,3.0,True,20.0,20.0,0.0,0.0,,,,,28369.0,,,,1.1838377630972499,1.1838377630972499,13.0,0.0001997234598248579,13,13,48006,0.02,0.02,0.0,True,0.2,0.08,800,10,0.0,0.0,0.0,0.916067361831665,C:/Users/efasllija/dev/gossip-poc/out_nb_incremental_clean0104/scenario_mixing_sweep/mix_0p02/permanent_fork_sth_proof_n12000_pg0p01_a0p2_ff0p05_s48006_drop0_pc0p02_pgc0p02,0.02
permanent_fork,sth_proof,12000,6.0,5.0,0.01,0.2,0.05,3.0,True,10.0,10.0,0.0,0.0,,,,,27785.0,,,,1.7024323602845344,1.7024323602845344,24.0,0.00037686666771351854,24,24,48007,0.02,0.02,0.0,True,0.2,0.08,800,10,0.0,0.0,0.0,0.894493579864502,C:/Users/efasllija/dev/gossip-poc/out_nb_incremental_clean0104/scenario_mixing_sweep/mix_0p02/permanent_fork_sth_proof_n12000_pg0p01_a0p2_ff0p05_s48007_drop0_pc0p02_pgc0p02,0.02
permanent_fork,sth_proof,12000,6.0,5.0,0.01,0.2,0.05,3.0,True,20.0,20.0,0.0,0.0,,,,,28817.0,,,,1.1894894253364665,1.1894894253364665,4.0,6.103701895199438e-05,4,4,48008,0.02,0.02,0.0,True,0.2,0.08,800,10,0.0,0.0,0.0,0.9017183780670166,C:/Users/efasllija/dev/gossip-poc/out_nb_incremental_clean0104/scenario_mixing_sweep/mix_0p02/permanent_fork_sth_proof_n12000_pg0p01_a0p2_ff0p05_s48008_drop0_pc0p02_pgc0p02,0.02
permanent_fork,sth_proof,12000,6.0,5.0,0.01,0.2,0.05,3.0,True,10.0,10.0,0.0,0.0,,,,,28474.0,,,,1.9424304468264482,1.9424304468264482,5.0,7.52739973503553e-05,5,5,48009,0.02,0.02,0.0,True,0.2,0.08,800,10,0.0,0.0,0.0,0.9517302513122559,C:/Users/efasllija/dev/gossip-poc/out_nb_incremental_clean0104/scenario_mixing_sweep/mix_0p02/permanent_fork_sth_proof_n12000_pg0p01_a0p2_ff0p05_s48009_drop0_pc0p02_pgc0p02,0.02
permanent_fork,sth_proof,12000,6.0,5.0,0.01,0.2,0.05,3.0,True,10.0,10.0,0.0,0.0,,,,,28524.0,,,,1.8420126307071125,1.8420126307071125,5.0,7.395027583452886e-05,5,5,48010,0.02,0.02,0.0,True,0.2,0.08,800,10,0.0,0.0,0.0,0.9400546550750732,C:/Users/efasllija/dev/gossip-poc/out_nb_incremental_clean0104/scenario_mixing_sweep/mix_0p02/permanent_fork_sth_proof_n12000_pg0p01_a0p2_ff0p05_s48010_drop0_pc0p02_pgc0p02,0.02
permanent_fork,sth_proof,12000,6.0,5.0,0.01,0.2,0.05,3.0,True,20.0,20.0,0.0,0.0,,,,,29050.0,,,,1.4928956015982968,1.4928956015982968,4.0,6.171030099199309e-05,4,4,48011,0.02,0.02,0.0,True,0.2,0.08,800,10,0.0,0.0,0.0,0.9210853576660156,C:/Users/efasllija/dev/gossip-poc/out_nb_incremental_clean0104/scenario_mixing_sweep/mix_0p02/permanent_fork_sth_proof_n12000_pg0p01_a0p2_ff0p05_s48011_drop0_pc0p02_pgc0p02,0.02
permanent_fork,sth_proof,12000,6.0,5.0,0.01,0.2,0.05,3.0,True,20.0,20.0,0.0,0.0,,,,,28749.0,,,,2.0214402519532433,2.0214402519532433,7.0,0.0001059899460965417,7,7,48012,0.02,0.02,0.0,True,0.2,0.08,800,10,0.0,0.0,0.0,0.9366250038146973,C:/Users/efasllija/dev/gossip-poc/out_nb_incremental_clean0104/scenario_mixing_sweep/mix_0p02/permanent_fork_sth_proof_n12000_pg0p01_a0p2_ff0p05_s48012_drop0_pc0p02_pgc0p02,0.02
permanent_fork,sth_proof,12000,6.0,5.0,0.01,0.2,0.05,3.0,True,35.0,35.0,0.0,0.0,,,,,33765.0,,,,1.9618227505841208,1.9618227505841208,3.0,4.40845836211077e-05,3,3,48013,0.02,0.02,0.0,True,0.2,0.08,800,10,0.0,0.0,0.0,0.9415409564971924,C:/Users/efasllija/dev/gossip-poc/out_nb_incremental_clean0104/scenario_mixing_sweep/mix_0p02/permanent_fork_sth_proof_n12000_pg0p01_a0p2_ff0p05_s48013_drop0_pc0p02_pgc0p02,0.02
permanent_fork,sth_proof,12000,6.0,5.0,0.01,0.2,0.05,3.0,True,40.0,40.0,0.0,0.0,,,,,34390.0,,,,1.8870007262164126,1.8870007262164126,6.0,8.714596949891067e-05,6,6,48014,0.02,0.02,0.0,True,0.2,0.08,800,10,0.0,0.0,0.0,0.9708318710327148,C:/Users/efasllija/dev/gossip-poc/out_nb_incremental_clean0104/scenario_mixing_sweep/mix_0p02/permanent_fork_sth_proof_n12000_pg0p01_a0p2_ff0p05_s48014_drop0_pc0p02_pgc0p02,0.02
permanent_fork,sth_proof,12000,6.0,5.0,0.015,0.2,0.05,3.0,True,40.0,40.0,0.0,0.0,,,,,32886.0,,,,2.8751261694210517,2.8751261694210517,10.0,0.00015065005498727008,10,10,48000,0.02,0.02,0.0,True,0.2,0.08,800,10,0.0,0.0,0.0,0.9148244857788086,C:/Users/efasllija/dev/gossip-poc/out_nb_incremental_clean0104/scenario_mixing_sweep/mix_0p02/permanent_fork_sth_proof_n12000_pg0p015_a0p2_ff0p05_s48000_drop0_pc0p02_pgc0p02,0.02
permanent_fork,sth_proof,12000,6.0,5.0,0.015,0.2,0.05,3.0,True,0.0,0.0,0.0,0.0,,,,,26628.0,,,,2.5856046413247116,2.5856046413247116,7.0,0.0001057593521484257,7,7,48001,0.02,0.02,0.0,True,0.2,0.08,800,10,0.0,0.0,0.0,0.9361333847045898,C:/Users/efasllija/dev/gossip-poc/out_nb_incremental_clean0104/scenario_mixing_sweep/mix_0p02/permanent_fork_sth_proof_n12000_pg0p015_a0p2_ff0p05_s48001_drop0_pc0p02_pgc0p02,0.02
permanent_fork,sth_proof,12000,6.0,5.0,0.015,0.2,0.05,3.0,True,0.0,0.0,0.0,0.0,,,,,26748.0,,,,3.418511731306516,3.418511731306516,26.0,0.00039054285456784933,26,26,48002,0.02,0.02,0.0,True,0.2,0.08,800,10,0.0,0.0,0.0,0.956291675567627,C:/Users/efasllija/dev/gossip-poc/out_nb_incremental_clean0104/scenario_mixing_sweep/mix_0p02/permanent_fork_sth_proof_n12000_pg0p015_a0p2_ff0p05_s48002_drop0_pc0p02_pgc0p02,0.02
permanent_fork,sth_proof,12000,6.0,5.0,0.015,0.2,0.05,3.0,True,25.0,25.0,0.0,0.0,,,,,29365.0,,,,1.89853996535511,1.89853996535511,2.0,3.093293739173472e-05,2,2,48003,0.02,0.02,0.0,True,0.2,0.08,800,10,0.0,0.0,0.0,0.9131743907928467,C:/Users/efasllija/dev/gossip-poc/out_nb_incremental_clean0104/scenario_mixing_sweep/mix_0p02/permanent_fork_sth_proof_n12000_pg0p015_a0p2_ff0p05_s48003_drop0_pc0p02_pgc0p02,0.02
permanent_fork,sth_proof,12000,6.0,5.0,0.015,0.2,0.05,3.0,True,45.0,45.0,0.0,0.0,,,,,32246.0,,,,3.266455824388116,3.266455824388116,8.0,0.00012463582968513874,8,8,48004,0.02,0.02,0.0,True,0.2,0.08,800,10,0.0,0.0,0.0,0.9329702854156494,C:/Users/efasllija/dev/gossip-poc/out_nb_incremental_clean0104/scenario_mixing_sweep/mix_0p02/permanent_fork_sth_proof_n12000_pg0p015_a0p2_ff0p05_s48004_drop0_pc0p02_pgc0p02,0.02
permanent_fork,sth_proof,12000,6.0,5.0,0.015,0.2,0.05,3.0,True,35.0,35.0,0.0,0.0,,,,,32306.0,,,,2.3358909791142053,2.3358909791142053,18.0,0.00026662716634572655,18,18,48005,0.02,0.02,0.0,True,0.2,0.08,800,10,0.0,0.0,0.0,0.9532358646392822,C:/Users/efasllija/dev/gossip-poc/out_nb_incremental_clean0104/scenario_mixing_sweep/mix_0p02/permanent_fork_sth_proof_n12000_pg0p015_a0p2_ff0p05_s48005_drop0_pc0p02_pgc0p02,0.02
permanent_fork,sth_proof,12000,6.0,5.0,0.015,0.2,0.05,3.0,True,20.0,20.0,0.0,0.0,,,,,28369.0,,,,1.8583499769549854,1.8583499769549854,14.0,0.00021508680288830848,14,14,48006,0.02,0.02,0.0,True,0.2,0.08,800,10,0.0,0.0,0.0,0.9169197082519531,C:/Users/efasllija/dev/gossip-poc/out_nb_incremental_clean0104/scenario_mixing_sweep/mix_0p02/permanent_fork_sth_proof_n12000_pg0p015_a0p2_ff0p05_s48006_drop0_pc0p02_pgc0p02,0.02
permanent_fork,sth_proof,12000,6.0,5.0,0.015,0.2,0.05,3.0,True,10.0,10.0,0.0,0.0,,,,,27785.0,,,,2.5747530738187585,2.5747530738187585,29.0,0.00045538055682050157,29,29,48007,0.02,0.02,0.0,True,0.2,0.08,800,10,0.0,0.0,0.0,0.9174094200134277,C:/Users/efasllija/dev/gossip-poc/out_nb_incremental_clean0104/scenario_mixing_sweep/mix_0p02/permanent_fork_sth_proof_n12000_pg0p015_a0p2_ff0p05_s48007_drop0_pc0p02_pgc0p02,0.02
permanent_fork,sth_proof,12000,6.0,5.0,0.015,0.2,0.05,3.0,True,15.0,15.0,0.0,0.0,,,,,27818.0,,,,2.0371715445417644,2.0371715445417644,15.0,0.00022888882106997894,15,15,48008,0.02,0.02,0.0,True,0.2,0.08,800,10,0.0,0.0,0.0,0.9356679916381836,C:/Users/efasllija/dev/gossip-poc/out_nb_incremental_clean0104/scenario_mixing_sweep/mix_0p02/permanent_fork_sth_proof_n12000_pg0p015_a0p2_ff0p05_s48008_drop0_pc0p02_pgc0p02,0.02
permanent_fork,sth_proof,12000,6.0,5.0,0.015,0.2,0.05,3.0,True,10.0,10.0,0.0,0.0,,,,,28474.0,,,,3.0350475731663256,3.0350475731663256,7.0,0.00010538359629049741,7,7,48009,0.02,0.02,0.0,True,0.2,0.08,800,10,0.0,0.0,0.0,0.9506065845489502,C:/Users/efasllija/dev/gossip-poc/out_nb_incremental_clean0104/scenario_mixing_sweep/mix_0p02/permanent_fork_sth_proof_n12000_pg0p015_a0p2_ff0p05_s48009_drop0_pc0p02_pgc0p02,0.02
permanent_fork,sth_proof,12000,6.0,5.0,0.015,0.2,0.05,3.0,True,10.0,10.0,0.0,0.0,,,,,28524.0,,,,2.756393001345895,2.756393001345895,5.0,7.395027583452886e-05,5,5,48010,0.02,0.02,0.0,True,0.2,0.08,800,10,0.0,0.0,0.0,0.9774694442749023,C:/Users/efasllija/dev/gossip-poc/out_nb_incremental_clean0104/scenario_mixing_sweep/mix_0p02/permanent_fork_sth_proof_n12000_pg0p015_a0p2_ff0p05_s48010_drop0_pc0p02_pgc0p02,0.02
permanent_fork,sth_proof,12000,6.0,5.0,0.015,0.2,0.05,3.0,True,20.0,20.0,0.0,0.0,,,,,29050.0,,,,1.9628812539533163,1.9628812539533163,5.0,7.713787623999136e-05,5,5,48011,0.02,0.02,0.0,True,0.2,0.08,800,10,0.0,0.0,0.0,0.9186820983886719,C:/Users/efasllija/dev/gossip-poc/out_nb_incremental_clean0104/scenario_mixing_sweep/mix_0p02/permanent_fork_sth_proof_n12000_pg0p015_a0p2_ff0p05_s48011_drop0_pc0p02_pgc0p02,0.02
permanent_fork,sth_proof,12000,6.0,5.0,0.015,0.2,0.05,3.0,True,20.0,20.0,0.0,0.0,,,,,28749.0,,,,2.69977590697111,2.69977590697111,7.0,0.0001059899460965417,7,7,48012,0.02,0.02,0.0,True,0.2,0.08,800,10,0.0,0.0,0.0,0.9273092746734619,C:/Users/efasllija/dev/gossip-poc/out_nb_incremental_clean0104/scenario_mixing_sweep/mix_0p02/permanent_fork_sth_proof_n12000_pg0p015_a0p2_ff0p05_s48012_drop0_pc0p02_pgc0p02,0.02
permanent_fork,sth_proof,12000,6.0,5.0,0.015,0.2,0.05,3.0,True,35.0,35.0,0.0,0.0,,,,,33765.0,,,,3.2653157190930333,3.2653157190930333,8.0,0.0001175588896562872,8,8,48013,0.02,0.02,0.0,True,0.2,0.08,800,10,0.0,0.0,0.0,0.9375977516174316,C:/Users/efasllija/dev/gossip-poc/out_nb_incremental_clean0104/scenario_mixing_sweep/mix_0p02/permanent_fork_sth_proof_n12000_pg0p015_a0p2_ff0p05_s48013_drop0_pc0p02_pgc0p02,0.02
permanent_fork,sth_proof,12000,6.0,5.0,0.015,0.2,0.05,3.0,True,40.0,40.0,0.0,0.0,,,,,34390.0,,,,2.771938997821351,2.771938997821351,8.0,0.00011619462599854757,8,8,48014,0.02,0.02,0.0,True,0.2,0.08,800,10,0.0,0.0,0.0,0.9368147850036621,C:/Users/efasllija/dev/gossip-poc/out_nb_incremental_clean0104/scenario_mixing_sweep/mix_0p02/permanent_fork_sth_proof_n12000_pg0p015_a0p2_ff0p05_s48014_drop0_pc0p02_pgc0p02,0.02
permanent_fork,sth_proof,12000,6.0,5.0,0.02,0.2,0.05,3.0,True,40.0,40.0,0.0,0.0,,,,,32886.0,,,,3.5095436809834437,3.5095436809834437,11.0,0.00016571506048599708,11,11,48000,0.02,0.02,0.0,True,0.2,0.08,800,10,0.0,0.0,0.0,0.913524866104126,C:/Users/efasllija/dev/gossip-poc/out_nb_incremental_clean0104/scenario_mixing_sweep/mix_0p02/permanent_fork_sth_proof_n12000_pg0p02_a0p2_ff0p05_s48000_drop0_pc0p02_pgc0p02,0.02
permanent_fork,sth_proof,12000,6.0,5.0,0.02,0.2,0.05,3.0,True,0.0,0.0,0.0,0.0,,,,,26628.0,,,,3.682117604399589,3.682117604399589,7.0,0.0001057593521484257,7,7,48001,0.02,0.02,0.0,True,0.2,0.08,800,10,0.0,0.0,0.0,0.9277031421661377,C:/Users/efasllija/dev/gossip-poc/out_nb_incremental_clean0104/scenario_mixing_sweep/mix_0p02/permanent_fork_sth_proof_n12000_pg0p02_a0p2_ff0p05_s48001_drop0_pc0p02_pgc0p02,0.02
permanent_fork,sth_proof,12000,6.0,5.0,0.02,0.2,0.05,3.0,True,0.0,0.0,0.0,0.0,,,,,26748.0,,,,5.141226304563343,5.141226304563343,29.0,0.0004356054916333704,29,29,48002,0.02,0.02,0.0,True,0.2,0.08,800,10,0.0,0.0,0.0,0.9562318325042725,C:/Users/efasllija/dev/gossip-poc/out_nb_incremental_clean0104/scenario_mixing_sweep/mix_0p02/permanent_fork_sth_proof_n12000_pg0p02_a0p2_ff0p05_s48002_drop0_pc0p02_pgc0p02,0.02
permanent_fork,sth_proof,12000,6.0,5.0,0.02,0.2,0.05,3.0,True,25.0,25.0,0.0,0.0,,,,,29365.0,,,,2.9933184855233854,2.9933184855233854,2.0,3.093293739173472e-05,2,2,48003,0.02,0.02,0.0,True,0.2,0.08,800,10,0.0,0.0,0.0,0.9334824085235596,C:/Users/efasllija/dev/gossip-poc/out_nb_incremental_clean0104/scenario_mixing_sweep/mix_0p02/permanent_fork_sth_proof_n12000_pg0p02_a0p2_ff0p05_s48003_drop0_pc0p02_pgc0p02,0.02
permanent_fork,sth_proof,12000,6.0,5.0,0.02,0.2,0.05,3.0,True,45.0,45.0,0.0,0.0,,,,,32246.0,,,,3.9085796189259505,3.9085796189259505,9.0,0.00014021530839578107,9,9,48004,0.02,0.02,0.0,True,0.2,0.08,800,10,0.0,0.0,0.0,0.9605491161346436,C:/Users/efasllija/dev/gossip-poc/out_nb_incremental_clean0104/scenario_mixing_sweep/mix_0p02/permanent_fork_sth_proof_n12000_pg0p02_a0p2_ff0p05_s48004_drop0_pc0p02_pgc0p02,0.02
permanent_fork,sth_proof,12000,6.0,5.0,0.02,0.2,0.05,3.0,True,35.0,35.0,0.0,0.0,,,,,32306.0,,,,2.787142645533995,2.787142645533995,21.0,0.0003110650274033477,21,21,48005,0.02,0.02,0.0,True,0.2,0.08,800,10,0.0,0.0,0.0,0.9498805999755859,C:/Users/efasllija/dev/gossip-poc/out_nb_incremental_clean0104/scenario_mixing_sweep/mix_0p02/permanent_fork_sth_proof_n12000_pg0p02_a0p2_ff0p05_s48005_drop0_pc0p02_pgc0p02,0.02
permanent_fork,sth_proof,12000,6.0,5.0,0.02,0.2,0.05,3.0,True,20.0,20.0,0.0,0.0,,,,,28369.0,,,,3.386326624673529,3.386326624673529,19.0,0.0002919035182055615,19,19,48006,0.02,0.02,0.0,True,0.2,0.08,800,10,0.0,0.0,0.0,0.9407360553741455,C:/Users/efasllija/dev/gossip-poc/out_nb_incremental_clean0104/scenario_mixing_sweep/mix_0p02/permanent_fork_sth_proof_n12000_pg0p02_a0p2_ff0p05_s48006_drop0_pc0p02_pgc0p02,0.02
permanent_fork,sth_proof,12000,6.0,5.0,0.02,0.2,0.05,3.0,True,10.0,10.0,0.0,0.0,,,,,27785.0,,,,3.489282854136897,3.489282854136897,32.0,0.0005024888902846914,32,32,48007,0.02,0.02,0.0,True,0.2,0.08,800,10,0.0,0.0,0.0,0.9114115238189697,C:/Users/efasllija/dev/gossip-poc/out_nb_incremental_clean0104/scenario_mixing_sweep/mix_0p02/permanent_fork_sth_proof_n12000_pg0p02_a0p2_ff0p05_s48007_drop0_pc0p02_pgc0p02,0.02
permanent_fork,sth_proof,12000,6.0,5.0,0.02,0.2,0.05,3.0,True,10.0,10.0,0.0,0.0,,,,,27030.0,,,,2.912198248237556,2.912198248237556,20.0,0.0003051850947599719,20,20,48008,0.02,0.02,0.0,True,0.2,0.08,800,10,0.0,0.0,0.0,0.9301941394805908,C:/Users/efasllija/dev/gossip-poc/out_nb_incremental_clean0104/scenario_mixing_sweep/mix_0p02/permanent_fork_sth_proof_n12000_pg0p02_a0p2_ff0p05_s48008_drop0_pc0p02_pgc0p02,0.02
permanent_fork,sth_proof,12000,6.0,5.0,0.02,0.2,0.05,3.0,True,10.0,10.0,0.0,0.0,,,,,28474.0,,,,3.5746115861736723,3.5746115861736723,7.0,0.00010538359629049741,7,7,48009,0.02,0.02,0.0,True,0.2,0.08,800,10,0.0,0.0,0.0,0.9331972599029541,C:/Users/efasllija/dev/gossip-poc/out_nb_incremental_clean0104/scenario_mixing_sweep/mix_0p02/permanent_fork_sth_proof_n12000_pg0p02_a0p2_ff0p05_s48009_drop0_pc0p02_pgc0p02,0.02
permanent_fork,sth_proof,12000,6.0,5.0,0.02,0.2,0.05,3.0,True,10.0,10.0,0.0,0.0,,,,,28524.0,,,,3.3659799151050835,3.3659799151050835,9.0,0.00013311049650215195,9,9,48010,0.02,0.02,0.0,True,0.2,0.08,800,10,0.0,0.0,0.0,0.9164755344390869,C:/Users/efasllija/dev/gossip-poc/out_nb_incremental_clean0104/scenario_mixing_sweep/mix_0p02/permanent_fork_sth_proof_n12000_pg0p02_a0p2_ff0p05_s48010_drop0_pc0p02_pgc0p02,0.02
permanent_fork,sth_proof,12000,6.0,5.0,0.02,0.2,0.05,3.0,True,20.0,20.0,0.0,0.0,,,,,29050.0,,,,3.096376062574245,3.096376062574245,7.0,0.0001079930267359879,7,7,48011,0.02,0.02,0.0,True,0.2,0.08,800,10,0.0,0.0,0.0,0.8998312950134277,C:/Users/efasllija/dev/gossip-poc/out_nb_incremental_clean0104/scenario_mixing_sweep/mix_0p02/permanent_fork_sth_proof_n12000_pg0p02_a0p2_ff0p05_s48011_drop0_pc0p02_pgc0p02,0.02
permanent_fork,sth_proof,12000,6.0,5.0,0.02,0.2,0.05,3.0,True,20.0,20.0,0.0,0.0,,,,,28749.0,,,,3.2017442916843315,3.2017442916843315,11.0,0.00016655562958027982,11,11,48012,0.02,0.02,0.0,True,0.2,0.08,800,10,0.0,0.0,0.0,0.9256131649017334,C:/Users/efasllija/dev/gossip-poc/out_nb_incremental_clean0104/scenario_mixing_sweep/mix_0p02/permanent_fork_sth_proof_n12000_pg0p02_a0p2_ff0p05_s48012_drop0_pc0p02_pgc0p02,0.02
permanent_fork,sth_proof,12000,6.0,5.0,0.02,0.2,0.05,3.0,True,35.0,35.0,0.0,0.0,,,,,33765.0,,,,4.160644222715317,4.160644222715317,12.0,0.0001763383344844308,12,12,48013,0.02,0.02,0.0,True,0.2,0.08,800,10,0.0,0.0,0.0,0.924321174621582,C:/Users/efasllija/dev/gossip-poc/out_nb_incremental_clean0104/scenario_mixing_sweep/mix_0p02/permanent_fork_sth_proof_n12000_pg0p02_a0p2_ff0p05_s48013_drop0_pc0p02_pgc0p02,0.02
permanent_fork,sth_proof,12000,6.0,5.0,0.02,0.2,0.05,3.0,True,40.0,40.0,0.0,0.0,,,,,34390.0,,,,3.7479738562091502,3.7479738562091502,9.0,0.00013071895424836603,9,9,48014,0.02,0.02,0.0,True,0.2,0.08,800,10,0.0,0.0,0.0,0.930534839630127,C:/Users/efasllija/dev/gossip-poc/out_nb_incremental_clean0104/scenario_mixing_sweep/mix_0p02/permanent_fork_sth_proof_n12000_pg0p02_a0p2_ff0p05_s48014_drop0_pc0p02_pgc0p02,0.02
permanent_fork,sth_proof,12000,6.0,5.0,0.03,0.2,0.05,3.0,True,20.0,20.0,0.0,0.0,,,,,29792.0,,,,5.507283930158635,5.507283930158635,18.0,0.0002711700989770861,18,18,48000,0.02,0.02,0.0,True,0.2,0.08,800,10,0.0,0.0,0.0,0.9538545608520508,C:/Users/efasllija/dev/gossip-poc/out_nb_incremental_clean0104/scenario_mixing_sweep/mix_0p02/permanent_fork_sth_proof_n12000_pg0p03_a0p2_ff0p05_s48000_drop0_pc0p02_pgc0p02,0.02
permanent_fork,sth_proof,12000,6.0,5.0,0.03,0.2,0.05,3.0,True,0.0,0.0,0.0,0.0,,,,,26628.0,,,,4.92753973529945,4.92753973529945,11.0,0.00016619326766181182,11,11,48001,0.02,0.02,0.0,True,0.2,0.08,800,10,0.0,0.0,0.0,0.9265682697296143,C:/Users/efasllija/dev/gossip-poc/out_nb_incremental_clean0104/scenario_mixing_sweep/mix_0p02/permanent_fork_sth_proof_n12000_pg0p03_a0p2_ff0p05_s48001_drop0_pc0p02_pgc0p02,0.02
permanent_fork,sth_proof,12000,6.0,5.0,0.03,0.2,0.05,3.0,True,0.0,0.0,0.0,0.0,,,,,26748.0,,,,6.796647339802325,6.796647339802325,33.0,0.0004956890077207318,33,33,48002,0.02,0.02,0.0,True,0.2,0.08,800,10,0.0,0.0,0.0,0.9360606670379639,C:/Users/efasllija/dev/gossip-poc/out_nb_incremental_clean0104/scenario_mixing_sweep/mix_0p02/permanent_fork_sth_proof_n12000_pg0p03_a0p2_ff0p05_s48002_drop0_pc0p02_pgc0p02,0.02
permanent_fork,sth_proof,12000,6.0,5.0,0.03,0.2,0.05,3.0,True,25.0,25.0,0.0,0.0,,,,,29365.0,,,,4.9334323187329865,4.9334323187329865,8.0,0.00012373174956693887,8,8,48003,0.02,0.02,0.0,True,0.2,0.08,800,10,0.0,0.0,0.0,0.9319791793823242,C:/Users/efasllija/dev/gossip-poc/out_nb_incremental_clean0104/scenario_mixing_sweep/mix_0p02/permanent_fork_sth_proof_n12000_pg0p03_a0p2_ff0p05_s48003_drop0_pc0p02_pgc0p02,0.02
permanent_fork,sth_proof,12000,6.0,5.0,0.03,0.2,0.05,3.0,True,25.0,25.0,0.0,0.0,,,,,29085.0,,,,6.407278732453612,6.407278732453612,14.0,0.0002181127019489928,14,14,48004,0.02,0.02,0.0,True,0.2,0.08,800,10,0.0,0.0,0.0,0.9117701053619385,C:/Users/efasllija/dev/gossip-poc/out_nb_incremental_clean0104/scenario_mixing_sweep/mix_0p02/permanent_fork_sth_proof_n12000_pg0p03_a0p2_ff0p05_s48004_drop0_pc0p02_pgc0p02,0.02
permanent_fork,sth_proof,12000,6.0,5.0,0.03,0.2,0.05,3.0,True,35.0,35.0,0.0,0.0,,,,,32306.0,,,,4.273618723152126,4.273618723152126,24.0,0.00035550288846096875,24,24,48005,0.02,0.02,0.0,True,0.2,0.08,800,10,0.0,0.0,0.0,0.9443542957305908,C:/Users/efasllija/dev/gossip-poc/out_nb_incremental_clean0104/scenario_mixing_sweep/mix_0p02/permanent_fork_sth_proof_n12000_pg0p03_a0p2_ff0p05_s48005_drop0_pc0p02_pgc0p02,0.02
permanent_fork,sth_proof,12000,6.0,5.0,0.03,0.2,0.05,3.0,True,20.0,20.0,0.0,0.0,,,,,28369.0,,,,4.955599938546627,4.955599938546627,23.0,0.00035335689045936394,23,23,48006,0.02,0.02,0.0,True,0.2,0.08,800,10,0.0,0.0,0.0,0.9170124530792236,C:/Users/efasllija/dev/gossip-poc/out_nb_incremental_clean0104/scenario_mixing_sweep/mix_0p02/permanent_fork_sth_proof_n12000_pg0p03_a0p2_ff0p05_s48006_drop0_pc0p02_pgc0p02,0.02
permanent_fork,sth_proof,12000,6.0,5.0,0.03,0.2,0.05,3.0,True,10.0,10.0,0.0,0.0,,,,,27785.0,,,,5.6982240158284,5.6982240158284,39.0,0.0006124083350344676,39,39,48007,0.02,0.02,0.0,True,0.2,0.08,800,10,0.0,0.0,0.0,0.9167826175689697,C:/Users/efasllija/dev/gossip-poc/out_nb_incremental_clean0104/scenario_mixing_sweep/mix_0p02/permanent_fork_sth_proof_n12000_pg0p03_a0p2_ff0p05_s48007_drop0_pc0p02_pgc0p02,0.02
permanent_fork,sth_proof,12000,6.0,5.0,0.03,0.2,0.05,3.0,True,10.0,10.0,0.0,0.0,,,,,27030.0,,,,4.78530228583636,4.78530228583636,40.0,0.0006103701895199438,40,40,48008,0.02,0.02,0.0,True,0.2,0.08,800,10,0.0,0.0,0.0,0.9033920764923096,C:/Users/efasllija/dev/gossip-poc/out_nb_incremental_clean0104/scenario_mixing_sweep/mix_0p02/permanent_fork_sth_proof_n12000_pg0p03_a0p2_ff0p05_s48008_drop0_pc0p02_pgc0p02,0.02
permanent_fork,sth_proof,12000,6.0,5.0,0.03,0.2,0.05,3.0,True,10.0,10.0,0.0,0.0,,,,,28474.0,,,,5.530531133325304,5.530531133325304,13.0,0.00019571239311092376,13,13,48009,0.02,0.02,0.0,True,0.2,0.08,800,10,0.0,0.0,0.0,0.9392187595367432,C:/Users/efasllija/dev/gossip-poc/out_nb_incremental_clean0104/scenario_mixing_sweep/mix_0p02/permanent_fork_sth_proof_n12000_pg0p03_a0p2_ff0p05_s48009_drop0_pc0p02_pgc0p02,0.02
permanent_fork,sth_proof,12000,6.0,5.0,0.03,0.2,0.05,3.0,True,10.0,10.0,0.0,0.0,,,,,28524.0,,,,6.016357801014598,6.016357801014598,14.0,0.00020706077233668082,14,14,48010,0.02,0.02,0.0,True,0.2,0.08,800,10,0.0,0.0,0.0,0.9161574840545654,C:/Users/efasllija/dev/gossip-poc/out_nb_incremental_clean0104/scenario_mixing_sweep/mix_0p02/permanent_fork_sth_proof_n12000_pg0p03_a0p2_ff0p05_s48010_drop0_pc0p02_pgc0p02,0.02
permanent_fork,sth_proof,12000,6.0,5.0,0.03,0.2,0.05,3.0,True,20.0,20.0,0.0,0.0,,,,,29050.0,,,,4.893380027461084,4.893380027461084,10.0,0.00015427575247998273,10,10,48011,0.02,0.02,0.0,True,0.2,0.08,800,10,0.0,0.0,0.0,0.9052176475524902,C:/Users/efasllija/dev/gossip-poc/out_nb_incremental_clean0104/scenario_mixing_sweep/mix_0p02/permanent_fork_sth_proof_n12000_pg0p03_a0p2_ff0p05_s48011_drop0_pc0p02_pgc0p02,0.02
permanent_fork,sth_proof,12000,6.0,5.0,0.03,0.2,0.05,3.0,True,10.0,10.0,0.0,0.0,,,,,27262.0,,,,5.942220337956514,5.942220337956514,34.0,0.000514808309611774,34,34,48012,0.02,0.02,0.0,True,0.2,0.08,800,10,0.0,0.0,0.0,0.9339604377746582,C:/Users/efasllija/dev/gossip-poc/out_nb_incremental_clean0104/scenario_mixing_sweep/mix_0p02/permanent_fork_sth_proof_n12000_pg0p03_a0p2_ff0p05_s48012_drop0_pc0p02_pgc0p02,0.02
permanent_fork,sth_proof,12000,6.0,5.0,0.03,0.2,0.05,3.0,True,25.0,25.0,0.0,0.0,,,,,32233.0,,,,5.569469956356262,5.569469956356262,15.0,0.0002204229181055385,15,15,48013,0.02,0.02,0.0,True,0.2,0.08,800,10,0.0,0.0,0.0,0.9256711006164551,C:/Users/efasllija/dev/gossip-poc/out_nb_incremental_clean0104/scenario_mixing_sweep/mix_0p02/permanent_fork_sth_proof_n12000_pg0p03_a0p2_ff0p05_s48013_drop0_pc0p02_pgc0p02,0.02
permanent_fork,sth_proof,12000,6.0,5.0,0.03,0.2,0.05,3.0,True,25.0,25.0,0.0,0.0,,,,,31928.0,,,,6.142512708787218,6.142512708787218,16.0,0.00023238925199709515,16,16,48014,0.02,0.02,0.0,True,0.2,0.08,800,10,0.0,0.0,0.0,0.9393575191497803,C:/Users/efasllija/dev/gossip-poc/out_nb_incremental_clean0104/scenario_mixing_sweep/mix_0p02/permanent_fork_sth_proof_n12000_pg0p03_a0p2_ff0p05_s48014_drop0_pc0p02_pgc0p02,0.02
permanent_fork,sth_proof,12000,6.0,5.0,0.05,0.2,0.05,3.0,True,20.0,20.0,0.0,0.0,,,,,29792.0,,,,9.597252142997032,9.597252142997032,30.0,0.0004519501649618102,30,30,48000,0.02,0.02,0.0,True,0.2,0.08,800,10,0.0,0.0,0.0,0.9174666404724121,C:/Users/efasllija/dev/gossip-poc/out_nb_incremental_clean0104/scenario_mixing_sweep/mix_0p02/permanent_fork_sth_proof_n12000_pg0p05_a0p2_ff0p05_s48000_drop0_pc0p02_pgc0p02,0.02
permanent_fork,sth_proof,12000,6.0,5.0,0.05,0.2,0.05,3.0,True,0.0,0.0,0.0,0.0,,,,,26628.0,,,,8.934550069499004,8.934550069499004,22.0,0.00033238653532362364,22,22,48001,0.02,0.02,0.0,True,0.2,0.08,800,10,0.0,0.0,0.0,0.901500940322876,C:/Users/efasllija/dev/gossip-poc/out_nb_incremental_clean0104/scenario_mixing_sweep/mix_0p02/permanent_fork_sth_proof_n12000_pg0p05_a0p2_ff0p05_s48001_drop0_pc0p02_pgc0p02,0.02
permanent_fork,sth_proof,12000,6.0,5.0,0.05,0.2,0.05,3.0,True,0.0,0.0,0.0,0.0,,,,,26748.0,,,,10.255535193919549,10.255535193919549,42.0,0.0006308769189172951,42,42,48002,0.02,0.02,0.0,True,0.2,0.08,800,10,0.0,0.0,0.0,0.9163527488708496,C:/Users/efasllija/dev/gossip-poc/out_nb_incremental_clean0104/scenario_mixing_sweep/mix_0p02/permanent_fork_sth_proof_n12000_pg0p05_a0p2_ff0p05_s48002_drop0_pc0p02_pgc0p02,0.02
permanent_fork,sth_proof,12000,6.0,5.0,0.05,0.2,0.05,3.0,True,25.0,25.0,0.0,0.0,,,,,29365.0,,,,8.190051967334819,8.190051967334819,22.0,0.0003402623113090819,22,22,48003,0.02,0.02,0.0,True,0.2,0.08,800,10,0.0,0.0,0.0,0.9109091758728027,C:/Users/efasllija/dev/gossip-poc/out_nb_incremental_clean0104/scenario_mixing_sweep/mix_0p02/permanent_fork_sth_proof_n12000_pg0p05_a0p2_ff0p05_s48003_drop0_pc0p02_pgc0p02,0.02
permanent_fork,sth_proof,12000,6.0,5.0,0.05,0.2,0.05,3.0,True,25.0,25.0,0.0,0.0,,,,,29085.0,,,,9.492264788820165,9.492264788820165,35.0,0.000545281754872482,35,35,48004,0.02,0.02,0.0,True,0.2,0.08,800,10,0.0,0.0,0.0,0.9285993576049805,C:/Users/efasllija/dev/gossip-poc/out_nb_incremental_clean0104/scenario_mixing_sweep/mix_0p02/permanent_fork_sth_proof_n12000_pg0p05_a0p2_ff0p05_s48004_drop0_pc0p02_pgc0p02,0.02
permanent_fork,sth_proof,12000,6.0,5.0,0.05,0.2,0.05,3.0,True,15.0,15.0,0.0,0.0,,,,,29165.0,,,,8.042897348540956,8.042897348540956,34.0,0.0005036290919863724,34,34,48005,0.02,0.02,0.0,True,0.2,0.08,800,10,0.0,0.0,0.0,0.9378962516784668,C:/Users/efasllija/dev/gossip-poc/out_nb_incremental_clean0104/scenario_mixing_sweep/mix_0p02/permanent_fork_sth_proof_n12000_pg0p05_a0p2_ff0p05_s48005_drop0_pc0p02_pgc0p02,0.02
permanent_fork,sth_proof,12000,6.0,5.0,0.05,0.2,0.05,3.0,True,15.0,15.0,0.0,0.0,,,,,27655.0,,,,8.21803656475649,8.21803656475649,33.0,0.00050699032109387,33,33,48006,0.02,0.02,0.0,True,0.2,0.08,800,10,0.0,0.0,0.0,0.9258697032928467,C:/Users/efasllija/dev/gossip-poc/out_nb_incremental_clean0104/scenario_mixing_sweep/mix_0p02/permanent_fork_sth_proof_n12000_pg0p05_a0p2_ff0p05_s48006_drop0_pc0p02_pgc0p02,0.02
permanent_fork,sth_proof,12000,6.0,5.0,0.05,0.2,0.05,3.0,True,10.0,10.0,0.0,0.0,,,,,27785.0,,,,8.765416202126156,8.765416202126156,46.0,0.0007223277797842438,46,46,48007,0.02,0.02,0.0,True,0.2,0.08,800,10,0.0,0.0,0.0,0.9188182353973389,C:/Users/efasllija/dev/gossip-poc/out_nb_incremental_clean0104/scenario_mixing_sweep/mix_0p02/permanent_fork_sth_proof_n12000_pg0p05_a0p2_ff0p05_s48007_drop0_pc0p02_pgc0p02,0.02
permanent_fork,sth_proof,12000,6.0,5.0,0.05,0.2,0.05,3.0,True,0.0,0.0,0.0,0.0,,,,,25357.0,,,,9.310831019013031,9.310831019013031,63.0,0.0009613330484939116,63,63,48008,0.02,0.02,0.0,True,0.2,0.08,800,10,0.0,0.0,0.0,0.9329850673675537,C:/Users/efasllija/dev/gossip-poc/out_nb_incremental_clean0104/scenario_mixing_sweep/mix_0p02/permanent_fork_sth_proof_n12000_pg0p05_a0p2_ff0p05_s48008_drop0_pc0p02_pgc0p02,0.02
permanent_fork,sth_proof,12000,6.0,5.0,0.05,0.2,0.05,3.0,True,10.0,10.0,0.0,0.0,,,,,28474.0,,,,7.864145489582079,7.864145489582079,22.0,0.0003312055883415633,22,22,48009,0.02,0.02,0.0,True,0.2,0.08,800,10,0.0,0.0,0.0,0.958759069442749,C:/Users/efasllija/dev/gossip-poc/out_nb_incremental_clean0104/scenario_mixing_sweep/mix_0p02/permanent_fork_sth_proof_n12000_pg0p05_a0p2_ff0p05_s48009_drop0_pc0p02_pgc0p02,0.02
permanent_fork,sth_proof,12000,6.0,5.0,0.05,0.2,0.05,3.0,True,0.0,0.0,0.0,0.0,,,,,27034.0,,,,10.906305000517651,10.906305000517651,29.0,0.0004289115998402674,29,29,48010,0.02,0.02,0.0,True,0.2,0.08,800,10,0.0,0.0,0.0,0.9169604778289795,C:/Users/efasllija/dev/gossip-poc/out_nb_incremental_clean0104/scenario_mixing_sweep/mix_0p02/permanent_fork_sth_proof_n12000_pg0p05_a0p2_ff0p05_s48010_drop0_pc0p02_pgc0p02,0.02
permanent_fork,sth_proof,12000,6.0,5.0,0.05,0.2,0.05,3.0,True,20.0,20.0,0.0,0.0,,,,,29050.0,,,,9.178543328345084,9.178543328345084,18.0,0.0002776963544639689,18,18,48011,0.02,0.02,0.0,True,0.2,0.08,800,10,0.0,0.0,0.0,0.933326244354248,C:/Users/efasllija/dev/gossip-poc/out_nb_incremental_clean0104/scenario_mixing_sweep/mix_0p02/permanent_fork_sth_proof_n12000_pg0p05_a0p2_ff0p05_s48011_drop0_pc0p02_pgc0p02,0.02
permanent_fork,sth_proof,12000,6.0,5.0,0.05,0.2,0.05,3.0,True,10.0,10.0,0.0,0.0,,,,,27262.0,,,,10.459935800375508,10.459935800375508,49.0,0.0007419296226757919,49,49,48012,0.02,0.02,0.0,True,0.2,0.08,800,10,0.0,0.0,0.0,0.9314315319061279,C:/Users/efasllija/dev/gossip-poc/out_nb_incremental_clean0104/scenario_mixing_sweep/mix_0p02/permanent_fork_sth_proof_n12000_pg0p05_a0p2_ff0p05_s48012_drop0_pc0p02_pgc0p02,0.02
permanent_fork,sth_proof,12000,6.0,5.0,0.05,0.2,0.05,3.0,True,20.0,20.0,0.0,0.0,,,,,31416.0,,,,9.374616096750966,9.374616096750966,28.0,0.00041145611379700517,28,28,48013,0.02,0.02,0.0,True,0.2,0.08,800,10,0.0,0.0,0.0,0.9298546314239502,C:/Users/efasllija/dev/gossip-poc/out_nb_incremental_clean0104/scenario_mixing_sweep/mix_0p02/permanent_fork_sth_proof_n12000_pg0p05_a0p2_ff0p05_s48013_drop0_pc0p02_pgc0p02,0.02
permanent_fork,sth_proof,12000,6.0,5.0,0.05,0.2,0.05,3.0,True,15.0,15.0,0.0,0.0,,,,,30441.0,,,,11.413100944081336,11.413100944081336,33.0,0.0004793028322440087,33,33,48014,0.02,0.02,0.0,True,0.2,0.08,800,10,0.0,0.0,0.0,0.9823658466339111,C:/Users/efasllija/dev/gossip-poc/out_nb_incremental_clean0104/scenario_mixing_sweep/mix_0p02/permanent_fork_sth_proof_n12000_pg0p05_a0p2_ff0p05_s48014_drop0_pc0p02_pgc0p02,0.02
permanent_fork,sth_proof,12000,6.0,5.0,0.003,0.3,0.05,3.0,True,80.0,80.0,0.0,0.0,,,,,40641.0,,,,0.797802662159307,0.797802662159307,6.0,9.054963629229422e-05,6,6,48000,0.02,0.02,0.0,True,0.2,0.08,800,10,0.0,0.0,0.0,0.9579436779022217,C:/Users/efasllija/dev/gossip-poc/out_nb_incremental_clean0104/scenario_mixing_sweep/mix_0p02/permanent_fork_sth_proof_n12000_pg0p003_a0p3_ff0p05_s48000_drop0_pc0p02_pgc0p02,0.02
permanent_fork,sth_proof,12000,6.0,5.0,0.003,0.3,0.05,3.0,True,60.0,60.0,0.0,0.0,,,,,36580.0,,,,0.3489671495124107,0.3489671495124107,1.0,1.4979702503108287e-05,1,1,48001,0.02,0.02,0.0,True,0.2,0.08,800,10,0.0,0.0,0.0,0.9196290969848633,C:/Users/efasllija/dev/gossip-poc/out_nb_incremental_clean0104/scenario_mixing_sweep/mix_0p02/permanent_fork_sth_proof_n12000_pg0p003_a0p3_ff0p05_s48001_drop0_pc0p02_pgc0p02,0.02
permanent_fork,sth_proof,12000,6.0,5.0,0.003,0.3,0.05,3.0,True,135.0,135.0,0.0,0.0,,,,,54668.0,,,,0.8986153731008159,0.8986153731008159,14.0,0.00020956515230895892,14,14,48002,0.02,0.02,0.0,True,0.2,0.08,800,10,0.0,0.0,0.0,0.9654626846313477,C:/Users/efasllija/dev/gossip-poc/out_nb_incremental_clean0104/scenario_mixing_sweep/mix_0p02/permanent_fork_sth_proof_n12000_pg0p003_a0p3_ff0p05_s48002_drop0_pc0p02_pgc0p02,0.02
permanent_fork,sth_proof,12000,6.0,5.0,0.003,0.3,0.05,3.0,True,155.0,155.0,0.0,0.0,,,,,58512.0,,,,1.1164507891579238,1.1164507891579238,2.0,3.0766390794695876e-05,2,2,48003,0.02,0.02,0.0,True,0.2,0.08,800,10,0.0,0.0,0.0,0.942913293838501,C:/Users/efasllija/dev/gossip-poc/out_nb_incremental_clean0104/scenario_mixing_sweep/mix_0p02/permanent_fork_sth_proof_n12000_pg0p003_a0p3_ff0p05_s48003_drop0_pc0p02_pgc0p02,0.02
permanent_fork,sth_proof,12000,6.0,5.0,0.003,0.3,0.05,3.0,True,20.0,20.0,0.0,0.0,,,,,28575.0,,,,0.2582720169915801,0.2582720169915801,4.0,6.068421451869832e-05,4,4,48004,0.02,0.02,0.0,True,0.2,0.08,800,10,0.0,0.0,0.0,0.9480578899383545,C:/Users/efasllija/dev/gossip-poc/out_nb_incremental_clean0104/scenario_mixing_sweep/mix_0p02/permanent_fork_sth_proof_n12000_pg0p003_a0p3_ff0p05_s48004_drop0_pc0p02_pgc0p02,0.02
permanent_fork,sth_proof,12000,6.0,5.0,0.003,0.3,0.05,3.0,True,50.0,50.0,0.0,0.0,,,,,35229.0,,,,0.6305041098351575,0.6305041098351575,1.0,1.4972077076252788e-05,1,1,48005,0.02,0.02,0.0,True,0.2,0.08,800,10,0.0,0.0,0.0,0.9668307304382324,C:/Users/efasllija/dev/gossip-poc/out_nb_incremental_clean0104/scenario_mixing_sweep/mix_0p02/permanent_fork_sth_proof_n12000_pg0p003_a0p3_ff0p05_s48005_drop0_pc0p02_pgc0p02,0.02
permanent_fork,sth_proof,12000,6.0,5.0,0.003,0.3,0.05,3.0,True,75.0,75.0,0.0,0.0,,,,,38519.0,,,,0.7934045801526718,0.7934045801526718,2.0,3.0534351145038166e-05,2,2,48006,0.02,0.02,0.0,True,0.2,0.08,800,10,0.0,0.0,0.0,0.9544601440429688,C:/Users/efasllija/dev/gossip-poc/out_nb_incremental_clean0104/scenario_mixing_sweep/mix_0p02/permanent_fork_sth_proof_n12000_pg0p003_a0p3_ff0p05_s48006_drop0_pc0p02_pgc0p02,0.02
permanent_fork,sth_proof,12000,6.0,5.0,0.003,0.3,0.05,3.0,True,95.0,95.0,0.0,0.0,,,,,42791.0,,,,0.6810622983370563,0.6810622983370563,2.0,3.1025068255150164e-05,2,2,48007,0.02,0.02,0.0,True,0.2,0.08,800,10,0.0,0.0,0.0,0.9409003257751465,C:/Users/efasllija/dev/gossip-poc/out_nb_incremental_clean0104/scenario_mixing_sweep/mix_0p02/permanent_fork_sth_proof_n12000_pg0p003_a0p3_ff0p05_s48007_drop0_pc0p02_pgc0p02,0.02
permanent_fork,sth_proof,12000,6.0,5.0,0.003,0.3,0.05,3.0,True,45.0,45.0,0.0,0.0,,,,,33315.0,,,,1.0191178074508032,1.0191178074508032,1.0,1.5580935167728767e-05,1,1,48008,0.02,0.02,0.0,True,0.2,0.08,800,10,0.0,0.0,0.0,0.9356026649475098,C:/Users/efasllija/dev/gossip-poc/out_nb_incremental_clean0104/scenario_mixing_sweep/mix_0p02/permanent_fork_sth_proof_n12000_pg0p003_a0p3_ff0p05_s48008_drop0_pc0p02_pgc0p02,0.02
permanent_fork,sth_proof,12000,6.0,5.0,0.003,0.3,0.05,3.0,False,,,0.0,0.0,,,,,,,,,0.3795289169931773,0.3795289169931773,0.0,0.0,0,0,48009,0.02,0.02,0.0,True,0.2,0.08,800,10,0.0,0.0,0.0,0.9402225017547607,C:/Users/efasllija/dev/gossip-poc/out_nb_incremental_clean0104/scenario_mixing_sweep/mix_0p02/permanent_fork_sth_proof_n12000_pg0p003_a0p3_ff0p05_s48009_drop0_pc0p02_pgc0p02,0.02
permanent_fork,sth_proof,12000,6.0,5.0,0.003,0.3,0.05,3.0,True,85.0,85.0,0.0,0.0,,,,,42155.0,,,,1.0981705129738133,1.0981705129738133,2.0,2.989357885926103e-05,2,2,48010,0.02,0.02,0.0,True,0.2,0.08,800,10,0.0,0.0,0.0,0.9310579299926758,C:/Users/efasllija/dev/gossip-poc/out_nb_incremental_clean0104/scenario_mixing_sweep/mix_0p02/permanent_fork_sth_proof_n12000_pg0p003_a0p3_ff0p05_s48010_drop0_pc0p02_pgc0p02,0.02
permanent_fork,sth_proof,12000,6.0,5.0,0.003,0.3,0.05,3.0,True,50.0,50.0,0.0,0.0,,,,,33839.0,,,,0.6355295822860931,0.6355295822860931,1.0,1.5419487147857463e-05,1,1,48011,0.02,0.02,0.0,True,0.2,0.08,800,10,0.0,0.0,0.0,0.9345583915710449,C:/Users/efasllija/dev/gossip-poc/out_nb_incremental_clean0104/scenario_mixing_sweep/mix_0p02/permanent_fork_sth_proof_n12000_pg0p003_a0p3_ff0p05_s48011_drop0_pc0p02_pgc0p02,0.02
permanent_fork,sth_proof,12000,6.0,5.0,0.003,0.3,0.05,3.0,True,50.0,50.0,0.0,0.0,,,,,33122.0,,,,0.46174366436279857,0.46174366436279857,10.0,0.00015157026797623377,10,10,48012,0.02,0.02,0.0,True,0.2,0.08,800,10,0.0,0.0,0.0,0.936619758605957,C:/Users/efasllija/dev/gossip-poc/out_nb_incremental_clean0104/scenario_mixing_sweep/mix_0p02/permanent_fork_sth_proof_n12000_pg0p003_a0p3_ff0p05_s48012_drop0_pc0p02_pgc0p02,0.02
permanent_fork,sth_proof,12000,6.0,5.0,0.003,0.3,0.05,3.0,True,50.0,50.0,0.0,0.0,,,,,35723.0,,,,0.869980879541109,0.869980879541109,2.0,2.9875717017208412e-05,2,2,48013,0.02,0.02,0.0,True,0.2,0.08,800,10,0.0,0.0,0.0,0.9332783222198486,C:/Users/efasllija/dev/gossip-poc/out_nb_incremental_clean0104/scenario_mixing_sweep/mix_0p02/permanent_fork_sth_proof_n12000_pg0p003_a0p3_ff0p05_s48013_drop0_pc0p02_pgc0p02,0.02
permanent_fork,sth_proof,12000,6.0,5.0,0.003,0.3,0.05,3.0,True,35.0,35.0,0.0,0.0,,,,,33849.0,,,,0.7960848287112561,0.7960848287112561,3.0,4.369610813330226e-05,3,3,48014,0.02,0.02,0.0,True,0.2,0.08,800,10,0.0,0.0,0.0,0.9302923679351807,C:/Users/efasllija/dev/gossip-poc/out_nb_incremental_clean0104/scenario_mixing_sweep/mix_0p02/permanent_fork_sth_proof_n12000_pg0p003_a0p3_ff0p05_s48014_drop0_pc0p02_pgc0p02,0.02
permanent_fork,sth_proof,12000,6.0,5.0,0.005,0.3,0.05,3.0,True,80.0,80.0,0.0,0.0,,,,,40641.0,,,,0.9735896894147475,0.9735896894147475,7.0,0.00010564124234100993,7,7,48000,0.02,0.02,0.0,True,0.2,0.08,800,10,0.0,0.0,0.0,0.9426267147064209,C:/Users/efasllija/dev/gossip-poc/out_nb_incremental_clean0104/scenario_mixing_sweep/mix_0p02/permanent_fork_sth_proof_n12000_pg0p005_a0p3_ff0p05_s48000_drop0_pc0p02_pgc0p02,0.02
permanent_fork,sth_proof,12000,6.0,5.0,0.005,0.3,0.05,3.0,True,60.0,60.0,0.0,0.0,,,,,36580.0,,,,0.7247779259103915,0.7247779259103915,1.0,1.4979702503108287e-05,1,1,48001,0.02,0.02,0.0,True,0.2,0.08,800,10,0.0,0.0,0.0,0.9501762390136719,C:/Users/efasllija/dev/gossip-poc/out_nb_incremental_clean0104/scenario_mixing_sweep/mix_0p02/permanent_fork_sth_proof_n12000_pg0p005_a0p3_ff0p05_s48001_drop0_pc0p02_pgc0p02,0.02
permanent_fork,sth_proof,12000,6.0,5.0,0.005,0.3,0.05,3.0,True,135.0,135.0,0.0,0.0,,,,,54668.0,,,,1.663109048723898,1.663109048723898,14.0,0.00020956515230895892,14,14,48002,0.02,0.02,0.0,True,0.2,0.08,800,10,0.0,0.0,0.0,0.9338226318359375,C:/Users/efasllija/dev/gossip-poc/out_nb_incremental_clean0104/scenario_mixing_sweep/mix_0p02/permanent_fork_sth_proof_n12000_pg0p005_a0p3_ff0p05_s48002_drop0_pc0p02_pgc0p02,0.02
permanent_fork,sth_proof,12000,6.0,5.0,0.005,0.3,0.05,3.0,True,155.0,155.0,0.0,0.0,,,,,58512.0,,,,1.4886010522105653,1.4886010522105653,2.0,3.0766390794695876e-05,2,2,48003,0.02,0.02,0.0,True,0.2,0.08,800,10,0.0,0.0,0.0,0.9226703643798828,C:/Users/efasllija/dev/gossip-poc/out_nb_incremental_clean0104/scenario_mixing_sweep/mix_0p02/permanent_fork_sth_proof_n12000_pg0p005_a0p3_ff0p05_s48003_drop0_pc0p02_pgc0p02,0.02
permanent_fork,sth_proof,12000,6.0,5.0,0.005,0.3,0.05,3.0,True,20.0,20.0,0.0,0.0,,,,,28575.0,,,,0.5573238261397254,0.5573238261397254,4.0,6.068421451869832e-05,4,4,48004,0.02,0.02,0.0,True,0.2,0.08,800,10,0.0,0.0,0.0,0.922659158706665,C:/Users/efasllija/dev/gossip-poc/out_nb_incremental_clean0104/scenario_mixing_sweep/mix_0p02/permanent_fork_sth_proof_n12000_pg0p005_a0p3_ff0p05_s48004_drop0_pc0p02_pgc0p02,0.02
permanent_fork,sth_proof,12000,6.0,5.0,0.005,0.3,0.05,3.0,True,50.0,50.0,0.0,0.0,,,,,35229.0,,,,1.2341782575496698,1.2341782575496698,2.0,2.9944154152505576e-05,2,2,48005,0.02,0.02,0.0,True,0.2,0.08,800,10,0.0,0.0,0.0,0.9379353523254395,C:/Users/efasllija/dev/gossip-poc/out_nb_incremental_clean0104/scenario_mixing_sweep/mix_0p02/permanent_fork_sth_proof_n12000_pg0p005_a0p3_ff0p05_s48005_drop0_pc0p02_pgc0p02,0.02
permanent_fork,sth_proof,12000,6.0,5.0,0.005,0.3,0.05,3.0,True,35.0,35.0,0.0,0.0,,,,,31357.0,,,,1.2858625954198473,1.2858625954198473,5.0,7.633587786259542e-05,5,5,48006,0.02,0.02,0.0,True,0.2,0.08,800,10,0.0,0.0,0.0,0.9442663192749023,C:/Users/efasllija/dev/gossip-poc/out_nb_incremental_clean0104/scenario_mixing_sweep/mix_0p02/permanent_fork_sth_proof_n12000_pg0p005_a0p3_ff0p05_s48006_drop0_pc0p02_pgc0p02,0.02
permanent_fork,sth_proof,12000,6.0,5.0,0.005,0.3,0.05,3.0,True,90.0,90.0,0.0,0.0,,,,,41637.0,,,,1.487217671878878,1.487217671878878,4.0,6.205013651030033e-05,4,4,48007,0.02,0.02,0.0,True,0.2,0.08,800,10,0.0,0.0,0.0,0.9841732978820801,C:/Users/efasllija/dev/gossip-poc/out_nb_incremental_clean0104/scenario_mixing_sweep/mix_0p02/permanent_fork_sth_proof_n12000_pg0p005_a0p3_ff0p05_s48007_drop0_pc0p02_pgc0p02,0.02
permanent_fork,sth_proof,12000,6.0,5.0,0.005,0.3,0.05,3.0,True,30.0,30.0,0.0,0.0,,,,,30660.0,,,,1.661301631323912,1.661301631323912,3.0,4.67428055031863e-05,3,3,48008,0.02,0.02,0.0,True,0.2,0.08,800,10,0.0,0.0,0.0,0.9389615058898926,C:/Users/efasllija/dev/gossip-poc/out_nb_incremental_clean0104/scenario_mixing_sweep/mix_0p02/permanent_fork_sth_proof_n12000_pg0p005_a0p3_ff0p05_s48008_drop0_pc0p02_pgc0p02,0.02
permanent_fork,sth_proof,12000,6.0,5.0,0.005,0.3,0.05,3.0,False,,,0.0,0.0,,,,,,,,,1.3825696261894316,1.3825696261894316,0.0,0.0,0,0,48009,0.02,0.02,0.0,True,0.2,0.08,800,10,0.0,0.0,0.0,0.932579517364502,C:/Users/efasllija/dev/gossip-poc/out_nb_incremental_clean0104/scenario_mixing_sweep/mix_0p02/permanent_fork_sth_proof_n12000_pg0p005_a0p3_ff0p05_s48009_drop0_pc0p02_pgc0p02,0.02
permanent_fork,sth_proof,12000,6.0,5.0,0.005,0.3,0.05,3.0,True,85.0,85.0,0.0,0.0,,,,,42155.0,,,,2.1829487026186776,2.1829487026186776,5.0,7.473394714815258e-05,5,5,48010,0.02,0.02,0.0,True,0.2,0.08,800,10,0.0,0.0,0.0,0.9338295459747314,C:/Users/efasllija/dev/gossip-poc/out_nb_incremental_clean0104/scenario_mixing_sweep/mix_0p02/permanent_fork_sth_proof_n12000_pg0p005_a0p3_ff0p05_s48010_drop0_pc0p02_pgc0p02,0.02
permanent_fork,sth_proof,12000,6.0,5.0,0.005,0.3,0.05,3.0,True,50.0,50.0,0.0,0.0,,,,,33839.0,,,,1.0914529782739426,1.0914529782739426,3.0,4.625846144357239e-05,3,3,48011,0.02,0.02,0.0,True,0.2,0.08,800,10,0.0,0.0,0.0,0.9412014484405518,C:/Users/efasllija/dev/gossip-poc/out_nb_incremental_clean0104/scenario_mixing_sweep/mix_0p02/permanent_fork_sth_proof_n12000_pg0p005_a0p3_ff0p05_s48011_drop0_pc0p02_pgc0p02,0.02
permanent_fork,sth_proof,12000,6.0,5.0,0.005,0.3,0.05,3.0,True,50.0,50.0,0.0,0.0,,,,,33122.0,,,,0.6518734085121862,0.6518734085121862,11.0,0.00016672729477385716,11,11,48012,0.02,0.02,0.0,True,0.2,0.08,800,10,0.0,0.0,0.0,0.9667263031005859,C:/Users/efasllija/dev/gossip-poc/out_nb_incremental_clean0104/scenario_mixing_sweep/mix_0p02/permanent_fork_sth_proof_n12000_pg0p005_a0p3_ff0p05_s48012_drop0_pc0p02_pgc0p02,0.02
permanent_fork,sth_proof,12000,6.0,5.0,0.005,0.3,0.05,3.0,True,50.0,50.0,0.0,0.0,,,,,35723.0,,,,1.4722753346080306,1.4722753346080306,3.0,4.481357552581262e-05,3,3,48013,0.02,0.02,0.0,True,0.2,0.08,800,10,0.0,0.0,0.0,0.9498178958892822,C:/Users/efasllija/dev/gossip-poc/out_nb_incremental_clean0104/scenario_mixing_sweep/mix_0p02/permanent_fork_sth_proof_n12000_pg0p005_a0p3_ff0p05_s48013_drop0_pc0p02_pgc0p02,0.02
permanent_fork,sth_proof,12000,6.0,5.0,0.005,0.3,0.05,3.0,True,35.0,35.0,0.0,0.0,,,,,33849.0,,,,1.5791190864600326,1.5791190864600326,7.0,0.00010195758564437195,7,7,48014,0.02,0.02,0.0,True,0.2,0.08,800,10,0.0,0.0,0.0,0.933218240737915,C:/Users/efasllija/dev/gossip-poc/out_nb_incremental_clean0104/scenario_mixing_sweep/mix_0p02/permanent_fork_sth_proof_n12000_pg0p005_a0p3_ff0p05_s48014_drop0_pc0p02_pgc0p02,0.02
permanent_fork,sth_proof,12000,6.0,5.0,0.007,0.3,0.05,3.0,True,45.0,45.0,0.0,0.0,,,,,34169.0,,,,1.3792520600042257,1.3792520600042257,9.0,0.00013582445443844135,9,9,48000,0.02,0.02,0.0,True,0.2,0.08,800,10,0.0,0.0,0.0,0.9784893989562988,C:/Users/efasllija/dev/gossip-poc/out_nb_incremental_clean0104/scenario_mixing_sweep/mix_0p02/permanent_fork_sth_proof_n12000_pg0p007_a0p3_ff0p05_s48000_drop0_pc0p02_pgc0p02,0.02
permanent_fork,sth_proof,12000,6.0,5.0,0.007,0.3,0.05,3.0,True,60.0,60.0,0.0,0.0,,,,,36580.0,,,,1.4092904114924278,1.4092904114924278,1.0,1.4979702503108287e-05,1,1,48001,0.02,0.02,0.0,True,0.2,0.08,800,10,0.0,0.0,0.0,0.9822630882263184,C:/Users/efasllija/dev/gossip-poc/out_nb_incremental_clean0104/scenario_mixing_sweep/mix_0p02/permanent_fork_sth_proof_n12000_pg0p007_a0p3_ff0p05_s48001_drop0_pc0p02_pgc0p02,0.02
permanent_fork,sth_proof,12000,6.0,5.0,0.007,0.3,0.05,3.0,True,135.0,135.0,0.0,0.0,,,,,54668.0,,,,2.3739540453558865,2.3739540453558865,15.0,0.00022453409175959884,15,15,48002,0.02,0.02,0.0,True,0.2,0.08,800,10,0.0,0.0,0.0,0.9880032539367676,C:/Users/efasllija/dev/gossip-poc/out_nb_incremental_clean0104/scenario_mixing_sweep/mix_0p02/permanent_fork_sth_proof_n12000_pg0p007_a0p3_ff0p05_s48002_drop0_pc0p02_pgc0p02,0.02
permanent_fork,sth_proof,12000,6.0,5.0,0.007,0.3,0.05,3.0,True,155.0,155.0,0.0,0.0,,,,,58512.0,,,,1.8469679721871828,1.8469679721871828,2.0,3.0766390794695876e-05,2,2,48003,0.02,0.02,0.0,True,0.2,0.08,800,10,0.0,0.0,0.0,0.9467692375183105,C:/Users/efasllija/dev/gossip-poc/out_nb_incremental_clean0104/scenario_mixing_sweep/mix_0p02/permanent_fork_sth_proof_n12000_pg0p007_a0p3_ff0p05_s48003_drop0_pc0p02_pgc0p02,0.02
permanent_fork,sth_proof,12000,6.0,5.0,0.007,0.3,0.05,3.0,True,20.0,20.0,0.0,0.0,,,,,28575.0,,,,1.345733141166654,1.345733141166654,10.0,0.0001517105362967458,10,10,48004,0.02,0.02,0.0,True,0.2,0.08,800,10,0.0,0.0,0.0,0.9557852745056152,C:/Users/efasllija/dev/gossip-poc/out_nb_incremental_clean0104/scenario_mixing_sweep/mix_0p02/permanent_fork_sth_proof_n12000_pg0p007_a0p3_ff0p05_s48004_drop0_pc0p02_pgc0p02,0.02
permanent_fork,sth_proof,12000,6.0,5.0,0.007,0.3,0.05,3.0,True,50.0,50.0,0.0,0.0,,,,,35229.0,,,,1.82443742420386,1.82443742420386,3.0,4.4916231228758364e-05,3,3,48005,0.02,0.02,0.0,True,0.2,0.08,800,10,0.0,0.0,0.0,0.9536645412445068,C:/Users/efasllija/dev/gossip-poc/out_nb_incremental_clean0104/scenario_mixing_sweep/mix_0p02/permanent_fork_sth_proof_n12000_pg0p007_a0p3_ff0p05_s48005_drop0_pc0p02_pgc0p02,0.02
permanent_fork,sth_proof,12000,6.0,5.0,0.007,0.3,0.05,3.0,True,35.0,35.0,0.0,0.0,,,,,31357.0,,,,1.7646412213740459,1.7646412213740459,5.0,7.633587786259542e-05,5,5,48006,0.02,0.02,0.0,True,0.2,0.08,800,10,0.0,0.0,0.0,0.927342414855957,C:/Users/efasllija/dev/gossip-poc/out_nb_incremental_clean0104/scenario_mixing_sweep/mix_0p02/permanent_fork_sth_proof_n12000_pg0p007_a0p3_ff0p05_s48006_drop0_pc0p02_pgc0p02,0.02
permanent_fork,sth_proof,12000,6.0,5.0,0.007,0.3,0.05,3.0,True,90.0,90.0,0.0,0.0,,,,,41637.0,,,,1.9041945892280963,1.9041945892280963,5.0,7.75626706378754e-05,5,5,48007,0.02,0.02,0.0,True,0.2,0.08,800,10,0.0,0.0,0.0,0.9434428215026855,C:/Users/efasllija/dev/gossip-poc/out_nb_incremental_clean0104/scenario_mixing_sweep/mix_0p02/permanent_fork_sth_proof_n12000_pg0p007_a0p3_ff0p05_s48007_drop0_pc0p02_pgc0p02,0.02
permanent_fork,sth_proof,12000,6.0,5.0,0.007,0.3,0.05,3.0,True,15.0,15.0,0.0,0.0,,,,,28171.0,,,,2.289524937286736,2.289524937286736,7.0,0.00010906654617410136,7,7,48008,0.02,0.02,0.0,True,0.2,0.08,800,10,0.0,0.0,0.0,0.9370787143707275,C:/Users/efasllija/dev/gossip-poc/out_nb_incremental_clean0104/scenario_mixing_sweep/mix_0p02/permanent_fork_sth_proof_n12000_pg0p007_a0p3_ff0p05_s48008_drop0_pc0p02_pgc0p02,0.02
permanent_fork,sth_proof,12000,6.0,5.0,0.007,0.3,0.05,3.0,True,115.0,115.0,0.0,0.0,,,,,47805.0,,,,1.5587794805076924,1.5587794805076924,1.0,1.5127906449026519e-05,1,1,48009,0.02,0.02,0.0,True,0.2,0.08,800,10,0.0,0.0,0.0,0.9599628448486328,C:/Users/efasllija/dev/gossip-poc/out_nb_incremental_clean0104/scenario_mixing_sweep/mix_0p02/permanent_fork_sth_proof_n12000_pg0p007_a0p3_ff0p05_s48009_drop0_pc0p02_pgc0p02,0.02
permanent_fork,sth_proof,12000,6.0,5.0,0.007,0.3,0.05,3.0,True,85.0,85.0,0.0,0.0,,,,,42155.0,,,,2.705249312447686,2.705249312447686,10.0,0.00014946789429630517,10,10,48010,0.02,0.02,0.0,True,0.2,0.08,800,10,0.0,0.0,0.0,0.9499697685241699,C:/Users/efasllija/dev/gossip-poc/out_nb_incremental_clean0104/scenario_mixing_sweep/mix_0p02/permanent_fork_sth_proof_n12000_pg0p007_a0p3_ff0p05_s48010_drop0_pc0p02_pgc0p02,0.02
permanent_fork,sth_proof,12000,6.0,5.0,0.007,0.3,0.05,3.0,True,50.0,50.0,0.0,0.0,,,,,33839.0,,,,1.3125067460256272,1.3125067460256272,3.0,4.625846144357239e-05,3,3,48011,0.02,0.02,0.0,True,0.2,0.08,800,10,0.0,0.0,0.0,0.9452331066131592,C:/Users/efasllija/dev/gossip-poc/out_nb_incremental_clean0104/scenario_mixing_sweep/mix_0p02/permanent_fork_sth_proof_n12000_pg0p007_a0p3_ff0p05_s48011_drop0_pc0p02_pgc0p02,0.02
permanent_fork,sth_proof,12000,6.0,5.0,0.007,0.3,0.05,3.0,True,50.0,50.0,0.0,0.0,,,,,33122.0,,,,0.8555838486722445,0.8555838486722445,11.0,0.00016672729477385716,11,11,48012,0.02,0.02,0.0,True,0.2,0.08,800,10,0.0,0.0,0.0,0.9325754642486572,C:/Users/efasllija/dev/gossip-poc/out_nb_incremental_clean0104/scenario_mixing_sweep/mix_0p02/permanent_fork_sth_proof_n12000_pg0p007_a0p3_ff0p05_s48012_drop0_pc0p02_pgc0p02,0.02
permanent_fork,sth_proof,12000,6.0,5.0,0.007,0.3,0.05,3.0,True,50.0,50.0,0.0,0.0,,,,,35723.0,,,,2.275334608030593,2.275334608030593,3.0,4.481357552581262e-05,3,3,48013,0.02,0.02,0.0,True,0.2,0.08,800,10,0.0,0.0,0.0,0.9324071407318115,C:/Users/efasllija/dev/gossip-poc/out_nb_incremental_clean0104/scenario_mixing_sweep/mix_0p02/permanent_fork_sth_proof_n12000_pg0p007_a0p3_ff0p05_s48013_drop0_pc0p02_pgc0p02,0.02
permanent_fork,sth_proof,12000,6.0,5.0,0.007,0.3,0.05,3.0,True,35.0,35.0,0.0,0.0,,,,,33849.0,,,,2.4926590538336053,2.4926590538336053,18.0,0.00026217664879981355,18,18,48014,0.02,0.02,0.0,True,0.2,0.08,800,10,0.0,0.0,0.0,0.9474208354949951,C:/Users/efasllija/dev/gossip-poc/out_nb_incremental_clean0104/scenario_mixing_sweep/mix_0p02/permanent_fork_sth_proof_n12000_pg0p007_a0p3_ff0p05_s48014_drop0_pc0p02_pgc0p02,0.02
permanent_fork,sth_proof,12000,6.0,5.0,0.01,0.3,0.05,3.0,True,45.0,45.0,0.0,0.0,,,,,34169.0,,,,1.9336572998098458,1.9336572998098458,9.0,0.00013582445443844135,9,9,48000,0.02,0.02,0.0,True,0.2,0.08,800,10,0.0,0.0,0.0,0.9447441101074219,C:/Users/efasllija/dev/gossip-poc/out_nb_incremental_clean0104/scenario_mixing_sweep/mix_0p02/permanent_fork_sth_proof_n12000_pg0p01_a0p3_ff0p05_s48000_drop0_pc0p02_pgc0p02,0.02
permanent_fork,sth_proof,12000,6.0,5.0,0.01,0.3,0.05,3.0,True,60.0,60.0,0.0,0.0,,,,,36580.0,,,,1.9461629492038288,1.9461629492038288,1.0,1.4979702503108287e-05,1,1,48001,0.02,0.02,0.0,True,0.2,0.08,800,10,0.0,0.0,0.0,0.9435315132141113,C:/Users/efasllija/dev/gossip-poc/out_nb_incremental_clean0104/scenario_mixing_sweep/mix_0p02/permanent_fork_sth_proof_n12000_pg0p01_a0p3_ff0p05_s48001_drop0_pc0p02_pgc0p02,0.02
permanent_fork,sth_proof,12000,6.0,5.0,0.01,0.3,0.05,3.0,True,60.0,60.0,0.0,0.0,,,,,37581.0,,,,3.3798667764388894,3.3798667764388894,18.0,0.0002694409101115186,18,18,48002,0.02,0.02,0.0,True,0.2,0.08,800,10,0.0,0.0,0.0,0.9617950916290283,C:/Users/efasllija/dev/gossip-poc/out_nb_incremental_clean0104/scenario_mixing_sweep/mix_0p02/permanent_fork_sth_proof_n12000_pg0p01_a0p3_ff0p05_s48002_drop0_pc0p02_pgc0p02,0.02
permanent_fork,sth_proof,12000,6.0,5.0,0.01,0.3,0.05,3.0,True,0.0,0.0,0.0,0.0,,,,,25412.0,,,,2.3569516660000613,2.3569516660000613,3.0,4.6149586192043814e-05,3,3,48003,0.02,0.02,0.0,True,0.2,0.08,800,10,0.0,0.0,0.0,0.9554092884063721,C:/Users/efasllija/dev/gossip-poc/out_nb_incremental_clean0104/scenario_mixing_sweep/mix_0p02/permanent_fork_sth_proof_n12000_pg0p01_a0p3_ff0p05_s48003_drop0_pc0p02_pgc0p02,0.02
permanent_fork,sth_proof,12000,6.0,5.0,0.01,0.3,0.05,3.0,True,20.0,20.0,0.0,0.0,,,,,28575.0,,,,1.8214973829932488,1.8214973829932488,13.0,0.00019722369718576954,13,13,48004,0.02,0.02,0.0,True,0.2,0.08,800,10,0.0,0.0,0.0,0.8940489292144775,C:/Users/efasllija/dev/gossip-poc/out_nb_incremental_clean0104/scenario_mixing_sweep/mix_0p02/permanent_fork_sth_proof_n12000_pg0p01_a0p3_ff0p05_s48004_drop0_pc0p02_pgc0p02,0.02
permanent_fork,sth_proof,12000,6.0,5.0,0.01,0.3,0.05,3.0,True,45.0,45.0,0.0,0.0,,,,,34256.0,,,,2.991540776451917,2.991540776451917,7.0,0.00010480453953376952,7,7,48005,0.02,0.02,0.0,True,0.2,0.08,800,10,0.0,0.0,0.0,0.9746537208557129,C:/Users/efasllija/dev/gossip-poc/out_nb_incremental_clean0104/scenario_mixing_sweep/mix_0p02/permanent_fork_sth_proof_n12000_pg0p01_a0p3_ff0p05_s48005_drop0_pc0p02_pgc0p02,0.02
permanent_fork,sth_proof,12000,6.0,5.0,0.01,0.3,0.05,3.0,True,35.0,35.0,0.0,0.0,,,,,31357.0,,,,2.7085190839694655,2.7085190839694655,7.0,0.00010687022900763359,7,7,48006,0.02,0.02,0.0,True,0.2,0.08,800,10,0.0,0.0,0.0,0.9233913421630859,C:/Users/efasllija/dev/gossip-poc/out_nb_incremental_clean0104/scenario_mixing_sweep/mix_0p02/permanent_fork_sth_proof_n12000_pg0p01_a0p3_ff0p05_s48006_drop0_pc0p02_pgc0p02,0.02
permanent_fork,sth_proof,12000,6.0,5.0,0.01,0.3,0.05,3.0,True,70.0,70.0,0.0,0.0,,,,,37543.0,,,,2.196078431372549,2.196078431372549,6.0,9.307520476545048e-05,6,6,48007,0.02,0.02,0.0,True,0.2,0.08,800,10,0.0,0.0,0.0,0.9116630554199219,C:/Users/efasllija/dev/gossip-poc/out_nb_incremental_clean0104/scenario_mixing_sweep/mix_0p02/permanent_fork_sth_proof_n12000_pg0p01_a0p3_ff0p05_s48007_drop0_pc0p02_pgc0p02,0.02
permanent_fork,sth_proof,12000,6.0,5.0,0.01,0.3,0.05,3.0,True,15.0,15.0,0.0,0.0,,,,,28171.0,,,,3.448247923840389,3.448247923840389,10.0,0.00015580935167728766,10,10,48008,0.02,0.02,0.0,True,0.2,0.08,800,10,0.0,0.0,0.0,0.9121522903442383,C:/Users/efasllija/dev/gossip-poc/out_nb_incremental_clean0104/scenario_mixing_sweep/mix_0p02/permanent_fork_sth_proof_n12000_pg0p01_a0p3_ff0p05_s48008_drop0_pc0p02_pgc0p02,0.02
permanent_fork,sth_proof,12000,6.0,5.0,0.01,0.3,0.05,3.0,True,115.0,115.0,0.0,0.0,,,,,47805.0,,,,1.992526814214181,1.992526814214181,3.0,4.538371934707956e-05,3,3,48009,0.02,0.02,0.0,True,0.2,0.08,800,10,0.0,0.0,0.0,0.9305617809295654,C:/Users/efasllija/dev/gossip-poc/out_nb_incremental_clean0104/scenario_mixing_sweep/mix_0p02/permanent_fork_sth_proof_n12000_pg0p01_a0p3_ff0p05_s48009_drop0_pc0p02_pgc0p02,0.02
permanent_fork,sth_proof,12000,6.0,5.0,0.01,0.3,0.05,3.0,True,85.0,85.0,0.0,0.0,,,,,42155.0,,,,3.3212961855793375,3.3212961855793375,11.0,0.00016441468372593567,11,11,48010,0.02,0.02,0.0,True,0.2,0.08,800,10,0.0,0.0,0.0,0.9175832271575928,C:/Users/efasllija/dev/gossip-poc/out_nb_incremental_clean0104/scenario_mixing_sweep/mix_0p02/permanent_fork_sth_proof_n12000_pg0p01_a0p3_ff0p05_s48010_drop0_pc0p02_pgc0p02,0.02
permanent_fork,sth_proof,12000,6.0,5.0,0.01,0.3,0.05,3.0,True,50.0,50.0,0.0,0.0,,,,,33839.0,,,,1.7546142815289965,1.7546142815289965,3.0,4.625846144357239e-05,3,3,48011,0.02,0.02,0.0,True,0.2,0.08,800,10,0.0,0.0,0.0,0.9157156944274902,C:/Users/efasllija/dev/gossip-poc/out_nb_incremental_clean0104/scenario_mixing_sweep/mix_0p02/permanent_fork_sth_proof_n12000_pg0p01_a0p3_ff0p05_s48011_drop0_pc0p02_pgc0p02,0.02
permanent_fork,sth_proof,12000,6.0,5.0,0.01,0.3,0.05,3.0,True,50.0,50.0,0.0,0.0,,,,,33122.0,,,,1.3852309930883957,1.3852309930883957,11.0,0.00016672729477385716,11,11,48012,0.02,0.02,0.0,True,0.2,0.08,800,10,0.0,0.0,0.0,0.9246892929077148,C:/Users/efasllija/dev/gossip-poc/out_nb_incremental_clean0104/scenario_mixing_sweep/mix_0p02/permanent_fork_sth_proof_n12000_pg0p01_a0p3_ff0p05_s48012_drop0_pc0p02_pgc0p02,0.02
permanent_fork,sth_proof,12000,6.0,5.0,0.01,0.3,0.05,3.0,True,50.0,50.0,0.0,0.0,,,,,35723.0,,,,3.453154875717017,3.453154875717017,5.0,7.468929254302103e-05,5,5,48013,0.02,0.02,0.0,True,0.2,0.08,800,10,0.0,0.0,0.0,0.9331989288330078,C:/Users/efasllija/dev/gossip-poc/out_nb_incremental_clean0104/scenario_mixing_sweep/mix_0p02/permanent_fork_sth_proof_n12000_pg0p01_a0p3_ff0p05_s48013_drop0_pc0p02_pgc0p02,0.02
permanent_fork,sth_proof,12000,6.0,5.0,0.01,0.3,0.05,3.0,True,35.0,35.0,0.0,0.0,,,,,33849.0,,,,3.6802610114192498,3.6802610114192498,25.0,0.0003641342344441855,25,25,48014,0.02,0.02,0.0,True,0.2,0.08,800,10,0.0,0.0,0.0,0.9584817886352539,C:/Users/efasllija/dev/gossip-poc/out_nb_incremental_clean0104/scenario_mixing_sweep/mix_0p02/permanent_fork_sth_proof_n12000_pg0p01_a0p3_ff0p05_s48014_drop0_pc0p02_pgc0p02,0.02
permanent_fork,sth_proof,12000,6.0,5.0,0.015,0.3,0.05,3.0,True,15.0,15.0,0.0,0.0,,,,,29086.0,,,,3.7997042045214453,3.7997042045214453,24.0,0.0003621985451691769,24,24,48000,0.02,0.02,0.0,True,0.2,0.08,800,10,0.0,0.0,0.0,0.9887990951538086,C:/Users/efasllija/dev/gossip-poc/out_nb_incremental_clean0104/scenario_mixing_sweep/mix_0p02/permanent_fork_sth_proof_n12000_pg0p015_a0p3_ff0p05_s48000_drop0_pc0p02_pgc0p02,0.02
permanent_fork,sth_proof,12000,6.0,5.0,0.015,0.3,0.05,3.0,True,15.0,15.0,0.0,0.0,,,,,28608.0,,,,2.523300927243585,2.523300927243585,3.0,4.4939107509324866e-05,3,3,48001,0.02,0.02,0.0,True,0.2,0.08,800,10,0.0,0.0,0.0,0.9689731597900391,C:/Users/efasllija/dev/gossip-poc/out_nb_incremental_clean0104/scenario_mixing_sweep/mix_0p02/permanent_fork_sth_proof_n12000_pg0p015_a0p3_ff0p05_s48001_drop0_pc0p02_pgc0p02,0.02
permanent_fork,sth_proof,12000,6.0,5.0,0.015,0.3,0.05,3.0,True,35.0,35.0,0.0,0.0,,,,,32815.0,,,,4.747908090711773,4.747908090711773,22.0,0.0003293166679140783,22,22,48002,0.02,0.02,0.0,True,0.2,0.08,800,10,0.0,0.0,0.0,0.9990792274475098,C:/Users/efasllija/dev/gossip-poc/out_nb_incremental_clean0104/scenario_mixing_sweep/mix_0p02/permanent_fork_sth_proof_n12000_pg0p015_a0p3_ff0p05_s48002_drop0_pc0p02_pgc0p02,0.02
permanent_fork,sth_proof,12000,6.0,5.0,0.015,0.3,0.05,3.0,True,0.0,0.0,0.0,0.0,,,,,25412.0,,,,3.8042026889825555,3.8042026889825555,6.0,9.229917238408763e-05,6,6,48003,0.02,0.02,0.0,True,0.2,0.08,800,10,0.0,0.0,0.0,1.0337188243865967,C:/Users/efasllija/dev/gossip-poc/out_nb_incremental_clean0104/scenario_mixing_sweep/mix_0p02/permanent_fork_sth_proof_n12000_pg0p015_a0p3_ff0p05_s48003_drop0_pc0p02_pgc0p02,0.02
permanent_fork,sth_proof,12000,6.0,5.0,0.015,0.3,0.05,3.0,True,15.0,15.0,0.0,0.0,,,,,27873.0,,,,3.0584844117423957,3.0584844117423957,19.0,0.00028825001896381705,19,19,48004,0.02,0.02,0.0,True,0.2,0.08,800,10,0.0,0.0,0.0,1.025299072265625,C:/Users/efasllija/dev/gossip-poc/out_nb_incremental_clean0104/scenario_mixing_sweep/mix_0p02/permanent_fork_sth_proof_n12000_pg0p015_a0p3_ff0p05_s48004_drop0_pc0p02_pgc0p02,0.02
permanent_fork,sth_proof,12000,6.0,5.0,0.015,0.3,0.05,3.0,True,45.0,45.0,0.0,0.0,,,,,34256.0,,,,4.011079337036427,4.011079337036427,10.0,0.00014972077076252788,10,10,48005,0.02,0.02,0.0,True,0.2,0.08,800,10,0.0,0.0,0.0,0.9882528781890869,C:/Users/efasllija/dev/gossip-poc/out_nb_incremental_clean0104/scenario_mixing_sweep/mix_0p02/permanent_fork_sth_proof_n12000_pg0p015_a0p3_ff0p05_s48005_drop0_pc0p02_pgc0p02,0.02
permanent_fork,sth_proof,12000,6.0,5.0,0.015,0.3,0.05,3.0,True,35.0,35.0,0.0,0.0,,,,,31357.0,,,,4.144854961832061,4.144854961832061,10.0,0.00015267175572519084,10,10,48006,0.02,0.02,0.0,True,0.2,0.08,800,10,0.0,0.0,0.0,0.9389784336090088,C:/Users/efasllija/dev/gossip-poc/out_nb_incremental_clean0104/scenario_mixing_sweep/mix_0p02/permanent_fork_sth_proof_n12000_pg0p015_a0p3_ff0p05_s48006_drop0_pc0p02_pgc0p02,0.02
permanent_fork,sth_proof,12000,6.0,5.0,0.015,0.3,0.05,3.0,True,70.0,70.0,0.0,0.0,,,,,37543.0,,,,3.3358153387937453,3.3358153387937453,8.0,0.00012410027302060066,8,8,48007,0.02,0.02,0.0,True,0.2,0.08,800,10,0.0,0.0,0.0,0.9264645576477051,C:/Users/efasllija/dev/gossip-poc/out_nb_incremental_clean0104/scenario_mixing_sweep/mix_0p02/permanent_fork_sth_proof_n12000_pg0p015_a0p3_ff0p05_s48007_drop0_pc0p02_pgc0p02,0.02
permanent_fork,sth_proof,12000,6.0,5.0,0.015,0.3,0.05,3.0,True,15.0,15.0,0.0,0.0,,,,,28171.0,,,,5.179352144715726,5.179352144715726,24.0,0.0003739424440254904,24,24,48008,0.02,0.02,0.0,True,0.2,0.08,800,10,0.0,0.0,0.0,0.9638462066650391,C:/Users/efasllija/dev/gossip-poc/out_nb_incremental_clean0104/scenario_mixing_sweep/mix_0p02/permanent_fork_sth_proof_n12000_pg0p015_a0p3_ff0p05_s48008_drop0_pc0p02_pgc0p02,0.02
permanent_fork,sth_proof,12000,6.0,5.0,0.015,0.3,0.05,3.0,True,5.0,5.0,0.0,0.0,,,,,27436.0,,,,2.9277945025187964,2.9277945025187964,6.0,9.076743869415912e-05,6,6,48009,0.02,0.02,0.0,True,0.2,0.08,800,10,0.0,0.0,0.0,0.9492337703704834,C:/Users/efasllija/dev/gossip-poc/out_nb_incremental_clean0104/scenario_mixing_sweep/mix_0p02/permanent_fork_sth_proof_n12000_pg0p015_a0p3_ff0p05_s48009_drop0_pc0p02_pgc0p02,0.02
permanent_fork,sth_proof,12000,6.0,5.0,0.015,0.3,0.05,3.0,True,80.0,80.0,0.0,0.0,,,,,41094.0,,,,5.4774602415401175,5.4774602415401175,23.0,0.00034377615688150183,23,23,48010,0.02,0.02,0.0,True,0.2,0.08,800,10,0.0,0.0,0.0,0.9612517356872559,C:/Users/efasllija/dev/gossip-poc/out_nb_incremental_clean0104/scenario_mixing_sweep/mix_0p02/permanent_fork_sth_proof_n12000_pg0p015_a0p3_ff0p05_s48010_drop0_pc0p02_pgc0p02,0.02
permanent_fork,sth_proof,12000,6.0,5.0,0.015,0.3,0.05,3.0,True,50.0,50.0,0.0,0.0,,,,,33839.0,,,,3.219095492883907,3.219095492883907,6.0,9.251692288714478e-05,6,6,48011,0.02,0.02,0.0,True,0.2,0.08,800,10,0.0,0.0,0.0,0.9458425045013428,C:/Users/efasllija/dev/gossip-poc/out_nb_incremental_clean0104/scenario_mixing_sweep/mix_0p02/permanent_fork_sth_proof_n12000_pg0p015_a0p3_ff0p05_s48011_drop0_pc0p02_pgc0p02,0.02
permanent_fork,sth_proof,12000,6.0,5.0,0.015,0.3,0.05,3.0,True,40.0,40.0,0.0,0.0,,,,,31408.0,,,,2.553170850006063,2.553170850006063,19.0,0.00028798350915484416,19,19,48012,0.02,0.02,0.0,True,0.2,0.08,800,10,0.0,0.0,0.0,1.0095105171203613,C:/Users/efasllija/dev/gossip-poc/out_nb_incremental_clean0104/scenario_mixing_sweep/mix_0p02/permanent_fork_sth_proof_n12000_pg0p015_a0p3_ff0p05_s48012_drop0_pc0p02_pgc0p02,0.02
permanent_fork,sth_proof,12000,6.0,5.0,0.015,0.3,0.05,3.0,True,50.0,50.0,0.0,0.0,,,,,35723.0,,,,4.845124282982791,4.845124282982791,9.0,0.00013444072657743786,9,9,48013,0.02,0.02,0.0,True,0.2,0.08,800,10,0.0,0.0,0.0,1.0050475597381592,C:/Users/efasllija/dev/gossip-poc/out_nb_incremental_clean0104/scenario_mixing_sweep/mix_0p02/permanent_fork_sth_proof_n12000_pg0p015_a0p3_ff0p05_s48013_drop0_pc0p02_pgc0p02,0.02
permanent_fork,sth_proof,12000,6.0,5.0,0.015,0.3,0.05,3.0,True,10.0,10.0,0.0,0.0,,,,,29899.0,,,,5.572593800978793,5.572593800978793,32.0,0.00046609182008855747,32,32,48014,0.02,0.02,0.0,True,0.2,0.08,800,10,0.0,0.0,0.0,0.9639766216278076,C:/Users/efasllija/dev/gossip-poc/out_nb_incremental_clean0104/scenario_mixing_sweep/mix_0p02/permanent_fork_sth_proof_n12000_pg0p015_a0p3_ff0p05_s48014_drop0_pc0p02_pgc0p02,0.02
permanent_fork,sth_proof,12000,6.0,5.0,0.02,0.3,0.05,3.0,True,15.0,15.0,0.0,0.0,,,,,29086.0,,,,5.530530319036552,5.530530319036552,35.0,0.0005282062117050497,35,35,48000,0.02,0.02,0.0,True,0.2,0.08,800,10,0.0,0.0,0.0,0.962876558303833,C:/Users/efasllija/dev/gossip-poc/out_nb_incremental_clean0104/scenario_mixing_sweep/mix_0p02/permanent_fork_sth_proof_n12000_pg0p02_a0p3_ff0p05_s48000_drop0_pc0p02_pgc0p02,0.02
permanent_fork,sth_proof,12000,6.0,5.0,0.02,0.3,0.05,3.0,True,15.0,15.0,0.0,0.0,,,,,28608.0,,,,3.731264137094237,3.731264137094237,7.0,0.00010485791752175802,7,7,48001,0.02,0.02,0.0,True,0.2,0.08,800,10,0.0,0.0,0.0,0.943650484085083,C:/Users/efasllija/dev/gossip-poc/out_nb_incremental_clean0104/scenario_mixing_sweep/mix_0p02/permanent_fork_sth_proof_n12000_pg0p02_a0p3_ff0p05_s48001_drop0_pc0p02_pgc0p02,0.02
permanent_fork,sth_proof,12000,6.0,5.0,0.02,0.3,0.05,3.0,True,35.0,35.0,0.0,0.0,,,,,32815.0,,,,6.196422423471297,6.196422423471297,23.0,0.0003442856073647182,23,23,48002,0.02,0.02,0.0,True,0.2,0.08,800,10,0.0,0.0,0.0,0.9563164710998535,C:/Users/efasllija/dev/gossip-poc/out_nb_incremental_clean0104/scenario_mixing_sweep/mix_0p02/permanent_fork_sth_proof_n12000_pg0p02_a0p3_ff0p05_s48002_drop0_pc0p02_pgc0p02,0.02
permanent_fork,sth_proof,12000,6.0,5.0,0.02,0.3,0.05,3.0,True,0.0,0.0,0.0,0.0,,,,,25412.0,,,,5.279020398117097,5.279020398117097,10.0,0.00015383195397347937,10,10,48003,0.02,0.02,0.0,True,0.2,0.08,800,10,0.0,0.0,0.0,0.934704065322876,C:/Users/efasllija/dev/gossip-poc/out_nb_incremental_clean0104/scenario_mixing_sweep/mix_0p02/permanent_fork_sth_proof_n12000_pg0p02_a0p3_ff0p05_s48003_drop0_pc0p02_pgc0p02,0.02
permanent_fork,sth_proof,12000,6.0,5.0,0.02,0.3,0.05,3.0,True,15.0,15.0,0.0,0.0,,,,,27873.0,,,,4.077979215656527,4.077979215656527,22.0,0.0003337631798528408,22,22,48004,0.02,0.02,0.0,True,0.2,0.08,800,10,0.0,0.0,0.0,0.9365353584289551,C:/Users/efasllija/dev/gossip-poc/out_nb_incremental_clean0104/scenario_mixing_sweep/mix_0p02/permanent_fork_sth_proof_n12000_pg0p02_a0p3_ff0p05_s48004_drop0_pc0p02_pgc0p02,0.02
permanent_fork,sth_proof,12000,6.0,5.0,0.02,0.3,0.05,3.0,True,45.0,45.0,0.0,0.0,,,,,34256.0,,,,4.72207333323352,4.72207333323352,12.0,0.00017966492491503346,12,12,48005,0.02,0.02,0.0,True,0.2,0.08,800,10,0.0,0.0,0.0,0.9537358283996582,C:/Users/efasllija/dev/gossip-poc/out_nb_incremental_clean0104/scenario_mixing_sweep/mix_0p02/permanent_fork_sth_proof_n12000_pg0p02_a0p3_ff0p05_s48005_drop0_pc0p02_pgc0p02,0.02
permanent_fork,sth_proof,12000,6.0,5.0,0.02,0.3,0.05,3.0,True,35.0,35.0,0.0,0.0,,,,,31357.0,,,,5.075053435114504,5.075053435114504,14.0,0.00021374045801526718,14,14,48006,0.02,0.02,0.0,True,0.2,0.08,800,10,0.0,0.0,0.0,0.9411346912384033,C:/Users/efasllija/dev/gossip-poc/out_nb_incremental_clean0104/scenario_mixing_sweep/mix_0p02/permanent_fork_sth_proof_n12000_pg0p02_a0p3_ff0p05_s48006_drop0_pc0p02_pgc0p02,0.02
permanent_fork,sth_proof,12000,6.0,5.0,0.02,0.3,0.05,3.0,True,70.0,70.0,0.0,0.0,,,,,37543.0,,,,4.628443782576322,4.628443782576322,17.0,0.00026371308016877635,17,17,48007,0.02,0.02,0.0,True,0.2,0.08,800,10,0.0,0.0,0.0,0.9240074157714844,C:/Users/efasllija/dev/gossip-poc/out_nb_incremental_clean0104/scenario_mixing_sweep/mix_0p02/permanent_fork_sth_proof_n12000_pg0p02_a0p3_ff0p05_s48007_drop0_pc0p02_pgc0p02,0.02
permanent_fork,sth_proof,12000,6.0,5.0,0.02,0.3,0.05,3.0,True,15.0,15.0,0.0,0.0,,,,,28171.0,,,,7.036101026783627,7.036101026783627,27.0,0.0004206852495286767,27,27,48008,0.02,0.02,0.0,True,0.2,0.08,800,10,0.0,0.0,0.0,0.9339389801025391,C:/Users/efasllija/dev/gossip-poc/out_nb_incremental_clean0104/scenario_mixing_sweep/mix_0p02/permanent_fork_sth_proof_n12000_pg0p02_a0p3_ff0p05_s48008_drop0_pc0p02_pgc0p02,0.02
permanent_fork,sth_proof,12000,6.0,5.0,0.02,0.3,0.05,3.0,True,5.0,5.0,0.0,0.0,,,,,27436.0,,,,4.052826649320001,4.052826649320001,9.0,0.00013615115804123867,9,9,48009,0.02,0.02,0.0,True,0.2,0.08,800,10,0.0,0.0,0.0,0.9333837032318115,C:/Users/efasllija/dev/gossip-poc/out_nb_incremental_clean0104/scenario_mixing_sweep/mix_0p02/permanent_fork_sth_proof_n12000_pg0p02_a0p3_ff0p05_s48009_drop0_pc0p02_pgc0p02,0.02
permanent_fork,sth_proof,12000,6.0,5.0,0.02,0.3,0.05,3.0,True,70.0,70.0,0.0,0.0,,,,,38974.0,,,,6.45509984455339,6.45509984455339,26.0,0.0003886165251703934,26,26,48010,0.02,0.02,0.0,True,0.2,0.08,800,10,0.0,0.0,0.0,0.9078807830810547,C:/Users/efasllija/dev/gossip-poc/out_nb_incremental_clean0104/scenario_mixing_sweep/mix_0p02/permanent_fork_sth_proof_n12000_pg0p02_a0p3_ff0p05_s48010_drop0_pc0p02_pgc0p02,0.02
permanent_fork,sth_proof,12000,6.0,5.0,0.02,0.3,0.05,3.0,True,15.0,15.0,0.0,0.0,,,,,28322.0,,,,4.669760843754337,4.669760843754337,7.0,0.00010793641003500224,7,7,48011,0.02,0.02,0.0,True,0.2,0.08,800,10,0.0,0.0,0.0,0.940723180770874,C:/Users/efasllija/dev/gossip-poc/out_nb_incremental_clean0104/scenario_mixing_sweep/mix_0p02/permanent_fork_sth_proof_n12000_pg0p02_a0p3_ff0p05_s48011_drop0_pc0p02_pgc0p02,0.02
permanent_fork,sth_proof,12000,6.0,5.0,0.02,0.3,0.05,3.0,True,40.0,40.0,0.0,0.0,,,,,31408.0,,,,4.5087910755426215,4.5087910755426215,37.0,0.000560809991512065,37,37,48012,0.02,0.02,0.0,True,0.2,0.08,800,10,0.0,0.0,0.0,0.9602987766265869,C:/Users/efasllija/dev/gossip-poc/out_nb_incremental_clean0104/scenario_mixing_sweep/mix_0p02/permanent_fork_sth_proof_n12000_pg0p02_a0p3_ff0p05_s48012_drop0_pc0p02_pgc0p02,0.02
permanent_fork,sth_proof,12000,6.0,5.0,0.02,0.3,0.05,3.0,True,35.0,35.0,0.0,0.0,,,,,33359.0,,,,6.250478011472276,6.250478011472276,13.0,0.0001941921606118547,13,13,48013,0.02,0.02,0.0,True,0.2,0.08,800,10,0.0,0.0,0.0,0.9518260955810547,C:/Users/efasllija/dev/gossip-poc/out_nb_incremental_clean0104/scenario_mixing_sweep/mix_0p02/permanent_fork_sth_proof_n12000_pg0p02_a0p3_ff0p05_s48013_drop0_pc0p02_pgc0p02,0.02
permanent_fork,sth_proof,12000,6.0,5.0,0.02,0.3,0.05,3.0,True,10.0,10.0,0.0,0.0,,,,,29899.0,,,,7.425774877650897,7.425774877650897,39.0,0.0005680494057329294,39,39,48014,0.02,0.02,0.0,True,0.2,0.08,800,10,0.0,0.0,0.0,0.9585716724395752,C:/Users/efasllija/dev/gossip-poc/out_nb_incremental_clean0104/scenario_mixing_sweep/mix_0p02/permanent_fork_sth_proof_n12000_pg0p02_a0p3_ff0p05_s48014_drop0_pc0p02_pgc0p02,0.02
permanent_fork,sth_proof,12000,6.0,5.0,0.03,0.3,0.05,3.0,True,15.0,15.0,0.0,0.0,,,,,29086.0,,,,8.69469680963448,8.69469680963448,46.0,0.0006942138782409224,46,46,48000,0.02,0.02,0.0,True,0.2,0.08,800,10,0.0,0.0,0.0,0.9640271663665771,C:/Users/efasllija/dev/gossip-poc/out_nb_incremental_clean0104/scenario_mixing_sweep/mix_0p02/permanent_fork_sth_proof_n12000_pg0p03_a0p3_ff0p05_s48000_drop0_pc0p02_pgc0p02,0.02
permanent_fork,sth_proof,12000,6.0,5.0,0.03,0.3,0.05,3.0,True,15.0,15.0,0.0,0.0,,,,,28608.0,,,,5.972706982039337,5.972706982039337,11.0,0.00016477672753419117,11,11,48001,0.02,0.02,0.0,True,0.2,0.08,800,10,0.0,0.0,0.0,0.9747214317321777,C:/Users/efasllija/dev/gossip-poc/out_nb_incremental_clean0104/scenario_mixing_sweep/mix_0p02/permanent_fork_sth_proof_n12000_pg0p03_a0p3_ff0p05_s48001_drop0_pc0p02_pgc0p02,0.02
permanent_fork,sth_proof,12000,6.0,5.0,0.03,0.3,0.05,3.0,True,5.0,5.0,0.0,0.0,,,,,28267.0,,,,8.261896564628396,8.261896564628396,34.0,0.0005089439413217574,34,34,48002,0.02,0.02,0.0,True,0.2,0.08,800,10,0.0,0.0,0.0,0.9974985122680664,C:/Users/efasllija/dev/gossip-poc/out_nb_incremental_clean0104/scenario_mixing_sweep/mix_0p02/permanent_fork_sth_proof_n12000_pg0p03_a0p3_ff0p05_s48002_drop0_pc0p02_pgc0p02,0.02
permanent_fork,sth_proof,12000,6.0,5.0,0.03,0.3,0.05,3.0,True,0.0,0.0,0.0,0.0,,,,,25412.0,,,,7.511921976432944,7.511921976432944,29.0,0.00044611266652309017,29,29,48003,0.02,0.02,0.0,True,0.2,0.08,800,10,0.0,0.0,0.0,0.9546401500701904,C:/Users/efasllija/dev/gossip-poc/out_nb_incremental_clean0104/scenario_mixing_sweep/mix_0p02/permanent_fork_sth_proof_n12000_pg0p03_a0p3_ff0p05_s48003_drop0_pc0p02_pgc0p02,0.02
permanent_fork,sth_proof,12000,6.0,5.0,0.03,0.3,0.05,3.0,True,15.0,15.0,0.0,0.0,,,,,27873.0,,,,6.089782295380414,6.089782295380414,26.0,0.0003944473943715391,26,26,48004,0.02,0.02,0.0,True,0.2,0.08,800,10,0.0,0.0,0.0,0.9824745655059814,C:/Users/efasllija/dev/gossip-poc/out_nb_incremental_clean0104/scenario_mixing_sweep/mix_0p02/permanent_fork_sth_proof_n12000_pg0p03_a0p3_ff0p05_s48004_drop0_pc0p02_pgc0p02,0.02
permanent_fork,sth_proof,12000,6.0,5.0,0.03,0.3,0.05,3.0,True,5.0,5.0,0.0,0.0,,,,,27548.0,,,,7.405069545298019,7.405069545298019,20.0,0.00029944154152505576,20,20,48005,0.02,0.02,0.0,True,0.2,0.08,800,10,0.0,0.0,0.0,0.9984278678894043,C:/Users/efasllija/dev/gossip-poc/out_nb_incremental_clean0104/scenario_mixing_sweep/mix_0p02/permanent_fork_sth_proof_n12000_pg0p03_a0p3_ff0p05_s48005_drop0_pc0p02_pgc0p02,0.02
permanent_fork,sth_proof,12000,6.0,5.0,0.03,0.3,0.05,3.0,True,35.0,35.0,0.0,0.0,,,,,31357.0,,,,7.68781679389313,7.68781679389313,29.0,0.00044274809160305345,29,29,48006,0.02,0.02,0.0,True,0.2,0.08,800,10,0.0,0.0,0.0,0.9381897449493408,C:/Users/efasllija/dev/gossip-poc/out_nb_incremental_clean0104/scenario_mixing_sweep/mix_0p02/permanent_fork_sth_proof_n12000_pg0p03_a0p3_ff0p05_s48006_drop0_pc0p02_pgc0p02,0.02
permanent_fork,sth_proof,12000,6.0,5.0,0.03,0.3,0.05,3.0,True,15.0,15.0,0.0,0.0,,,,,28382.0,,,,7.241499131298089,7.241499131298089,25.0,0.00038781335318937703,25,25,48007,0.02,0.02,0.0,True,0.2,0.08,800,10,0.0,0.0,0.0,0.9646775722503662,C:/Users/efasllija/dev/gossip-poc/out_nb_incremental_clean0104/scenario_mixing_sweep/mix_0p02/permanent_fork_sth_proof_n12000_pg0p03_a0p3_ff0p05_s48007_drop0_pc0p02_pgc0p02,0.02
permanent_fork,sth_proof,12000,6.0,5.0,0.03,0.3,0.05,3.0,True,15.0,15.0,0.0,0.0,,,,,28171.0,,,,10.009691341674328,10.009691341674328,36.0,0.0005609136660382356,36,36,48008,0.02,0.02,0.0,True,0.2,0.08,800,10,0.0,0.0,0.0,0.9500677585601807,C:/Users/efasllija/dev/gossip-poc/out_nb_incremental_clean0104/scenario_mixing_sweep/mix_0p02/permanent_fork_sth_proof_n12000_pg0p03_a0p3_ff0p05_s48008_drop0_pc0p02_pgc0p02,0.02
permanent_fork,sth_proof,12000,6.0,5.0,0.03,0.3,0.05,3.0,True,0.0,0.0,0.0,0.0,,,,,26707.0,,,,5.923362025929231,5.923362025929231,13.0,0.00019666278383734476,13,13,48009,0.02,0.02,0.0,True,0.2,0.08,800,10,0.0,0.0,0.0,0.9678480625152588,C:/Users/efasllija/dev/gossip-poc/out_nb_incremental_clean0104/scenario_mixing_sweep/mix_0p02/permanent_fork_sth_proof_n12000_pg0p03_a0p3_ff0p05_s48009_drop0_pc0p02_pgc0p02,0.02
permanent_fork,sth_proof,12000,6.0,5.0,0.03,0.3,0.05,3.0,True,40.0,40.0,0.0,0.0,,,,,33510.0,,,,9.388018653593209,9.388018653593209,36.0,0.0005380844194666986,36,36,48010,0.02,0.02,0.0,True,0.2,0.08,800,10,0.0,0.0,0.0,0.9525001049041748,C:/Users/efasllija/dev/gossip-poc/out_nb_incremental_clean0104/scenario_mixing_sweep/mix_0p02/permanent_fork_sth_proof_n12000_pg0p03_a0p3_ff0p05_s48010_drop0_pc0p02_pgc0p02,0.02
permanent_fork,sth_proof,12000,6.0,5.0,0.03,0.3,0.05,3.0,True,15.0,15.0,0.0,0.0,,,,,28322.0,,,,6.7283240559419,6.7283240559419,9.0,0.00013877538433071715,9,9,48011,0.02,0.02,0.0,True,0.2,0.08,800,10,0.0,0.0,0.0,0.9468622207641602,C:/Users/efasllija/dev/gossip-poc/out_nb_incremental_clean0104/scenario_mixing_sweep/mix_0p02/permanent_fork_sth_proof_n12000_pg0p03_a0p3_ff0p05_s48011_drop0_pc0p02_pgc0p02,0.02
permanent_fork,sth_proof,12000,6.0,5.0,0.03,0.3,0.05,3.0,True,10.0,10.0,0.0,0.0,,,,,26874.0,,,,7.618770461986177,7.618770461986177,59.0,0.0008942645810597793,59,59,48012,0.02,0.02,0.0,True,0.2,0.08,800,10,0.0,0.0,0.0,0.9516932964324951,C:/Users/efasllija/dev/gossip-poc/out_nb_incremental_clean0104/scenario_mixing_sweep/mix_0p02/permanent_fork_sth_proof_n12000_pg0p03_a0p3_ff0p05_s48012_drop0_pc0p02_pgc0p02,0.02
permanent_fork,sth_proof,12000,6.0,5.0,0.03,0.3,0.05,3.0,True,10.0,10.0,0.0,0.0,,,,,29424.0,,,,8.632887189292543,8.632887189292543,19.0,0.00028381931166347995,19,19,48013,0.02,0.02,0.0,True,0.2,0.08,800,10,0.0,0.0,0.0,0.9480552673339844,C:/Users/efasllija/dev/gossip-poc/out_nb_incremental_clean0104/scenario_mixing_sweep/mix_0p02/permanent_fork_sth_proof_n12000_pg0p03_a0p3_ff0p05_s48013_drop0_pc0p02_pgc0p02,0.02
permanent_fork,sth_proof,12000,6.0,5.0,0.03,0.3,0.05,3.0,True,10.0,10.0,0.0,0.0,,,,,29899.0,,,,9.461663947797716,9.461663947797716,41.0,0.0005971801444884643,41,41,48014,0.02,0.02,0.0,True,0.2,0.08,800,10,0.0,0.0,0.0,0.9525711536407471,C:/Users/efasllija/dev/gossip-poc/out_nb_incremental_clean0104/scenario_mixing_sweep/mix_0p02/permanent_fork_sth_proof_n12000_pg0p03_a0p3_ff0p05_s48014_drop0_pc0p02_pgc0p02,0.02
permanent_fork,sth_proof,12000,6.0,5.0,0.05,0.3,0.05,3.0,True,0.0,0.0,0.0,0.0,,,,,27051.0,,,,14.509190788083668,14.509190788083668,82.0,0.0012375116959946878,82,82,48000,0.02,0.02,0.0,True,0.2,0.08,800,10,0.0,0.0,0.0,0.9227051734924316,C:/Users/efasllija/dev/gossip-poc/out_nb_incremental_clean0104/scenario_mixing_sweep/mix_0p02/permanent_fork_sth_proof_n12000_pg0p05_a0p3_ff0p05_s48000_drop0_pc0p02_pgc0p02,0.02
permanent_fork,sth_proof,12000,6.0,5.0,0.05,0.3,0.05,3.0,True,15.0,15.0,0.0,0.0,,,,,28608.0,,,,11.784352202765254,11.784352202765254,29.0,0.0004344113725901404,29,29,48001,0.02,0.02,0.0,True,0.2,0.08,800,10,0.0,0.0,0.0,0.978837251663208,C:/Users/efasllija/dev/gossip-poc/out_nb_incremental_clean0104/scenario_mixing_sweep/mix_0p02/permanent_fork_sth_proof_n12000_pg0p05_a0p3_ff0p05_s48001_drop0_pc0p02_pgc0p02,0.02
permanent_fork,sth_proof,12000,6.0,5.0,0.05,0.3,0.05,3.0,True,5.0,5.0,0.0,0.0,,,,,28267.0,,,,12.714736920889155,12.714736920889155,48.0,0.0007185090936307162,48,48,48002,0.02,0.02,0.0,True,0.2,0.08,800,10,0.0,0.0,0.0,0.9496588706970215,C:/Users/efasllija/dev/gossip-poc/out_nb_incremental_clean0104/scenario_mixing_sweep/mix_0p02/permanent_fork_sth_proof_n12000_pg0p05_a0p3_ff0p05_s48002_drop0_pc0p02_pgc0p02,0.02
permanent_fork,sth_proof,12000,6.0,5.0,0.05,0.3,0.05,3.0,True,0.0,0.0,0.0,0.0,,,,,25412.0,,,,12.680675629941852,12.680675629941852,51.0,0.0007845429652647448,51,51,48003,0.02,0.02,0.0,True,0.2,0.08,800,10,0.0,0.0,0.0,0.9593997001647949,C:/Users/efasllija/dev/gossip-poc/out_nb_incremental_clean0104/scenario_mixing_sweep/mix_0p02/permanent_fork_sth_proof_n12000_pg0p05_a0p3_ff0p05_s48003_drop0_pc0p02_pgc0p02,0.02
permanent_fork,sth_proof,12000,6.0,5.0,0.05,0.3,0.05,3.0,True,10.0,10.0,0.0,0.0,,,,,27140.0,,,,11.948479101873625,11.948479101873625,54.0,0.0008192368960024274,54,54,48004,0.02,0.02,0.0,True,0.2,0.08,800,10,0.0,0.0,0.0,0.9462568759918213,C:/Users/efasllija/dev/gossip-poc/out_nb_incremental_clean0104/scenario_mixing_sweep/mix_0p02/permanent_fork_sth_proof_n12000_pg0p05_a0p3_ff0p05_s48004_drop0_pc0p02_pgc0p02,0.02
permanent_fork,sth_proof,12000,6.0,5.0,0.05,0.3,0.05,3.0,True,5.0,5.0,0.0,0.0,,,,,27548.0,,,,12.905211780030244,12.905211780030244,44.0,0.0006587713913551227,44,44,48005,0.02,0.02,0.0,True,0.2,0.08,800,10,0.0,0.0,0.0,0.9613885879516602,C:/Users/efasllija/dev/gossip-poc/out_nb_incremental_clean0104/scenario_mixing_sweep/mix_0p02/permanent_fork_sth_proof_n12000_pg0p05_a0p3_ff0p05_s48005_drop0_pc0p02_pgc0p02,0.02
permanent_fork,sth_proof,12000,6.0,5.0,0.05,0.3,0.05,3.0,True,15.0,15.0,0.0,0.0,,,,,28101.0,,,,13.282687022900763,13.282687022900763,56.0,0.0008549618320610687,56,56,48006,0.02,0.02,0.0,True,0.2,0.08,800,10,0.0,0.0,0.0,0.9596519470214844,C:/Users/efasllija/dev/gossip-poc/out_nb_incremental_clean0104/scenario_mixing_sweep/mix_0p02/permanent_fork_sth_proof_n12000_pg0p05_a0p3_ff0p05_s48006_drop0_pc0p02_pgc0p02,0.02
permanent_fork,sth_proof,12000,6.0,5.0,0.05,0.3,0.05,3.0,True,0.0,0.0,0.0,0.0,,,,,26226.0,,,,11.856043683296104,11.856043683296104,56.0,0.0008687019111442045,56,56,48007,0.02,0.02,0.0,True,0.2,0.08,800,10,0.0,0.0,0.0,0.968482494354248,C:/Users/efasllija/dev/gossip-poc/out_nb_incremental_clean0104/scenario_mixing_sweep/mix_0p02/permanent_fork_sth_proof_n12000_pg0p05_a0p3_ff0p05_s48007_drop0_pc0p02_pgc0p02,0.02
permanent_fork,sth_proof,12000,6.0,5.0,0.05,0.3,0.05,3.0,True,15.0,15.0,0.0,0.0,,,,,28171.0,,,,15.677661613250027,15.677661613250027,53.0,0.0008257895638896246,53,53,48008,0.02,0.02,0.0,True,0.2,0.08,800,10,0.0,0.0,0.0,0.969710111618042,C:/Users/efasllija/dev/gossip-poc/out_nb_incremental_clean0104/scenario_mixing_sweep/mix_0p02/permanent_fork_sth_proof_n12000_pg0p05_a0p3_ff0p05_s48008_drop0_pc0p02_pgc0p02,0.02
permanent_fork,sth_proof,12000,6.0,5.0,0.05,0.3,0.05,3.0,True,0.0,0.0,0.0,0.0,,,,,26707.0,,,,10.735246509235587,10.735246509235587,34.0,0.0005143488192669017,34,34,48009,0.02,0.02,0.0,True,0.2,0.08,800,10,0.0,0.0,0.0,0.966322660446167,C:/Users/efasllija/dev/gossip-poc/out_nb_incremental_clean0104/scenario_mixing_sweep/mix_0p02/permanent_fork_sth_proof_n12000_pg0p05_a0p3_ff0p05_s48009_drop0_pc0p02_pgc0p02,0.02
permanent_fork,sth_proof,12000,6.0,5.0,0.05,0.3,0.05,3.0,True,20.0,20.0,0.0,0.0,,,,,30256.0,,,,14.396747578620113,14.396747578620113,45.0,0.0006726055243333732,45,45,48010,0.02,0.02,0.0,True,0.2,0.08,800,10,0.0,0.0,0.0,0.9504396915435791,C:/Users/efasllija/dev/gossip-poc/out_nb_incremental_clean0104/scenario_mixing_sweep/mix_0p02/permanent_fork_sth_proof_n12000_pg0p05_a0p3_ff0p05_s48010_drop0_pc0p02_pgc0p02,0.02
permanent_fork,sth_proof,12000,6.0,5.0,0.05,0.3,0.05,3.0,True,5.0,5.0,0.0,0.0,,,,,26986.0,,,,13.843492205449246,13.843492205449246,36.0,0.0005551015373228686,36,36,48011,0.02,0.02,0.0,True,0.2,0.08,800,10,0.0,0.0,0.0,0.9504780769348145,C:/Users/efasllija/dev/gossip-poc/out_nb_incremental_clean0104/scenario_mixing_sweep/mix_0p02/permanent_fork_sth_proof_n12000_pg0p05_a0p3_ff0p05_s48011_drop0_pc0p02_pgc0p02,0.02
permanent_fork,sth_proof,12000,6.0,5.0,0.05,0.3,0.05,3.0,True,10.0,10.0,0.0,0.0,,,,,26874.0,,,,12.779434946040984,12.779434946040984,75.0,0.0011367770098217533,75,75,48012,0.02,0.02,0.0,True,0.2,0.08,800,10,0.0,0.0,0.0,0.9686639308929443,C:/Users/efasllija/dev/gossip-poc/out_nb_incremental_clean0104/scenario_mixing_sweep/mix_0p02/permanent_fork_sth_proof_n12000_pg0p05_a0p3_ff0p05_s48012_drop0_pc0p02_pgc0p02,0.02
permanent_fork,sth_proof,12000,6.0,5.0,0.05,0.3,0.05,3.0,True,10.0,10.0,0.0,0.0,,,,,29424.0,,,,13.919694072657744,13.919694072657744,35.0,0.0005228250478011472,35,35,48013,0.02,0.02,0.0,True,0.2,0.08,800,10,0.0,0.0,0.0,0.9506027698516846,C:/Users/efasllija/dev/gossip-poc/out_nb_incremental_clean0104/scenario_mixing_sweep/mix_0p02/permanent_fork_sth_proof_n12000_pg0p05_a0p3_ff0p05_s48013_drop0_pc0p02_pgc0p02,0.02
permanent_fork,sth_proof,12000,6.0,5.0,0.05,0.3,0.05,3.0,True,10.0,10.0,0.0,0.0,,,,,29899.0,,,,15.491027732463296,15.491027732463296,76.0,0.001106968072710324,76,76,48014,0.02,0.02,0.0,True,0.2,0.08,800,10,0.0,0.0,0.0,0.9895102977752686,C:/Users/efasllija/dev/gossip-poc/out_nb_incremental_clean0104/scenario_mixing_sweep/mix_0p02/permanent_fork_sth_proof_n12000_pg0p05_a0p3_ff0p05_s48014_drop0_pc0p02_pgc0p02,0.02
permanent_fork,sth_proof,12000,6.0,5.0,0.003,0.1,0.05,3.0,True,120.0,120.0,0.0,0.0,,,,,50768.0,,,,0.24094657583363213,0.24094657583363213,1.0,1.4939643838890881e-05,1,1,48000,0.03,0.03,0.0,True,0.2,0.08,800,10,0.0,0.0,0.0,0.9333951473236084,C:/Users/efasllija/dev/gossip-poc/out_nb_incremental_clean0104/scenario_mixing_sweep/mix_0p03/permanent_fork_sth_proof_n12000_pg0p003_a0p1_ff0p05_s48000_drop0_pc0p03_pgc0p03,0.03
permanent_fork,sth_proof,12000,6.0,5.0,0.003,0.1,0.05,3.0,False,,,0.0,0.0,,,,,,,,,0.22893558180779752,0.22893558180779752,0.0,0.0,0,0,48001,0.03,0.03,0.0,True,0.2,0.08,800,10,0.0,0.0,0.0,0.9835677146911621,C:/Users/efasllija/dev/gossip-poc/out_nb_incremental_clean0104/scenario_mixing_sweep/mix_0p03/permanent_fork_sth_proof_n12000_pg0p003_a0p1_ff0p05_s48001_drop0_pc0p03_pgc0p03,0.03
permanent_fork,sth_proof,12000,6.0,5.0,0.003,0.1,0.05,3.0,True,155.0,155.0,0.0,0.0,,,,,60277.0,,,,0.20164133647397717,0.20164133647397717,1.0,1.5003075630504253e-05,1,1,48002,0.03,0.03,0.0,True,0.2,0.08,800,10,0.0,0.0,0.0,0.9487977027893066,C:/Users/efasllija/dev/gossip-poc/out_nb_incremental_clean0104/scenario_mixing_sweep/mix_0p03/permanent_fork_sth_proof_n12000_pg0p003_a0p1_ff0p05_s48002_drop0_pc0p03_pgc0p03,0.03
permanent_fork,sth_proof,12000,6.0,5.0,0.003,0.1,0.05,3.0,True,90.0,90.0,0.0,0.0,,,,,41624.0,,,,0.2618754614816638,0.2618754614816638,3.0,4.614816637952252e-05,3,3,48003,0.03,0.03,0.0,True,0.2,0.08,800,10,0.0,0.0,0.0,0.976219654083252,C:/Users/efasllija/dev/gossip-poc/out_nb_incremental_clean0104/scenario_mixing_sweep/mix_0p03/permanent_fork_sth_proof_n12000_pg0p003_a0p1_ff0p05_s48003_drop0_pc0p03_pgc0p03,0.03
permanent_fork,sth_proof,12000,6.0,5.0,0.003,0.1,0.05,3.0,False,,,0.0,0.0,,,,,,,,,0.10974172114457185,0.10974172114457185,0.0,0.0,0,0,48004,0.03,0.03,0.0,True,0.2,0.08,800,10,0.0,0.0,0.0,0.9187846183776855,C:/Users/efasllija/dev/gossip-poc/out_nb_incremental_clean0104/scenario_mixing_sweep/mix_0p03/permanent_fork_sth_proof_n12000_pg0p003_a0p1_ff0p05_s48004_drop0_pc0p03_pgc0p03,0.03
permanent_fork,sth_proof,12000,6.0,5.0,0.003,0.1,0.05,3.0,False,,,0.0,0.0,,,,,,,,,0.19784199137385364,0.19784199137385364,0.0,0.0,0,0,48005,0.03,0.03,0.0,True,0.2,0.08,800,10,0.0,0.0,0.0,0.9447062015533447,C:/Users/efasllija/dev/gossip-poc/out_nb_incremental_clean0104/scenario_mixing_sweep/mix_0p03/permanent_fork_sth_proof_n12000_pg0p003_a0p1_ff0p05_s48005_drop0_pc0p03_pgc0p03,0.03
permanent_fork,sth_proof,12000,6.0,5.0,0.003,0.1,0.05,3.0,True,155.0,155.0,0.0,0.0,,,,,59123.0,,,,0.3275502277193036,0.3275502277193036,1.0,1.5232060440815829e-05,1,1,48006,0.03,0.03,0.0,True,0.2,0.08,800,10,0.0,0.0,0.0,0.9614672660827637,C:/Users/efasllija/dev/gossip-poc/out_nb_incremental_clean0104/scenario_mixing_sweep/mix_0p03/permanent_fork_sth_proof_n12000_pg0p003_a0p1_ff0p05_s48006_drop0_pc0p03_pgc0p03,0.03
permanent_fork,sth_proof,12000,6.0,5.0,0.003,0.1,0.05,3.0,False,,,0.0,0.0,,,,,,,,,0.19991394010869046,0.19991394010869046,0.0,0.0,0,0,48007,0.03,0.03,0.0,True,0.2,0.08,800,10,0.0,0.0,0.0,0.9469406604766846,C:/Users/efasllija/dev/gossip-poc/out_nb_incremental_clean0104/scenario_mixing_sweep/mix_0p03/permanent_fork_sth_proof_n12000_pg0p003_a0p1_ff0p05_s48007_drop0_pc0p03_pgc0p03,0.03
permanent_fork,sth_proof,12000,6.0,5.0,0.003,0.1,0.05,3.0,True,25.0,25.0,0.0,0.0,,,,,29723.0,,,,0.47317573234755056,0.47317573234755056,2.0,3.106458326861545e-05,2,2,48008,0.03,0.03,0.0,True,0.2,0.08,800,10,0.0,0.0,0.0,0.9360780715942383,C:/Users/efasllija/dev/gossip-poc/out_nb_incremental_clean0104/scenario_mixing_sweep/mix_0p03/permanent_fork_sth_proof_n12000_pg0p003_a0p1_ff0p05_s48008_drop0_pc0p03_pgc0p03,0.03
permanent_fork,sth_proof,12000,6.0,5.0,0.003,0.1,0.05,3.0,False,,,0.0,0.0,,,,,,,,,0.3926083737515676,0.3926083737515676,0.0,0.0,0,0,48009,0.03,0.03,0.0,True,0.2,0.08,800,10,0.0,0.0,0.0,0.9163615703582764,C:/Users/efasllija/dev/gossip-poc/out_nb_incremental_clean0104/scenario_mixing_sweep/mix_0p03/permanent_fork_sth_proof_n12000_pg0p003_a0p1_ff0p05_s48009_drop0_pc0p03_pgc0p03,0.03
permanent_fork,sth_proof,12000,6.0,5.0,0.003,0.1,0.05,3.0,True,55.0,55.0,0.0,0.0,,,,,34863.0,,,,0.25777535507707217,0.25777535507707217,1.0,1.5141879410072378e-05,1,1,48010,0.03,0.03,0.0,True,0.2,0.08,800,10,0.0,0.0,0.0,0.9009535312652588,C:/Users/efasllija/dev/gossip-poc/out_nb_incremental_clean0104/scenario_mixing_sweep/mix_0p03/permanent_fork_sth_proof_n12000_pg0p003_a0p1_ff0p05_s48010_drop0_pc0p03_pgc0p03,0.03
permanent_fork,sth_proof,12000,6.0,5.0,0.003,0.1,0.05,3.0,False,,,0.0,0.0,,,,,,,,,0.09749879525563898,0.09749879525563898,0.0,0.0,0,0,48011,0.03,0.03,0.0,True,0.2,0.08,800,10,0.0,0.0,0.0,0.9604403972625732,C:/Users/efasllija/dev/gossip-poc/out_nb_incremental_clean0104/scenario_mixing_sweep/mix_0p03/permanent_fork_sth_proof_n12000_pg0p003_a0p1_ff0p05_s48011_drop0_pc0p03_pgc0p03,0.03
permanent_fork,sth_proof,12000,6.0,5.0,0.003,0.1,0.05,3.0,True,95.0,95.0,0.0,0.0,,,,,42578.0,,,,0.15257910706545297,0.15257910706545297,1.0,1.548083472660846e-05,1,1,48012,0.03,0.03,0.0,True,0.2,0.08,800,10,0.0,0.0,0.0,0.9367103576660156,C:/Users/efasllija/dev/gossip-poc/out_nb_incremental_clean0104/scenario_mixing_sweep/mix_0p03/permanent_fork_sth_proof_n12000_pg0p003_a0p1_ff0p05_s48012_drop0_pc0p03_pgc0p03,0.03
permanent_fork,sth_proof,12000,6.0,5.0,0.003,0.1,0.05,3.0,True,80.0,80.0,0.0,0.0,,,,,42106.0,,,,0.3315571343990527,0.3315571343990527,3.0,4.440497335701598e-05,3,3,48013,0.03,0.03,0.0,True,0.2,0.08,800,10,0.0,0.0,0.0,0.9447109699249268,C:/Users/efasllija/dev/gossip-poc/out_nb_incremental_clean0104/scenario_mixing_sweep/mix_0p03/permanent_fork_sth_proof_n12000_pg0p003_a0p1_ff0p05_s48013_drop0_pc0p03_pgc0p03,0.03
permanent_fork,sth_proof,12000,6.0,5.0,0.003,0.1,0.05,3.0,True,105.0,105.0,0.0,0.0,,,,,48507.0,,,,0.0647417555420677,0.0647417555420677,1.0,1.4451284719211538e-05,1,1,48014,0.03,0.03,0.0,True,0.2,0.08,800,10,0.0,0.0,0.0,0.9294431209564209,C:/Users/efasllija/dev/gossip-poc/out_nb_incremental_clean0104/scenario_mixing_sweep/mix_0p03/permanent_fork_sth_proof_n12000_pg0p003_a0p1_ff0p05_s48014_drop0_pc0p03_pgc0p03,0.03
permanent_fork,sth_proof,12000,6.0,5.0,0.005,0.1,0.05,3.0,True,120.0,120.0,0.0,0.0,,,,,50768.0,,,,0.29449025935221707,0.29449025935221707,2.0,2.9879287677781763e-05,2,2,48000,0.03,0.03,0.0,True,0.2,0.08,800,10,0.0,0.0,0.0,0.9516808986663818,C:/Users/efasllija/dev/gossip-poc/out_nb_incremental_clean0104/scenario_mixing_sweep/mix_0p03/permanent_fork_sth_proof_n12000_pg0p005_a0p1_ff0p05_s48000_drop0_pc0p03_pgc0p03,0.03
permanent_fork,sth_proof,12000,6.0,5.0,0.005,0.1,0.05,3.0,False,,,0.0,0.0,,,,,,,,,0.47133796254546545,0.47133796254546545,0.0,0.0,0,0,48001,0.03,0.03,0.0,True,0.2,0.08,800,10,0.0,0.0,0.0,0.9479806423187256,C:/Users/efasllija/dev/gossip-poc/out_nb_incremental_clean0104/scenario_mixing_sweep/mix_0p03/permanent_fork_sth_proof_n12000_pg0p005_a0p1_ff0p05_s48001_drop0_pc0p03_pgc0p03,0.03
permanent_fork,sth_proof,12000,6.0,5.0,0.005,0.1,0.05,3.0,True,155.0,155.0,0.0,0.0,,,,,60277.0,,,,0.3898399171830225,0.3898399171830225,1.0,1.5003075630504253e-05,1,1,48002,0.03,0.03,0.0,True,0.2,0.08,800,10,0.0,0.0,0.0,0.9319686889648438,C:/Users/efasllija/dev/gossip-poc/out_nb_incremental_clean0104/scenario_mixing_sweep/mix_0p03/permanent_fork_sth_proof_n12000_pg0p005_a0p1_ff0p05_s48002_drop0_pc0p03_pgc0p03,0.03
permanent_fork,sth_proof,12000,6.0,5.0,0.005,0.1,0.05,3.0,True,90.0,90.0,0.0,0.0,,,,,41624.0,,,,0.49618508491262614,0.49618508491262614,3.0,4.614816637952252e-05,3,3,48003,0.03,0.03,0.0,True,0.2,0.08,800,10,0.0,0.0,0.0,0.9557290077209473,C:/Users/efasllija/dev/gossip-poc/out_nb_incremental_clean0104/scenario_mixing_sweep/mix_0p03/permanent_fork_sth_proof_n12000_pg0p005_a0p1_ff0p05_s48003_drop0_pc0p03_pgc0p03,0.03
permanent_fork,sth_proof,12000,6.0,5.0,0.005,0.1,0.05,3.0,True,10.0,10.0,0.0,0.0,,,,,26908.0,,,,0.2469188725752867,0.2469188725752867,1.0,1.5309949936463707e-05,1,1,48004,0.03,0.03,0.0,True,0.2,0.08,800,10,0.0,0.0,0.0,0.9435162544250488,C:/Users/efasllija/dev/gossip-poc/out_nb_incremental_clean0104/scenario_mixing_sweep/mix_0p03/permanent_fork_sth_proof_n12000_pg0p005_a0p1_ff0p05_s48004_drop0_pc0p03_pgc0p03,0.03
permanent_fork,sth_proof,12000,6.0,5.0,0.005,0.1,0.05,3.0,False,,,0.0,0.0,,,,,,,,,0.36930505056452684,0.36930505056452684,0.0,0.0,0,0,48005,0.03,0.03,0.0,True,0.2,0.08,800,10,0.0,0.0,0.0,0.9365403652191162,C:/Users/efasllija/dev/gossip-poc/out_nb_incremental_clean0104/scenario_mixing_sweep/mix_0p03/permanent_fork_sth_proof_n12000_pg0p005_a0p1_ff0p05_s48005_drop0_pc0p03_pgc0p03,0.03
permanent_fork,sth_proof,12000,6.0,5.0,0.005,0.1,0.05,3.0,True,50.0,50.0,0.0,0.0,,,,,33377.0,,,,0.5459170461988393,0.5459170461988393,3.0,4.5696181322447485e-05,3,3,48006,0.03,0.03,0.0,True,0.2,0.08,800,10,0.0,0.0,0.0,0.9162845611572266,C:/Users/efasllija/dev/gossip-poc/out_nb_incremental_clean0104/scenario_mixing_sweep/mix_0p03/permanent_fork_sth_proof_n12000_pg0p005_a0p1_ff0p05_s48006_drop0_pc0p03_pgc0p03,0.03
permanent_fork,sth_proof,12000,6.0,5.0,0.005,0.1,0.05,3.0,True,125.0,125.0,0.0,0.0,,,,,48380.0,,,,0.27131177586179417,0.27131177586179417,2.0,3.187403381834988e-05,2,2,48007,0.03,0.03,0.0,True,0.2,0.08,800,10,0.0,0.0,0.0,0.9123892784118652,C:/Users/efasllija/dev/gossip-poc/out_nb_incremental_clean0104/scenario_mixing_sweep/mix_0p03/permanent_fork_sth_proof_n12000_pg0p005_a0p1_ff0p05_s48007_drop0_pc0p03_pgc0p03,0.03
permanent_fork,sth_proof,12000,6.0,5.0,0.005,0.1,0.05,3.0,True,25.0,25.0,0.0,0.0,,,,,29723.0,,,,0.5427603988692492,0.5427603988692492,3.0,4.659687490292318e-05,3,3,48008,0.03,0.03,0.0,True,0.2,0.08,800,10,0.0,0.0,0.0,0.9160361289978027,C:/Users/efasllija/dev/gossip-poc/out_nb_incremental_clean0104/scenario_mixing_sweep/mix_0p03/permanent_fork_sth_proof_n12000_pg0p005_a0p1_ff0p05_s48008_drop0_pc0p03_pgc0p03,0.03
permanent_fork,sth_proof,12000,6.0,5.0,0.005,0.1,0.05,3.0,False,,,0.0,0.0,,,,,,,,,0.7175256485804512,0.7175256485804512,0.0,0.0,0,0,48009,0.03,0.03,0.0,True,0.2,0.08,800,10,0.0,0.0,0.0,0.9373376369476318,C:/Users/efasllija/dev/gossip-poc/out_nb_incremental_clean0104/scenario_mixing_sweep/mix_0p03/permanent_fork_sth_proof_n12000_pg0p005_a0p1_ff0p05_s48009_drop0_pc0p03_pgc0p03,0.03
permanent_fork,sth_proof,12000,6.0,5.0,0.005,0.1,0.05,3.0,True,55.0,55.0,0.0,0.0,,,,,34863.0,,,,0.36631234668847096,0.36631234668847096,1.0,1.5141879410072378e-05,1,1,48010,0.03,0.03,0.0,True,0.2,0.08,800,10,0.0,0.0,0.0,0.9150373935699463,C:/Users/efasllija/dev/gossip-poc/out_nb_incremental_clean0104/scenario_mixing_sweep/mix_0p03/permanent_fork_sth_proof_n12000_pg0p005_a0p1_ff0p05_s48010_drop0_pc0p03_pgc0p03,0.03
permanent_fork,sth_proof,12000,6.0,5.0,0.005,0.1,0.05,3.0,False,,,0.0,0.0,,,,,,,,,0.2785679864446828,0.2785679864446828,0.0,0.0,0,0,48011,0.03,0.03,0.0,True,0.2,0.08,800,10,0.0,0.0,0.0,0.9722421169281006,C:/Users/efasllija/dev/gossip-poc/out_nb_incremental_clean0104/scenario_mixing_sweep/mix_0p03/permanent_fork_sth_proof_n12000_pg0p005_a0p1_ff0p05_s48011_drop0_pc0p03_pgc0p03,0.03
permanent_fork,sth_proof,12000,6.0,5.0,0.005,0.1,0.05,3.0,True,95.0,95.0,0.0,0.0,,,,,42578.0,,,,0.41612483745123535,0.41612483745123535,1.0,1.548083472660846e-05,1,1,48012,0.03,0.03,0.0,True,0.2,0.08,800,10,0.0,0.0,0.0,0.9386365413665771,C:/Users/efasllija/dev/gossip-poc/out_nb_incremental_clean0104/scenario_mixing_sweep/mix_0p03/permanent_fork_sth_proof_n12000_pg0p005_a0p1_ff0p05_s48012_drop0_pc0p03_pgc0p03,0.03
permanent_fork,sth_proof,12000,6.0,5.0,0.005,0.1,0.05,3.0,True,80.0,80.0,0.0,0.0,,,,,42106.0,,,,0.7692125518058023,0.7692125518058023,3.0,4.440497335701598e-05,3,3,48013,0.03,0.03,0.0,True,0.2,0.08,800,10,0.0,0.0,0.0,0.930811882019043,C:/Users/efasllija/dev/gossip-poc/out_nb_incremental_clean0104/scenario_mixing_sweep/mix_0p03/permanent_fork_sth_proof_n12000_pg0p005_a0p1_ff0p05_s48013_drop0_pc0p03_pgc0p03,0.03
permanent_fork,sth_proof,12000,6.0,5.0,0.005,0.1,0.05,3.0,True,105.0,105.0,0.0,0.0,,,,,48507.0,,,,0.32370877771033846,0.32370877771033846,1.0,1.4451284719211538e-05,1,1,48014,0.03,0.03,0.0,True,0.2,0.08,800,10,0.0,0.0,0.0,0.9443609714508057,C:/Users/efasllija/dev/gossip-poc/out_nb_incremental_clean0104/scenario_mixing_sweep/mix_0p03/permanent_fork_sth_proof_n12000_pg0p005_a0p1_ff0p05_s48014_drop0_pc0p03_pgc0p03,0.03
permanent_fork,sth_proof,12000,6.0,5.0,0.007,0.1,0.05,3.0,True,50.0,50.0,0.0,0.0,,,,,35355.0,,,,0.7629974901398351,0.7629974901398351,3.0,4.4818931516672646e-05,3,3,48000,0.03,0.03,0.0,True,0.2,0.08,800,10,0.0,0.0,0.0,0.923670768737793,C:/Users/efasllija/dev/gossip-poc/out_nb_incremental_clean0104/scenario_mixing_sweep/mix_0p03/permanent_fork_sth_proof_n12000_pg0p007_a0p1_ff0p05_s48000_drop0_pc0p03_pgc0p03,0.03
permanent_fork,sth_proof,12000,6.0,5.0,0.007,0.1,0.05,3.0,True,90.0,90.0,0.0,0.0,,,,,42808.0,,,,0.7272071422130039,0.7272071422130039,4.0,6.011963807977876e-05,4,4,48001,0.03,0.03,0.0,True,0.2,0.08,800,10,0.0,0.0,0.0,0.9248793125152588,C:/Users/efasllija/dev/gossip-poc/out_nb_incremental_clean0104/scenario_mixing_sweep/mix_0p03/permanent_fork_sth_proof_n12000_pg0p007_a0p1_ff0p05_s48001_drop0_pc0p03_pgc0p03,0.03
permanent_fork,sth_proof,12000,6.0,5.0,0.007,0.1,0.05,3.0,True,30.0,30.0,0.0,0.0,,,,,31380.0,,,,0.7527943228361814,0.7527943228361814,2.0,3.0006151261008507e-05,2,2,48002,0.03,0.03,0.0,True,0.2,0.08,800,10,0.0,0.0,0.0,0.9316174983978271,C:/Users/efasllija/dev/gossip-poc/out_nb_incremental_clean0104/scenario_mixing_sweep/mix_0p03/permanent_fork_sth_proof_n12000_pg0p007_a0p1_ff0p05_s48002_drop0_pc0p03_pgc0p03,0.03
permanent_fork,sth_proof,12000,6.0,5.0,0.007,0.1,0.05,3.0,True,90.0,90.0,0.0,0.0,,,,,41624.0,,,,0.5375338419886783,0.5375338419886783,3.0,4.614816637952252e-05,3,3,48003,0.03,0.03,0.0,True,0.2,0.08,800,10,0.0,0.0,0.0,0.947068452835083,C:/Users/efasllija/dev/gossip-poc/out_nb_incremental_clean0104/scenario_mixing_sweep/mix_0p03/permanent_fork_sth_proof_n12000_pg0p007_a0p1_ff0p05_s48003_drop0_pc0p03_pgc0p03,0.03
permanent_fork,sth_proof,12000,6.0,5.0,0.007,0.1,0.05,3.0,True,10.0,10.0,0.0,0.0,,,,,26908.0,,,,0.37037830886293,0.37037830886293,1.0,1.5309949936463707e-05,1,1,48004,0.03,0.03,0.0,True,0.2,0.08,800,10,0.0,0.0,0.0,0.9279420375823975,C:/Users/efasllija/dev/gossip-poc/out_nb_incremental_clean0104/scenario_mixing_sweep/mix_0p03/permanent_fork_sth_proof_n12000_pg0p007_a0p1_ff0p05_s48004_drop0_pc0p03_pgc0p03,0.03
permanent_fork,sth_proof,12000,6.0,5.0,0.007,0.1,0.05,3.0,False,,,0.0,0.0,,,,,,,,,0.3956839827477073,0.3956839827477073,0.0,0.0,0,0,48005,0.03,0.03,0.0,True,0.2,0.08,800,10,0.0,0.0,0.0,0.9452855587005615,C:/Users/efasllija/dev/gossip-poc/out_nb_incremental_clean0104/scenario_mixing_sweep/mix_0p03/permanent_fork_sth_proof_n12000_pg0p007_a0p1_ff0p05_s48005_drop0_pc0p03_pgc0p03,0.03
permanent_fork,sth_proof,12000,6.0,5.0,0.007,0.1,0.05,3.0,True,50.0,50.0,0.0,0.0,,,,,33377.0,,,,0.6005087508187232,0.6005087508187232,3.0,4.5696181322447485e-05,3,3,48006,0.03,0.03,0.0,True,0.2,0.08,800,10,0.0,0.0,0.0,0.9486649036407471,C:/Users/efasllija/dev/gossip-poc/out_nb_incremental_clean0104/scenario_mixing_sweep/mix_0p03/permanent_fork_sth_proof_n12000_pg0p007_a0p1_ff0p05_s48006_drop0_pc0p03_pgc0p03,0.03
permanent_fork,sth_proof,12000,6.0,5.0,0.007,0.1,0.05,3.0,True,125.0,125.0,0.0,0.0,,,,,48380.0,,,,0.4855052831211054,0.4855052831211054,3.0,4.781105072752482e-05,3,3,48007,0.03,0.03,0.0,True,0.2,0.08,800,10,0.0,0.0,0.0,0.9285850524902344,C:/Users/efasllija/dev/gossip-poc/out_nb_incremental_clean0104/scenario_mixing_sweep/mix_0p03/permanent_fork_sth_proof_n12000_pg0p007_a0p1_ff0p05_s48007_drop0_pc0p03_pgc0p03,0.03
permanent_fork,sth_proof,12000,6.0,5.0,0.007,0.1,0.05,3.0,True,25.0,25.0,0.0,0.0,,,,,29723.0,,,,0.5984281320866081,0.5984281320866081,3.0,4.659687490292318e-05,3,3,48008,0.03,0.03,0.0,True,0.2,0.08,800,10,0.0,0.0,0.0,0.9239354133605957,C:/Users/efasllija/dev/gossip-poc/out_nb_incremental_clean0104/scenario_mixing_sweep/mix_0p03/permanent_fork_sth_proof_n12000_pg0p007_a0p1_ff0p05_s48008_drop0_pc0p03_pgc0p03,0.03
permanent_fork,sth_proof,12000,6.0,5.0,0.007,0.1,0.05,3.0,False,,,0.0,0.0,,,,,,,,,1.164286901470166,1.164286901470166,0.0,0.0,0,0,48009,0.03,0.03,0.0,True,0.2,0.08,800,10,0.0,0.0,0.0,0.9278180599212646,C:/Users/efasllija/dev/gossip-poc/out_nb_incremental_clean0104/scenario_mixing_sweep/mix_0p03/permanent_fork_sth_proof_n12000_pg0p007_a0p1_ff0p05_s48009_drop0_pc0p03_pgc0p03,0.03
permanent_fork,sth_proof,12000,6.0,5.0,0.007,0.1,0.05,3.0,True,55.0,55.0,0.0,0.0,,,,,34863.0,,,,0.40701371854274554,0.40701371854274554,1.0,1.5141879410072378e-05,1,1,48010,0.03,0.03,0.0,True,0.2,0.08,800,10,0.0,0.0,0.0,0.9182267189025879,C:/Users/efasllija/dev/gossip-poc/out_nb_incremental_clean0104/scenario_mixing_sweep/mix_0p03/permanent_fork_sth_proof_n12000_pg0p007_a0p1_ff0p05_s48010_drop0_pc0p03_pgc0p03,0.03
permanent_fork,sth_proof,12000,6.0,5.0,0.007,0.1,0.05,3.0,False,,,0.0,0.0,,,,,,,,,0.3064247850891511,0.3064247850891511,0.0,0.0,0,0,48011,0.03,0.03,0.0,True,0.2,0.08,800,10,0.0,0.0,0.0,0.9336228370666504,C:/Users/efasllija/dev/gossip-poc/out_nb_incremental_clean0104/scenario_mixing_sweep/mix_0p03/permanent_fork_sth_proof_n12000_pg0p007_a0p1_ff0p05_s48011_drop0_pc0p03_pgc0p03,0.03
permanent_fork,sth_proof,12000,6.0,5.0,0.007,0.1,0.05,3.0,True,95.0,95.0,0.0,0.0,,,,,42578.0,,,,0.7628955353272648,0.7628955353272648,1.0,1.548083472660846e-05,1,1,48012,0.03,0.03,0.0,True,0.2,0.08,800,10,0.0,0.0,0.0,0.9490554332733154,C:/Users/efasllija/dev/gossip-poc/out_nb_incremental_clean0104/scenario_mixing_sweep/mix_0p03/permanent_fork_sth_proof_n12000_pg0p007_a0p1_ff0p05_s48012_drop0_pc0p03_pgc0p03,0.03
permanent_fork,sth_proof,12000,6.0,5.0,0.007,0.1,0.05,3.0,True,80.0,80.0,0.0,0.0,,,,,42106.0,,,,1.0609828300769686,1.0609828300769686,3.0,4.440497335701598e-05,3,3,48013,0.03,0.03,0.0,True,0.2,0.08,800,10,0.0,0.0,0.0,0.9242401123046875,C:/Users/efasllija/dev/gossip-poc/out_nb_incremental_clean0104/scenario_mixing_sweep/mix_0p03/permanent_fork_sth_proof_n12000_pg0p007_a0p1_ff0p05_s48013_drop0_pc0p03_pgc0p03,0.03
permanent_fork,sth_proof,12000,6.0,5.0,0.007,0.1,0.05,3.0,True,105.0,105.0,0.0,0.0,,,,,48507.0,,,,0.3755021821439926,0.3755021821439926,2.0,2.8902569438423076e-05,2,2,48014,0.03,0.03,0.0,True,0.2,0.08,800,10,0.0,0.0,0.0,0.945220947265625,C:/Users/efasllija/dev/gossip-poc/out_nb_incremental_clean0104/scenario_mixing_sweep/mix_0p03/permanent_fork_sth_proof_n12000_pg0p007_a0p1_ff0p05_s48014_drop0_pc0p03_pgc0p03,0.03
permanent_fork,sth_proof,12000,6.0,5.0,0.01,0.1,0.05,3.0,True,50.0,50.0,0.0,0.0,,,,,35355.0,,,,0.8700848571770049,0.8700848571770049,3.0,4.4818931516672646e-05,3,3,48000,0.03,0.03,0.0,True,0.2,0.08,800,10,0.0,0.0,0.0,0.9591867923736572,C:/Users/efasllija/dev/gossip-poc/out_nb_incremental_clean0104/scenario_mixing_sweep/mix_0p03/permanent_fork_sth_proof_n12000_pg0p01_a0p1_ff0p05_s48000_drop0_pc0p03_pgc0p03,0.03
permanent_fork,sth_proof,12000,6.0,5.0,0.01,0.1,0.05,3.0,True,90.0,90.0,0.0,0.0,,,,,42808.0,,,,0.9696095229506718,0.9696095229506718,5.0,7.514954759972345e-05,5,5,48001,0.03,0.03,0.0,True,0.2,0.08,800,10,0.0,0.0,0.0,0.9348123073577881,C:/Users/efasllija/dev/gossip-poc/out_nb_incremental_clean0104/scenario_mixing_sweep/mix_0p03/permanent_fork_sth_proof_n12000_pg0p01_a0p1_ff0p05_s48001_drop0_pc0p03_pgc0p03,0.03
permanent_fork,sth_proof,12000,6.0,5.0,0.01,0.1,0.05,3.0,True,30.0,30.0,0.0,0.0,,,,,31380.0,,,,0.8603363689556359,0.8603363689556359,3.0,4.500922689151276e-05,3,3,48002,0.03,0.03,0.0,True,0.2,0.08,800,10,0.0,0.0,0.0,0.9305670261383057,C:/Users/efasllija/dev/gossip-poc/out_nb_incremental_clean0104/scenario_mixing_sweep/mix_0p03/permanent_fork_sth_proof_n12000_pg0p01_a0p1_ff0p05_s48002_drop0_pc0p03_pgc0p03,0.03
permanent_fork,sth_proof,12000,6.0,5.0,0.01,0.1,0.05,3.0,True,90.0,90.0,0.0,0.0,,,,,41624.0,,,,0.7994093034703421,0.7994093034703421,4.0,6.153088850603002e-05,4,4,48003,0.03,0.03,0.0,True,0.2,0.08,800,10,0.0,0.0,0.0,0.9166898727416992,C:/Users/efasllija/dev/gossip-poc/out_nb_incremental_clean0104/scenario_mixing_sweep/mix_0p03/permanent_fork_sth_proof_n12000_pg0p01_a0p1_ff0p05_s48003_drop0_pc0p03_pgc0p03,0.03
permanent_fork,sth_proof,12000,6.0,5.0,0.01,0.1,0.05,3.0,True,10.0,10.0,0.0,0.0,,,,,26908.0,,,,0.4389668845782874,0.4389668845782874,1.0,1.5309949936463707e-05,1,1,48004,0.03,0.03,0.0,True,0.2,0.08,800,10,0.0,0.0,0.0,0.9498915672302246,C:/Users/efasllija/dev/gossip-poc/out_nb_incremental_clean0104/scenario_mixing_sweep/mix_0p03/permanent_fork_sth_proof_n12000_pg0p01_a0p1_ff0p05_s48004_drop0_pc0p03_pgc0p03,0.03
permanent_fork,sth_proof,12000,6.0,5.0,0.01,0.1,0.05,3.0,True,145.0,145.0,0.0,0.0,,,,,57346.0,,,,0.6726627706711024,0.6726627706711024,1.0,1.472038626293554e-05,1,1,48005,0.03,0.03,0.0,True,0.2,0.08,800,10,0.0,0.0,0.0,0.9696042537689209,C:/Users/efasllija/dev/gossip-poc/out_nb_incremental_clean0104/scenario_mixing_sweep/mix_0p03/permanent_fork_sth_proof_n12000_pg0p01_a0p1_ff0p05_s48005_drop0_pc0p03_pgc0p03,0.03
permanent_fork,sth_proof,12000,6.0,5.0,0.01,0.1,0.05,3.0,True,50.0,50.0,0.0,0.0,,,,,33377.0,,,,0.83252349545323,0.83252349545323,3.0,4.5696181322447485e-05,3,3,48006,0.03,0.03,0.0,True,0.2,0.08,800,10,0.0,0.0,0.0,0.9729459285736084,C:/Users/efasllija/dev/gossip-poc/out_nb_incremental_clean0104/scenario_mixing_sweep/mix_0p03/permanent_fork_sth_proof_n12000_pg0p01_a0p1_ff0p05_s48006_drop0_pc0p03_pgc0p03,0.03
permanent_fork,sth_proof,12000,6.0,5.0,0.01,0.1,0.05,3.0,True,125.0,125.0,0.0,0.0,,,,,48380.0,,,,0.5711826860248299,0.5711826860248299,3.0,4.781105072752482e-05,3,3,48007,0.03,0.03,0.0,True,0.2,0.08,800,10,0.0,0.0,0.0,0.97871994972229,C:/Users/efasllija/dev/gossip-poc/out_nb_incremental_clean0104/scenario_mixing_sweep/mix_0p03/permanent_fork_sth_proof_n12000_pg0p01_a0p1_ff0p05_s48007_drop0_pc0p03_pgc0p03,0.03
permanent_fork,sth_proof,12000,6.0,5.0,0.01,0.1,0.05,3.0,True,25.0,25.0,0.0,0.0,,,,,29723.0,,,,0.6958466652169861,0.6958466652169861,3.0,4.659687490292318e-05,3,3,48008,0.03,0.03,0.0,True,0.2,0.08,800,10,0.0,0.0,0.0,0.9259500503540039,C:/Users/efasllija/dev/gossip-poc/out_nb_incremental_clean0104/scenario_mixing_sweep/mix_0p03/permanent_fork_sth_proof_n12000_pg0p01_a0p1_ff0p05_s48008_drop0_pc0p03_pgc0p03,0.03
permanent_fork,sth_proof,12000,6.0,5.0,0.01,0.1,0.05,3.0,False,,,0.0,0.0,,,,,,,,,1.2455162201773868,1.2455162201773868,0.0,0.0,0,0,48009,0.03,0.03,0.0,True,0.2,0.08,800,10,0.0,0.0,0.0,0.9440538883209229,C:/Users/efasllija/dev/gossip-poc/out_nb_incremental_clean0104/scenario_mixing_sweep/mix_0p03/permanent_fork_sth_proof_n12000_pg0p01_a0p1_ff0p05_s48009_drop0_pc0p03_pgc0p03,0.03
permanent_fork,sth_proof,12000,6.0,5.0,0.01,0.1,0.05,3.0,True,55.0,55.0,0.0,0.0,,,,,34863.0,,,,0.8004603131340662,0.8004603131340662,2.0,3.0283758820144755e-05,2,2,48010,0.03,0.03,0.0,True,0.2,0.08,800,10,0.0,0.0,0.0,0.9383704662322998,C:/Users/efasllija/dev/gossip-poc/out_nb_incremental_clean0104/scenario_mixing_sweep/mix_0p03/permanent_fork_sth_proof_n12000_pg0p01_a0p1_ff0p05_s48010_drop0_pc0p03_pgc0p03,0.03
permanent_fork,sth_proof,12000,6.0,5.0,0.01,0.1,0.05,3.0,False,,,0.0,0.0,,,,,,,,,0.6824915667894729,0.6824915667894729,0.0,0.0,0,0,48011,0.03,0.03,0.0,True,0.2,0.08,800,10,0.0,0.0,0.0,0.9317197799682617,C:/Users/efasllija/dev/gossip-poc/out_nb_incremental_clean0104/scenario_mixing_sweep/mix_0p03/permanent_fork_sth_proof_n12000_pg0p01_a0p1_ff0p05_s48011_drop0_pc0p03_pgc0p03,0.03
permanent_fork,sth_proof,12000,6.0,5.0,0.01,0.1,0.05,3.0,True,80.0,80.0,0.0,0.0,,,,,39033.0,,,,1.1512787169484178,1.1512787169484178,3.0,4.644250417982538e-05,3,3,48012,0.03,0.03,0.0,True,0.2,0.08,800,10,0.0,0.0,0.0,0.9505355358123779,C:/Users/efasllija/dev/gossip-poc/out_nb_incremental_clean0104/scenario_mixing_sweep/mix_0p03/permanent_fork_sth_proof_n12000_pg0p01_a0p1_ff0p05_s48012_drop0_pc0p03_pgc0p03,0.03
permanent_fork,sth_proof,12000,6.0,5.0,0.01,0.1,0.05,3.0,True,80.0,80.0,0.0,0.0,,,,,42106.0,,,,1.5384251036116046,1.5384251036116046,5.0,7.400828892835997e-05,5,5,48013,0.03,0.03,0.0,True,0.2,0.08,800,10,0.0,0.0,0.0,0.9602305889129639,C:/Users/efasllija/dev/gossip-poc/out_nb_incremental_clean0104/scenario_mixing_sweep/mix_0p03/permanent_fork_sth_proof_n12000_pg0p01_a0p1_ff0p05_s48013_drop0_pc0p03_pgc0p03,0.03
permanent_fork,sth_proof,12000,6.0,5.0,0.01,0.1,0.05,3.0,True,45.0,45.0,0.0,0.0,,,,,35588.0,,,,0.6344692043122634,0.6344692043122634,5.0,7.225642359605769e-05,5,5,48014,0.03,0.03,0.0,True,0.2,0.08,800,10,0.0,0.0,0.0,0.9516100883483887,C:/Users/efasllija/dev/gossip-poc/out_nb_incremental_clean0104/scenario_mixing_sweep/mix_0p03/permanent_fork_sth_proof_n12000_pg0p01_a0p1_ff0p05_s48014_drop0_pc0p03_pgc0p03,0.03
permanent_fork,sth_proof,12000,6.0,5.0,0.015,0.1,0.05,3.0,True,50.0,50.0,0.0,0.0,,,,,35355.0,,,,1.1378032747699296,1.1378032747699296,4.0,5.9758575355563525e-05,4,4,48000,0.03,0.03,0.0,True,0.2,0.08,800,10,0.0,0.0,0.0,0.9290692806243896,C:/Users/efasllija/dev/gossip-poc/out_nb_incremental_clean0104/scenario_mixing_sweep/mix_0p03/permanent_fork_sth_proof_n12000_pg0p015_a0p1_ff0p05_s48000_drop0_pc0p03_pgc0p03,0.03
permanent_fork,sth_proof,12000,6.0,5.0,0.015,0.1,0.05,3.0,True,70.0,70.0,0.0,0.0,,,,,38771.0,,,,1.8045510566026393,1.8045510566026393,7.0,0.00010520936663961282,7,7,48001,0.03,0.03,0.0,True,0.2,0.08,800,10,0.0,0.0,0.0,0.9144477844238281,C:/Users/efasllija/dev/gossip-poc/out_nb_incremental_clean0104/scenario_mixing_sweep/mix_0p03/permanent_fork_sth_proof_n12000_pg0p015_a0p1_ff0p05_s48001_drop0_pc0p03_pgc0p03,0.03
permanent_fork,sth_proof,12000,6.0,5.0,0.015,0.1,0.05,3.0,True,30.0,30.0,0.0,0.0,,,,,31380.0,,,,1.3980465995529083,1.3980465995529083,4.0,6.0012302522017014e-05,4,4,48002,0.03,0.03,0.0,True,0.2,0.08,800,10,0.0,0.0,0.0,0.9391248226165771,C:/Users/efasllija/dev/gossip-poc/out_nb_incremental_clean0104/scenario_mixing_sweep/mix_0p03/permanent_fork_sth_proof_n12000_pg0p015_a0p1_ff0p05_s48002_drop0_pc0p03_pgc0p03,0.03
permanent_fork,sth_proof,12000,6.0,5.0,0.015,0.1,0.05,3.0,True,50.0,50.0,0.0,0.0,,,,,33491.0,,,,1.5161210927885798,1.5161210927885798,6.0,9.229633275904504e-05,6,6,48003,0.03,0.03,0.0,True,0.2,0.08,800,10,0.0,0.0,0.0,0.9535841941833496,C:/Users/efasllija/dev/gossip-poc/out_nb_incremental_clean0104/scenario_mixing_sweep/mix_0p03/permanent_fork_sth_proof_n12000_pg0p015_a0p1_ff0p05_s48003_drop0_pc0p03_pgc0p03,0.03
permanent_fork,sth_proof,12000,6.0,5.0,0.015,0.1,0.05,3.0,True,10.0,10.0,0.0,0.0,,,,,26908.0,,,,1.138570356874933,1.138570356874933,3.0,4.5929849809391124e-05,3,3,48004,0.03,0.03,0.0,True,0.2,0.08,800,10,0.0,0.0,0.0,0.9175186157226562,C:/Users/efasllija/dev/gossip-poc/out_nb_incremental_clean0104/scenario_mixing_sweep/mix_0p03/permanent_fork_sth_proof_n12000_pg0p015_a0p1_ff0p05_s48004_drop0_pc0p03_pgc0p03,0.03
permanent_fork,sth_proof,12000,6.0,5.0,0.015,0.1,0.05,3.0,True,75.0,75.0,0.0,0.0,,,,,39883.0,,,,1.0551572873272195,1.0551572873272195,2.0,2.944077252587108e-05,2,2,48005,0.03,0.03,0.0,True,0.2,0.08,800,10,0.0,0.0,0.0,0.937676191329956,C:/Users/efasllija/dev/gossip-poc/out_nb_incremental_clean0104/scenario_mixing_sweep/mix_0p03/permanent_fork_sth_proof_n12000_pg0p015_a0p1_ff0p05_s48005_drop0_pc0p03_pgc0p03,0.03
permanent_fork,sth_proof,12000,6.0,5.0,0.015,0.1,0.05,3.0,True,5.0,5.0,0.0,0.0,,,,,26234.0,,,,0.9417069046929978,0.9417069046929978,4.0,6.0928241763263316e-05,4,4,48006,0.03,0.03,0.0,True,0.2,0.08,800,10,0.0,0.0,0.0,0.9282956123352051,C:/Users/efasllija/dev/gossip-poc/out_nb_incremental_clean0104/scenario_mixing_sweep/mix_0p03/permanent_fork_sth_proof_n12000_pg0p015_a0p1_ff0p05_s48006_drop0_pc0p03_pgc0p03,0.03
permanent_fork,sth_proof,12000,6.0,5.0,0.015,0.1,0.05,3.0,True,125.0,125.0,0.0,0.0,,,,,48380.0,,,,0.7568170589828995,0.7568170589828995,4.0,6.374806763669976e-05,4,4,48007,0.03,0.03,0.0,True,0.2,0.08,800,10,0.0,0.0,0.0,0.9277443885803223,C:/Users/efasllija/dev/gossip-poc/out_nb_incremental_clean0104/scenario_mixing_sweep/mix_0p03/permanent_fork_sth_proof_n12000_pg0p015_a0p1_ff0p05_s48007_drop0_pc0p03_pgc0p03,0.03
permanent_fork,sth_proof,12000,6.0,5.0,0.015,0.1,0.05,3.0,True,25.0,25.0,0.0,0.0,,,,,29723.0,,,,1.155105464260197,1.155105464260197,3.0,4.659687490292318e-05,3,3,48008,0.03,0.03,0.0,True,0.2,0.08,800,10,0.0,0.0,0.0,0.9296231269836426,C:/Users/efasllija/dev/gossip-poc/out_nb_incremental_clean0104/scenario_mixing_sweep/mix_0p03/permanent_fork_sth_proof_n12000_pg0p015_a0p1_ff0p05_s48008_drop0_pc0p03_pgc0p03,0.03
permanent_fork,sth_proof,12000,6.0,5.0,0.015,0.1,0.05,3.0,True,125.0,125.0,0.0,0.0,,,,,50762.0,,,,1.82765967091247,1.82765967091247,1.0,1.510962029524198e-05,1,1,48009,0.03,0.03,0.0,True,0.2,0.08,800,10,0.0,0.0,0.0,0.9264779090881348,C:/Users/efasllija/dev/gossip-poc/out_nb_incremental_clean0104/scenario_mixing_sweep/mix_0p03/permanent_fork_sth_proof_n12000_pg0p015_a0p1_ff0p05_s48009_drop0_pc0p03_pgc0p03,0.03
permanent_fork,sth_proof,12000,6.0,5.0,0.015,0.1,0.05,3.0,True,55.0,55.0,0.0,0.0,,,,,34863.0,,,,1.4245480148996092,1.4245480148996092,4.0,6.056751764028951e-05,4,4,48010,0.03,0.03,0.0,True,0.2,0.08,800,10,0.0,0.0,0.0,0.9322004318237305,C:/Users/efasllija/dev/gossip-poc/out_nb_incremental_clean0104/scenario_mixing_sweep/mix_0p03/permanent_fork_sth_proof_n12000_pg0p015_a0p1_ff0p05_s48010_drop0_pc0p03_pgc0p03,0.03
permanent_fork,sth_proof,12000,6.0,5.0,0.015,0.1,0.05,3.0,True,75.0,75.0,0.0,0.0,,,,,38169.0,,,,1.0446299491675606,1.0446299491675606,1.0,1.5545088529279174e-05,1,1,48011,0.03,0.03,0.0,True,0.2,0.08,800,10,0.0,0.0,0.0,0.9192802906036377,C:/Users/efasllija/dev/gossip-poc/out_nb_incremental_clean0104/scenario_mixing_sweep/mix_0p03/permanent_fork_sth_proof_n12000_pg0p015_a0p1_ff0p05_s48011_drop0_pc0p03_pgc0p03,0.03
permanent_fork,sth_proof,12000,6.0,5.0,0.015,0.1,0.05,3.0,True,0.0,0.0,0.0,0.0,,,,,25342.0,,,,1.539661898569571,1.539661898569571,4.0,6.192333890643384e-05,4,4,48012,0.03,0.03,0.0,True,0.2,0.08,800,10,0.0,0.0,0.0,0.9208943843841553,C:/Users/efasllija/dev/gossip-poc/out_nb_incremental_clean0104/scenario_mixing_sweep/mix_0p03/permanent_fork_sth_proof_n12000_pg0p015_a0p1_ff0p05_s48012_drop0_pc0p03_pgc0p03,0.03
permanent_fork,sth_proof,12000,6.0,5.0,0.015,0.1,0.05,3.0,True,80.0,80.0,0.0,0.0,,,,,42106.0,,,,2.0291296625222026,2.0291296625222026,7.0,0.00010361160449970396,7,7,48013,0.03,0.03,0.0,True,0.2,0.08,800,10,0.0,0.0,0.0,0.9399876594543457,C:/Users/efasllija/dev/gossip-poc/out_nb_incremental_clean0104/scenario_mixing_sweep/mix_0p03/permanent_fork_sth_proof_n12000_pg0p015_a0p1_ff0p05_s48013_drop0_pc0p03_pgc0p03,0.03
permanent_fork,sth_proof,12000,6.0,5.0,0.015,0.1,0.05,3.0,True,45.0,45.0,0.0,0.0,,,,,35588.0,,,,1.4631636752507298,1.4631636752507298,7.0,0.00010115899303448076,7,7,48014,0.03,0.03,0.0,True,0.2,0.08,800,10,0.0,0.0,0.0,0.9328606128692627,C:/Users/efasllija/dev/gossip-poc/out_nb_incremental_clean0104/scenario_mixing_sweep/mix_0p03/permanent_fork_sth_proof_n12000_pg0p015_a0p1_ff0p05_s48014_drop0_pc0p03_pgc0p03,0.03
permanent_fork,sth_proof,12000,6.0,5.0,0.02,0.1,0.05,3.0,True,50.0,50.0,0.0,0.0,,,,,35355.0,,,,1.5259949802796702,1.5259949802796702,5.0,7.46982191944544e-05,5,5,48000,0.03,0.03,0.0,True,0.2,0.08,800,10,0.0,0.0,0.0,0.9331066608428955,C:/Users/efasllija/dev/gossip-poc/out_nb_incremental_clean0104/scenario_mixing_sweep/mix_0p03/permanent_fork_sth_proof_n12000_pg0p02_a0p1_ff0p05_s48000_drop0_pc0p03_pgc0p03,0.03
permanent_fork,sth_proof,12000,6.0,5.0,0.02,0.1,0.05,3.0,True,70.0,70.0,0.0,0.0,,,,,38771.0,,,,2.222021823428623,2.222021823428623,7.0,0.00010520936663961282,7,7,48001,0.03,0.03,0.0,True,0.2,0.08,800,10,0.0,0.0,0.0,0.9315750598907471,C:/Users/efasllija/dev/gossip-poc/out_nb_incremental_clean0104/scenario_mixing_sweep/mix_0p03/permanent_fork_sth_proof_n12000_pg0p02_a0p1_ff0p05_s48001_drop0_pc0p03_pgc0p03,0.03
permanent_fork,sth_proof,12000,6.0,5.0,0.02,0.1,0.05,3.0,True,30.0,30.0,0.0,0.0,,,,,31380.0,,,,2.056741632034567,2.056741632034567,5.0,7.501537815252127e-05,5,5,48002,0.03,0.03,0.0,True,0.2,0.08,800,10,0.0,0.0,0.0,0.9846608638763428,C:/Users/efasllija/dev/gossip-poc/out_nb_incremental_clean0104/scenario_mixing_sweep/mix_0p03/permanent_fork_sth_proof_n12000_pg0p02_a0p1_ff0p05_s48002_drop0_pc0p03_pgc0p03,0.03
permanent_fork,sth_proof,12000,6.0,5.0,0.02,0.1,0.05,3.0,True,50.0,50.0,0.0,0.0,,,,,33491.0,,,,1.9709574206251539,1.9709574206251539,7.0,0.00010767905488555255,7,7,48003,0.03,0.03,0.0,True,0.2,0.08,800,10,0.0,0.0,0.0,0.9400746822357178,C:/Users/efasllija/dev/gossip-poc/out_nb_incremental_clean0104/scenario_mixing_sweep/mix_0p03/permanent_fork_sth_proof_n12000_pg0p02_a0p1_ff0p05_s48003_drop0_pc0p03_pgc0p03,0.03
permanent_fork,sth_proof,12000,6.0,5.0,0.02,0.1,0.05,3.0,True,10.0,10.0,0.0,0.0,,,,,26908.0,,,,1.879326974600793,1.879326974600793,5.0,7.654974968231854e-05,5,5,48004,0.03,0.03,0.0,True,0.2,0.08,800,10,0.0,0.0,0.0,0.97574782371521,C:/Users/efasllija/dev/gossip-poc/out_nb_incremental_clean0104/scenario_mixing_sweep/mix_0p03/permanent_fork_sth_proof_n12000_pg0p02_a0p1_ff0p05_s48004_drop0_pc0p03_pgc0p03,0.03
permanent_fork,sth_proof,12000,6.0,5.0,0.02,0.1,0.05,3.0,True,55.0,55.0,0.0,0.0,,,,,35973.0,,,,1.2002414143347122,1.2002414143347122,3.0,4.416115878880662e-05,3,3,48005,0.03,0.03,0.0,True,0.2,0.08,800,10,0.0,0.0,0.0,0.9732170104980469,C:/Users/efasllija/dev/gossip-poc/out_nb_incremental_clean0104/scenario_mixing_sweep/mix_0p03/permanent_fork_sth_proof_n12000_pg0p02_a0p1_ff0p05_s48005_drop0_pc0p03_pgc0p03,0.03
permanent_fork,sth_proof,12000,6.0,5.0,0.02,0.1,0.05,3.0,True,5.0,5.0,0.0,0.0,,,,,26234.0,,,,1.1327778708625915,1.1327778708625915,6.0,9.139236264489497e-05,6,6,48006,0.03,0.03,0.0,True,0.2,0.08,800,10,0.0,0.0,0.0,0.9399778842926025,C:/Users/efasllija/dev/gossip-poc/out_nb_incremental_clean0104/scenario_mixing_sweep/mix_0p03/permanent_fork_sth_proof_n12000_pg0p02_a0p1_ff0p05_s48006_drop0_pc0p03_pgc0p03,0.03
permanent_fork,sth_proof,12000,6.0,5.0,0.02,0.1,0.05,3.0,True,125.0,125.0,0.0,0.0,,,,,48380.0,,,,1.642150222321386,1.642150222321386,4.0,6.374806763669976e-05,4,4,48007,0.03,0.03,0.0,True,0.2,0.08,800,10,0.0,0.0,0.0,0.9551198482513428,C:/Users/efasllija/dev/gossip-poc/out_nb_incremental_clean0104/scenario_mixing_sweep/mix_0p03/permanent_fork_sth_proof_n12000_pg0p02_a0p1_ff0p05_s48007_drop0_pc0p03_pgc0p03,0.03
permanent_fork,sth_proof,12000,6.0,5.0,0.02,0.1,0.05,3.0,True,25.0,25.0,0.0,0.0,,,,,29723.0,,,,1.2803578639992546,1.2803578639992546,3.0,4.659687490292318e-05,3,3,48008,0.03,0.03,0.0,True,0.2,0.08,800,10,0.0,0.0,0.0,0.9500408172607422,C:/Users/efasllija/dev/gossip-poc/out_nb_incremental_clean0104/scenario_mixing_sweep/mix_0p03/permanent_fork_sth_proof_n12000_pg0p02_a0p1_ff0p05_s48008_drop0_pc0p03_pgc0p03,0.03
permanent_fork,sth_proof,12000,6.0,5.0,0.02,0.1,0.05,3.0,True,5.0,5.0,0.0,0.0,,,,,27526.0,,,,2.2202680446640377,2.2202680446640377,4.0,6.043848118096792e-05,4,4,48009,0.03,0.03,0.0,True,0.2,0.08,800,10,0.0,0.0,0.0,1.0040783882141113,C:/Users/efasllija/dev/gossip-poc/out_nb_incremental_clean0104/scenario_mixing_sweep/mix_0p03/permanent_fork_sth_proof_n12000_pg0p02_a0p1_ff0p05_s48009_drop0_pc0p03_pgc0p03,0.03
permanent_fork,sth_proof,12000,6.0,5.0,0.02,0.1,0.05,3.0,True,25.0,25.0,0.0,0.0,,,,,29959.0,,,,2.170739832227976,2.170739832227976,6.0,9.085127646043427e-05,6,6,48010,0.03,0.03,0.0,True,0.2,0.08,800,10,0.0,0.0,0.0,0.9458367824554443,C:/Users/efasllija/dev/gossip-poc/out_nb_incremental_clean0104/scenario_mixing_sweep/mix_0p03/permanent_fork_sth_proof_n12000_pg0p02_a0p1_ff0p05_s48010_drop0_pc0p03_pgc0p03,0.03
permanent_fork,sth_proof,12000,6.0,5.0,0.02,0.1,0.05,3.0,True,75.0,75.0,0.0,0.0,,,,,38169.0,,,,1.2674843383233068,1.2674843383233068,1.0,1.5545088529279174e-05,1,1,48011,0.03,0.03,0.0,True,0.2,0.08,800,10,0.0,0.0,0.0,0.9434864521026611,C:/Users/efasllija/dev/gossip-poc/out_nb_incremental_clean0104/scenario_mixing_sweep/mix_0p03/permanent_fork_sth_proof_n12000_pg0p02_a0p1_ff0p05_s48011_drop0_pc0p03_pgc0p03,0.03
permanent_fork,sth_proof,12000,6.0,5.0,0.02,0.1,0.05,3.0,True,0.0,0.0,0.0,0.0,,,,,25342.0,,,,2.1222366710013003,2.1222366710013003,7.0,0.00010836584308625921,7,7,48012,0.03,0.03,0.0,True,0.2,0.08,800,10,0.0,0.0,0.0,0.9292407035827637,C:/Users/efasllija/dev/gossip-poc/out_nb_incremental_clean0104/scenario_mixing_sweep/mix_0p03/permanent_fork_sth_proof_n12000_pg0p02_a0p1_ff0p05_s48012_drop0_pc0p03_pgc0p03,0.03
permanent_fork,sth_proof,12000,6.0,5.0,0.02,0.1,0.05,3.0,True,80.0,80.0,0.0,0.0,,,,,42106.0,,,,2.2943753700414447,2.2943753700414447,7.0,0.00010361160449970396,7,7,48013,0.03,0.03,0.0,True,0.2,0.08,800,10,0.0,0.0,0.0,0.929398775100708,C:/Users/efasllija/dev/gossip-poc/out_nb_incremental_clean0104/scenario_mixing_sweep/mix_0p03/permanent_fork_sth_proof_n12000_pg0p02_a0p1_ff0p05_s48013_drop0_pc0p03_pgc0p03,0.03
permanent_fork,sth_proof,12000,6.0,5.0,0.02,0.1,0.05,3.0,True,45.0,45.0,0.0,0.0,,,,,35588.0,,,,1.8386658573947223,1.8386658573947223,7.0,0.00010115899303448076,7,7,48014,0.03,0.03,0.0,True,0.2,0.08,800,10,0.0,0.0,0.0,0.9515275955200195,C:/Users/efasllija/dev/gossip-poc/out_nb_incremental_clean0104/scenario_mixing_sweep/mix_0p03/permanent_fork_sth_proof_n12000_pg0p02_a0p1_ff0p05_s48014_drop0_pc0p03_pgc0p03,0.03
permanent_fork,sth_proof,12000,6.0,5.0,0.03,0.1,0.05,3.0,True,0.0,0.0,0.0,0.0,,,,,27137.0,,,,2.864587068244293,2.864587068244293,10.0,0.0001493964383889088,10,10,48000,0.03,0.03,0.0,True,0.2,0.08,800,10,0.0,0.0,0.0,0.9344031810760498,C:/Users/efasllija/dev/gossip-poc/out_nb_incremental_clean0104/scenario_mixing_sweep/mix_0p03/permanent_fork_sth_proof_n12000_pg0p03_a0p1_ff0p05_s48000_drop0_pc0p03_pgc0p03,0.03
permanent_fork,sth_proof,12000,6.0,5.0,0.03,0.1,0.05,3.0,True,70.0,70.0,0.0,0.0,,,,,38771.0,,,,2.8145609763429222,2.8145609763429222,7.0,0.00010520936663961282,7,7,48001,0.03,0.03,0.0,True,0.2,0.08,800,10,0.0,0.0,0.0,0.9723033905029297,C:/Users/efasllija/dev/gossip-poc/out_nb_incremental_clean0104/scenario_mixing_sweep/mix_0p03/permanent_fork_sth_proof_n12000_pg0p03_a0p1_ff0p05_s48001_drop0_pc0p03_pgc0p03,0.03
permanent_fork,sth_proof,12000,6.0,5.0,0.03,0.1,0.05,3.0,True,30.0,30.0,0.0,0.0,,,,,31380.0,,,,2.8095359548707486,2.8095359548707486,6.0,9.001845378302552e-05,6,6,48002,0.03,0.03,0.0,True,0.2,0.08,800,10,0.0,0.0,0.0,0.9491422176361084,C:/Users/efasllija/dev/gossip-poc/out_nb_incremental_clean0104/scenario_mixing_sweep/mix_0p03/permanent_fork_sth_proof_n12000_pg0p03_a0p1_ff0p05_s48002_drop0_pc0p03_pgc0p03,0.03
permanent_fork,sth_proof,12000,6.0,5.0,0.03,0.1,0.05,3.0,True,50.0,50.0,0.0,0.0,,,,,33491.0,,,,3.2389859709574207,3.2389859709574207,8.0,0.00012306177701206005,8,8,48003,0.03,0.03,0.0,True,0.2,0.08,800,10,0.0,0.0,0.0,0.9397635459899902,C:/Users/efasllija/dev/gossip-poc/out_nb_incremental_clean0104/scenario_mixing_sweep/mix_0p03/permanent_fork_sth_proof_n12000_pg0p03_a0p1_ff0p05_s48003_drop0_pc0p03_pgc0p03,0.03
permanent_fork,sth_proof,12000,6.0,5.0,0.03,0.1,0.05,3.0,True,10.0,10.0,0.0,0.0,,,,,26908.0,,,,2.5377773014682243,2.5377773014682243,8.0,0.00012247959949170966,8,8,48004,0.03,0.03,0.0,True,0.2,0.08,800,10,0.0,0.0,0.0,0.9217543601989746,C:/Users/efasllija/dev/gossip-poc/out_nb_incremental_clean0104/scenario_mixing_sweep/mix_0p03/permanent_fork_sth_proof_n12000_pg0p03_a0p1_ff0p05_s48004_drop0_pc0p03_pgc0p03,0.03
permanent_fork,sth_proof,12000,6.0,5.0,0.03,0.1,0.05,3.0,True,55.0,55.0,0.0,0.0,,,,,35973.0,,,,1.6354937953571902,1.6354937953571902,3.0,4.416115878880662e-05,3,3,48005,0.03,0.03,0.0,True,0.2,0.08,800,10,0.0,0.0,0.0,0.964533805847168,C:/Users/efasllija/dev/gossip-poc/out_nb_incremental_clean0104/scenario_mixing_sweep/mix_0p03/permanent_fork_sth_proof_n12000_pg0p03_a0p1_ff0p05_s48005_drop0_pc0p03_pgc0p03,0.03
permanent_fork,sth_proof,12000,6.0,5.0,0.03,0.1,0.05,3.0,True,5.0,5.0,0.0,0.0,,,,,26234.0,,,,1.8151741786111408,1.8151741786111408,7.0,0.00010662442308571081,7,7,48006,0.03,0.03,0.0,True,0.2,0.08,800,10,0.0,0.0,0.0,0.9396951198577881,C:/Users/efasllija/dev/gossip-poc/out_nb_incremental_clean0104/scenario_mixing_sweep/mix_0p03/permanent_fork_sth_proof_n12000_pg0p03_a0p1_ff0p05_s48006_drop0_pc0p03_pgc0p03,0.03
permanent_fork,sth_proof,12000,6.0,5.0,0.03,0.1,0.05,3.0,True,60.0,60.0,0.0,0.0,,,,,34868.0,,,,3.1129456388353227,3.1129456388353227,7.0,0.00011155911836422458,7,7,48007,0.03,0.03,0.0,True,0.2,0.08,800,10,0.0,0.0,0.0,0.914985179901123,C:/Users/efasllija/dev/gossip-poc/out_nb_incremental_clean0104/scenario_mixing_sweep/mix_0p03/permanent_fork_sth_proof_n12000_pg0p03_a0p1_ff0p05_s48007_drop0_pc0p03_pgc0p03,0.03
permanent_fork,sth_proof,12000,6.0,5.0,0.03,0.1,0.05,3.0,True,15.0,15.0,0.0,0.0,,,,,27948.0,,,,2.713801994346246,2.713801994346246,10.0,0.00015532291634307727,10,10,48008,0.03,0.03,0.0,True,0.2,0.08,800,10,0.0,0.0,0.0,0.9241921901702881,C:/Users/efasllija/dev/gossip-poc/out_nb_incremental_clean0104/scenario_mixing_sweep/mix_0p03/permanent_fork_sth_proof_n12000_pg0p03_a0p1_ff0p05_s48008_drop0_pc0p03_pgc0p03,0.03
permanent_fork,sth_proof,12000,6.0,5.0,0.03,0.1,0.05,3.0,True,5.0,5.0,0.0,0.0,,,,,27526.0,,,,3.195019869150688,3.195019869150688,7.0,0.00010576734206669386,7,7,48009,0.03,0.03,0.0,True,0.2,0.08,800,10,0.0,0.0,0.0,0.9447922706604004,C:/Users/efasllija/dev/gossip-poc/out_nb_incremental_clean0104/scenario_mixing_sweep/mix_0p03/permanent_fork_sth_proof_n12000_pg0p03_a0p1_ff0p05_s48009_drop0_pc0p03_pgc0p03,0.03
permanent_fork,sth_proof,12000,6.0,5.0,0.03,0.1,0.05,3.0,True,25.0,25.0,0.0,0.0,,,,,29959.0,,,,3.1204385088277156,3.1204385088277156,10.0,0.00015141879410072377,10,10,48010,0.03,0.03,0.0,True,0.2,0.08,800,10,0.0,0.0,0.0,0.9340488910675049,C:/Users/efasllija/dev/gossip-poc/out_nb_incremental_clean0104/scenario_mixing_sweep/mix_0p03/permanent_fork_sth_proof_n12000_pg0p03_a0p1_ff0p05_s48010_drop0_pc0p03_pgc0p03,0.03
permanent_fork,sth_proof,12000,6.0,5.0,0.03,0.1,0.05,3.0,True,45.0,45.0,0.0,0.0,,,,,32668.0,,,,2.42354148206874,2.42354148206874,14.0,0.00021763123940990843,14,14,48011,0.03,0.03,0.0,True,0.2,0.08,800,10,0.0,0.0,0.0,0.9327290058135986,C:/Users/efasllija/dev/gossip-poc/out_nb_incremental_clean0104/scenario_mixing_sweep/mix_0p03/permanent_fork_sth_proof_n12000_pg0p03_a0p1_ff0p05_s48011_drop0_pc0p03_pgc0p03,0.03
permanent_fork,sth_proof,12000,6.0,5.0,0.03,0.1,0.05,3.0,True,0.0,0.0,0.0,0.0,,,,,25342.0,,,,2.6770697876029477,2.6770697876029477,9.0,0.00013932751253947613,9,9,48012,0.03,0.03,0.0,True,0.2,0.08,800,10,0.0,0.0,0.0,1.0105323791503906,C:/Users/efasllija/dev/gossip-poc/out_nb_incremental_clean0104/scenario_mixing_sweep/mix_0p03/permanent_fork_sth_proof_n12000_pg0p03_a0p1_ff0p05_s48012_drop0_pc0p03_pgc0p03,0.03
permanent_fork,sth_proof,12000,6.0,5.0,0.03,0.1,0.05,3.0,True,80.0,80.0,0.0,0.0,,,,,42106.0,,,,3.1431616341030195,3.1431616341030195,7.0,0.00010361160449970396,7,7,48013,0.03,0.03,0.0,True,0.2,0.08,800,10,0.0,0.0,0.0,0.9473364353179932,C:/Users/efasllija/dev/gossip-poc/out_nb_incremental_clean0104/scenario_mixing_sweep/mix_0p03/permanent_fork_sth_proof_n12000_pg0p03_a0p1_ff0p05_s48013_drop0_pc0p03_pgc0p03,0.03
permanent_fork,sth_proof,12000,6.0,5.0,0.03,0.1,0.05,3.0,True,45.0,45.0,0.0,0.0,,,,,35588.0,,,,3.0299141593687677,3.0299141593687677,12.0,0.00017341541663053845,12,12,48014,0.03,0.03,0.0,True,0.2,0.08,800,10,0.0,0.0,0.0,0.9562346935272217,C:/Users/efasllija/dev/gossip-poc/out_nb_incremental_clean0104/scenario_mixing_sweep/mix_0p03/permanent_fork_sth_proof_n12000_pg0p03_a0p1_ff0p05_s48014_drop0_pc0p03_pgc0p03,0.03
permanent_fork,sth_proof,12000,6.0,5.0,0.05,0.1,0.05,3.0,True,0.0,0.0,0.0,0.0,,,,,27137.0,,,,4.4842834946814865,4.4842834946814865,15.0,0.0002240946575833632,15,15,48000,0.03,0.03,0.0,True,0.2,0.08,800,10,0.0,0.0,0.0,0.9335668087005615,C:/Users/efasllija/dev/gossip-poc/out_nb_incremental_clean0104/scenario_mixing_sweep/mix_0p03/permanent_fork_sth_proof_n12000_pg0p05_a0p1_ff0p05_s48000_drop0_pc0p03_pgc0p03,0.03
permanent_fork,sth_proof,12000,6.0,5.0,0.05,0.1,0.05,3.0,True,35.0,35.0,0.0,0.0,,,,,32162.0,,,,4.807647217963748,4.807647217963748,18.0,0.00027053837135900444,18,18,48001,0.03,0.03,0.0,True,0.2,0.08,800,10,0.0,0.0,0.0,0.9761908054351807,C:/Users/efasllija/dev/gossip-poc/out_nb_incremental_clean0104/scenario_mixing_sweep/mix_0p03/permanent_fork_sth_proof_n12000_pg0p05_a0p1_ff0p05_s48001_drop0_pc0p03_pgc0p03,0.03
permanent_fork,sth_proof,12000,6.0,5.0,0.05,0.1,0.05,3.0,True,30.0,30.0,0.0,0.0,,,,,31380.0,,,,4.503323181252156,4.503323181252156,14.0,0.00021004305882705955,14,14,48002,0.03,0.03,0.0,True,0.2,0.08,800,10,0.0,0.0,0.0,0.9538977146148682,C:/Users/efasllija/dev/gossip-poc/out_nb_incremental_clean0104/scenario_mixing_sweep/mix_0p03/permanent_fork_sth_proof_n12000_pg0p05_a0p1_ff0p05_s48002_drop0_pc0p03_pgc0p03,0.03
permanent_fork,sth_proof,12000,6.0,5.0,0.05,0.1,0.05,3.0,True,50.0,50.0,0.0,0.0,,,,,33491.0,,,,5.320206743785381,5.320206743785381,9.0,0.00013844449913856757,9,9,48003,0.03,0.03,0.0,True,0.2,0.08,800,10,0.0,0.0,0.0,0.9397323131561279,C:/Users/efasllija/dev/gossip-poc/out_nb_incremental_clean0104/scenario_mixing_sweep/mix_0p03/permanent_fork_sth_proof_n12000_pg0p05_a0p1_ff0p05_s48003_drop0_pc0p03_pgc0p03,0.03
permanent_fork,sth_proof,12000,6.0,5.0,0.05,0.1,0.05,3.0,True,10.0,10.0,0.0,0.0,,,,,26908.0,,,,4.677740863787376,4.677740863787376,15.0,0.00022964924904695562,15,15,48004,0.03,0.03,0.0,True,0.2,0.08,800,10,0.0,0.0,0.0,0.9292140007019043,C:/Users/efasllija/dev/gossip-poc/out_nb_incremental_clean0104/scenario_mixing_sweep/mix_0p03/permanent_fork_sth_proof_n12000_pg0p05_a0p1_ff0p05_s48004_drop0_pc0p03_pgc0p03,0.03
permanent_fork,sth_proof,12000,6.0,5.0,0.05,0.1,0.05,3.0,True,55.0,55.0,0.0,0.0,,,,,35973.0,,,,3.1522823958900683,3.1522823958900683,7.0,0.00010304270384054877,7,7,48005,0.03,0.03,0.0,True,0.2,0.08,800,10,0.0,0.0,0.0,0.951998233795166,C:/Users/efasllija/dev/gossip-poc/out_nb_incremental_clean0104/scenario_mixing_sweep/mix_0p03/permanent_fork_sth_proof_n12000_pg0p05_a0p1_ff0p05_s48005_drop0_pc0p03_pgc0p03,0.03
permanent_fork,sth_proof,12000,6.0,5.0,0.05,0.1,0.05,3.0,True,5.0,5.0,0.0,0.0,,,,,26234.0,,,,3.316446055657949,3.316446055657949,9.0,0.00013708854396734247,9,9,48006,0.03,0.03,0.0,True,0.2,0.08,800,10,0.0,0.0,0.0,0.9311063289642334,C:/Users/efasllija/dev/gossip-poc/out_nb_incremental_clean0104/scenario_mixing_sweep/mix_0p03/permanent_fork_sth_proof_n12000_pg0p05_a0p1_ff0p05_s48006_drop0_pc0p03_pgc0p03,0.03
permanent_fork,sth_proof,12000,6.0,5.0,0.05,0.1,0.05,3.0,True,60.0,60.0,0.0,0.0,,,,,34868.0,,,,4.298149712336845,4.298149712336845,9.0,0.00014343315218257448,9,9,48007,0.03,0.03,0.0,True,0.2,0.08,800,10,0.0,0.0,0.0,0.9207122325897217,C:/Users/efasllija/dev/gossip-poc/out_nb_incremental_clean0104/scenario_mixing_sweep/mix_0p03/permanent_fork_sth_proof_n12000_pg0p05_a0p1_ff0p05_s48007_drop0_pc0p03_pgc0p03,0.03
permanent_fork,sth_proof,12000,6.0,5.0,0.05,0.1,0.05,3.0,True,15.0,15.0,0.0,0.0,,,,,27948.0,,,,3.8410735919977634,3.8410735919977634,14.0,0.00021745208288030817,14,14,48008,0.03,0.03,0.0,True,0.2,0.08,800,10,0.0,0.0,0.0,0.9481549263000488,C:/Users/efasllija/dev/gossip-poc/out_nb_incremental_clean0104/scenario_mixing_sweep/mix_0p03/permanent_fork_sth_proof_n12000_pg0p05_a0p1_ff0p05_s48008_drop0_pc0p03_pgc0p03,0.03
permanent_fork,sth_proof,12000,6.0,5.0,0.05,0.1,0.05,3.0,True,0.0,0.0,0.0,0.0,,,,,26858.0,,,,3.871930858377529,3.871930858377529,12.0,0.00018131544354290378,12,12,48009,0.03,0.03,0.0,True,0.2,0.08,800,10,0.0,0.0,0.0,0.9188802242279053,C:/Users/efasllija/dev/gossip-poc/out_nb_incremental_clean0104/scenario_mixing_sweep/mix_0p03/permanent_fork_sth_proof_n12000_pg0p05_a0p1_ff0p05_s48009_drop0_pc0p03_pgc0p03,0.03
permanent_fork,sth_proof,12000,6.0,5.0,0.05,0.1,0.05,3.0,True,25.0,25.0,0.0,0.0,,,,,29959.0,,,,4.762060506950123,4.762060506950123,18.0,0.0002725538293813028,18,18,48010,0.03,0.03,0.0,True,0.2,0.08,800,10,0.0,0.0,0.0,0.9379003047943115,C:/Users/efasllija/dev/gossip-poc/out_nb_incremental_clean0104/scenario_mixing_sweep/mix_0p03/permanent_fork_sth_proof_n12000_pg0p05_a0p1_ff0p05_s48010_drop0_pc0p03_pgc0p03,0.03
permanent_fork,sth_proof,12000,6.0,5.0,0.05,0.1,0.05,3.0,True,45.0,45.0,0.0,0.0,,,,,32668.0,,,,4.331732189214818,4.331732189214818,16.0,0.0002487214164684668,16,16,48011,0.03,0.03,0.0,True,0.2,0.08,800,10,0.0,0.0,0.0,0.9341576099395752,C:/Users/efasllija/dev/gossip-poc/out_nb_incremental_clean0104/scenario_mixing_sweep/mix_0p03/permanent_fork_sth_proof_n12000_pg0p05_a0p1_ff0p05_s48011_drop0_pc0p03_pgc0p03,0.03
permanent_fork,sth_proof,12000,6.0,5.0,0.05,0.1,0.05,3.0,True,0.0,0.0,0.0,0.0,,,,,25342.0,,,,5.048981361074989,5.048981361074989,19.0,0.00029413585980556074,19,19,48012,0.03,0.03,0.0,True,0.2,0.08,800,10,0.0,0.0,0.0,0.9642069339752197,C:/Users/efasllija/dev/gossip-poc/out_nb_incremental_clean0104/scenario_mixing_sweep/mix_0p03/permanent_fork_sth_proof_n12000_pg0p05_a0p1_ff0p05_s48012_drop0_pc0p03_pgc0p03,0.03
permanent_fork,sth_proof,12000,6.0,5.0,0.05,0.1,0.05,3.0,True,20.0,20.0,0.0,0.0,,,,,31500.0,,,,5.185553582001184,5.185553582001184,12.0,0.00017761989342806393,12,12,48013,0.03,0.03,0.0,True,0.2,0.08,800,10,0.0,0.0,0.0,0.9284400939941406,C:/Users/efasllija/dev/gossip-poc/out_nb_incremental_clean0104/scenario_mixing_sweep/mix_0p03/permanent_fork_sth_proof_n12000_pg0p05_a0p1_ff0p05_s48013_drop0_pc0p03_pgc0p03,0.03
permanent_fork,sth_proof,12000,6.0,5.0,0.05,0.1,0.05,3.0,True,35.0,35.0,0.0,0.0,,,,,33918.0,,,,5.826757998786092,5.826757998786092,35.0,0.0005057949651724039,35,35,48014,0.03,0.03,0.0,True,0.2,0.08,800,10,0.0,0.0,0.0,0.9641790390014648,C:/Users/efasllija/dev/gossip-poc/out_nb_incremental_clean0104/scenario_mixing_sweep/mix_0p03/permanent_fork_sth_proof_n12000_pg0p05_a0p1_ff0p05_s48014_drop0_pc0p03_pgc0p03,0.03
permanent_fork,sth_proof,12000,6.0,5.0,0.003,0.2,0.05,3.0,True,40.0,40.0,0.0,0.0,,,,,32886.0,,,,0.49943506229379775,0.49943506229379775,4.0,6.026002199490803e-05,4,4,48000,0.03,0.03,0.0,True,0.2,0.08,800,10,0.0,0.0,0.0,0.9219563007354736,C:/Users/efasllija/dev/gossip-poc/out_nb_incremental_clean0104/scenario_mixing_sweep/mix_0p03/permanent_fork_sth_proof_n12000_pg0p003_a0p2_ff0p05_s48000_drop0_pc0p03_pgc0p03,0.03
permanent_fork,sth_proof,12000,6.0,5.0,0.003,0.2,0.05,3.0,True,0.0,0.0,0.0,0.0,,,,,26628.0,,,,0.4602647005499486,0.4602647005499486,1.0,1.5108478878346528e-05,1,1,48001,0.03,0.03,0.0,True,0.2,0.08,800,10,0.0,0.0,0.0,0.9208152294158936,C:/Users/efasllija/dev/gossip-poc/out_nb_incremental_clean0104/scenario_mixing_sweep/mix_0p03/permanent_fork_sth_proof_n12000_pg0p003_a0p2_ff0p05_s48001_drop0_pc0p03_pgc0p03,0.03
permanent_fork,sth_proof,12000,6.0,5.0,0.003,0.2,0.05,3.0,True,0.0,0.0,0.0,0.0,,,,,26748.0,,,,1.03632048547481,1.03632048547481,17.0,0.0002553549433712861,17,17,48002,0.03,0.03,0.0,True,0.2,0.08,800,10,0.0,0.0,0.0,0.9401953220367432,C:/Users/efasllija/dev/gossip-poc/out_nb_incremental_clean0104/scenario_mixing_sweep/mix_0p03/permanent_fork_sth_proof_n12000_pg0p003_a0p2_ff0p05_s48002_drop0_pc0p03_pgc0p03,0.03
permanent_fork,sth_proof,12000,6.0,5.0,0.003,0.2,0.05,3.0,False,,,0.0,0.0,,,,,,,,,0.22172729522395446,0.22172729522395446,0.0,0.0,0,0,48003,0.03,0.03,0.0,True,0.2,0.08,800,10,0.0,0.0,0.0,0.9324526786804199,C:/Users/efasllija/dev/gossip-poc/out_nb_incremental_clean0104/scenario_mixing_sweep/mix_0p03/permanent_fork_sth_proof_n12000_pg0p003_a0p2_ff0p05_s48003_drop0_pc0p03_pgc0p03,0.03
permanent_fork,sth_proof,12000,6.0,5.0,0.003,0.2,0.05,3.0,True,100.0,100.0,0.0,0.0,,,,,42930.0,,,,1.1167370339788432,1.1167370339788432,3.0,4.6738436131927026e-05,3,3,48004,0.03,0.03,0.0,True,0.2,0.08,800,10,0.0,0.0,0.0,0.9656124114990234,C:/Users/efasllija/dev/gossip-poc/out_nb_incremental_clean0104/scenario_mixing_sweep/mix_0p03/permanent_fork_sth_proof_n12000_pg0p003_a0p2_ff0p05_s48004_drop0_pc0p03_pgc0p03,0.03
permanent_fork,sth_proof,12000,6.0,5.0,0.003,0.2,0.05,3.0,True,135.0,135.0,0.0,0.0,,,,,54110.0,,,,0.29198637238927566,0.29198637238927566,1.0,1.4812620352540365e-05,1,1,48005,0.03,0.03,0.0,True,0.2,0.08,800,10,0.0,0.0,0.0,0.9797987937927246,C:/Users/efasllija/dev/gossip-poc/out_nb_incremental_clean0104/scenario_mixing_sweep/mix_0p03/permanent_fork_sth_proof_n12000_pg0p003_a0p2_ff0p05_s48005_drop0_pc0p03_pgc0p03,0.03
permanent_fork,sth_proof,12000,6.0,5.0,0.003,0.2,0.05,3.0,True,20.0,20.0,0.0,0.0,,,,,28369.0,,,,0.30284221846673837,0.30284221846673837,2.0,3.0726686126901216e-05,2,2,48006,0.03,0.03,0.0,True,0.2,0.08,800,10,0.0,0.0,0.0,0.9696424007415771,C:/Users/efasllija/dev/gossip-poc/out_nb_incremental_clean0104/scenario_mixing_sweep/mix_0p03/permanent_fork_sth_proof_n12000_pg0p003_a0p2_ff0p05_s48006_drop0_pc0p03_pgc0p03,0.03
permanent_fork,sth_proof,12000,6.0,5.0,0.003,0.2,0.05,3.0,True,15.0,15.0,0.0,0.0,,,,,28440.0,,,,0.5768572460468256,0.5768572460468256,19.0,0.0002983527786065355,19,19,48007,0.03,0.03,0.0,True,0.2,0.08,800,10,0.0,0.0,0.0,0.9244575500488281,C:/Users/efasllija/dev/gossip-poc/out_nb_incremental_clean0104/scenario_mixing_sweep/mix_0p03/permanent_fork_sth_proof_n12000_pg0p003_a0p2_ff0p05_s48007_drop0_pc0p03_pgc0p03,0.03
permanent_fork,sth_proof,12000,6.0,5.0,0.003,0.2,0.05,3.0,True,45.0,45.0,0.0,0.0,,,,,33339.0,,,,0.27344584490493484,0.27344584490493484,2.0,3.051850947599719e-05,2,2,48008,0.03,0.03,0.0,True,0.2,0.08,800,10,0.0,0.0,0.0,0.9563231468200684,C:/Users/efasllija/dev/gossip-poc/out_nb_incremental_clean0104/scenario_mixing_sweep/mix_0p03/permanent_fork_sth_proof_n12000_pg0p003_a0p2_ff0p05_s48008_drop0_pc0p03_pgc0p03,0.03
permanent_fork,sth_proof,12000,6.0,5.0,0.003,0.2,0.05,3.0,True,125.0,125.0,0.0,0.0,,,,,50678.0,,,,0.48560761170661204,0.48560761170661204,2.0,3.0109598940142117e-05,2,2,48009,0.03,0.03,0.0,True,0.2,0.08,800,10,0.0,0.0,0.0,0.9719023704528809,C:/Users/efasllija/dev/gossip-poc/out_nb_incremental_clean0104/scenario_mixing_sweep/mix_0p03/permanent_fork_sth_proof_n12000_pg0p003_a0p2_ff0p05_s48009_drop0_pc0p03_pgc0p03,0.03
permanent_fork,sth_proof,12000,6.0,5.0,0.003,0.2,0.05,3.0,True,10.0,10.0,0.0,0.0,,,,,28524.0,,,,0.5963350243296407,0.5963350243296407,2.0,2.9580110333811547e-05,2,2,48010,0.03,0.03,0.0,True,0.2,0.08,800,10,0.0,0.0,0.0,0.9566605091094971,C:/Users/efasllija/dev/gossip-poc/out_nb_incremental_clean0104/scenario_mixing_sweep/mix_0p03/permanent_fork_sth_proof_n12000_pg0p003_a0p2_ff0p05_s48010_drop0_pc0p03_pgc0p03,0.03
permanent_fork,sth_proof,12000,6.0,5.0,0.003,0.2,0.05,3.0,True,170.0,170.0,0.0,0.0,,,,,63307.0,,,,0.33175457813295484,0.33175457813295484,1.0,1.5427575247998273e-05,1,1,48011,0.03,0.03,0.0,True,0.2,0.08,800,10,0.0,0.0,0.0,0.9735062122344971,C:/Users/efasllija/dev/gossip-poc/out_nb_incremental_clean0104/scenario_mixing_sweep/mix_0p03/permanent_fork_sth_proof_n12000_pg0p003_a0p2_ff0p05_s48011_drop0_pc0p03_pgc0p03,0.03
permanent_fork,sth_proof,12000,6.0,5.0,0.003,0.2,0.05,3.0,True,20.0,20.0,0.0,0.0,,,,,28749.0,,,,0.5426685240142936,0.5426685240142936,1.0,1.5141420870934528e-05,1,1,48012,0.03,0.03,0.0,True,0.2,0.08,800,10,0.0,0.0,0.0,0.9665772914886475,C:/Users/efasllija/dev/gossip-poc/out_nb_incremental_clean0104/scenario_mixing_sweep/mix_0p03/permanent_fork_sth_proof_n12000_pg0p003_a0p2_ff0p05_s48012_drop0_pc0p03_pgc0p03,0.03
permanent_fork,sth_proof,12000,6.0,5.0,0.003,0.2,0.05,3.0,True,35.0,35.0,0.0,0.0,,,,,33765.0,,,,0.868995312339275,0.868995312339275,2.0,2.93897224140718e-05,2,2,48013,0.03,0.03,0.0,True,0.2,0.08,800,10,0.0,0.0,0.0,0.9531850814819336,C:/Users/efasllija/dev/gossip-poc/out_nb_incremental_clean0104/scenario_mixing_sweep/mix_0p03/permanent_fork_sth_proof_n12000_pg0p003_a0p2_ff0p05_s48013_drop0_pc0p03_pgc0p03,0.03
permanent_fork,sth_proof,12000,6.0,5.0,0.003,0.2,0.05,3.0,True,55.0,55.0,0.0,0.0,,,,,37174.0,,,,0.3383587509077705,0.3383587509077705,3.0,4.3572984749455335e-05,3,3,48014,0.03,0.03,0.0,True,0.2,0.08,800,10,0.0,0.0,0.0,1.0021240711212158,C:/Users/efasllija/dev/gossip-poc/out_nb_incremental_clean0104/scenario_mixing_sweep/mix_0p03/permanent_fork_sth_proof_n12000_pg0p003_a0p2_ff0p05_s48014_drop0_pc0p03_pgc0p03,0.03
permanent_fork,sth_proof,12000,6.0,5.0,0.005,0.2,0.05,3.0,True,40.0,40.0,0.0,0.0,,,,,32886.0,,,,0.9043824100995796,0.9043824100995796,5.0,7.532502749363504e-05,5,5,48000,0.03,0.03,0.0,True,0.2,0.08,800,10,0.0,0.0,0.0,0.9884884357452393,C:/Users/efasllija/dev/gossip-poc/out_nb_incremental_clean0104/scenario_mixing_sweep/mix_0p03/permanent_fork_sth_proof_n12000_pg0p005_a0p2_ff0p05_s48000_drop0_pc0p03_pgc0p03,0.03
permanent_fork,sth_proof,12000,6.0,5.0,0.005,0.2,0.05,3.0,True,0.0,0.0,0.0,0.0,,,,,26628.0,,,,0.8799178098749018,0.8799178098749018,3.0,4.5325436635039584e-05,3,3,48001,0.03,0.03,0.0,True,0.2,0.08,800,10,0.0,0.0,0.0,0.9785144329071045,C:/Users/efasllija/dev/gossip-poc/out_nb_incremental_clean0104/scenario_mixing_sweep/mix_0p03/permanent_fork_sth_proof_n12000_pg0p005_a0p2_ff0p05_s48001_drop0_pc0p03_pgc0p03,0.03
permanent_fork,sth_proof,12000,6.0,5.0,0.005,0.2,0.05,3.0,True,0.0,0.0,0.0,0.0,,,,,26748.0,,,,1.5477513744104305,1.5477513744104305,21.0,0.00031543845945864753,21,21,48002,0.03,0.03,0.0,True,0.2,0.08,800,10,0.0,0.0,0.0,0.961646318435669,C:/Users/efasllija/dev/gossip-poc/out_nb_incremental_clean0104/scenario_mixing_sweep/mix_0p03/permanent_fork_sth_proof_n12000_pg0p005_a0p2_ff0p05_s48002_drop0_pc0p03_pgc0p03,0.03
permanent_fork,sth_proof,12000,6.0,5.0,0.005,0.2,0.05,3.0,True,25.0,25.0,0.0,0.0,,,,,29365.0,,,,0.3880227666419203,0.3880227666419203,1.0,1.546646869586736e-05,1,1,48003,0.03,0.03,0.0,True,0.2,0.08,800,10,0.0,0.0,0.0,0.9525930881500244,C:/Users/efasllija/dev/gossip-poc/out_nb_incremental_clean0104/scenario_mixing_sweep/mix_0p03/permanent_fork_sth_proof_n12000_pg0p005_a0p2_ff0p05_s48003_drop0_pc0p03_pgc0p03,0.03
permanent_fork,sth_proof,12000,6.0,5.0,0.005,0.2,0.05,3.0,True,100.0,100.0,0.0,0.0,,,,,42930.0,,,,1.7449016155919423,1.7449016155919423,3.0,4.6738436131927026e-05,3,3,48004,0.03,0.03,0.0,True,0.2,0.08,800,10,0.0,0.0,0.0,0.9550998210906982,C:/Users/efasllija/dev/gossip-poc/out_nb_incremental_clean0104/scenario_mixing_sweep/mix_0p03/permanent_fork_sth_proof_n12000_pg0p005_a0p2_ff0p05_s48004_drop0_pc0p03_pgc0p03,0.03
permanent_fork,sth_proof,12000,6.0,5.0,0.005,0.2,0.05,3.0,True,135.0,135.0,0.0,0.0,,,,,54110.0,,,,0.5441564212709228,0.5441564212709228,1.0,1.4812620352540365e-05,1,1,48005,0.03,0.03,0.0,True,0.2,0.08,800,10,0.0,0.0,0.0,0.9517621994018555,C:/Users/efasllija/dev/gossip-poc/out_nb_incremental_clean0104/scenario_mixing_sweep/mix_0p03/permanent_fork_sth_proof_n12000_pg0p005_a0p2_ff0p05_s48005_drop0_pc0p03_pgc0p03,0.03
permanent_fork,sth_proof,12000,6.0,5.0,0.005,0.2,0.05,3.0,True,20.0,20.0,0.0,0.0,,,,,28369.0,,,,0.49555999385466276,0.49555999385466276,2.0,3.0726686126901216e-05,2,2,48006,0.03,0.03,0.0,True,0.2,0.08,800,10,0.0,0.0,0.0,0.9243764877319336,C:/Users/efasllija/dev/gossip-poc/out_nb_incremental_clean0104/scenario_mixing_sweep/mix_0p03/permanent_fork_sth_proof_n12000_pg0p005_a0p2_ff0p05_s48006_drop0_pc0p03_pgc0p03,0.03
permanent_fork,sth_proof,12000,6.0,5.0,0.005,0.2,0.05,3.0,True,10.0,10.0,0.0,0.0,,,,,27785.0,,,,0.8863904024621956,0.8863904024621956,22.0,0.0003454611120707253,22,22,48007,0.03,0.03,0.0,True,0.2,0.08,800,10,0.0,0.0,0.0,0.9217798709869385,C:/Users/efasllija/dev/gossip-poc/out_nb_incremental_clean0104/scenario_mixing_sweep/mix_0p03/permanent_fork_sth_proof_n12000_pg0p005_a0p2_ff0p05_s48007_drop0_pc0p03_pgc0p03,0.03
permanent_fork,sth_proof,12000,6.0,5.0,0.005,0.2,0.05,3.0,True,45.0,45.0,0.0,0.0,,,,,33339.0,,,,0.36915189062166204,0.36915189062166204,2.0,3.051850947599719e-05,2,2,48008,0.03,0.03,0.0,True,0.2,0.08,800,10,0.0,0.0,0.0,0.9286599159240723,C:/Users/efasllija/dev/gossip-poc/out_nb_incremental_clean0104/scenario_mixing_sweep/mix_0p03/permanent_fork_sth_proof_n12000_pg0p005_a0p2_ff0p05_s48008_drop0_pc0p03_pgc0p03,0.03
permanent_fork,sth_proof,12000,6.0,5.0,0.005,0.2,0.05,3.0,True,10.0,10.0,0.0,0.0,,,,,28474.0,,,,0.6744550162591835,0.6744550162591835,3.0,4.5164398410213176e-05,3,3,48009,0.03,0.03,0.0,True,0.2,0.08,800,10,0.0,0.0,0.0,0.9164185523986816,C:/Users/efasllija/dev/gossip-poc/out_nb_incremental_clean0104/scenario_mixing_sweep/mix_0p03/permanent_fork_sth_proof_n12000_pg0p005_a0p2_ff0p05_s48009_drop0_pc0p03_pgc0p03,0.03
permanent_fork,sth_proof,12000,6.0,5.0,0.005,0.2,0.05,3.0,True,10.0,10.0,0.0,0.0,,,,,28524.0,,,,1.1661662698001865,1.1661662698001865,2.0,2.9580110333811547e-05,2,2,48010,0.03,0.03,0.0,True,0.2,0.08,800,10,0.0,0.0,0.0,0.9442422389984131,C:/Users/efasllija/dev/gossip-poc/out_nb_incremental_clean0104/scenario_mixing_sweep/mix_0p03/permanent_fork_sth_proof_n12000_pg0p005_a0p2_ff0p05_s48010_drop0_pc0p03_pgc0p03,0.03
permanent_fork,sth_proof,12000,6.0,5.0,0.005,0.2,0.05,3.0,True,135.0,135.0,0.0,0.0,,,,,52631.0,,,,0.4285163300884,0.4285163300884,2.0,3.0855150495996546e-05,2,2,48011,0.03,0.03,0.0,True,0.2,0.08,800,10,0.0,0.0,0.0,0.9175684452056885,C:/Users/efasllija/dev/gossip-poc/out_nb_incremental_clean0104/scenario_mixing_sweep/mix_0p03/permanent_fork_sth_proof_n12000_pg0p005_a0p2_ff0p05_s48011_drop0_pc0p03_pgc0p03,0.03
permanent_fork,sth_proof,12000,6.0,5.0,0.005,0.2,0.05,3.0,True,20.0,20.0,0.0,0.0,,,,,28749.0,,,,0.9768033432257283,0.9768033432257283,3.0,4.5424262612803584e-05,3,3,48012,0.03,0.03,0.0,True,0.2,0.08,800,10,0.0,0.0,0.0,0.9483215808868408,C:/Users/efasllija/dev/gossip-poc/out_nb_incremental_clean0104/scenario_mixing_sweep/mix_0p03/permanent_fork_sth_proof_n12000_pg0p005_a0p2_ff0p05_s48012_drop0_pc0p03_pgc0p03,0.03
permanent_fork,sth_proof,12000,6.0,5.0,0.005,0.2,0.05,3.0,True,35.0,35.0,0.0,0.0,,,,,33765.0,,,,1.198160203376879,1.198160203376879,2.0,2.93897224140718e-05,2,2,48013,0.03,0.03,0.0,True,0.2,0.08,800,10,0.0,0.0,0.0,0.9501423835754395,C:/Users/efasllija/dev/gossip-poc/out_nb_incremental_clean0104/scenario_mixing_sweep/mix_0p03/permanent_fork_sth_proof_n12000_pg0p005_a0p2_ff0p05_s48013_drop0_pc0p03_pgc0p03,0.03
permanent_fork,sth_proof,12000,6.0,5.0,0.005,0.2,0.05,3.0,True,40.0,40.0,0.0,0.0,,,,,34390.0,,,,0.8979520697167755,0.8979520697167755,6.0,8.714596949891067e-05,6,6,48014,0.03,0.03,0.0,True,0.2,0.08,800,10,0.0,0.0,0.0,0.9665827751159668,C:/Users/efasllija/dev/gossip-poc/out_nb_incremental_clean0104/scenario_mixing_sweep/mix_0p03/permanent_fork_sth_proof_n12000_pg0p005_a0p2_ff0p05_s48014_drop0_pc0p03_pgc0p03,0.03
permanent_fork,sth_proof,12000,6.0,5.0,0.007,0.2,0.05,3.0,True,40.0,40.0,0.0,0.0,,,,,32886.0,,,,1.1608490637099083,1.1608490637099083,5.0,7.532502749363504e-05,5,5,48000,0.03,0.03,0.0,True,0.2,0.08,800,10,0.0,0.0,0.0,0.9479966163635254,C:/Users/efasllija/dev/gossip-poc/out_nb_incremental_clean0104/scenario_mixing_sweep/mix_0p03/permanent_fork_sth_proof_n12000_pg0p007_a0p2_ff0p05_s48000_drop0_pc0p03_pgc0p03,0.03
permanent_fork,sth_proof,12000,6.0,5.0,0.007,0.2,0.05,3.0,True,0.0,0.0,0.0,0.0,,,,,26628.0,,,,1.082975765999879,1.082975765999879,4.0,6.043391551338611e-05,4,4,48001,0.03,0.03,0.0,True,0.2,0.08,800,10,0.0,0.0,0.0,0.9835696220397949,C:/Users/efasllija/dev/gossip-poc/out_nb_incremental_clean0104/scenario_mixing_sweep/mix_0p03/permanent_fork_sth_proof_n12000_pg0p007_a0p2_ff0p05_s48001_drop0_pc0p03_pgc0p03,0.03
permanent_fork,sth_proof,12000,6.0,5.0,0.007,0.2,0.05,3.0,True,0.0,0.0,0.0,0.0,,,,,26748.0,,,,1.736173280860396,1.736173280860396,21.0,0.00031543845945864753,21,21,48002,0.03,0.03,0.0,True,0.2,0.08,800,10,0.0,0.0,0.0,0.9592752456665039,C:/Users/efasllija/dev/gossip-poc/out_nb_incremental_clean0104/scenario_mixing_sweep/mix_0p03/permanent_fork_sth_proof_n12000_pg0p007_a0p2_ff0p05_s48002_drop0_pc0p03_pgc0p03,0.03
permanent_fork,sth_proof,12000,6.0,5.0,0.007,0.2,0.05,3.0,True,25.0,25.0,0.0,0.0,,,,,29365.0,,,,0.7899034892353378,0.7899034892353378,1.0,1.546646869586736e-05,1,1,48003,0.03,0.03,0.0,True,0.2,0.08,800,10,0.0,0.0,0.0,0.9442448616027832,C:/Users/efasllija/dev/gossip-poc/out_nb_incremental_clean0104/scenario_mixing_sweep/mix_0p03/permanent_fork_sth_proof_n12000_pg0p007_a0p2_ff0p05_s48003_drop0_pc0p03_pgc0p03,0.03
permanent_fork,sth_proof,12000,6.0,5.0,0.007,0.2,0.05,3.0,True,100.0,100.0,0.0,0.0,,,,,42930.0,,,,2.0101266611619177,2.0101266611619177,4.0,6.231791484256937e-05,4,4,48004,0.03,0.03,0.0,True,0.2,0.08,800,10,0.0,0.0,0.0,0.9522686004638672,C:/Users/efasllija/dev/gossip-poc/out_nb_incremental_clean0104/scenario_mixing_sweep/mix_0p03/permanent_fork_sth_proof_n12000_pg0p007_a0p2_ff0p05_s48004_drop0_pc0p03_pgc0p03,0.03
permanent_fork,sth_proof,12000,6.0,5.0,0.007,0.2,0.05,3.0,True,135.0,135.0,0.0,0.0,,,,,54110.0,,,,0.637061176122056,0.637061176122056,1.0,1.4812620352540365e-05,1,1,48005,0.03,0.03,0.0,True,0.2,0.08,800,10,0.0,0.0,0.0,0.9451982975006104,C:/Users/efasllija/dev/gossip-poc/out_nb_incremental_clean0104/scenario_mixing_sweep/mix_0p03/permanent_fork_sth_proof_n12000_pg0p007_a0p2_ff0p05_s48005_drop0_pc0p03_pgc0p03,0.03
permanent_fork,sth_proof,12000,6.0,5.0,0.007,0.2,0.05,3.0,True,20.0,20.0,0.0,0.0,,,,,28369.0,,,,1.0048855430941772,1.0048855430941772,12.0,0.0001843601167614073,12,12,48006,0.03,0.03,0.0,True,0.2,0.08,800,10,0.0,0.0,0.0,0.9641468524932861,C:/Users/efasllija/dev/gossip-poc/out_nb_incremental_clean0104/scenario_mixing_sweep/mix_0p03/permanent_fork_sth_proof_n12000_pg0p007_a0p2_ff0p05_s48006_drop0_pc0p03_pgc0p03,0.03
permanent_fork,sth_proof,12000,6.0,5.0,0.007,0.2,0.05,3.0,True,10.0,10.0,0.0,0.0,,,,,27785.0,,,,1.1115054253097374,1.1115054253097374,22.0,0.0003454611120707253,22,22,48007,0.03,0.03,0.0,True,0.2,0.08,800,10,0.0,0.0,0.0,0.933814287185669,C:/Users/efasllija/dev/gossip-poc/out_nb_incremental_clean0104/scenario_mixing_sweep/mix_0p03/permanent_fork_sth_proof_n12000_pg0p007_a0p2_ff0p05_s48007_drop0_pc0p03_pgc0p03,0.03
permanent_fork,sth_proof,12000,6.0,5.0,0.007,0.2,0.05,3.0,True,45.0,45.0,0.0,0.0,,,,,33339.0,,,,0.6699423200170904,0.6699423200170904,3.0,4.577776421399579e-05,3,3,48008,0.03,0.03,0.0,True,0.2,0.08,800,10,0.0,0.0,0.0,0.9397857189178467,C:/Users/efasllija/dev/gossip-poc/out_nb_incremental_clean0104/scenario_mixing_sweep/mix_0p03/permanent_fork_sth_proof_n12000_pg0p007_a0p2_ff0p05_s48008_drop0_pc0p03_pgc0p03,0.03
permanent_fork,sth_proof,12000,6.0,5.0,0.007,0.2,0.05,3.0,True,10.0,10.0,0.0,0.0,,,,,28474.0,,,,1.1330844273154281,1.1330844273154281,4.0,6.0219197880284235e-05,4,4,48009,0.03,0.03,0.0,True,0.2,0.08,800,10,0.0,0.0,0.0,0.9436507225036621,C:/Users/efasllija/dev/gossip-poc/out_nb_incremental_clean0104/scenario_mixing_sweep/mix_0p03/permanent_fork_sth_proof_n12000_pg0p007_a0p2_ff0p05_s48009_drop0_pc0p03_pgc0p03,0.03
permanent_fork,sth_proof,12000,6.0,5.0,0.007,0.2,0.05,3.0,True,10.0,10.0,0.0,0.0,,,,,28524.0,,,,1.4179521689615902,1.4179521689615902,3.0,4.4370165500717315e-05,3,3,48010,0.03,0.03,0.0,True,0.2,0.08,800,10,0.0,0.0,0.0,0.9326076507568359,C:/Users/efasllija/dev/gossip-poc/out_nb_incremental_clean0104/scenario_mixing_sweep/mix_0p03/permanent_fork_sth_proof_n12000_pg0p007_a0p2_ff0p05_s48010_drop0_pc0p03_pgc0p03,0.03
permanent_fork,sth_proof,12000,6.0,5.0,0.007,0.2,0.05,3.0,True,135.0,135.0,0.0,0.0,,,,,52631.0,,,,0.5805705117326709,0.5805705117326709,2.0,3.0855150495996546e-05,2,2,48011,0.03,0.03,0.0,True,0.2,0.08,800,10,0.0,0.0,0.0,0.9271495342254639,C:/Users/efasllija/dev/gossip-poc/out_nb_incremental_clean0104/scenario_mixing_sweep/mix_0p03/permanent_fork_sth_proof_n12000_pg0p007_a0p2_ff0p05_s48011_drop0_pc0p03_pgc0p03,0.03
permanent_fork,sth_proof,12000,6.0,5.0,0.007,0.2,0.05,3.0,True,20.0,20.0,0.0,0.0,,,,,28749.0,,,,1.5330385803403792,1.5330385803403792,6.0,9.084852522560717e-05,6,6,48012,0.03,0.03,0.0,True,0.2,0.08,800,10,0.0,0.0,0.0,0.946237325668335,C:/Users/efasllija/dev/gossip-poc/out_nb_incremental_clean0104/scenario_mixing_sweep/mix_0p03/permanent_fork_sth_proof_n12000_pg0p007_a0p2_ff0p05_s48012_drop0_pc0p03_pgc0p03,0.03
permanent_fork,sth_proof,12000,6.0,5.0,0.007,0.2,0.05,3.0,True,35.0,35.0,0.0,0.0,,,,,33765.0,,,,1.4483255205654582,1.4483255205654582,2.0,2.93897224140718e-05,2,2,48013,0.03,0.03,0.0,True,0.2,0.08,800,10,0.0,0.0,0.0,0.932222843170166,C:/Users/efasllija/dev/gossip-poc/out_nb_incremental_clean0104/scenario_mixing_sweep/mix_0p03/permanent_fork_sth_proof_n12000_pg0p007_a0p2_ff0p05_s48013_drop0_pc0p03_pgc0p03,0.03
permanent_fork,sth_proof,12000,6.0,5.0,0.007,0.2,0.05,3.0,True,40.0,40.0,0.0,0.0,,,,,34390.0,,,,1.275352214960058,1.275352214960058,6.0,8.714596949891067e-05,6,6,48014,0.03,0.03,0.0,True,0.2,0.08,800,10,0.0,0.0,0.0,0.9503164291381836,C:/Users/efasllija/dev/gossip-poc/out_nb_incremental_clean0104/scenario_mixing_sweep/mix_0p03/permanent_fork_sth_proof_n12000_pg0p007_a0p2_ff0p05_s48014_drop0_pc0p03_pgc0p03,0.03
permanent_fork,sth_proof,12000,6.0,5.0,0.01,0.2,0.05,3.0,True,40.0,40.0,0.0,0.0,,,,,32886.0,,,,1.6062911462962683,1.6062911462962683,6.0,9.039003299236204e-05,6,6,48000,0.03,0.03,0.0,True,0.2,0.08,800,10,0.0,0.0,0.0,0.9384942054748535,C:/Users/efasllija/dev/gossip-poc/out_nb_incremental_clean0104/scenario_mixing_sweep/mix_0p03/permanent_fork_sth_proof_n12000_pg0p01_a0p2_ff0p05_s48000_drop0_pc0p03_pgc0p03,0.03
permanent_fork,sth_proof,12000,6.0,5.0,0.01,0.2,0.05,3.0,True,0.0,0.0,0.0,0.0,,,,,26628.0,,,,1.3131081162748535,1.3131081162748535,5.0,7.554239439173264e-05,5,5,48001,0.03,0.03,0.0,True,0.2,0.08,800,10,0.0,0.0,0.0,0.9662628173828125,C:/Users/efasllija/dev/gossip-poc/out_nb_incremental_clean0104/scenario_mixing_sweep/mix_0p03/permanent_fork_sth_proof_n12000_pg0p01_a0p2_ff0p05_s48001_drop0_pc0p03_pgc0p03,0.03
permanent_fork,sth_proof,12000,6.0,5.0,0.01,0.2,0.05,3.0,True,0.0,0.0,0.0,0.0,,,,,26748.0,,,,2.2745215850031544,2.2745215850031544,22.0,0.0003304593384804879,22,22,48002,0.03,0.03,0.0,True,0.2,0.08,800,10,0.0,0.0,0.0,0.9732344150543213,C:/Users/efasllija/dev/gossip-poc/out_nb_incremental_clean0104/scenario_mixing_sweep/mix_0p03/permanent_fork_sth_proof_n12000_pg0p01_a0p2_ff0p05_s48002_drop0_pc0p03_pgc0p03,0.03
permanent_fork,sth_proof,12000,6.0,5.0,0.01,0.2,0.05,3.0,True,25.0,25.0,0.0,0.0,,,,,29365.0,,,,1.0670626082652808,1.0670626082652808,1.0,1.546646869586736e-05,1,1,48003,0.03,0.03,0.0,True,0.2,0.08,800,10,0.0,0.0,0.0,0.9256899356842041,C:/Users/efasllija/dev/gossip-poc/out_nb_incremental_clean0104/scenario_mixing_sweep/mix_0p03/permanent_fork_sth_proof_n12000_pg0p01_a0p2_ff0p05_s48003_drop0_pc0p03_pgc0p03,0.03
permanent_fork,sth_proof,12000,6.0,5.0,0.01,0.2,0.05,3.0,True,100.0,100.0,0.0,0.0,,,,,42930.0,,,,2.3730661972050413,2.3730661972050413,5.0,7.789739355321171e-05,5,5,48004,0.03,0.03,0.0,True,0.2,0.08,800,10,0.0,0.0,0.0,0.9407763481140137,C:/Users/efasllija/dev/gossip-poc/out_nb_incremental_clean0104/scenario_mixing_sweep/mix_0p03/permanent_fork_sth_proof_n12000_pg0p01_a0p2_ff0p05_s48004_drop0_pc0p03_pgc0p03,0.03
permanent_fork,sth_proof,12000,6.0,5.0,0.01,0.2,0.05,3.0,True,125.0,125.0,0.0,0.0,,,,,51356.0,,,,1.3404828914234928,1.3404828914234928,3.0,4.4437861057621094e-05,3,3,48005,0.03,0.03,0.0,True,0.2,0.08,800,10,0.0,0.0,0.0,0.9431161880493164,C:/Users/efasllija/dev/gossip-poc/out_nb_incremental_clean0104/scenario_mixing_sweep/mix_0p03/permanent_fork_sth_proof_n12000_pg0p01_a0p2_ff0p05_s48005_drop0_pc0p03_pgc0p03,0.03
permanent_fork,sth_proof,12000,6.0,5.0,0.01,0.2,0.05,3.0,True,20.0,20.0,0.0,0.0,,,,,28369.0,,,,1.1838377630972499,1.1838377630972499,13.0,0.0001997234598248579,13,13,48006,0.03,0.03,0.0,True,0.2,0.08,800,10,0.0,0.0,0.0,0.9494514465332031,C:/Users/efasllija/dev/gossip-poc/out_nb_incremental_clean0104/scenario_mixing_sweep/mix_0p03/permanent_fork_sth_proof_n12000_pg0p01_a0p2_ff0p05_s48006_drop0_pc0p03_pgc0p03,0.03
permanent_fork,sth_proof,12000,6.0,5.0,0.01,0.2,0.05,3.0,True,10.0,10.0,0.0,0.0,,,,,27785.0,,,,1.7024323602845344,1.7024323602845344,24.0,0.00037686666771351854,24,24,48007,0.03,0.03,0.0,True,0.2,0.08,800,10,0.0,0.0,0.0,0.9180235862731934,C:/Users/efasllija/dev/gossip-poc/out_nb_incremental_clean0104/scenario_mixing_sweep/mix_0p03/permanent_fork_sth_proof_n12000_pg0p01_a0p2_ff0p05_s48007_drop0_pc0p03_pgc0p03,0.03
permanent_fork,sth_proof,12000,6.0,5.0,0.01,0.2,0.05,3.0,True,20.0,20.0,0.0,0.0,,,,,28817.0,,,,1.1894894253364665,1.1894894253364665,4.0,6.103701895199438e-05,4,4,48008,0.03,0.03,0.0,True,0.2,0.08,800,10,0.0,0.0,0.0,0.9371242523193359,C:/Users/efasllija/dev/gossip-poc/out_nb_incremental_clean0104/scenario_mixing_sweep/mix_0p03/permanent_fork_sth_proof_n12000_pg0p01_a0p2_ff0p05_s48008_drop0_pc0p03_pgc0p03,0.03
permanent_fork,sth_proof,12000,6.0,5.0,0.01,0.2,0.05,3.0,True,10.0,10.0,0.0,0.0,,,,,28474.0,,,,1.9424304468264482,1.9424304468264482,5.0,7.52739973503553e-05,5,5,48009,0.03,0.03,0.0,True,0.2,0.08,800,10,0.0,0.0,0.0,0.9351773262023926,C:/Users/efasllija/dev/gossip-poc/out_nb_incremental_clean0104/scenario_mixing_sweep/mix_0p03/permanent_fork_sth_proof_n12000_pg0p01_a0p2_ff0p05_s48009_drop0_pc0p03_pgc0p03,0.03
permanent_fork,sth_proof,12000,6.0,5.0,0.01,0.2,0.05,3.0,True,10.0,10.0,0.0,0.0,,,,,28524.0,,,,1.8420126307071125,1.8420126307071125,5.0,7.395027583452886e-05,5,5,48010,0.03,0.03,0.0,True,0.2,0.08,800,10,0.0,0.0,0.0,0.9501612186431885,C:/Users/efasllija/dev/gossip-poc/out_nb_incremental_clean0104/scenario_mixing_sweep/mix_0p03/permanent_fork_sth_proof_n12000_pg0p01_a0p2_ff0p05_s48010_drop0_pc0p03_pgc0p03,0.03
permanent_fork,sth_proof,12000,6.0,5.0,0.01,0.2,0.05,3.0,True,20.0,20.0,0.0,0.0,,,,,29050.0,,,,1.4928956015982968,1.4928956015982968,4.0,6.171030099199309e-05,4,4,48011,0.03,0.03,0.0,True,0.2,0.08,800,10,0.0,0.0,0.0,0.9433925151824951,C:/Users/efasllija/dev/gossip-poc/out_nb_incremental_clean0104/scenario_mixing_sweep/mix_0p03/permanent_fork_sth_proof_n12000_pg0p01_a0p2_ff0p05_s48011_drop0_pc0p03_pgc0p03,0.03
permanent_fork,sth_proof,12000,6.0,5.0,0.01,0.2,0.05,3.0,True,20.0,20.0,0.0,0.0,,,,,28749.0,,,,2.0214402519532433,2.0214402519532433,7.0,0.0001059899460965417,7,7,48012,0.03,0.03,0.0,True,0.2,0.08,800,10,0.0,0.0,0.0,0.9797875881195068,C:/Users/efasllija/dev/gossip-poc/out_nb_incremental_clean0104/scenario_mixing_sweep/mix_0p03/permanent_fork_sth_proof_n12000_pg0p01_a0p2_ff0p05_s48012_drop0_pc0p03_pgc0p03,0.03
permanent_fork,sth_proof,12000,6.0,5.0,0.01,0.2,0.05,3.0,True,35.0,35.0,0.0,0.0,,,,,33765.0,,,,1.9618227505841208,1.9618227505841208,3.0,4.40845836211077e-05,3,3,48013,0.03,0.03,0.0,True,0.2,0.08,800,10,0.0,0.0,0.0,0.9960730075836182,C:/Users/efasllija/dev/gossip-poc/out_nb_incremental_clean0104/scenario_mixing_sweep/mix_0p03/permanent_fork_sth_proof_n12000_pg0p01_a0p2_ff0p05_s48013_drop0_pc0p03_pgc0p03,0.03
permanent_fork,sth_proof,12000,6.0,5.0,0.01,0.2,0.05,3.0,True,40.0,40.0,0.0,0.0,,,,,34390.0,,,,1.8870007262164126,1.8870007262164126,6.0,8.714596949891067e-05,6,6,48014,0.03,0.03,0.0,True,0.2,0.08,800,10,0.0,0.0,0.0,0.9802896976470947,C:/Users/efasllija/dev/gossip-poc/out_nb_incremental_clean0104/scenario_mixing_sweep/mix_0p03/permanent_fork_sth_proof_n12000_pg0p01_a0p2_ff0p05_s48014_drop0_pc0p03_pgc0p03,0.03
permanent_fork,sth_proof,12000,6.0,5.0,0.015,0.2,0.05,3.0,True,40.0,40.0,0.0,0.0,,,,,32886.0,,,,2.8751261694210517,2.8751261694210517,10.0,0.00015065005498727008,10,10,48000,0.03,0.03,0.0,True,0.2,0.08,800,10,0.0,0.0,0.0,0.9995083808898926,C:/Users/efasllija/dev/gossip-poc/out_nb_incremental_clean0104/scenario_mixing_sweep/mix_0p03/permanent_fork_sth_proof_n12000_pg0p015_a0p2_ff0p05_s48000_drop0_pc0p03_pgc0p03,0.03
permanent_fork,sth_proof,12000,6.0,5.0,0.015,0.2,0.05,3.0,True,0.0,0.0,0.0,0.0,,,,,26628.0,,,,2.5856046413247116,2.5856046413247116,7.0,0.0001057593521484257,7,7,48001,0.03,0.03,0.0,True,0.2,0.08,800,10,0.0,0.0,0.0,0.9451403617858887,C:/Users/efasllija/dev/gossip-poc/out_nb_incremental_clean0104/scenario_mixing_sweep/mix_0p03/permanent_fork_sth_proof_n12000_pg0p015_a0p2_ff0p05_s48001_drop0_pc0p03_pgc0p03,0.03
permanent_fork,sth_proof,12000,6.0,5.0,0.015,0.2,0.05,3.0,True,0.0,0.0,0.0,0.0,,,,,26748.0,,,,3.418511731306516,3.418511731306516,26.0,0.00039054285456784933,26,26,48002,0.03,0.03,0.0,True,0.2,0.08,800,10,0.0,0.0,0.0,0.9779446125030518,C:/Users/efasllija/dev/gossip-poc/out_nb_incremental_clean0104/scenario_mixing_sweep/mix_0p03/permanent_fork_sth_proof_n12000_pg0p015_a0p2_ff0p05_s48002_drop0_pc0p03_pgc0p03,0.03
permanent_fork,sth_proof,12000,6.0,5.0,0.015,0.2,0.05,3.0,True,25.0,25.0,0.0,0.0,,,,,29365.0,,,,1.89853996535511,1.89853996535511,2.0,3.093293739173472e-05,2,2,48003,0.03,0.03,0.0,True,0.2,0.08,800,10,0.0,0.0,0.0,0.9593517780303955,C:/Users/efasllija/dev/gossip-poc/out_nb_incremental_clean0104/scenario_mixing_sweep/mix_0p03/permanent_fork_sth_proof_n12000_pg0p015_a0p2_ff0p05_s48003_drop0_pc0p03_pgc0p03,0.03
permanent_fork,sth_proof,12000,6.0,5.0,0.015,0.2,0.05,3.0,True,45.0,45.0,0.0,0.0,,,,,32246.0,,,,3.266455824388116,3.266455824388116,8.0,0.00012463582968513874,8,8,48004,0.03,0.03,0.0,True,0.2,0.08,800,10,0.0,0.0,0.0,0.9549474716186523,C:/Users/efasllija/dev/gossip-poc/out_nb_incremental_clean0104/scenario_mixing_sweep/mix_0p03/permanent_fork_sth_proof_n12000_pg0p015_a0p2_ff0p05_s48004_drop0_pc0p03_pgc0p03,0.03
permanent_fork,sth_proof,12000,6.0,5.0,0.015,0.2,0.05,3.0,True,35.0,35.0,0.0,0.0,,,,,32306.0,,,,2.3358909791142053,2.3358909791142053,18.0,0.00026662716634572655,18,18,48005,0.03,0.03,0.0,True,0.2,0.08,800,10,0.0,0.0,0.0,0.9340684413909912,C:/Users/efasllija/dev/gossip-poc/out_nb_incremental_clean0104/scenario_mixing_sweep/mix_0p03/permanent_fork_sth_proof_n12000_pg0p015_a0p2_ff0p05_s48005_drop0_pc0p03_pgc0p03,0.03
permanent_fork,sth_proof,12000,6.0,5.0,0.015,0.2,0.05,3.0,True,20.0,20.0,0.0,0.0,,,,,28369.0,,,,1.8583499769549854,1.8583499769549854,14.0,0.00021508680288830848,14,14,48006,0.03,0.03,0.0,True,0.2,0.08,800,10,0.0,0.0,0.0,0.9467883110046387,C:/Users/efasllija/dev/gossip-poc/out_nb_incremental_clean0104/scenario_mixing_sweep/mix_0p03/permanent_fork_sth_proof_n12000_pg0p015_a0p2_ff0p05_s48006_drop0_pc0p03_pgc0p03,0.03
permanent_fork,sth_proof,12000,6.0,5.0,0.015,0.2,0.05,3.0,True,10.0,10.0,0.0,0.0,,,,,27785.0,,,,2.5747530738187585,2.5747530738187585,29.0,0.00045538055682050157,29,29,48007,0.03,0.03,0.0,True,0.2,0.08,800,10,0.0,0.0,0.0,0.959176778793335,C:/Users/efasllija/dev/gossip-poc/out_nb_incremental_clean0104/scenario_mixing_sweep/mix_0p03/permanent_fork_sth_proof_n12000_pg0p015_a0p2_ff0p05_s48007_drop0_pc0p03_pgc0p03,0.03
permanent_fork,sth_proof,12000,6.0,5.0,0.015,0.2,0.05,3.0,True,15.0,15.0,0.0,0.0,,,,,27818.0,,,,2.0371715445417644,2.0371715445417644,15.0,0.00022888882106997894,15,15,48008,0.03,0.03,0.0,True,0.2,0.08,800,10,0.0,0.0,0.0,0.9644808769226074,C:/Users/efasllija/dev/gossip-poc/out_nb_incremental_clean0104/scenario_mixing_sweep/mix_0p03/permanent_fork_sth_proof_n12000_pg0p015_a0p2_ff0p05_s48008_drop0_pc0p03_pgc0p03,0.03
permanent_fork,sth_proof,12000,6.0,5.0,0.015,0.2,0.05,3.0,True,10.0,10.0,0.0,0.0,,,,,28474.0,,,,3.0350475731663256,3.0350475731663256,7.0,0.00010538359629049741,7,7,48009,0.03,0.03,0.0,True,0.2,0.08,800,10,0.0,0.0,0.0,0.9482924938201904,C:/Users/efasllija/dev/gossip-poc/out_nb_incremental_clean0104/scenario_mixing_sweep/mix_0p03/permanent_fork_sth_proof_n12000_pg0p015_a0p2_ff0p05_s48009_drop0_pc0p03_pgc0p03,0.03
permanent_fork,sth_proof,12000,6.0,5.0,0.015,0.2,0.05,3.0,True,10.0,10.0,0.0,0.0,,,,,28524.0,,,,2.756393001345895,2.756393001345895,5.0,7.395027583452886e-05,5,5,48010,0.03,0.03,0.0,True,0.2,0.08,800,10,0.0,0.0,0.0,0.9365503787994385,C:/Users/efasllija/dev/gossip-poc/out_nb_incremental_clean0104/scenario_mixing_sweep/mix_0p03/permanent_fork_sth_proof_n12000_pg0p015_a0p2_ff0p05_s48010_drop0_pc0p03_pgc0p03,0.03
permanent_fork,sth_proof,12000,6.0,5.0,0.015,0.2,0.05,3.0,True,20.0,20.0,0.0,0.0,,,,,29050.0,,,,1.9628812539533163,1.9628812539533163,5.0,7.713787623999136e-05,5,5,48011,0.03,0.03,0.0,True,0.2,0.08,800,10,0.0,0.0,0.0,0.9531428813934326,C:/Users/efasllija/dev/gossip-poc/out_nb_incremental_clean0104/scenario_mixing_sweep/mix_0p03/permanent_fork_sth_proof_n12000_pg0p015_a0p2_ff0p05_s48011_drop0_pc0p03_pgc0p03,0.03
permanent_fork,sth_proof,12000,6.0,5.0,0.015,0.2,0.05,3.0,True,20.0,20.0,0.0,0.0,,,,,28749.0,,,,2.69977590697111,2.69977590697111,7.0,0.0001059899460965417,7,7,48012,0.03,0.03,0.0,True,0.2,0.08,800,10,0.0,0.0,0.0,0.9924266338348389,C:/Users/efasllija/dev/gossip-poc/out_nb_incremental_clean0104/scenario_mixing_sweep/mix_0p03/permanent_fork_sth_proof_n12000_pg0p015_a0p2_ff0p05_s48012_drop0_pc0p03_pgc0p03,0.03
permanent_fork,sth_proof,12000,6.0,5.0,0.015,0.2,0.05,3.0,True,35.0,35.0,0.0,0.0,,,,,33765.0,,,,3.2653157190930333,3.2653157190930333,8.0,0.0001175588896562872,8,8,48013,0.03,0.03,0.0,True,0.2,0.08,800,10,0.0,0.0,0.0,0.963092565536499,C:/Users/efasllija/dev/gossip-poc/out_nb_incremental_clean0104/scenario_mixing_sweep/mix_0p03/permanent_fork_sth_proof_n12000_pg0p015_a0p2_ff0p05_s48013_drop0_pc0p03_pgc0p03,0.03
permanent_fork,sth_proof,12000,6.0,5.0,0.015,0.2,0.05,3.0,True,40.0,40.0,0.0,0.0,,,,,34390.0,,,,2.771938997821351,2.771938997821351,8.0,0.00011619462599854757,8,8,48014,0.03,0.03,0.0,True,0.2,0.08,800,10,0.0,0.0,0.0,0.9774866104125977,C:/Users/efasllija/dev/gossip-poc/out_nb_incremental_clean0104/scenario_mixing_sweep/mix_0p03/permanent_fork_sth_proof_n12000_pg0p015_a0p2_ff0p05_s48014_drop0_pc0p03_pgc0p03,0.03
permanent_fork,sth_proof,12000,6.0,5.0,0.02,0.2,0.05,3.0,True,40.0,40.0,0.0,0.0,,,,,32886.0,,,,3.5095436809834437,3.5095436809834437,11.0,0.00016571506048599708,11,11,48000,0.03,0.03,0.0,True,0.2,0.08,800,10,0.0,0.0,0.0,0.9699945449829102,C:/Users/efasllija/dev/gossip-poc/out_nb_incremental_clean0104/scenario_mixing_sweep/mix_0p03/permanent_fork_sth_proof_n12000_pg0p02_a0p2_ff0p05_s48000_drop0_pc0p03_pgc0p03,0.03
permanent_fork,sth_proof,12000,6.0,5.0,0.02,0.2,0.05,3.0,True,0.0,0.0,0.0,0.0,,,,,26628.0,,,,3.682117604399589,3.682117604399589,7.0,0.0001057593521484257,7,7,48001,0.03,0.03,0.0,True,0.2,0.08,800,10,0.0,0.0,0.0,0.9800431728363037,C:/Users/efasllija/dev/gossip-poc/out_nb_incremental_clean0104/scenario_mixing_sweep/mix_0p03/permanent_fork_sth_proof_n12000_pg0p02_a0p2_ff0p05_s48001_drop0_pc0p03_pgc0p03,0.03
permanent_fork,sth_proof,12000,6.0,5.0,0.02,0.2,0.05,3.0,True,0.0,0.0,0.0,0.0,,,,,26748.0,,,,5.141226304563343,5.141226304563343,29.0,0.0004356054916333704,29,29,48002,0.03,0.03,0.0,True,0.2,0.08,800,10,0.0,0.0,0.0,0.9611005783081055,C:/Users/efasllija/dev/gossip-poc/out_nb_incremental_clean0104/scenario_mixing_sweep/mix_0p03/permanent_fork_sth_proof_n12000_pg0p02_a0p2_ff0p05_s48002_drop0_pc0p03_pgc0p03,0.03
permanent_fork,sth_proof,12000,6.0,5.0,0.02,0.2,0.05,3.0,True,25.0,25.0,0.0,0.0,,,,,29365.0,,,,2.9933184855233854,2.9933184855233854,2.0,3.093293739173472e-05,2,2,48003,0.03,0.03,0.0,True,0.2,0.08,800,10,0.0,0.0,0.0,0.9478669166564941,C:/Users/efasllija/dev/gossip-poc/out_nb_incremental_clean0104/scenario_mixing_sweep/mix_0p03/permanent_fork_sth_proof_n12000_pg0p02_a0p2_ff0p05_s48003_drop0_pc0p03_pgc0p03,0.03
permanent_fork,sth_proof,12000,6.0,5.0,0.02,0.2,0.05,3.0,True,45.0,45.0,0.0,0.0,,,,,32246.0,,,,3.9085796189259505,3.9085796189259505,9.0,0.00014021530839578107,9,9,48004,0.03,0.03,0.0,True,0.2,0.08,800,10,0.0,0.0,0.0,0.9778563976287842,C:/Users/efasllija/dev/gossip-poc/out_nb_incremental_clean0104/scenario_mixing_sweep/mix_0p03/permanent_fork_sth_proof_n12000_pg0p02_a0p2_ff0p05_s48004_drop0_pc0p03_pgc0p03,0.03
permanent_fork,sth_proof,12000,6.0,5.0,0.02,0.2,0.05,3.0,True,35.0,35.0,0.0,0.0,,,,,32306.0,,,,2.787142645533995,2.787142645533995,21.0,0.0003110650274033477,21,21,48005,0.03,0.03,0.0,True,0.2,0.08,800,10,0.0,0.0,0.0,0.9476830959320068,C:/Users/efasllija/dev/gossip-poc/out_nb_incremental_clean0104/scenario_mixing_sweep/mix_0p03/permanent_fork_sth_proof_n12000_pg0p02_a0p2_ff0p05_s48005_drop0_pc0p03_pgc0p03,0.03
permanent_fork,sth_proof,12000,6.0,5.0,0.02,0.2,0.05,3.0,True,20.0,20.0,0.0,0.0,,,,,28369.0,,,,3.386326624673529,3.386326624673529,19.0,0.0002919035182055615,19,19,48006,0.03,0.03,0.0,True,0.2,0.08,800,10,0.0,0.0,0.0,0.9674746990203857,C:/Users/efasllija/dev/gossip-poc/out_nb_incremental_clean0104/scenario_mixing_sweep/mix_0p03/permanent_fork_sth_proof_n12000_pg0p02_a0p2_ff0p05_s48006_drop0_pc0p03_pgc0p03,0.03
permanent_fork,sth_proof,12000,6.0,5.0,0.02,0.2,0.05,3.0,True,10.0,10.0,0.0,0.0,,,,,27785.0,,,,3.489282854136897,3.489282854136897,32.0,0.0005024888902846914,32,32,48007,0.03,0.03,0.0,True,0.2,0.08,800,10,0.0,0.0,0.0,0.9688715934753418,C:/Users/efasllija/dev/gossip-poc/out_nb_incremental_clean0104/scenario_mixing_sweep/mix_0p03/permanent_fork_sth_proof_n12000_pg0p02_a0p2_ff0p05_s48007_drop0_pc0p03_pgc0p03,0.03
permanent_fork,sth_proof,12000,6.0,5.0,0.02,0.2,0.05,3.0,True,10.0,10.0,0.0,0.0,,,,,27030.0,,,,2.912198248237556,2.912198248237556,20.0,0.0003051850947599719,20,20,48008,0.03,0.03,0.0,True,0.2,0.08,800,10,0.0,0.0,0.0,0.95729660987854,C:/Users/efasllija/dev/gossip-poc/out_nb_incremental_clean0104/scenario_mixing_sweep/mix_0p03/permanent_fork_sth_proof_n12000_pg0p02_a0p2_ff0p05_s48008_drop0_pc0p03_pgc0p03,0.03
permanent_fork,sth_proof,12000,6.0,5.0,0.02,0.2,0.05,3.0,True,10.0,10.0,0.0,0.0,,,,,28474.0,,,,3.5746115861736723,3.5746115861736723,7.0,0.00010538359629049741,7,7,48009,0.03,0.03,0.0,True,0.2,0.08,800,10,0.0,0.0,0.0,0.9966592788696289,C:/Users/efasllija/dev/gossip-poc/out_nb_incremental_clean0104/scenario_mixing_sweep/mix_0p03/permanent_fork_sth_proof_n12000_pg0p02_a0p2_ff0p05_s48009_drop0_pc0p03_pgc0p03,0.03
permanent_fork,sth_proof,12000,6.0,5.0,0.02,0.2,0.05,3.0,True,10.0,10.0,0.0,0.0,,,,,28524.0,,,,3.3659799151050835,3.3659799151050835,9.0,0.00013311049650215195,9,9,48010,0.03,0.03,0.0,True,0.2,0.08,800,10,0.0,0.0,0.0,0.9797506332397461,C:/Users/efasllija/dev/gossip-poc/out_nb_incremental_clean0104/scenario_mixing_sweep/mix_0p03/permanent_fork_sth_proof_n12000_pg0p02_a0p2_ff0p05_s48010_drop0_pc0p03_pgc0p03,0.03
permanent_fork,sth_proof,12000,6.0,5.0,0.02,0.2,0.05,3.0,True,20.0,20.0,0.0,0.0,,,,,29050.0,,,,3.096376062574245,3.096376062574245,7.0,0.0001079930267359879,7,7,48011,0.03,0.03,0.0,True,0.2,0.08,800,10,0.0,0.0,0.0,0.9317543506622314,C:/Users/efasllija/dev/gossip-poc/out_nb_incremental_clean0104/scenario_mixing_sweep/mix_0p03/permanent_fork_sth_proof_n12000_pg0p02_a0p2_ff0p05_s48011_drop0_pc0p03_pgc0p03,0.03
permanent_fork,sth_proof,12000,6.0,5.0,0.02,0.2,0.05,3.0,True,20.0,20.0,0.0,0.0,,,,,28749.0,,,,3.2017442916843315,3.2017442916843315,11.0,0.00016655562958027982,11,11,48012,0.03,0.03,0.0,True,0.2,0.08,800,10,0.0,0.0,0.0,0.9464216232299805,C:/Users/efasllija/dev/gossip-poc/out_nb_incremental_clean0104/scenario_mixing_sweep/mix_0p03/permanent_fork_sth_proof_n12000_pg0p02_a0p2_ff0p05_s48012_drop0_pc0p03_pgc0p03,0.03
permanent_fork,sth_proof,12000,6.0,5.0,0.02,0.2,0.05,3.0,True,35.0,35.0,0.0,0.0,,,,,33765.0,,,,4.160644222715317,4.160644222715317,12.0,0.0001763383344844308,12,12,48013,0.03,0.03,0.0,True,0.2,0.08,800,10,0.0,0.0,0.0,0.9626882076263428,C:/Users/efasllija/dev/gossip-poc/out_nb_incremental_clean0104/scenario_mixing_sweep/mix_0p03/permanent_fork_sth_proof_n12000_pg0p02_a0p2_ff0p05_s48013_drop0_pc0p03_pgc0p03,0.03
permanent_fork,sth_proof,12000,6.0,5.0,0.02,0.2,0.05,3.0,True,40.0,40.0,0.0,0.0,,,,,34390.0,,,,3.7479738562091502,3.7479738562091502,9.0,0.00013071895424836603,9,9,48014,0.03,0.03,0.0,True,0.2,0.08,800,10,0.0,0.0,0.0,0.9548876285552979,C:/Users/efasllija/dev/gossip-poc/out_nb_incremental_clean0104/scenario_mixing_sweep/mix_0p03/permanent_fork_sth_proof_n12000_pg0p02_a0p2_ff0p05_s48014_drop0_pc0p03_pgc0p03,0.03
permanent_fork,sth_proof,12000,6.0,5.0,0.03,0.2,0.05,3.0,True,20.0,20.0,0.0,0.0,,,,,29792.0,,,,5.507283930158635,5.507283930158635,18.0,0.0002711700989770861,18,18,48000,0.03,0.03,0.0,True,0.2,0.08,800,10,0.0,0.0,0.0,0.9698820114135742,C:/Users/efasllija/dev/gossip-poc/out_nb_incremental_clean0104/scenario_mixing_sweep/mix_0p03/permanent_fork_sth_proof_n12000_pg0p03_a0p2_ff0p05_s48000_drop0_pc0p03_pgc0p03,0.03
permanent_fork,sth_proof,12000,6.0,5.0,0.03,0.2,0.05,3.0,True,0.0,0.0,0.0,0.0,,,,,26628.0,,,,4.92753973529945,4.92753973529945,11.0,0.00016619326766181182,11,11,48001,0.03,0.03,0.0,True,0.2,0.08,800,10,0.0,0.0,0.0,0.9694933891296387,C:/Users/efasllija/dev/gossip-poc/out_nb_incremental_clean0104/scenario_mixing_sweep/mix_0p03/permanent_fork_sth_proof_n12000_pg0p03_a0p2_ff0p05_s48001_drop0_pc0p03_pgc0p03,0.03
permanent_fork,sth_proof,12000,6.0,5.0,0.03,0.2,0.05,3.0,True,0.0,0.0,0.0,0.0,,,,,26748.0,,,,6.796647339802325,6.796647339802325,33.0,0.0004956890077207318,33,33,48002,0.03,0.03,0.0,True,0.2,0.08,800,10,0.0,0.0,0.0,0.9547507762908936,C:/Users/efasllija/dev/gossip-poc/out_nb_incremental_clean0104/scenario_mixing_sweep/mix_0p03/permanent_fork_sth_proof_n12000_pg0p03_a0p2_ff0p05_s48002_drop0_pc0p03_pgc0p03,0.03
permanent_fork,sth_proof,12000,6.0,5.0,0.03,0.2,0.05,3.0,True,25.0,25.0,0.0,0.0,,,,,29365.0,,,,4.9334323187329865,4.9334323187329865,8.0,0.00012373174956693887,8,8,48003,0.03,0.03,0.0,True,0.2,0.08,800,10,0.0,0.0,0.0,0.9648740291595459,C:/Users/efasllija/dev/gossip-poc/out_nb_incremental_clean0104/scenario_mixing_sweep/mix_0p03/permanent_fork_sth_proof_n12000_pg0p03_a0p2_ff0p05_s48003_drop0_pc0p03_pgc0p03,0.03
permanent_fork,sth_proof,12000,6.0,5.0,0.03,0.2,0.05,3.0,True,25.0,25.0,0.0,0.0,,,,,29085.0,,,,6.407278732453612,6.407278732453612,14.0,0.0002181127019489928,14,14,48004,0.03,0.03,0.0,True,0.2,0.08,800,10,0.0,0.0,0.0,0.935791015625,C:/Users/efasllija/dev/gossip-poc/out_nb_incremental_clean0104/scenario_mixing_sweep/mix_0p03/permanent_fork_sth_proof_n12000_pg0p03_a0p2_ff0p05_s48004_drop0_pc0p03_pgc0p03,0.03
permanent_fork,sth_proof,12000,6.0,5.0,0.03,0.2,0.05,3.0,True,35.0,35.0,0.0,0.0,,,,,32306.0,,,,4.273618723152126,4.273618723152126,24.0,0.00035550288846096875,24,24,48005,0.03,0.03,0.0,True,0.2,0.08,800,10,0.0,0.0,0.0,0.9634437561035156,C:/Users/efasllija/dev/gossip-poc/out_nb_incremental_clean0104/scenario_mixing_sweep/mix_0p03/permanent_fork_sth_proof_n12000_pg0p03_a0p2_ff0p05_s48005_drop0_pc0p03_pgc0p03,0.03
permanent_fork,sth_proof,12000,6.0,5.0,0.03,0.2,0.05,3.0,True,20.0,20.0,0.0,0.0,,,,,28369.0,,,,4.955599938546627,4.955599938546627,23.0,0.00035335689045936394,23,23,48006,0.03,0.03,0.0,True,0.2,0.08,800,10,0.0,0.0,0.0,0.9743432998657227,C:/Users/efasllija/dev/gossip-poc/out_nb_incremental_clean0104/scenario_mixing_sweep/mix_0p03/permanent_fork_sth_proof_n12000_pg0p03_a0p2_ff0p05_s48006_drop0_pc0p03_pgc0p03,0.03
permanent_fork,sth_proof,12000,6.0,5.0,0.03,0.2,0.05,3.0,True,10.0,10.0,0.0,0.0,,,,,27785.0,,,,5.6982240158284,5.6982240158284,39.0,0.0006124083350344676,39,39,48007,0.03,0.03,0.0,True,0.2,0.08,800,10,0.0,0.0,0.0,0.9318118095397949,C:/Users/efasllija/dev/gossip-poc/out_nb_incremental_clean0104/scenario_mixing_sweep/mix_0p03/permanent_fork_sth_proof_n12000_pg0p03_a0p2_ff0p05_s48007_drop0_pc0p03_pgc0p03,0.03
permanent_fork,sth_proof,12000,6.0,5.0,0.03,0.2,0.05,3.0,True,10.0,10.0,0.0,0.0,,,,,27030.0,,,,4.78530228583636,4.78530228583636,40.0,0.0006103701895199438,40,40,48008,0.03,0.03,0.0,True,0.2,0.08,800,10,0.0,0.0,0.0,0.9764385223388672,C:/Users/efasllija/dev/gossip-poc/out_nb_incremental_clean0104/scenario_mixing_sweep/mix_0p03/permanent_fork_sth_proof_n12000_pg0p03_a0p2_ff0p05_s48008_drop0_pc0p03_pgc0p03,0.03
permanent_fork,sth_proof,12000,6.0,5.0,0.03,0.2,0.05,3.0,True,10.0,10.0,0.0,0.0,,,,,28474.0,,,,5.530531133325304,5.530531133325304,13.0,0.00019571239311092376,13,13,48009,0.03,0.03,0.0,True,0.2,0.08,800,10,0.0,0.0,0.0,0.9540457725524902,C:/Users/efasllija/dev/gossip-poc/out_nb_incremental_clean0104/scenario_mixing_sweep/mix_0p03/permanent_fork_sth_proof_n12000_pg0p03_a0p2_ff0p05_s48009_drop0_pc0p03_pgc0p03,0.03
permanent_fork,sth_proof,12000,6.0,5.0,0.03,0.2,0.05,3.0,True,10.0,10.0,0.0,0.0,,,,,28524.0,,,,6.016357801014598,6.016357801014598,14.0,0.00020706077233668082,14,14,48010,0.03,0.03,0.0,True,0.2,0.08,800,10,0.0,0.0,0.0,0.94576096534729,C:/Users/efasllija/dev/gossip-poc/out_nb_incremental_clean0104/scenario_mixing_sweep/mix_0p03/permanent_fork_sth_proof_n12000_pg0p03_a0p2_ff0p05_s48010_drop0_pc0p03_pgc0p03,0.03
permanent_fork,sth_proof,12000,6.0,5.0,0.03,0.2,0.05,3.0,True,20.0,20.0,0.0,0.0,,,,,29050.0,,,,4.893380027461084,4.893380027461084,10.0,0.00015427575247998273,10,10,48011,0.03,0.03,0.0,True,0.2,0.08,800,10,0.0,0.0,0.0,0.9432289600372314,C:/Users/efasllija/dev/gossip-poc/out_nb_incremental_clean0104/scenario_mixing_sweep/mix_0p03/permanent_fork_sth_proof_n12000_pg0p03_a0p2_ff0p05_s48011_drop0_pc0p03_pgc0p03,0.03
permanent_fork,sth_proof,12000,6.0,5.0,0.03,0.2,0.05,3.0,True,10.0,10.0,0.0,0.0,,,,,27262.0,,,,5.942220337956514,5.942220337956514,34.0,0.000514808309611774,34,34,48012,0.03,0.03,0.0,True,0.2,0.08,800,10,0.0,0.0,0.0,0.9713480472564697,C:/Users/efasllija/dev/gossip-poc/out_nb_incremental_clean0104/scenario_mixing_sweep/mix_0p03/permanent_fork_sth_proof_n12000_pg0p03_a0p2_ff0p05_s48012_drop0_pc0p03_pgc0p03,0.03
permanent_fork,sth_proof,12000,6.0,5.0,0.03,0.2,0.05,3.0,True,25.0,25.0,0.0,0.0,,,,,32233.0,,,,5.569469956356262,5.569469956356262,15.0,0.0002204229181055385,15,15,48013,0.03,0.03,0.0,True,0.2,0.08,800,10,0.0,0.0,0.0,0.9748325347900391,C:/Users/efasllija/dev/gossip-poc/out_nb_incremental_clean0104/scenario_mixing_sweep/mix_0p03/permanent_fork_sth_proof_n12000_pg0p03_a0p2_ff0p05_s48013_drop0_pc0p03_pgc0p03,0.03
permanent_fork,sth_proof,12000,6.0,5.0,0.03,0.2,0.05,3.0,True,25.0,25.0,0.0,0.0,,,,,31928.0,,,,6.142512708787218,6.142512708787218,16.0,0.00023238925199709515,16,16,48014,0.03,0.03,0.0,True,0.2,0.08,800,10,0.0,0.0,0.0,0.9497435092926025,C:/Users/efasllija/dev/gossip-poc/out_nb_incremental_clean0104/scenario_mixing_sweep/mix_0p03/permanent_fork_sth_proof_n12000_pg0p03_a0p2_ff0p05_s48014_drop0_pc0p03_pgc0p03,0.03
permanent_fork,sth_proof,12000,6.0,5.0,0.05,0.2,0.05,3.0,True,20.0,20.0,0.0,0.0,,,,,29792.0,,,,9.597252142997032,9.597252142997032,30.0,0.0004519501649618102,30,30,48000,0.03,0.03,0.0,True,0.2,0.08,800,10,0.0,0.0,0.0,0.9442286491394043,C:/Users/efasllija/dev/gossip-poc/out_nb_incremental_clean0104/scenario_mixing_sweep/mix_0p03/permanent_fork_sth_proof_n12000_pg0p05_a0p2_ff0p05_s48000_drop0_pc0p03_pgc0p03,0.03
permanent_fork,sth_proof,12000,6.0,5.0,0.05,0.2,0.05,3.0,True,0.0,0.0,0.0,0.0,,,,,26628.0,,,,8.934550069499004,8.934550069499004,22.0,0.00033238653532362364,22,22,48001,0.03,0.03,0.0,True,0.2,0.08,800,10,0.0,0.0,0.0,0.9435932636260986,C:/Users/efasllija/dev/gossip-poc/out_nb_incremental_clean0104/scenario_mixing_sweep/mix_0p03/permanent_fork_sth_proof_n12000_pg0p05_a0p2_ff0p05_s48001_drop0_pc0p03_pgc0p03,0.03
permanent_fork,sth_proof,12000,6.0,5.0,0.05,0.2,0.05,3.0,True,0.0,0.0,0.0,0.0,,,,,26748.0,,,,10.255535193919549,10.255535193919549,42.0,0.0006308769189172951,42,42,48002,0.03,0.03,0.0,True,0.2,0.08,800,10,0.0,0.0,0.0,0.9515783786773682,C:/Users/efasllija/dev/gossip-poc/out_nb_incremental_clean0104/scenario_mixing_sweep/mix_0p03/permanent_fork_sth_proof_n12000_pg0p05_a0p2_ff0p05_s48002_drop0_pc0p03_pgc0p03,0.03
permanent_fork,sth_proof,12000,6.0,5.0,0.05,0.2,0.05,3.0,True,25.0,25.0,0.0,0.0,,,,,29365.0,,,,8.190051967334819,8.190051967334819,22.0,0.0003402623113090819,22,22,48003,0.03,0.03,0.0,True,0.2,0.08,800,10,0.0,0.0,0.0,0.9452700614929199,C:/Users/efasllija/dev/gossip-poc/out_nb_incremental_clean0104/scenario_mixing_sweep/mix_0p03/permanent_fork_sth_proof_n12000_pg0p05_a0p2_ff0p05_s48003_drop0_pc0p03_pgc0p03,0.03
permanent_fork,sth_proof,12000,6.0,5.0,0.05,0.2,0.05,3.0,True,25.0,25.0,0.0,0.0,,,,,29085.0,,,,9.492264788820165,9.492264788820165,35.0,0.000545281754872482,35,35,48004,0.03,0.03,0.0,True,0.2,0.08,800,10,0.0,0.0,0.0,0.9253847599029541,C:/Users/efasllija/dev/gossip-poc/out_nb_incremental_clean0104/scenario_mixing_sweep/mix_0p03/permanent_fork_sth_proof_n12000_pg0p05_a0p2_ff0p05_s48004_drop0_pc0p03_pgc0p03,0.03
permanent_fork,sth_proof,12000,6.0,5.0,0.05,0.2,0.05,3.0,True,15.0,15.0,0.0,0.0,,,,,29165.0,,,,8.042897348540956,8.042897348540956,34.0,0.0005036290919863724,34,34,48005,0.03,0.03,0.0,True,0.2,0.08,800,10,0.0,0.0,0.0,1.014685869216919,C:/Users/efasllija/dev/gossip-poc/out_nb_incremental_clean0104/scenario_mixing_sweep/mix_0p03/permanent_fork_sth_proof_n12000_pg0p05_a0p2_ff0p05_s48005_drop0_pc0p03_pgc0p03,0.03
permanent_fork,sth_proof,12000,6.0,5.0,0.05,0.2,0.05,3.0,True,15.0,15.0,0.0,0.0,,,,,27655.0,,,,8.21803656475649,8.21803656475649,33.0,0.00050699032109387,33,33,48006,0.03,0.03,0.0,True,0.2,0.08,800,10,0.0,0.0,0.0,0.9648289680480957,C:/Users/efasllija/dev/gossip-poc/out_nb_incremental_clean0104/scenario_mixing_sweep/mix_0p03/permanent_fork_sth_proof_n12000_pg0p05_a0p2_ff0p05_s48006_drop0_pc0p03_pgc0p03,0.03
permanent_fork,sth_proof,12000,6.0,5.0,0.05,0.2,0.05,3.0,True,10.0,10.0,0.0,0.0,,,,,27785.0,,,,8.765416202126156,8.765416202126156,46.0,0.0007223277797842438,46,46,48007,0.03,0.03,0.0,True,0.2,0.08,800,10,0.0,0.0,0.0,0.9459929466247559,C:/Users/efasllija/dev/gossip-poc/out_nb_incremental_clean0104/scenario_mixing_sweep/mix_0p03/permanent_fork_sth_proof_n12000_pg0p05_a0p2_ff0p05_s48007_drop0_pc0p03_pgc0p03,0.03
permanent_fork,sth_proof,12000,6.0,5.0,0.05,0.2,0.05,3.0,True,0.0,0.0,0.0,0.0,,,,,25357.0,,,,9.310831019013031,9.310831019013031,63.0,0.0009613330484939116,63,63,48008,0.03,0.03,0.0,True,0.2,0.08,800,10,0.0,0.0,0.0,0.9606544971466064,C:/Users/efasllija/dev/gossip-poc/out_nb_incremental_clean0104/scenario_mixing_sweep/mix_0p03/permanent_fork_sth_proof_n12000_pg0p05_a0p2_ff0p05_s48008_drop0_pc0p03_pgc0p03,0.03
permanent_fork,sth_proof,12000,6.0,5.0,0.05,0.2,0.05,3.0,True,10.0,10.0,0.0,0.0,,,,,28474.0,,,,7.864145489582079,7.864145489582079,22.0,0.0003312055883415633,22,22,48009,0.03,0.03,0.0,True,0.2,0.08,800,10,0.0,0.0,0.0,0.9681003093719482,C:/Users/efasllija/dev/gossip-poc/out_nb_incremental_clean0104/scenario_mixing_sweep/mix_0p03/permanent_fork_sth_proof_n12000_pg0p05_a0p2_ff0p05_s48009_drop0_pc0p03_pgc0p03,0.03
permanent_fork,sth_proof,12000,6.0,5.0,0.05,0.2,0.05,3.0,True,0.0,0.0,0.0,0.0,,,,,27034.0,,,,10.906305000517651,10.906305000517651,29.0,0.0004289115998402674,29,29,48010,0.03,0.03,0.0,True,0.2,0.08,800,10,0.0,0.0,0.0,0.9221405982971191,C:/Users/efasllija/dev/gossip-poc/out_nb_incremental_clean0104/scenario_mixing_sweep/mix_0p03/permanent_fork_sth_proof_n12000_pg0p05_a0p2_ff0p05_s48010_drop0_pc0p03_pgc0p03,0.03
permanent_fork,sth_proof,12000,6.0,5.0,0.05,0.2,0.05,3.0,True,20.0,20.0,0.0,0.0,,,,,29050.0,,,,9.178543328345084,9.178543328345084,18.0,0.0002776963544639689,18,18,48011,0.03,0.03,0.0,True,0.2,0.08,800,10,0.0,0.0,0.0,0.960444450378418,C:/Users/efasllija/dev/gossip-poc/out_nb_incremental_clean0104/scenario_mixing_sweep/mix_0p03/permanent_fork_sth_proof_n12000_pg0p05_a0p2_ff0p05_s48011_drop0_pc0p03_pgc0p03,0.03
permanent_fork,sth_proof,12000,6.0,5.0,0.05,0.2,0.05,3.0,True,10.0,10.0,0.0,0.0,,,,,27262.0,,,,10.459935800375508,10.459935800375508,49.0,0.0007419296226757919,49,49,48012,0.03,0.03,0.0,True,0.2,0.08,800,10,0.0,0.0,0.0,0.9531967639923096,C:/Users/efasllija/dev/gossip-poc/out_nb_incremental_clean0104/scenario_mixing_sweep/mix_0p03/permanent_fork_sth_proof_n12000_pg0p05_a0p2_ff0p05_s48012_drop0_pc0p03_pgc0p03,0.03
permanent_fork,sth_proof,12000,6.0,5.0,0.05,0.2,0.05,3.0,True,20.0,20.0,0.0,0.0,,,,,31416.0,,,,9.374616096750966,9.374616096750966,28.0,0.00041145611379700517,28,28,48013,0.03,0.03,0.0,True,0.2,0.08,800,10,0.0,0.0,0.0,0.9722175598144531,C:/Users/efasllija/dev/gossip-poc/out_nb_incremental_clean0104/scenario_mixing_sweep/mix_0p03/permanent_fork_sth_proof_n12000_pg0p05_a0p2_ff0p05_s48013_drop0_pc0p03_pgc0p03,0.03
permanent_fork,sth_proof,12000,6.0,5.0,0.05,0.2,0.05,3.0,True,15.0,15.0,0.0,0.0,,,,,30441.0,,,,11.413100944081336,11.413100944081336,33.0,0.0004793028322440087,33,33,48014,0.03,0.03,0.0,True,0.2,0.08,800,10,0.0,0.0,0.0,0.9766230583190918,C:/Users/efasllija/dev/gossip-poc/out_nb_incremental_clean0104/scenario_mixing_sweep/mix_0p03/permanent_fork_sth_proof_n12000_pg0p05_a0p2_ff0p05_s48014_drop0_pc0p03_pgc0p03,0.03
permanent_fork,sth_proof,12000,6.0,5.0,0.003,0.3,0.05,3.0,True,80.0,80.0,0.0,0.0,,,,,40641.0,,,,0.797802662159307,0.797802662159307,6.0,9.054963629229422e-05,6,6,48000,0.03,0.03,0.0,True,0.2,0.08,800,10,0.0,0.0,0.0,0.9639921188354492,C:/Users/efasllija/dev/gossip-poc/out_nb_incremental_clean0104/scenario_mixing_sweep/mix_0p03/permanent_fork_sth_proof_n12000_pg0p003_a0p3_ff0p05_s48000_drop0_pc0p03_pgc0p03,0.03
permanent_fork,sth_proof,12000,6.0,5.0,0.003,0.3,0.05,3.0,True,60.0,60.0,0.0,0.0,,,,,36580.0,,,,0.3489671495124107,0.3489671495124107,1.0,1.4979702503108287e-05,1,1,48001,0.03,0.03,0.0,True,0.2,0.08,800,10,0.0,0.0,0.0,0.9701583385467529,C:/Users/efasllija/dev/gossip-poc/out_nb_incremental_clean0104/scenario_mixing_sweep/mix_0p03/permanent_fork_sth_proof_n12000_pg0p003_a0p3_ff0p05_s48001_drop0_pc0p03_pgc0p03,0.03
permanent_fork,sth_proof,12000,6.0,5.0,0.003,0.3,0.05,3.0,True,135.0,135.0,0.0,0.0,,,,,54668.0,,,,0.8986153731008159,0.8986153731008159,14.0,0.00020956515230895892,14,14,48002,0.03,0.03,0.0,True,0.2,0.08,800,10,0.0,0.0,0.0,0.9675240516662598,C:/Users/efasllija/dev/gossip-poc/out_nb_incremental_clean0104/scenario_mixing_sweep/mix_0p03/permanent_fork_sth_proof_n12000_pg0p003_a0p3_ff0p05_s48002_drop0_pc0p03_pgc0p03,0.03
permanent_fork,sth_proof,12000,6.0,5.0,0.003,0.3,0.05,3.0,True,155.0,155.0,0.0,0.0,,,,,58512.0,,,,1.1164507891579238,1.1164507891579238,2.0,3.0766390794695876e-05,2,2,48003,0.03,0.03,0.0,True,0.2,0.08,800,10,0.0,0.0,0.0,0.9273347854614258,C:/Users/efasllija/dev/gossip-poc/out_nb_incremental_clean0104/scenario_mixing_sweep/mix_0p03/permanent_fork_sth_proof_n12000_pg0p003_a0p3_ff0p05_s48003_drop0_pc0p03_pgc0p03,0.03
permanent_fork,sth_proof,12000,6.0,5.0,0.003,0.3,0.05,3.0,True,20.0,20.0,0.0,0.0,,,,,28575.0,,,,0.2582720169915801,0.2582720169915801,4.0,6.068421451869832e-05,4,4,48004,0.03,0.03,0.0,True,0.2,0.08,800,10,0.0,0.0,0.0,0.9419500827789307,C:/Users/efasllija/dev/gossip-poc/out_nb_incremental_clean0104/scenario_mixing_sweep/mix_0p03/permanent_fork_sth_proof_n12000_pg0p003_a0p3_ff0p05_s48004_drop0_pc0p03_pgc0p03,0.03
permanent_fork,sth_proof,12000,6.0,5.0,0.003,0.3,0.05,3.0,True,50.0,50.0,0.0,0.0,,,,,35229.0,,,,0.6305041098351575,0.6305041098351575,1.0,1.4972077076252788e-05,1,1,48005,0.03,0.03,0.0,True,0.2,0.08,800,10,0.0,0.0,0.0,0.9506359100341797,C:/Users/efasllija/dev/gossip-poc/out_nb_incremental_clean0104/scenario_mixing_sweep/mix_0p03/permanent_fork_sth_proof_n12000_pg0p003_a0p3_ff0p05_s48005_drop0_pc0p03_pgc0p03,0.03
permanent_fork,sth_proof,12000,6.0,5.0,0.003,0.3,0.05,3.0,True,75.0,75.0,0.0,0.0,,,,,38519.0,,,,0.7934045801526718,0.7934045801526718,2.0,3.0534351145038166e-05,2,2,48006,0.03,0.03,0.0,True,0.2,0.08,800,10,0.0,0.0,0.0,0.9597663879394531,C:/Users/efasllija/dev/gossip-poc/out_nb_incremental_clean0104/scenario_mixing_sweep/mix_0p03/permanent_fork_sth_proof_n12000_pg0p003_a0p3_ff0p05_s48006_drop0_pc0p03_pgc0p03,0.03
permanent_fork,sth_proof,12000,6.0,5.0,0.003,0.3,0.05,3.0,True,95.0,95.0,0.0,0.0,,,,,42791.0,,,,0.6810622983370563,0.6810622983370563,2.0,3.1025068255150164e-05,2,2,48007,0.03,0.03,0.0,True,0.2,0.08,800,10,0.0,0.0,0.0,0.935110330581665,C:/Users/efasllija/dev/gossip-poc/out_nb_incremental_clean0104/scenario_mixing_sweep/mix_0p03/permanent_fork_sth_proof_n12000_pg0p003_a0p3_ff0p05_s48007_drop0_pc0p03_pgc0p03,0.03
permanent_fork,sth_proof,12000,6.0,5.0,0.003,0.3,0.05,3.0,True,45.0,45.0,0.0,0.0,,,,,33315.0,,,,1.0191178074508032,1.0191178074508032,1.0,1.5580935167728767e-05,1,1,48008,0.03,0.03,0.0,True,0.2,0.08,800,10,0.0,0.0,0.0,0.9381604194641113,C:/Users/efasllija/dev/gossip-poc/out_nb_incremental_clean0104/scenario_mixing_sweep/mix_0p03/permanent_fork_sth_proof_n12000_pg0p003_a0p3_ff0p05_s48008_drop0_pc0p03_pgc0p03,0.03
permanent_fork,sth_proof,12000,6.0,5.0,0.003,0.3,0.05,3.0,False,,,0.0,0.0,,,,,,,,,0.3795289169931773,0.3795289169931773,0.0,0.0,0,0,48009,0.03,0.03,0.0,True,0.2,0.08,800,10,0.0,0.0,0.0,0.9486865997314453,C:/Users/efasllija/dev/gossip-poc/out_nb_incremental_clean0104/scenario_mixing_sweep/mix_0p03/permanent_fork_sth_proof_n12000_pg0p003_a0p3_ff0p05_s48009_drop0_pc0p03_pgc0p03,0.03
permanent_fork,sth_proof,12000,6.0,5.0,0.003,0.3,0.05,3.0,True,85.0,85.0,0.0,0.0,,,,,42155.0,,,,1.0981705129738133,1.0981705129738133,2.0,2.989357885926103e-05,2,2,48010,0.03,0.03,0.0,True,0.2,0.08,800,10,0.0,0.0,0.0,0.9507150650024414,C:/Users/efasllija/dev/gossip-poc/out_nb_incremental_clean0104/scenario_mixing_sweep/mix_0p03/permanent_fork_sth_proof_n12000_pg0p003_a0p3_ff0p05_s48010_drop0_pc0p03_pgc0p03,0.03
permanent_fork,sth_proof,12000,6.0,5.0,0.003,0.3,0.05,3.0,True,50.0,50.0,0.0,0.0,,,,,33839.0,,,,0.6355295822860931,0.6355295822860931,1.0,1.5419487147857463e-05,1,1,48011,0.03,0.03,0.0,True,0.2,0.08,800,10,0.0,0.0,0.0,0.9264254570007324,C:/Users/efasllija/dev/gossip-poc/out_nb_incremental_clean0104/scenario_mixing_sweep/mix_0p03/permanent_fork_sth_proof_n12000_pg0p003_a0p3_ff0p05_s48011_drop0_pc0p03_pgc0p03,0.03
permanent_fork,sth_proof,12000,6.0,5.0,0.003,0.3,0.05,3.0,True,50.0,50.0,0.0,0.0,,,,,33122.0,,,,0.46174366436279857,0.46174366436279857,10.0,0.00015157026797623377,10,10,48012,0.03,0.03,0.0,True,0.2,0.08,800,10,0.0,0.0,0.0,0.9493503570556641,C:/Users/efasllija/dev/gossip-poc/out_nb_incremental_clean0104/scenario_mixing_sweep/mix_0p03/permanent_fork_sth_proof_n12000_pg0p003_a0p3_ff0p05_s48012_drop0_pc0p03_pgc0p03,0.03
permanent_fork,sth_proof,12000,6.0,5.0,0.003,0.3,0.05,3.0,True,50.0,50.0,0.0,0.0,,,,,35723.0,,,,0.869980879541109,0.869980879541109,2.0,2.9875717017208412e-05,2,2,48013,0.03,0.03,0.0,True,0.2,0.08,800,10,0.0,0.0,0.0,0.9668896198272705,C:/Users/efasllija/dev/gossip-poc/out_nb_incremental_clean0104/scenario_mixing_sweep/mix_0p03/permanent_fork_sth_proof_n12000_pg0p003_a0p3_ff0p05_s48013_drop0_pc0p03_pgc0p03,0.03
permanent_fork,sth_proof,12000,6.0,5.0,0.003,0.3,0.05,3.0,True,35.0,35.0,0.0,0.0,,,,,33849.0,,,,0.7960848287112561,0.7960848287112561,3.0,4.369610813330226e-05,3,3,48014,0.03,0.03,0.0,True,0.2,0.08,800,10,0.0,0.0,0.0,0.9383060932159424,C:/Users/efasllija/dev/gossip-poc/out_nb_incremental_clean0104/scenario_mixing_sweep/mix_0p03/permanent_fork_sth_proof_n12000_pg0p003_a0p3_ff0p05_s48014_drop0_pc0p03_pgc0p03,0.03
permanent_fork,sth_proof,12000,6.0,5.0,0.005,0.3,0.05,3.0,True,80.0,80.0,0.0,0.0,,,,,40641.0,,,,0.9735896894147475,0.9735896894147475,7.0,0.00010564124234100993,7,7,48000,0.03,0.03,0.0,True,0.2,0.08,800,10,0.0,0.0,0.0,0.9622571468353271,C:/Users/efasllija/dev/gossip-poc/out_nb_incremental_clean0104/scenario_mixing_sweep/mix_0p03/permanent_fork_sth_proof_n12000_pg0p005_a0p3_ff0p05_s48000_drop0_pc0p03_pgc0p03,0.03
permanent_fork,sth_proof,12000,6.0,5.0,0.005,0.3,0.05,3.0,True,60.0,60.0,0.0,0.0,,,,,36580.0,,,,0.7247779259103915,0.7247779259103915,1.0,1.4979702503108287e-05,1,1,48001,0.03,0.03,0.0,True,0.2,0.08,800,10,0.0,0.0,0.0,0.9645252227783203,C:/Users/efasllija/dev/gossip-poc/out_nb_incremental_clean0104/scenario_mixing_sweep/mix_0p03/permanent_fork_sth_proof_n12000_pg0p005_a0p3_ff0p05_s48001_drop0_pc0p03_pgc0p03,0.03
permanent_fork,sth_proof,12000,6.0,5.0,0.005,0.3,0.05,3.0,True,135.0,135.0,0.0,0.0,,,,,54668.0,,,,1.663109048723898,1.663109048723898,14.0,0.00020956515230895892,14,14,48002,0.03,0.03,0.0,True,0.2,0.08,800,10,0.0,0.0,0.0,0.941035270690918,C:/Users/efasllija/dev/gossip-poc/out_nb_incremental_clean0104/scenario_mixing_sweep/mix_0p03/permanent_fork_sth_proof_n12000_pg0p005_a0p3_ff0p05_s48002_drop0_pc0p03_pgc0p03,0.03
permanent_fork,sth_proof,12000,6.0,5.0,0.005,0.3,0.05,3.0,True,155.0,155.0,0.0,0.0,,,,,58512.0,,,,1.4886010522105653,1.4886010522105653,2.0,3.0766390794695876e-05,2,2,48003,0.03,0.03,0.0,True,0.2,0.08,800,10,0.0,0.0,0.0,0.9476587772369385,C:/Users/efasllija/dev/gossip-poc/out_nb_incremental_clean0104/scenario_mixing_sweep/mix_0p03/permanent_fork_sth_proof_n12000_pg0p005_a0p3_ff0p05_s48003_drop0_pc0p03_pgc0p03,0.03
permanent_fork,sth_proof,12000,6.0,5.0,0.005,0.3,0.05,3.0,True,20.0,20.0,0.0,0.0,,,,,28575.0,,,,0.5573238261397254,0.5573238261397254,4.0,6.068421451869832e-05,4,4,48004,0.03,0.03,0.0,True,0.2,0.08,800,10,0.0,0.0,0.0,0.9295878410339355,C:/Users/efasllija/dev/gossip-poc/out_nb_incremental_clean0104/scenario_mixing_sweep/mix_0p03/permanent_fork_sth_proof_n12000_pg0p005_a0p3_ff0p05_s48004_drop0_pc0p03_pgc0p03,0.03
permanent_fork,sth_proof,12000,6.0,5.0,0.005,0.3,0.05,3.0,True,50.0,50.0,0.0,0.0,,,,,35229.0,,,,1.2341782575496698,1.2341782575496698,2.0,2.9944154152505576e-05,2,2,48005,0.03,0.03,0.0,True,0.2,0.08,800,10,0.0,0.0,0.0,0.9541366100311279,C:/Users/efasllija/dev/gossip-poc/out_nb_incremental_clean0104/scenario_mixing_sweep/mix_0p03/permanent_fork_sth_proof_n12000_pg0p005_a0p3_ff0p05_s48005_drop0_pc0p03_pgc0p03,0.03
permanent_fork,sth_proof,12000,6.0,5.0,0.005,0.3,0.05,3.0,True,35.0,35.0,0.0,0.0,,,,,31357.0,,,,1.2858625954198473,1.2858625954198473,5.0,7.633587786259542e-05,5,5,48006,0.03,0.03,0.0,True,0.2,0.08,800,10,0.0,0.0,0.0,0.942939281463623,C:/Users/efasllija/dev/gossip-poc/out_nb_incremental_clean0104/scenario_mixing_sweep/mix_0p03/permanent_fork_sth_proof_n12000_pg0p005_a0p3_ff0p05_s48006_drop0_pc0p03_pgc0p03,0.03
permanent_fork,sth_proof,12000,6.0,5.0,0.005,0.3,0.05,3.0,True,90.0,90.0,0.0,0.0,,,,,41637.0,,,,1.487217671878878,1.487217671878878,4.0,6.205013651030033e-05,4,4,48007,0.03,0.03,0.0,True,0.2,0.08,800,10,0.0,0.0,0.0,0.9434561729431152,C:/Users/efasllija/dev/gossip-poc/out_nb_incremental_clean0104/scenario_mixing_sweep/mix_0p03/permanent_fork_sth_proof_n12000_pg0p005_a0p3_ff0p05_s48007_drop0_pc0p03_pgc0p03,0.03
permanent_fork,sth_proof,12000,6.0,5.0,0.005,0.3,0.05,3.0,True,30.0,30.0,0.0,0.0,,,,,30660.0,,,,1.661301631323912,1.661301631323912,3.0,4.67428055031863e-05,3,3,48008,0.03,0.03,0.0,True,0.2,0.08,800,10,0.0,0.0,0.0,0.9474258422851562,C:/Users/efasllija/dev/gossip-poc/out_nb_incremental_clean0104/scenario_mixing_sweep/mix_0p03/permanent_fork_sth_proof_n12000_pg0p005_a0p3_ff0p05_s48008_drop0_pc0p03_pgc0p03,0.03
permanent_fork,sth_proof,12000,6.0,5.0,0.005,0.3,0.05,3.0,False,,,0.0,0.0,,,,,,,,,1.3825696261894316,1.3825696261894316,0.0,0.0,0,0,48009,0.03,0.03,0.0,True,0.2,0.08,800,10,0.0,0.0,0.0,0.9678103923797607,C:/Users/efasllija/dev/gossip-poc/out_nb_incremental_clean0104/scenario_mixing_sweep/mix_0p03/permanent_fork_sth_proof_n12000_pg0p005_a0p3_ff0p05_s48009_drop0_pc0p03_pgc0p03,0.03
permanent_fork,sth_proof,12000,6.0,5.0,0.005,0.3,0.05,3.0,True,85.0,85.0,0.0,0.0,,,,,42155.0,,,,2.1829487026186776,2.1829487026186776,5.0,7.473394714815258e-05,5,5,48010,0.03,0.03,0.0,True,0.2,0.08,800,10,0.0,0.0,0.0,0.93304443359375,C:/Users/efasllija/dev/gossip-poc/out_nb_incremental_clean0104/scenario_mixing_sweep/mix_0p03/permanent_fork_sth_proof_n12000_pg0p005_a0p3_ff0p05_s48010_drop0_pc0p03_pgc0p03,0.03
permanent_fork,sth_proof,12000,6.0,5.0,0.005,0.3,0.05,3.0,True,50.0,50.0,0.0,0.0,,,,,33839.0,,,,1.0914529782739426,1.0914529782739426,3.0,4.625846144357239e-05,3,3,48011,0.03,0.03,0.0,True,0.2,0.08,800,10,0.0,0.0,0.0,0.9673354625701904,C:/Users/efasllija/dev/gossip-poc/out_nb_incremental_clean0104/scenario_mixing_sweep/mix_0p03/permanent_fork_sth_proof_n12000_pg0p005_a0p3_ff0p05_s48011_drop0_pc0p03_pgc0p03,0.03
permanent_fork,sth_proof,12000,6.0,5.0,0.005,0.3,0.05,3.0,True,50.0,50.0,0.0,0.0,,,,,33122.0,,,,0.6518734085121862,0.6518734085121862,11.0,0.00016672729477385716,11,11,48012,0.03,0.03,0.0,True,0.2,0.08,800,10,0.0,0.0,0.0,0.9443690776824951,C:/Users/efasllija/dev/gossip-poc/out_nb_incremental_clean0104/scenario_mixing_sweep/mix_0p03/permanent_fork_sth_proof_n12000_pg0p005_a0p3_ff0p05_s48012_drop0_pc0p03_pgc0p03,0.03
permanent_fork,sth_proof,12000,6.0,5.0,0.005,0.3,0.05,3.0,True,50.0,50.0,0.0,0.0,,,,,35723.0,,,,1.4722753346080306,1.4722753346080306,3.0,4.481357552581262e-05,3,3,48013,0.03,0.03,0.0,True,0.2,0.08,800,10,0.0,0.0,0.0,0.9477488994598389,C:/Users/efasllija/dev/gossip-poc/out_nb_incremental_clean0104/scenario_mixing_sweep/mix_0p03/permanent_fork_sth_proof_n12000_pg0p005_a0p3_ff0p05_s48013_drop0_pc0p03_pgc0p03,0.03
permanent_fork,sth_proof,12000,6.0,5.0,0.005,0.3,0.05,3.0,True,35.0,35.0,0.0,0.0,,,,,33849.0,,,,1.5791190864600326,1.5791190864600326,7.0,0.00010195758564437195,7,7,48014,0.03,0.03,0.0,True,0.2,0.08,800,10,0.0,0.0,0.0,0.9132869243621826,C:/Users/efasllija/dev/gossip-poc/out_nb_incremental_clean0104/scenario_mixing_sweep/mix_0p03/permanent_fork_sth_proof_n12000_pg0p005_a0p3_ff0p05_s48014_drop0_pc0p03_pgc0p03,0.03
permanent_fork,sth_proof,12000,6.0,5.0,0.007,0.3,0.05,3.0,True,45.0,45.0,0.0,0.0,,,,,34169.0,,,,1.3792520600042257,1.3792520600042257,9.0,0.00013582445443844135,9,9,48000,0.03,0.03,0.0,True,0.2,0.08,800,10,0.0,0.0,0.0,0.9504637718200684,C:/Users/efasllija/dev/gossip-poc/out_nb_incremental_clean0104/scenario_mixing_sweep/mix_0p03/permanent_fork_sth_proof_n12000_pg0p007_a0p3_ff0p05_s48000_drop0_pc0p03_pgc0p03,0.03
permanent_fork,sth_proof,12000,6.0,5.0,0.007,0.3,0.05,3.0,True,60.0,60.0,0.0,0.0,,,,,36580.0,,,,1.4092904114924278,1.4092904114924278,1.0,1.4979702503108287e-05,1,1,48001,0.03,0.03,0.0,True,0.2,0.08,800,10,0.0,0.0,0.0,0.9193079471588135,C:/Users/efasllija/dev/gossip-poc/out_nb_incremental_clean0104/scenario_mixing_sweep/mix_0p03/permanent_fork_sth_proof_n12000_pg0p007_a0p3_ff0p05_s48001_drop0_pc0p03_pgc0p03,0.03
permanent_fork,sth_proof,12000,6.0,5.0,0.007,0.3,0.05,3.0,True,135.0,135.0,0.0,0.0,,,,,54668.0,,,,2.3739540453558865,2.3739540453558865,15.0,0.00022453409175959884,15,15,48002,0.03,0.03,0.0,True,0.2,0.08,800,10,0.0,0.0,0.0,0.9664442539215088,C:/Users/efasllija/dev/gossip-poc/out_nb_incremental_clean0104/scenario_mixing_sweep/mix_0p03/permanent_fork_sth_proof_n12000_pg0p007_a0p3_ff0p05_s48002_drop0_pc0p03_pgc0p03,0.03
permanent_fork,sth_proof,12000,6.0,5.0,0.007,0.3,0.05,3.0,True,155.0,155.0,0.0,0.0,,,,,58512.0,,,,1.8469679721871828,1.8469679721871828,2.0,3.0766390794695876e-05,2,2,48003,0.03,0.03,0.0,True,0.2,0.08,800,10,0.0,0.0,0.0,0.9650778770446777,C:/Users/efasllija/dev/gossip-poc/out_nb_incremental_clean0104/scenario_mixing_sweep/mix_0p03/permanent_fork_sth_proof_n12000_pg0p007_a0p3_ff0p05_s48003_drop0_pc0p03_pgc0p03,0.03
permanent_fork,sth_proof,12000,6.0,5.0,0.007,0.3,0.05,3.0,True,20.0,20.0,0.0,0.0,,,,,28575.0,,,,1.345733141166654,1.345733141166654,10.0,0.0001517105362967458,10,10,48004,0.03,0.03,0.0,True,0.2,0.08,800,10,0.0,0.0,0.0,0.9325046539306641,C:/Users/efasllija/dev/gossip-poc/out_nb_incremental_clean0104/scenario_mixing_sweep/mix_0p03/permanent_fork_sth_proof_n12000_pg0p007_a0p3_ff0p05_s48004_drop0_pc0p03_pgc0p03,0.03
permanent_fork,sth_proof,12000,6.0,5.0,0.007,0.3,0.05,3.0,True,50.0,50.0,0.0,0.0,,,,,35229.0,,,,1.82443742420386,1.82443742420386,3.0,4.4916231228758364e-05,3,3,48005,0.03,0.03,0.0,True,0.2,0.08,800,10,0.0,0.0,0.0,0.9762117862701416,C:/Users/efasllija/dev/gossip-poc/out_nb_incremental_clean0104/scenario_mixing_sweep/mix_0p03/permanent_fork_sth_proof_n12000_pg0p007_a0p3_ff0p05_s48005_drop0_pc0p03_pgc0p03,0.03
permanent_fork,sth_proof,12000,6.0,5.0,0.007,0.3,0.05,3.0,True,35.0,35.0,0.0,0.0,,,,,31357.0,,,,1.7646412213740459,1.7646412213740459,5.0,7.633587786259542e-05,5,5,48006,0.03,0.03,0.0,True,0.2,0.08,800,10,0.0,0.0,0.0,0.9741497039794922,C:/Users/efasllija/dev/gossip-poc/out_nb_incremental_clean0104/scenario_mixing_sweep/mix_0p03/permanent_fork_sth_proof_n12000_pg0p007_a0p3_ff0p05_s48006_drop0_pc0p03_pgc0p03,0.03
permanent_fork,sth_proof,12000,6.0,5.0,0.007,0.3,0.05,3.0,True,90.0,90.0,0.0,0.0,,,,,41637.0,,,,1.9041945892280963,1.9041945892280963,5.0,7.75626706378754e-05,5,5,48007,0.03,0.03,0.0,True,0.2,0.08,800,10,0.0,0.0,0.0,0.9295675754547119,C:/Users/efasllija/dev/gossip-poc/out_nb_incremental_clean0104/scenario_mixing_sweep/mix_0p03/permanent_fork_sth_proof_n12000_pg0p007_a0p3_ff0p05_s48007_drop0_pc0p03_pgc0p03,0.03
permanent_fork,sth_proof,12000,6.0,5.0,0.007,0.3,0.05,3.0,True,15.0,15.0,0.0,0.0,,,,,28171.0,,,,2.289524937286736,2.289524937286736,7.0,0.00010906654617410136,7,7,48008,0.03,0.03,0.0,True,0.2,0.08,800,10,0.0,0.0,0.0,0.941598653793335,C:/Users/efasllija/dev/gossip-poc/out_nb_incremental_clean0104/scenario_mixing_sweep/mix_0p03/permanent_fork_sth_proof_n12000_pg0p007_a0p3_ff0p05_s48008_drop0_pc0p03_pgc0p03,0.03
permanent_fork,sth_proof,12000,6.0,5.0,0.007,0.3,0.05,3.0,True,115.0,115.0,0.0,0.0,,,,,47805.0,,,,1.5587794805076924,1.5587794805076924,1.0,1.5127906449026519e-05,1,1,48009,0.03,0.03,0.0,True,0.2,0.08,800,10,0.0,0.0,0.0,0.9364280700683594,C:/Users/efasllija/dev/gossip-poc/out_nb_incremental_clean0104/scenario_mixing_sweep/mix_0p03/permanent_fork_sth_proof_n12000_pg0p007_a0p3_ff0p05_s48009_drop0_pc0p03_pgc0p03,0.03
permanent_fork,sth_proof,12000,6.0,5.0,0.007,0.3,0.05,3.0,True,85.0,85.0,0.0,0.0,,,,,42155.0,,,,2.705249312447686,2.705249312447686,10.0,0.00014946789429630517,10,10,48010,0.03,0.03,0.0,True,0.2,0.08,800,10,0.0,0.0,0.0,0.9427676200866699,C:/Users/efasllija/dev/gossip-poc/out_nb_incremental_clean0104/scenario_mixing_sweep/mix_0p03/permanent_fork_sth_proof_n12000_pg0p007_a0p3_ff0p05_s48010_drop0_pc0p03_pgc0p03,0.03
permanent_fork,sth_proof,12000,6.0,5.0,0.007,0.3,0.05,3.0,True,50.0,50.0,0.0,0.0,,,,,33839.0,,,,1.3125067460256272,1.3125067460256272,3.0,4.625846144357239e-05,3,3,48011,0.03,0.03,0.0,True,0.2,0.08,800,10,0.0,0.0,0.0,0.9509825706481934,C:/Users/efasllija/dev/gossip-poc/out_nb_incremental_clean0104/scenario_mixing_sweep/mix_0p03/permanent_fork_sth_proof_n12000_pg0p007_a0p3_ff0p05_s48011_drop0_pc0p03_pgc0p03,0.03
permanent_fork,sth_proof,12000,6.0,5.0,0.007,0.3,0.05,3.0,True,50.0,50.0,0.0,0.0,,,,,33122.0,,,,0.8555838486722445,0.8555838486722445,11.0,0.00016672729477385716,11,11,48012,0.03,0.03,0.0,True,0.2,0.08,800,10,0.0,0.0,0.0,0.9775564670562744,C:/Users/efasllija/dev/gossip-poc/out_nb_incremental_clean0104/scenario_mixing_sweep/mix_0p03/permanent_fork_sth_proof_n12000_pg0p007_a0p3_ff0p05_s48012_drop0_pc0p03_pgc0p03,0.03
permanent_fork,sth_proof,12000,6.0,5.0,0.007,0.3,0.05,3.0,True,50.0,50.0,0.0,0.0,,,,,35723.0,,,,2.275334608030593,2.275334608030593,3.0,4.481357552581262e-05,3,3,48013,0.03,0.03,0.0,True,0.2,0.08,800,10,0.0,0.0,0.0,0.9328763484954834,C:/Users/efasllija/dev/gossip-poc/out_nb_incremental_clean0104/scenario_mixing_sweep/mix_0p03/permanent_fork_sth_proof_n12000_pg0p007_a0p3_ff0p05_s48013_drop0_pc0p03_pgc0p03,0.03
permanent_fork,sth_proof,12000,6.0,5.0,0.007,0.3,0.05,3.0,True,35.0,35.0,0.0,0.0,,,,,33849.0,,,,2.4926590538336053,2.4926590538336053,18.0,0.00026217664879981355,18,18,48014,0.03,0.03,0.0,True,0.2,0.08,800,10,0.0,0.0,0.0,0.9812891483306885,C:/Users/efasllija/dev/gossip-poc/out_nb_incremental_clean0104/scenario_mixing_sweep/mix_0p03/permanent_fork_sth_proof_n12000_pg0p007_a0p3_ff0p05_s48014_drop0_pc0p03_pgc0p03,0.03
permanent_fork,sth_proof,12000,6.0,5.0,0.01,0.3,0.05,3.0,True,45.0,45.0,0.0,0.0,,,,,34169.0,,,,1.9336572998098458,1.9336572998098458,9.0,0.00013582445443844135,9,9,48000,0.03,0.03,0.0,True,0.2,0.08,800,10,0.0,0.0,0.0,0.9673216342926025,C:/Users/efasllija/dev/gossip-poc/out_nb_incremental_clean0104/scenario_mixing_sweep/mix_0p03/permanent_fork_sth_proof_n12000_pg0p01_a0p3_ff0p05_s48000_drop0_pc0p03_pgc0p03,0.03
permanent_fork,sth_proof,12000,6.0,5.0,0.01,0.3,0.05,3.0,True,60.0,60.0,0.0,0.0,,,,,36580.0,,,,1.9461629492038288,1.9461629492038288,1.0,1.4979702503108287e-05,1,1,48001,0.03,0.03,0.0,True,0.2,0.08,800,10,0.0,0.0,0.0,0.970799446105957,C:/Users/efasllija/dev/gossip-poc/out_nb_incremental_clean0104/scenario_mixing_sweep/mix_0p03/permanent_fork_sth_proof_n12000_pg0p01_a0p3_ff0p05_s48001_drop0_pc0p03_pgc0p03,0.03
permanent_fork,sth_proof,12000,6.0,5.0,0.01,0.3,0.05,3.0,True,60.0,60.0,0.0,0.0,,,,,37581.0,,,,3.3798667764388894,3.3798667764388894,18.0,0.0002694409101115186,18,18,48002,0.03,0.03,0.0,True,0.2,0.08,800,10,0.0,0.0,0.0,0.9594063758850098,C:/Users/efasllija/dev/gossip-poc/out_nb_incremental_clean0104/scenario_mixing_sweep/mix_0p03/permanent_fork_sth_proof_n12000_pg0p01_a0p3_ff0p05_s48002_drop0_pc0p03_pgc0p03,0.03
permanent_fork,sth_proof,12000,6.0,5.0,0.01,0.3,0.05,3.0,True,0.0,0.0,0.0,0.0,,,,,25412.0,,,,2.3569516660000613,2.3569516660000613,3.0,4.6149586192043814e-05,3,3,48003,0.03,0.03,0.0,True,0.2,0.08,800,10,0.0,0.0,0.0,0.9518780708312988,C:/Users/efasllija/dev/gossip-poc/out_nb_incremental_clean0104/scenario_mixing_sweep/mix_0p03/permanent_fork_sth_proof_n12000_pg0p01_a0p3_ff0p05_s48003_drop0_pc0p03_pgc0p03,0.03
permanent_fork,sth_proof,12000,6.0,5.0,0.01,0.3,0.05,3.0,True,20.0,20.0,0.0,0.0,,,,,28575.0,,,,1.8214973829932488,1.8214973829932488,13.0,0.00019722369718576954,13,13,48004,0.03,0.03,0.0,True,0.2,0.08,800,10,0.0,0.0,0.0,0.9490187168121338,C:/Users/efasllija/dev/gossip-poc/out_nb_incremental_clean0104/scenario_mixing_sweep/mix_0p03/permanent_fork_sth_proof_n12000_pg0p01_a0p3_ff0p05_s48004_drop0_pc0p03_pgc0p03,0.03
permanent_fork,sth_proof,12000,6.0,5.0,0.01,0.3,0.05,3.0,True,45.0,45.0,0.0,0.0,,,,,34256.0,,,,2.991540776451917,2.991540776451917,7.0,0.00010480453953376952,7,7,48005,0.03,0.03,0.0,True,0.2,0.08,800,10,0.0,0.0,0.0,0.9592380523681641,C:/Users/efasllija/dev/gossip-poc/out_nb_incremental_clean0104/scenario_mixing_sweep/mix_0p03/permanent_fork_sth_proof_n12000_pg0p01_a0p3_ff0p05_s48005_drop0_pc0p03_pgc0p03,0.03
permanent_fork,sth_proof,12000,6.0,5.0,0.01,0.3,0.05,3.0,True,35.0,35.0,0.0,0.0,,,,,31357.0,,,,2.7085190839694655,2.7085190839694655,7.0,0.00010687022900763359,7,7,48006,0.03,0.03,0.0,True,0.2,0.08,800,10,0.0,0.0,0.0,0.9292750358581543,C:/Users/efasllija/dev/gossip-poc/out_nb_incremental_clean0104/scenario_mixing_sweep/mix_0p03/permanent_fork_sth_proof_n12000_pg0p01_a0p3_ff0p05_s48006_drop0_pc0p03_pgc0p03,0.03
permanent_fork,sth_proof,12000,6.0,5.0,0.01,0.3,0.05,3.0,True,70.0,70.0,0.0,0.0,,,,,37543.0,,,,2.196078431372549,2.196078431372549,6.0,9.307520476545048e-05,6,6,48007,0.03,0.03,0.0,True,0.2,0.08,800,10,0.0,0.0,0.0,0.9355068206787109,C:/Users/efasllija/dev/gossip-poc/out_nb_incremental_clean0104/scenario_mixing_sweep/mix_0p03/permanent_fork_sth_proof_n12000_pg0p01_a0p3_ff0p05_s48007_drop0_pc0p03_pgc0p03,0.03
permanent_fork,sth_proof,12000,6.0,5.0,0.01,0.3,0.05,3.0,True,15.0,15.0,0.0,0.0,,,,,28171.0,,,,3.448247923840389,3.448247923840389,10.0,0.00015580935167728766,10,10,48008,0.03,0.03,0.0,True,0.2,0.08,800,10,0.0,0.0,0.0,0.9354979991912842,C:/Users/efasllija/dev/gossip-poc/out_nb_incremental_clean0104/scenario_mixing_sweep/mix_0p03/permanent_fork_sth_proof_n12000_pg0p01_a0p3_ff0p05_s48008_drop0_pc0p03_pgc0p03,0.03
permanent_fork,sth_proof,12000,6.0,5.0,0.01,0.3,0.05,3.0,True,115.0,115.0,0.0,0.0,,,,,47805.0,,,,1.992526814214181,1.992526814214181,3.0,4.538371934707956e-05,3,3,48009,0.03,0.03,0.0,True,0.2,0.08,800,10,0.0,0.0,0.0,0.931565523147583,C:/Users/efasllija/dev/gossip-poc/out_nb_incremental_clean0104/scenario_mixing_sweep/mix_0p03/permanent_fork_sth_proof_n12000_pg0p01_a0p3_ff0p05_s48009_drop0_pc0p03_pgc0p03,0.03
permanent_fork,sth_proof,12000,6.0,5.0,0.01,0.3,0.05,3.0,True,85.0,85.0,0.0,0.0,,,,,42155.0,,,,3.3212961855793375,3.3212961855793375,11.0,0.00016441468372593567,11,11,48010,0.03,0.03,0.0,True,0.2,0.08,800,10,0.0,0.0,0.0,0.9473845958709717,C:/Users/efasllija/dev/gossip-poc/out_nb_incremental_clean0104/scenario_mixing_sweep/mix_0p03/permanent_fork_sth_proof_n12000_pg0p01_a0p3_ff0p05_s48010_drop0_pc0p03_pgc0p03,0.03
permanent_fork,sth_proof,12000,6.0,5.0,0.01,0.3,0.05,3.0,True,50.0,50.0,0.0,0.0,,,,,33839.0,,,,1.7546142815289965,1.7546142815289965,3.0,4.625846144357239e-05,3,3,48011,0.03,0.03,0.0,True,0.2,0.08,800,10,0.0,0.0,0.0,0.956308126449585,C:/Users/efasllija/dev/gossip-poc/out_nb_incremental_clean0104/scenario_mixing_sweep/mix_0p03/permanent_fork_sth_proof_n12000_pg0p01_a0p3_ff0p05_s48011_drop0_pc0p03_pgc0p03,0.03
permanent_fork,sth_proof,12000,6.0,5.0,0.01,0.3,0.05,3.0,True,50.0,50.0,0.0,0.0,,,,,33122.0,,,,1.3852309930883957,1.3852309930883957,11.0,0.00016672729477385716,11,11,48012,0.03,0.03,0.0,True,0.2,0.08,800,10,0.0,0.0,0.0,0.9379358291625977,C:/Users/efasllija/dev/gossip-poc/out_nb_incremental_clean0104/scenario_mixing_sweep/mix_0p03/permanent_fork_sth_proof_n12000_pg0p01_a0p3_ff0p05_s48012_drop0_pc0p03_pgc0p03,0.03
permanent_fork,sth_proof,12000,6.0,5.0,0.01,0.3,0.05,3.0,True,50.0,50.0,0.0,0.0,,,,,35723.0,,,,3.453154875717017,3.453154875717017,5.0,7.468929254302103e-05,5,5,48013,0.03,0.03,0.0,True,0.2,0.08,800,10,0.0,0.0,0.0,0.935030460357666,C:/Users/efasllija/dev/gossip-poc/out_nb_incremental_clean0104/scenario_mixing_sweep/mix_0p03/permanent_fork_sth_proof_n12000_pg0p01_a0p3_ff0p05_s48013_drop0_pc0p03_pgc0p03,0.03
permanent_fork,sth_proof,12000,6.0,5.0,0.01,0.3,0.05,3.0,True,35.0,35.0,0.0,0.0,,,,,33849.0,,,,3.6802610114192498,3.6802610114192498,25.0,0.0003641342344441855,25,25,48014,0.03,0.03,0.0,True,0.2,0.08,800,10,0.0,0.0,0.0,0.9515793323516846,C:/Users/efasllija/dev/gossip-poc/out_nb_incremental_clean0104/scenario_mixing_sweep/mix_0p03/permanent_fork_sth_proof_n12000_pg0p01_a0p3_ff0p05_s48014_drop0_pc0p03_pgc0p03,0.03
permanent_fork,sth_proof,12000,6.0,5.0,0.015,0.3,0.05,3.0,True,15.0,15.0,0.0,0.0,,,,,29086.0,,,,3.7997042045214453,3.7997042045214453,24.0,0.0003621985451691769,24,24,48000,0.03,0.03,0.0,True,0.2,0.08,800,10,0.0,0.0,0.0,0.9450159072875977,C:/Users/efasllija/dev/gossip-poc/out_nb_incremental_clean0104/scenario_mixing_sweep/mix_0p03/permanent_fork_sth_proof_n12000_pg0p015_a0p3_ff0p05_s48000_drop0_pc0p03_pgc0p03,0.03
permanent_fork,sth_proof,12000,6.0,5.0,0.015,0.3,0.05,3.0,True,15.0,15.0,0.0,0.0,,,,,28608.0,,,,2.523300927243585,2.523300927243585,3.0,4.4939107509324866e-05,3,3,48001,0.03,0.03,0.0,True,0.2,0.08,800,10,0.0,0.0,0.0,0.9571034908294678,C:/Users/efasllija/dev/gossip-poc/out_nb_incremental_clean0104/scenario_mixing_sweep/mix_0p03/permanent_fork_sth_proof_n12000_pg0p015_a0p3_ff0p05_s48001_drop0_pc0p03_pgc0p03,0.03
permanent_fork,sth_proof,12000,6.0,5.0,0.015,0.3,0.05,3.0,True,35.0,35.0,0.0,0.0,,,,,32815.0,,,,4.747908090711773,4.747908090711773,22.0,0.0003293166679140783,22,22,48002,0.03,0.03,0.0,True,0.2,0.08,800,10,0.0,0.0,0.0,1.0166466236114502,C:/Users/efasllija/dev/gossip-poc/out_nb_incremental_clean0104/scenario_mixing_sweep/mix_0p03/permanent_fork_sth_proof_n12000_pg0p015_a0p3_ff0p05_s48002_drop0_pc0p03_pgc0p03,0.03
permanent_fork,sth_proof,12000,6.0,5.0,0.015,0.3,0.05,3.0,True,0.0,0.0,0.0,0.0,,,,,25412.0,,,,3.8042026889825555,3.8042026889825555,6.0,9.229917238408763e-05,6,6,48003,0.03,0.03,0.0,True,0.2,0.08,800,10,0.0,0.0,0.0,1.1125531196594238,C:/Users/efasllija/dev/gossip-poc/out_nb_incremental_clean0104/scenario_mixing_sweep/mix_0p03/permanent_fork_sth_proof_n12000_pg0p015_a0p3_ff0p05_s48003_drop0_pc0p03_pgc0p03,0.03
permanent_fork,sth_proof,12000,6.0,5.0,0.015,0.3,0.05,3.0,True,15.0,15.0,0.0,0.0,,,,,27873.0,,,,3.0584844117423957,3.0584844117423957,19.0,0.00028825001896381705,19,19,48004,0.03,0.03,0.0,True,0.2,0.08,800,10,0.0,0.0,0.0,0.9817695617675781,C:/Users/efasllija/dev/gossip-poc/out_nb_incremental_clean0104/scenario_mixing_sweep/mix_0p03/permanent_fork_sth_proof_n12000_pg0p015_a0p3_ff0p05_s48004_drop0_pc0p03_pgc0p03,0.03
permanent_fork,sth_proof,12000,6.0,5.0,0.015,0.3,0.05,3.0,True,45.0,45.0,0.0,0.0,,,,,34256.0,,,,4.011079337036427,4.011079337036427,10.0,0.00014972077076252788,10,10,48005,0.03,0.03,0.0,True,0.2,0.08,800,10,0.0,0.0,0.0,0.9586086273193359,C:/Users/efasllija/dev/gossip-poc/out_nb_incremental_clean0104/scenario_mixing_sweep/mix_0p03/permanent_fork_sth_proof_n12000_pg0p015_a0p3_ff0p05_s48005_drop0_pc0p03_pgc0p03,0.03
permanent_fork,sth_proof,12000,6.0,5.0,0.015,0.3,0.05,3.0,True,35.0,35.0,0.0,0.0,,,,,31357.0,,,,4.144854961832061,4.144854961832061,10.0,0.00015267175572519084,10,10,48006,0.03,0.03,0.0,True,0.2,0.08,800,10,0.0,0.0,0.0,0.976818323135376,C:/Users/efasllija/dev/gossip-poc/out_nb_incremental_clean0104/scenario_mixing_sweep/mix_0p03/permanent_fork_sth_proof_n12000_pg0p015_a0p3_ff0p05_s48006_drop0_pc0p03_pgc0p03,0.03
permanent_fork,sth_proof,12000,6.0,5.0,0.015,0.3,0.05,3.0,True,70.0,70.0,0.0,0.0,,,,,37543.0,,,,3.3358153387937453,3.3358153387937453,8.0,0.00012410027302060066,8,8,48007,0.03,0.03,0.0,True,0.2,0.08,800,10,0.0,0.0,0.0,0.9359123706817627,C:/Users/efasllija/dev/gossip-poc/out_nb_incremental_clean0104/scenario_mixing_sweep/mix_0p03/permanent_fork_sth_proof_n12000_pg0p015_a0p3_ff0p05_s48007_drop0_pc0p03_pgc0p03,0.03
permanent_fork,sth_proof,12000,6.0,5.0,0.015,0.3,0.05,3.0,True,15.0,15.0,0.0,0.0,,,,,28171.0,,,,5.179352144715726,5.179352144715726,24.0,0.0003739424440254904,24,24,48008,0.03,0.03,0.0,True,0.2,0.08,800,10,0.0,0.0,0.0,0.9502353668212891,C:/Users/efasllija/dev/gossip-poc/out_nb_incremental_clean0104/scenario_mixing_sweep/mix_0p03/permanent_fork_sth_proof_n12000_pg0p015_a0p3_ff0p05_s48008_drop0_pc0p03_pgc0p03,0.03
permanent_fork,sth_proof,12000,6.0,5.0,0.015,0.3,0.05,3.0,True,5.0,5.0,0.0,0.0,,,,,27436.0,,,,2.9277945025187964,2.9277945025187964,6.0,9.076743869415912e-05,6,6,48009,0.03,0.03,0.0,True,0.2,0.08,800,10,0.0,0.0,0.0,0.9671485424041748,C:/Users/efasllija/dev/gossip-poc/out_nb_incremental_clean0104/scenario_mixing_sweep/mix_0p03/permanent_fork_sth_proof_n12000_pg0p015_a0p3_ff0p05_s48009_drop0_pc0p03_pgc0p03,0.03
permanent_fork,sth_proof,12000,6.0,5.0,0.015,0.3,0.05,3.0,True,80.0,80.0,0.0,0.0,,,,,41094.0,,,,5.4774602415401175,5.4774602415401175,23.0,0.00034377615688150183,23,23,48010,0.03,0.03,0.0,True,0.2,0.08,800,10,0.0,0.0,0.0,0.9815161228179932,C:/Users/efasllija/dev/gossip-poc/out_nb_incremental_clean0104/scenario_mixing_sweep/mix_0p03/permanent_fork_sth_proof_n12000_pg0p015_a0p3_ff0p05_s48010_drop0_pc0p03_pgc0p03,0.03
permanent_fork,sth_proof,12000,6.0,5.0,0.015,0.3,0.05,3.0,True,50.0,50.0,0.0,0.0,,,,,33839.0,,,,3.219095492883907,3.219095492883907,6.0,9.251692288714478e-05,6,6,48011,0.03,0.03,0.0,True,0.2,0.08,800,10,0.0,0.0,0.0,0.9518582820892334,C:/Users/efasllija/dev/gossip-poc/out_nb_incremental_clean0104/scenario_mixing_sweep/mix_0p03/permanent_fork_sth_proof_n12000_pg0p015_a0p3_ff0p05_s48011_drop0_pc0p03_pgc0p03,0.03
permanent_fork,sth_proof,12000,6.0,5.0,0.015,0.3,0.05,3.0,True,40.0,40.0,0.0,0.0,,,,,31408.0,,,,2.553170850006063,2.553170850006063,19.0,0.00028798350915484416,19,19,48012,0.03,0.03,0.0,True,0.2,0.08,800,10,0.0,0.0,0.0,0.9404737949371338,C:/Users/efasllija/dev/gossip-poc/out_nb_incremental_clean0104/scenario_mixing_sweep/mix_0p03/permanent_fork_sth_proof_n12000_pg0p015_a0p3_ff0p05_s48012_drop0_pc0p03_pgc0p03,0.03
permanent_fork,sth_proof,12000,6.0,5.0,0.015,0.3,0.05,3.0,True,50.0,50.0,0.0,0.0,,,,,35723.0,,,,4.845124282982791,4.845124282982791,9.0,0.00013444072657743786,9,9,48013,0.03,0.03,0.0,True,0.2,0.08,800,10,0.0,0.0,0.0,0.9618401527404785,C:/Users/efasllija/dev/gossip-poc/out_nb_incremental_clean0104/scenario_mixing_sweep/mix_0p03/permanent_fork_sth_proof_n12000_pg0p015_a0p3_ff0p05_s48013_drop0_pc0p03_pgc0p03,0.03
permanent_fork,sth_proof,12000,6.0,5.0,0.015,0.3,0.05,3.0,True,10.0,10.0,0.0,0.0,,,,,29899.0,,,,5.572593800978793,5.572593800978793,32.0,0.00046609182008855747,32,32,48014,0.03,0.03,0.0,True,0.2,0.08,800,10,0.0,0.0,0.0,1.0009264945983887,C:/Users/efasllija/dev/gossip-poc/out_nb_incremental_clean0104/scenario_mixing_sweep/mix_0p03/permanent_fork_sth_proof_n12000_pg0p015_a0p3_ff0p05_s48014_drop0_pc0p03_pgc0p03,0.03
permanent_fork,sth_proof,12000,6.0,5.0,0.02,0.3,0.05,3.0,True,15.0,15.0,0.0,0.0,,,,,29086.0,,,,5.530530319036552,5.530530319036552,35.0,0.0005282062117050497,35,35,48000,0.03,0.03,0.0,True,0.2,0.08,800,10,0.0,0.0,0.0,0.9515397548675537,C:/Users/efasllija/dev/gossip-poc/out_nb_incremental_clean0104/scenario_mixing_sweep/mix_0p03/permanent_fork_sth_proof_n12000_pg0p02_a0p3_ff0p05_s48000_drop0_pc0p03_pgc0p03,0.03
permanent_fork,sth_proof,12000,6.0,5.0,0.02,0.3,0.05,3.0,True,15.0,15.0,0.0,0.0,,,,,28608.0,,,,3.731264137094237,3.731264137094237,7.0,0.00010485791752175802,7,7,48001,0.03,0.03,0.0,True,0.2,0.08,800,10,0.0,0.0,0.0,0.9487667083740234,C:/Users/efasllija/dev/gossip-poc/out_nb_incremental_clean0104/scenario_mixing_sweep/mix_0p03/permanent_fork_sth_proof_n12000_pg0p02_a0p3_ff0p05_s48001_drop0_pc0p03_pgc0p03,0.03
permanent_fork,sth_proof,12000,6.0,5.0,0.02,0.3,0.05,3.0,True,35.0,35.0,0.0,0.0,,,,,32815.0,,,,6.196422423471297,6.196422423471297,23.0,0.0003442856073647182,23,23,48002,0.03,0.03,0.0,True,0.2,0.08,800,10,0.0,0.0,0.0,0.9580016136169434,C:/Users/efasllija/dev/gossip-poc/out_nb_incremental_clean0104/scenario_mixing_sweep/mix_0p03/permanent_fork_sth_proof_n12000_pg0p02_a0p3_ff0p05_s48002_drop0_pc0p03_pgc0p03,0.03
permanent_fork,sth_proof,12000,6.0,5.0,0.02,0.3,0.05,3.0,True,0.0,0.0,0.0,0.0,,,,,25412.0,,,,5.279020398117097,5.279020398117097,10.0,0.00015383195397347937,10,10,48003,0.03,0.03,0.0,True,0.2,0.08,800,10,0.0,0.0,0.0,0.9515585899353027,C:/Users/efasllija/dev/gossip-poc/out_nb_incremental_clean0104/scenario_mixing_sweep/mix_0p03/permanent_fork_sth_proof_n12000_pg0p02_a0p3_ff0p05_s48003_drop0_pc0p03_pgc0p03,0.03
permanent_fork,sth_proof,12000,6.0,5.0,0.02,0.3,0.05,3.0,True,15.0,15.0,0.0,0.0,,,,,27873.0,,,,4.077979215656527,4.077979215656527,22.0,0.0003337631798528408,22,22,48004,0.03,0.03,0.0,True,0.2,0.08,800,10,0.0,0.0,0.0,0.9396772384643555,C:/Users/efasllija/dev/gossip-poc/out_nb_incremental_clean0104/scenario_mixing_sweep/mix_0p03/permanent_fork_sth_proof_n12000_pg0p02_a0p3_ff0p05_s48004_drop0_pc0p03_pgc0p03,0.03
permanent_fork,sth_proof,12000,6.0,5.0,0.02,0.3,0.05,3.0,True,45.0,45.0,0.0,0.0,,,,,34256.0,,,,4.72207333323352,4.72207333323352,12.0,0.00017966492491503346,12,12,48005,0.03,0.03,0.0,True,0.2,0.08,800,10,0.0,0.0,0.0,0.966393232345581,C:/Users/efasllija/dev/gossip-poc/out_nb_incremental_clean0104/scenario_mixing_sweep/mix_0p03/permanent_fork_sth_proof_n12000_pg0p02_a0p3_ff0p05_s48005_drop0_pc0p03_pgc0p03,0.03
permanent_fork,sth_proof,12000,6.0,5.0,0.02,0.3,0.05,3.0,True,35.0,35.0,0.0,0.0,,,,,31357.0,,,,5.075053435114504,5.075053435114504,14.0,0.00021374045801526718,14,14,48006,0.03,0.03,0.0,True,0.2,0.08,800,10,0.0,0.0,0.0,0.933295488357544,C:/Users/efasllija/dev/gossip-poc/out_nb_incremental_clean0104/scenario_mixing_sweep/mix_0p03/permanent_fork_sth_proof_n12000_pg0p02_a0p3_ff0p05_s48006_drop0_pc0p03_pgc0p03,0.03
permanent_fork,sth_proof,12000,6.0,5.0,0.02,0.3,0.05,3.0,True,70.0,70.0,0.0,0.0,,,,,37543.0,,,,4.628443782576322,4.628443782576322,17.0,0.00026371308016877635,17,17,48007,0.03,0.03,0.0,True,0.2,0.08,800,10,0.0,0.0,0.0,0.9394807815551758,C:/Users/efasllija/dev/gossip-poc/out_nb_incremental_clean0104/scenario_mixing_sweep/mix_0p03/permanent_fork_sth_proof_n12000_pg0p02_a0p3_ff0p05_s48007_drop0_pc0p03_pgc0p03,0.03
permanent_fork,sth_proof,12000,6.0,5.0,0.02,0.3,0.05,3.0,True,15.0,15.0,0.0,0.0,,,,,28171.0,,,,7.036101026783627,7.036101026783627,27.0,0.0004206852495286767,27,27,48008,0.03,0.03,0.0,True,0.2,0.08,800,10,0.0,0.0,0.0,0.9690744876861572,C:/Users/efasllija/dev/gossip-poc/out_nb_incremental_clean0104/scenario_mixing_sweep/mix_0p03/permanent_fork_sth_proof_n12000_pg0p02_a0p3_ff0p05_s48008_drop0_pc0p03_pgc0p03,0.03
permanent_fork,sth_proof,12000,6.0,5.0,0.02,0.3,0.05,3.0,True,5.0,5.0,0.0,0.0,,,,,27436.0,,,,4.052826649320001,4.052826649320001,9.0,0.00013615115804123867,9,9,48009,0.03,0.03,0.0,True,0.2,0.08,800,10,0.0,0.0,0.0,0.9582750797271729,C:/Users/efasllija/dev/gossip-poc/out_nb_incremental_clean0104/scenario_mixing_sweep/mix_0p03/permanent_fork_sth_proof_n12000_pg0p02_a0p3_ff0p05_s48009_drop0_pc0p03_pgc0p03,0.03
permanent_fork,sth_proof,12000,6.0,5.0,0.02,0.3,0.05,3.0,True,70.0,70.0,0.0,0.0,,,,,38974.0,,,,6.45509984455339,6.45509984455339,26.0,0.0003886165251703934,26,26,48010,0.03,0.03,0.0,True,0.2,0.08,800,10,0.0,0.0,0.0,0.9327657222747803,C:/Users/efasllija/dev/gossip-poc/out_nb_incremental_clean0104/scenario_mixing_sweep/mix_0p03/permanent_fork_sth_proof_n12000_pg0p02_a0p3_ff0p05_s48010_drop0_pc0p03_pgc0p03,0.03
permanent_fork,sth_proof,12000,6.0,5.0,0.02,0.3,0.05,3.0,True,15.0,15.0,0.0,0.0,,,,,28322.0,,,,4.669760843754337,4.669760843754337,7.0,0.00010793641003500224,7,7,48011,0.03,0.03,0.0,True,0.2,0.08,800,10,0.0,0.0,0.0,0.9504539966583252,C:/Users/efasllija/dev/gossip-poc/out_nb_incremental_clean0104/scenario_mixing_sweep/mix_0p03/permanent_fork_sth_proof_n12000_pg0p02_a0p3_ff0p05_s48011_drop0_pc0p03_pgc0p03,0.03
permanent_fork,sth_proof,12000,6.0,5.0,0.02,0.3,0.05,3.0,True,40.0,40.0,0.0,0.0,,,,,31408.0,,,,4.5087910755426215,4.5087910755426215,37.0,0.000560809991512065,37,37,48012,0.03,0.03,0.0,True,0.2,0.08,800,10,0.0,0.0,0.0,0.9579229354858398,C:/Users/efasllija/dev/gossip-poc/out_nb_incremental_clean0104/scenario_mixing_sweep/mix_0p03/permanent_fork_sth_proof_n12000_pg0p02_a0p3_ff0p05_s48012_drop0_pc0p03_pgc0p03,0.03
permanent_fork,sth_proof,12000,6.0,5.0,0.02,0.3,0.05,3.0,True,35.0,35.0,0.0,0.0,,,,,33359.0,,,,6.250478011472276,6.250478011472276,13.0,0.0001941921606118547,13,13,48013,0.03,0.03,0.0,True,0.2,0.08,800,10,0.0,0.0,0.0,0.9744968414306641,C:/Users/efasllija/dev/gossip-poc/out_nb_incremental_clean0104/scenario_mixing_sweep/mix_0p03/permanent_fork_sth_proof_n12000_pg0p02_a0p3_ff0p05_s48013_drop0_pc0p03_pgc0p03,0.03
permanent_fork,sth_proof,12000,6.0,5.0,0.02,0.3,0.05,3.0,True,10.0,10.0,0.0,0.0,,,,,29899.0,,,,7.425774877650897,7.425774877650897,39.0,0.0005680494057329294,39,39,48014,0.03,0.03,0.0,True,0.2,0.08,800,10,0.0,0.0,0.0,0.9531135559082031,C:/Users/efasllija/dev/gossip-poc/out_nb_incremental_clean0104/scenario_mixing_sweep/mix_0p03/permanent_fork_sth_proof_n12000_pg0p02_a0p3_ff0p05_s48014_drop0_pc0p03_pgc0p03,0.03
permanent_fork,sth_proof,12000,6.0,5.0,0.03,0.3,0.05,3.0,True,15.0,15.0,0.0,0.0,,,,,29086.0,,,,8.69469680963448,8.69469680963448,46.0,0.0006942138782409224,46,46,48000,0.03,0.03,0.0,True,0.2,0.08,800,10,0.0,0.0,0.0,0.9360978603363037,C:/Users/efasllija/dev/gossip-poc/out_nb_incremental_clean0104/scenario_mixing_sweep/mix_0p03/permanent_fork_sth_proof_n12000_pg0p03_a0p3_ff0p05_s48000_drop0_pc0p03_pgc0p03,0.03
permanent_fork,sth_proof,12000,6.0,5.0,0.03,0.3,0.05,3.0,True,15.0,15.0,0.0,0.0,,,,,28608.0,,,,5.972706982039337,5.972706982039337,11.0,0.00016477672753419117,11,11,48001,0.03,0.03,0.0,True,0.2,0.08,800,10,0.0,0.0,0.0,0.9685635566711426,C:/Users/efasllija/dev/gossip-poc/out_nb_incremental_clean0104/scenario_mixing_sweep/mix_0p03/permanent_fork_sth_proof_n12000_pg0p03_a0p3_ff0p05_s48001_drop0_pc0p03_pgc0p03,0.03
permanent_fork,sth_proof,12000,6.0,5.0,0.03,0.3,0.05,3.0,True,5.0,5.0,0.0,0.0,,,,,28267.0,,,,8.261896564628396,8.261896564628396,34.0,0.0005089439413217574,34,34,48002,0.03,0.03,0.0,True,0.2,0.08,800,10,0.0,0.0,0.0,0.9412178993225098,C:/Users/efasllija/dev/gossip-poc/out_nb_incremental_clean0104/scenario_mixing_sweep/mix_0p03/permanent_fork_sth_proof_n12000_pg0p03_a0p3_ff0p05_s48002_drop0_pc0p03_pgc0p03,0.03
permanent_fork,sth_proof,12000,6.0,5.0,0.03,0.3,0.05,3.0,True,0.0,0.0,0.0,0.0,,,,,25412.0,,,,7.511921976432944,7.511921976432944,29.0,0.00044611266652309017,29,29,48003,0.03,0.03,0.0,True,0.2,0.08,800,10,0.0,0.0,0.0,0.9502689838409424,C:/Users/efasllija/dev/gossip-poc/out_nb_incremental_clean0104/scenario_mixing_sweep/mix_0p03/permanent_fork_sth_proof_n12000_pg0p03_a0p3_ff0p05_s48003_drop0_pc0p03_pgc0p03,0.03
permanent_fork,sth_proof,12000,6.0,5.0,0.03,0.3,0.05,3.0,True,15.0,15.0,0.0,0.0,,,,,27873.0,,,,6.089782295380414,6.089782295380414,26.0,0.0003944473943715391,26,26,48004,0.03,0.03,0.0,True,0.2,0.08,800,10,0.0,0.0,0.0,0.94907546043396,C:/Users/efasllija/dev/gossip-poc/out_nb_incremental_clean0104/scenario_mixing_sweep/mix_0p03/permanent_fork_sth_proof_n12000_pg0p03_a0p3_ff0p05_s48004_drop0_pc0p03_pgc0p03,0.03
permanent_fork,sth_proof,12000,6.0,5.0,0.03,0.3,0.05,3.0,True,5.0,5.0,0.0,0.0,,,,,27548.0,,,,7.405069545298019,7.405069545298019,20.0,0.00029944154152505576,20,20,48005,0.03,0.03,0.0,True,0.2,0.08,800,10,0.0,0.0,0.0,0.9903032779693604,C:/Users/efasllija/dev/gossip-poc/out_nb_incremental_clean0104/scenario_mixing_sweep/mix_0p03/permanent_fork_sth_proof_n12000_pg0p03_a0p3_ff0p05_s48005_drop0_pc0p03_pgc0p03,0.03
permanent_fork,sth_proof,12000,6.0,5.0,0.03,0.3,0.05,3.0,True,35.0,35.0,0.0,0.0,,,,,31357.0,,,,7.68781679389313,7.68781679389313,29.0,0.00044274809160305345,29,29,48006,0.03,0.03,0.0,True,0.2,0.08,800,10,0.0,0.0,0.0,0.960115909576416,C:/Users/efasllija/dev/gossip-poc/out_nb_incremental_clean0104/scenario_mixing_sweep/mix_0p03/permanent_fork_sth_proof_n12000_pg0p03_a0p3_ff0p05_s48006_drop0_pc0p03_pgc0p03,0.03
permanent_fork,sth_proof,12000,6.0,5.0,0.03,0.3,0.05,3.0,True,15.0,15.0,0.0,0.0,,,,,28382.0,,,,7.241499131298089,7.241499131298089,25.0,0.00038781335318937703,25,25,48007,0.03,0.03,0.0,True,0.2,0.08,800,10,0.0,0.0,0.0,0.9628851413726807,C:/Users/efasllija/dev/gossip-poc/out_nb_incremental_clean0104/scenario_mixing_sweep/mix_0p03/permanent_fork_sth_proof_n12000_pg0p03_a0p3_ff0p05_s48007_drop0_pc0p03_pgc0p03,0.03
permanent_fork,sth_proof,12000,6.0,5.0,0.03,0.3,0.05,3.0,True,15.0,15.0,0.0,0.0,,,,,28171.0,,,,10.009691341674328,10.009691341674328,36.0,0.0005609136660382356,36,36,48008,0.03,0.03,0.0,True,0.2,0.08,800,10,0.0,0.0,0.0,1.0165085792541504,C:/Users/efasllija/dev/gossip-poc/out_nb_incremental_clean0104/scenario_mixing_sweep/mix_0p03/permanent_fork_sth_proof_n12000_pg0p03_a0p3_ff0p05_s48008_drop0_pc0p03_pgc0p03,0.03
permanent_fork,sth_proof,12000,6.0,5.0,0.03,0.3,0.05,3.0,True,0.0,0.0,0.0,0.0,,,,,26707.0,,,,5.923362025929231,5.923362025929231,13.0,0.00019666278383734476,13,13,48009,0.03,0.03,0.0,True,0.2,0.08,800,10,0.0,0.0,0.0,0.9788694381713867,C:/Users/efasllija/dev/gossip-poc/out_nb_incremental_clean0104/scenario_mixing_sweep/mix_0p03/permanent_fork_sth_proof_n12000_pg0p03_a0p3_ff0p05_s48009_drop0_pc0p03_pgc0p03,0.03
permanent_fork,sth_proof,12000,6.0,5.0,0.03,0.3,0.05,3.0,True,40.0,40.0,0.0,0.0,,,,,33510.0,,,,9.388018653593209,9.388018653593209,36.0,0.0005380844194666986,36,36,48010,0.03,0.03,0.0,True,0.2,0.08,800,10,0.0,0.0,0.0,0.9763205051422119,C:/Users/efasllija/dev/gossip-poc/out_nb_incremental_clean0104/scenario_mixing_sweep/mix_0p03/permanent_fork_sth_proof_n12000_pg0p03_a0p3_ff0p05_s48010_drop0_pc0p03_pgc0p03,0.03
permanent_fork,sth_proof,12000,6.0,5.0,0.03,0.3,0.05,3.0,True,15.0,15.0,0.0,0.0,,,,,28322.0,,,,6.7283240559419,6.7283240559419,9.0,0.00013877538433071715,9,9,48011,0.03,0.03,0.0,True,0.2,0.08,800,10,0.0,0.0,0.0,0.979435920715332,C:/Users/efasllija/dev/gossip-poc/out_nb_incremental_clean0104/scenario_mixing_sweep/mix_0p03/permanent_fork_sth_proof_n12000_pg0p03_a0p3_ff0p05_s48011_drop0_pc0p03_pgc0p03,0.03
permanent_fork,sth_proof,12000,6.0,5.0,0.03,0.3,0.05,3.0,True,10.0,10.0,0.0,0.0,,,,,26874.0,,,,7.618770461986177,7.618770461986177,59.0,0.0008942645810597793,59,59,48012,0.03,0.03,0.0,True,0.2,0.08,800,10,0.0,0.0,0.0,0.9595975875854492,C:/Users/efasllija/dev/gossip-poc/out_nb_incremental_clean0104/scenario_mixing_sweep/mix_0p03/permanent_fork_sth_proof_n12000_pg0p03_a0p3_ff0p05_s48012_drop0_pc0p03_pgc0p03,0.03
permanent_fork,sth_proof,12000,6.0,5.0,0.03,0.3,0.05,3.0,True,10.0,10.0,0.0,0.0,,,,,29424.0,,,,8.632887189292543,8.632887189292543,19.0,0.00028381931166347995,19,19,48013,0.03,0.03,0.0,True,0.2,0.08,800,10,0.0,0.0,0.0,0.9751660823822021,C:/Users/efasllija/dev/gossip-poc/out_nb_incremental_clean0104/scenario_mixing_sweep/mix_0p03/permanent_fork_sth_proof_n12000_pg0p03_a0p3_ff0p05_s48013_drop0_pc0p03_pgc0p03,0.03
permanent_fork,sth_proof,12000,6.0,5.0,0.03,0.3,0.05,3.0,True,10.0,10.0,0.0,0.0,,,,,29899.0,,,,9.461663947797716,9.461663947797716,41.0,0.0005971801444884643,41,41,48014,0.03,0.03,0.0,True,0.2,0.08,800,10,0.0,0.0,0.0,0.9991540908813477,C:/Users/efasllija/dev/gossip-poc/out_nb_incremental_clean0104/scenario_mixing_sweep/mix_0p03/permanent_fork_sth_proof_n12000_pg0p03_a0p3_ff0p05_s48014_drop0_pc0p03_pgc0p03,0.03
permanent_fork,sth_proof,12000,6.0,5.0,0.05,0.3,0.05,3.0,True,0.0,0.0,0.0,0.0,,,,,27051.0,,,,14.509190788083668,14.509190788083668,82.0,0.0012375116959946878,82,82,48000,0.03,0.03,0.0,True,0.2,0.08,800,10,0.0,0.0,0.0,0.9444453716278076,C:/Users/efasllija/dev/gossip-poc/out_nb_incremental_clean0104/scenario_mixing_sweep/mix_0p03/permanent_fork_sth_proof_n12000_pg0p05_a0p3_ff0p05_s48000_drop0_pc0p03_pgc0p03,0.03
permanent_fork,sth_proof,12000,6.0,5.0,0.05,0.3,0.05,3.0,True,15.0,15.0,0.0,0.0,,,,,28608.0,,,,11.784352202765254,11.784352202765254,29.0,0.0004344113725901404,29,29,48001,0.03,0.03,0.0,True,0.2,0.08,800,10,0.0,0.0,0.0,0.9664418697357178,C:/Users/efasllija/dev/gossip-poc/out_nb_incremental_clean0104/scenario_mixing_sweep/mix_0p03/permanent_fork_sth_proof_n12000_pg0p05_a0p3_ff0p05_s48001_drop0_pc0p03_pgc0p03,0.03
permanent_fork,sth_proof,12000,6.0,5.0,0.05,0.3,0.05,3.0,True,5.0,5.0,0.0,0.0,,,,,28267.0,,,,12.714736920889155,12.714736920889155,48.0,0.0007185090936307162,48,48,48002,0.03,0.03,0.0,True,0.2,0.08,800,10,0.0,0.0,0.0,0.9480838775634766,C:/Users/efasllija/dev/gossip-poc/out_nb_incremental_clean0104/scenario_mixing_sweep/mix_0p03/permanent_fork_sth_proof_n12000_pg0p05_a0p3_ff0p05_s48002_drop0_pc0p03_pgc0p03,0.03
permanent_fork,sth_proof,12000,6.0,5.0,0.05,0.3,0.05,3.0,True,0.0,0.0,0.0,0.0,,,,,25412.0,,,,12.680675629941852,12.680675629941852,51.0,0.0007845429652647448,51,51,48003,0.03,0.03,0.0,True,0.2,0.08,800,10,0.0,0.0,0.0,0.9697175025939941,C:/Users/efasllija/dev/gossip-poc/out_nb_incremental_clean0104/scenario_mixing_sweep/mix_0p03/permanent_fork_sth_proof_n12000_pg0p05_a0p3_ff0p05_s48003_drop0_pc0p03_pgc0p03,0.03
permanent_fork,sth_proof,12000,6.0,5.0,0.05,0.3,0.05,3.0,True,10.0,10.0,0.0,0.0,,,,,27140.0,,,,11.948479101873625,11.948479101873625,54.0,0.0008192368960024274,54,54,48004,0.03,0.03,0.0,True,0.2,0.08,800,10,0.0,0.0,0.0,0.9693918228149414,C:/Users/efasllija/dev/gossip-poc/out_nb_incremental_clean0104/scenario_mixing_sweep/mix_0p03/permanent_fork_sth_proof_n12000_pg0p05_a0p3_ff0p05_s48004_drop0_pc0p03_pgc0p03,0.03
permanent_fork,sth_proof,12000,6.0,5.0,0.05,0.3,0.05,3.0,True,5.0,5.0,0.0,0.0,,,,,27548.0,,,,12.905211780030244,12.905211780030244,44.0,0.0006587713913551227,44,44,48005,0.03,0.03,0.0,True,0.2,0.08,800,10,0.0,0.0,0.0,0.9507887363433838,C:/Users/efasllija/dev/gossip-poc/out_nb_incremental_clean0104/scenario_mixing_sweep/mix_0p03/permanent_fork_sth_proof_n12000_pg0p05_a0p3_ff0p05_s48005_drop0_pc0p03_pgc0p03,0.03
permanent_fork,sth_proof,12000,6.0,5.0,0.05,0.3,0.05,3.0,True,15.0,15.0,0.0,0.0,,,,,28101.0,,,,13.282687022900763,13.282687022900763,56.0,0.0008549618320610687,56,56,48006,0.03,0.03,0.0,True,0.2,0.08,800,10,0.0,0.0,0.0,0.9670267105102539,C:/Users/efasllija/dev/gossip-poc/out_nb_incremental_clean0104/scenario_mixing_sweep/mix_0p03/permanent_fork_sth_proof_n12000_pg0p05_a0p3_ff0p05_s48006_drop0_pc0p03_pgc0p03,0.03
permanent_fork,sth_proof,12000,6.0,5.0,0.05,0.3,0.05,3.0,True,0.0,0.0,0.0,0.0,,,,,26226.0,,,,11.856043683296104,11.856043683296104,56.0,0.0008687019111442045,56,56,48007,0.03,0.03,0.0,True,0.2,0.08,800,10,0.0,0.0,0.0,0.9422502517700195,C:/Users/efasllija/dev/gossip-poc/out_nb_incremental_clean0104/scenario_mixing_sweep/mix_0p03/permanent_fork_sth_proof_n12000_pg0p05_a0p3_ff0p05_s48007_drop0_pc0p03_pgc0p03,0.03
permanent_fork,sth_proof,12000,6.0,5.0,0.05,0.3,0.05,3.0,True,15.0,15.0,0.0,0.0,,,,,28171.0,,,,15.677661613250027,15.677661613250027,53.0,0.0008257895638896246,53,53,48008,0.03,0.03,0.0,True,0.2,0.08,800,10,0.0,0.0,0.0,0.9483394622802734,C:/Users/efasllija/dev/gossip-poc/out_nb_incremental_clean0104/scenario_mixing_sweep/mix_0p03/permanent_fork_sth_proof_n12000_pg0p05_a0p3_ff0p05_s48008_drop0_pc0p03_pgc0p03,0.03
permanent_fork,sth_proof,12000,6.0,5.0,0.05,0.3,0.05,3.0,True,0.0,0.0,0.0,0.0,,,,,26707.0,,,,10.735246509235587,10.735246509235587,34.0,0.0005143488192669017,34,34,48009,0.03,0.03,0.0,True,0.2,0.08,800,10,0.0,0.0,0.0,0.9514405727386475,C:/Users/efasllija/dev/gossip-poc/out_nb_incremental_clean0104/scenario_mixing_sweep/mix_0p03/permanent_fork_sth_proof_n12000_pg0p05_a0p3_ff0p05_s48009_drop0_pc0p03_pgc0p03,0.03
permanent_fork,sth_proof,12000,6.0,5.0,0.05,0.3,0.05,3.0,True,20.0,20.0,0.0,0.0,,,,,30256.0,,,,14.396747578620113,14.396747578620113,45.0,0.0006726055243333732,45,45,48010,0.03,0.03,0.0,True,0.2,0.08,800,10,0.0,0.0,0.0,0.9369916915893555,C:/Users/efasllija/dev/gossip-poc/out_nb_incremental_clean0104/scenario_mixing_sweep/mix_0p03/permanent_fork_sth_proof_n12000_pg0p05_a0p3_ff0p05_s48010_drop0_pc0p03_pgc0p03,0.03
permanent_fork,sth_proof,12000,6.0,5.0,0.05,0.3,0.05,3.0,True,5.0,5.0,0.0,0.0,,,,,26986.0,,,,13.843492205449246,13.843492205449246,36.0,0.0005551015373228686,36,36,48011,0.03,0.03,0.0,True,0.2,0.08,800,10,0.0,0.0,0.0,0.9307482242584229,C:/Users/efasllija/dev/gossip-poc/out_nb_incremental_clean0104/scenario_mixing_sweep/mix_0p03/permanent_fork_sth_proof_n12000_pg0p05_a0p3_ff0p05_s48011_drop0_pc0p03_pgc0p03,0.03
permanent_fork,sth_proof,12000,6.0,5.0,0.05,0.3,0.05,3.0,True,10.0,10.0,0.0,0.0,,,,,26874.0,,,,12.779434946040984,12.779434946040984,75.0,0.0011367770098217533,75,75,48012,0.03,0.03,0.0,True,0.2,0.08,800,10,0.0,0.0,0.0,0.9468834400177002,C:/Users/efasllija/dev/gossip-poc/out_nb_incremental_clean0104/scenario_mixing_sweep/mix_0p03/permanent_fork_sth_proof_n12000_pg0p05_a0p3_ff0p05_s48012_drop0_pc0p03_pgc0p03,0.03
permanent_fork,sth_proof,12000,6.0,5.0,0.05,0.3,0.05,3.0,True,10.0,10.0,0.0,0.0,,,,,29424.0,,,,13.919694072657744,13.919694072657744,35.0,0.0005228250478011472,35,35,48013,0.03,0.03,0.0,True,0.2,0.08,800,10,0.0,0.0,0.0,0.9637506008148193,C:/Users/efasllija/dev/gossip-poc/out_nb_incremental_clean0104/scenario_mixing_sweep/mix_0p03/permanent_fork_sth_proof_n12000_pg0p05_a0p3_ff0p05_s48013_drop0_pc0p03_pgc0p03,0.03
permanent_fork,sth_proof,12000,6.0,5.0,0.05,0.3,0.05,3.0,True,10.0,10.0,0.0,0.0,,,,,29899.0,,,,15.491027732463296,15.491027732463296,76.0,0.001106968072710324,76,76,48014,0.03,0.03,0.0,True,0.2,0.08,800,10,0.0,0.0,0.0,0.957892656326294,C:/Users/efasllija/dev/gossip-poc/out_nb_incremental_clean0104/scenario_mixing_sweep/mix_0p03/permanent_fork_sth_proof_n12000_pg0p05_a0p3_ff0p05_s48014_drop0_pc0p03_pgc0p03,0.03
permanent_fork,sth_proof,12000,6.0,5.0,0.003,0.1,0.05,3.0,True,120.0,120.0,0.0,0.0,,,,,50768.0,,,,0.24094657583363213,0.24094657583363213,1.0,1.4939643838890881e-05,1,1,48000,0.05,0.05,0.0,True,0.2,0.08,800,10,0.0,0.0,0.0,0.9774601459503174,C:/Users/efasllija/dev/gossip-poc/out_nb_incremental_clean0104/scenario_mixing_sweep/mix_0p05/permanent_fork_sth_proof_n12000_pg0p003_a0p1_ff0p05_s48000_drop0_pc0p05_pgc0p05,0.05
permanent_fork,sth_proof,12000,6.0,5.0,0.003,0.1,0.05,3.0,False,,,0.0,0.0,,,,,,,,,0.22893558180779752,0.22893558180779752,0.0,0.0,0,0,48001,0.05,0.05,0.0,True,0.2,0.08,800,10,0.0,0.0,0.0,0.9564123153686523,C:/Users/efasllija/dev/gossip-poc/out_nb_incremental_clean0104/scenario_mixing_sweep/mix_0p05/permanent_fork_sth_proof_n12000_pg0p003_a0p1_ff0p05_s48001_drop0_pc0p05_pgc0p05,0.05
permanent_fork,sth_proof,12000,6.0,5.0,0.003,0.1,0.05,3.0,True,155.0,155.0,0.0,0.0,,,,,60277.0,,,,0.20164133647397717,0.20164133647397717,1.0,1.5003075630504253e-05,1,1,48002,0.05,0.05,0.0,True,0.2,0.08,800,10,0.0,0.0,0.0,0.9509913921356201,C:/Users/efasllija/dev/gossip-poc/out_nb_incremental_clean0104/scenario_mixing_sweep/mix_0p05/permanent_fork_sth_proof_n12000_pg0p003_a0p1_ff0p05_s48002_drop0_pc0p05_pgc0p05,0.05
permanent_fork,sth_proof,12000,6.0,5.0,0.003,0.1,0.05,3.0,True,90.0,90.0,0.0,0.0,,,,,41624.0,,,,0.2618754614816638,0.2618754614816638,3.0,4.614816637952252e-05,3,3,48003,0.05,0.05,0.0,True,0.2,0.08,800,10,0.0,0.0,0.0,0.9690096378326416,C:/Users/efasllija/dev/gossip-poc/out_nb_incremental_clean0104/scenario_mixing_sweep/mix_0p05/permanent_fork_sth_proof_n12000_pg0p003_a0p1_ff0p05_s48003_drop0_pc0p05_pgc0p05,0.05
permanent_fork,sth_proof,12000,6.0,5.0,0.003,0.1,0.05,3.0,False,,,0.0,0.0,,,,,,,,,0.10974172114457185,0.10974172114457185,0.0,0.0,0,0,48004,0.05,0.05,0.0,True,0.2,0.08,800,10,0.0,0.0,0.0,0.9621787071228027,C:/Users/efasllija/dev/gossip-poc/out_nb_incremental_clean0104/scenario_mixing_sweep/mix_0p05/permanent_fork_sth_proof_n12000_pg0p003_a0p1_ff0p05_s48004_drop0_pc0p05_pgc0p05,0.05
permanent_fork,sth_proof,12000,6.0,5.0,0.003,0.1,0.05,3.0,False,,,0.0,0.0,,,,,,,,,0.19784199137385364,0.19784199137385364,0.0,0.0,0,0,48005,0.05,0.05,0.0,True,0.2,0.08,800,10,0.0,0.0,0.0,1.0282957553863525,C:/Users/efasllija/dev/gossip-poc/out_nb_incremental_clean0104/scenario_mixing_sweep/mix_0p05/permanent_fork_sth_proof_n12000_pg0p003_a0p1_ff0p05_s48005_drop0_pc0p05_pgc0p05,0.05
permanent_fork,sth_proof,12000,6.0,5.0,0.003,0.1,0.05,3.0,True,155.0,155.0,0.0,0.0,,,,,59123.0,,,,0.3275502277193036,0.3275502277193036,1.0,1.5232060440815829e-05,1,1,48006,0.05,0.05,0.0,True,0.2,0.08,800,10,0.0,0.0,0.0,0.9446015357971191,C:/Users/efasllija/dev/gossip-poc/out_nb_incremental_clean0104/scenario_mixing_sweep/mix_0p05/permanent_fork_sth_proof_n12000_pg0p003_a0p1_ff0p05_s48006_drop0_pc0p05_pgc0p05,0.05
permanent_fork,sth_proof,12000,6.0,5.0,0.003,0.1,0.05,3.0,False,,,0.0,0.0,,,,,,,,,0.19991394010869046,0.19991394010869046,0.0,0.0,0,0,48007,0.05,0.05,0.0,True,0.2,0.08,800,10,0.0,0.0,0.0,0.992396354675293,C:/Users/efasllija/dev/gossip-poc/out_nb_incremental_clean0104/scenario_mixing_sweep/mix_0p05/permanent_fork_sth_proof_n12000_pg0p003_a0p1_ff0p05_s48007_drop0_pc0p05_pgc0p05,0.05
permanent_fork,sth_proof,12000,6.0,5.0,0.003,0.1,0.05,3.0,True,25.0,25.0,0.0,0.0,,,,,29723.0,,,,0.47317573234755056,0.47317573234755056,2.0,3.106458326861545e-05,2,2,48008,0.05,0.05,0.0,True,0.2,0.08,800,10,0.0,0.0,0.0,0.9601333141326904,C:/Users/efasllija/dev/gossip-poc/out_nb_incremental_clean0104/scenario_mixing_sweep/mix_0p05/permanent_fork_sth_proof_n12000_pg0p003_a0p1_ff0p05_s48008_drop0_pc0p05_pgc0p05,0.05
permanent_fork,sth_proof,12000,6.0,5.0,0.003,0.1,0.05,3.0,False,,,0.0,0.0,,,,,,,,,0.3926083737515676,0.3926083737515676,0.0,0.0,0,0,48009,0.05,0.05,0.0,True,0.2,0.08,800,10,0.0,0.0,0.0,0.9827330112457275,C:/Users/efasllija/dev/gossip-poc/out_nb_incremental_clean0104/scenario_mixing_sweep/mix_0p05/permanent_fork_sth_proof_n12000_pg0p003_a0p1_ff0p05_s48009_drop0_pc0p05_pgc0p05,0.05
permanent_fork,sth_proof,12000,6.0,5.0,0.003,0.1,0.05,3.0,True,55.0,55.0,0.0,0.0,,,,,34863.0,,,,0.25777535507707217,0.25777535507707217,1.0,1.5141879410072378e-05,1,1,48010,0.05,0.05,0.0,True,0.2,0.08,800,10,0.0,0.0,0.0,0.9680938720703125,C:/Users/efasllija/dev/gossip-poc/out_nb_incremental_clean0104/scenario_mixing_sweep/mix_0p05/permanent_fork_sth_proof_n12000_pg0p003_a0p1_ff0p05_s48010_drop0_pc0p05_pgc0p05,0.05
permanent_fork,sth_proof,12000,6.0,5.0,0.003,0.1,0.05,3.0,False,,,0.0,0.0,,,,,,,,,0.09749879525563898,0.09749879525563898,0.0,0.0,0,0,48011,0.05,0.05,0.0,True,0.2,0.08,800,10,0.0,0.0,0.0,0.9648709297180176,C:/Users/efasllija/dev/gossip-poc/out_nb_incremental_clean0104/scenario_mixing_sweep/mix_0p05/permanent_fork_sth_proof_n12000_pg0p003_a0p1_ff0p05_s48011_drop0_pc0p05_pgc0p05,0.05
permanent_fork,sth_proof,12000,6.0,5.0,0.003,0.1,0.05,3.0,True,95.0,95.0,0.0,0.0,,,,,42578.0,,,,0.15257910706545297,0.15257910706545297,1.0,1.548083472660846e-05,1,1,48012,0.05,0.05,0.0,True,0.2,0.08,800,10,0.0,0.0,0.0,0.9527921676635742,C:/Users/efasllija/dev/gossip-poc/out_nb_incremental_clean0104/scenario_mixing_sweep/mix_0p05/permanent_fork_sth_proof_n12000_pg0p003_a0p1_ff0p05_s48012_drop0_pc0p05_pgc0p05,0.05
permanent_fork,sth_proof,12000,6.0,5.0,0.003,0.1,0.05,3.0,True,80.0,80.0,0.0,0.0,,,,,42106.0,,,,0.3315571343990527,0.3315571343990527,3.0,4.440497335701598e-05,3,3,48013,0.05,0.05,0.0,True,0.2,0.08,800,10,0.0,0.0,0.0,0.9646282196044922,C:/Users/efasllija/dev/gossip-poc/out_nb_incremental_clean0104/scenario_mixing_sweep/mix_0p05/permanent_fork_sth_proof_n12000_pg0p003_a0p1_ff0p05_s48013_drop0_pc0p05_pgc0p05,0.05
permanent_fork,sth_proof,12000,6.0,5.0,0.003,0.1,0.05,3.0,True,105.0,105.0,0.0,0.0,,,,,48507.0,,,,0.0647417555420677,0.0647417555420677,1.0,1.4451284719211538e-05,1,1,48014,0.05,0.05,0.0,True,0.2,0.08,800,10,0.0,0.0,0.0,0.965496301651001,C:/Users/efasllija/dev/gossip-poc/out_nb_incremental_clean0104/scenario_mixing_sweep/mix_0p05/permanent_fork_sth_proof_n12000_pg0p003_a0p1_ff0p05_s48014_drop0_pc0p05_pgc0p05,0.05
permanent_fork,sth_proof,12000,6.0,5.0,0.005,0.1,0.05,3.0,True,120.0,120.0,0.0,0.0,,,,,50768.0,,,,0.29449025935221707,0.29449025935221707,2.0,2.9879287677781763e-05,2,2,48000,0.05,0.05,0.0,True,0.2,0.08,800,10,0.0,0.0,0.0,0.9512970447540283,C:/Users/efasllija/dev/gossip-poc/out_nb_incremental_clean0104/scenario_mixing_sweep/mix_0p05/permanent_fork_sth_proof_n12000_pg0p005_a0p1_ff0p05_s48000_drop0_pc0p05_pgc0p05,0.05
permanent_fork,sth_proof,12000,6.0,5.0,0.005,0.1,0.05,3.0,False,,,0.0,0.0,,,,,,,,,0.47133796254546545,0.47133796254546545,0.0,0.0,0,0,48001,0.05,0.05,0.0,True,0.2,0.08,800,10,0.0,0.0,0.0,0.9501538276672363,C:/Users/efasllija/dev/gossip-poc/out_nb_incremental_clean0104/scenario_mixing_sweep/mix_0p05/permanent_fork_sth_proof_n12000_pg0p005_a0p1_ff0p05_s48001_drop0_pc0p05_pgc0p05,0.05
permanent_fork,sth_proof,12000,6.0,5.0,0.005,0.1,0.05,3.0,True,155.0,155.0,0.0,0.0,,,,,60277.0,,,,0.3898399171830225,0.3898399171830225,1.0,1.5003075630504253e-05,1,1,48002,0.05,0.05,0.0,True,0.2,0.08,800,10,0.0,0.0,0.0,0.9607384204864502,C:/Users/efasllija/dev/gossip-poc/out_nb_incremental_clean0104/scenario_mixing_sweep/mix_0p05/permanent_fork_sth_proof_n12000_pg0p005_a0p1_ff0p05_s48002_drop0_pc0p05_pgc0p05,0.05
permanent_fork,sth_proof,12000,6.0,5.0,0.005,0.1,0.05,3.0,True,90.0,90.0,0.0,0.0,,,,,41624.0,,,,0.49618508491262614,0.49618508491262614,3.0,4.614816637952252e-05,3,3,48003,0.05,0.05,0.0,True,0.2,0.08,800,10,0.0,0.0,0.0,0.9299991130828857,C:/Users/efasllija/dev/gossip-poc/out_nb_incremental_clean0104/scenario_mixing_sweep/mix_0p05/permanent_fork_sth_proof_n12000_pg0p005_a0p1_ff0p05_s48003_drop0_pc0p05_pgc0p05,0.05
permanent_fork,sth_proof,12000,6.0,5.0,0.005,0.1,0.05,3.0,True,10.0,10.0,0.0,0.0,,,,,26908.0,,,,0.2469188725752867,0.2469188725752867,1.0,1.5309949936463707e-05,1,1,48004,0.05,0.05,0.0,True,0.2,0.08,800,10,0.0,0.0,0.0,1.0189645290374756,C:/Users/efasllija/dev/gossip-poc/out_nb_incremental_clean0104/scenario_mixing_sweep/mix_0p05/permanent_fork_sth_proof_n12000_pg0p005_a0p1_ff0p05_s48004_drop0_pc0p05_pgc0p05,0.05
permanent_fork,sth_proof,12000,6.0,5.0,0.005,0.1,0.05,3.0,False,,,0.0,0.0,,,,,,,,,0.36930505056452684,0.36930505056452684,0.0,0.0,0,0,48005,0.05,0.05,0.0,True,0.2,0.08,800,10,0.0,0.0,0.0,1.0623323917388916,C:/Users/efasllija/dev/gossip-poc/out_nb_incremental_clean0104/scenario_mixing_sweep/mix_0p05/permanent_fork_sth_proof_n12000_pg0p005_a0p1_ff0p05_s48005_drop0_pc0p05_pgc0p05,0.05
permanent_fork,sth_proof,12000,6.0,5.0,0.005,0.1,0.05,3.0,True,50.0,50.0,0.0,0.0,,,,,33377.0,,,,0.5459170461988393,0.5459170461988393,3.0,4.5696181322447485e-05,3,3,48006,0.05,0.05,0.0,True,0.2,0.08,800,10,0.0,0.0,0.0,1.004181146621704,C:/Users/efasllija/dev/gossip-poc/out_nb_incremental_clean0104/scenario_mixing_sweep/mix_0p05/permanent_fork_sth_proof_n12000_pg0p005_a0p1_ff0p05_s48006_drop0_pc0p05_pgc0p05,0.05
permanent_fork,sth_proof,12000,6.0,5.0,0.005,0.1,0.05,3.0,True,125.0,125.0,0.0,0.0,,,,,48380.0,,,,0.27131177586179417,0.27131177586179417,2.0,3.187403381834988e-05,2,2,48007,0.05,0.05,0.0,True,0.2,0.08,800,10,0.0,0.0,0.0,0.9630334377288818,C:/Users/efasllija/dev/gossip-poc/out_nb_incremental_clean0104/scenario_mixing_sweep/mix_0p05/permanent_fork_sth_proof_n12000_pg0p005_a0p1_ff0p05_s48007_drop0_pc0p05_pgc0p05,0.05
permanent_fork,sth_proof,12000,6.0,5.0,0.005,0.1,0.05,3.0,True,25.0,25.0,0.0,0.0,,,,,29723.0,,,,0.5427603988692492,0.5427603988692492,3.0,4.659687490292318e-05,3,3,48008,0.05,0.05,0.0,True,0.2,0.08,800,10,0.0,0.0,0.0,0.9732944965362549,C:/Users/efasllija/dev/gossip-poc/out_nb_incremental_clean0104/scenario_mixing_sweep/mix_0p05/permanent_fork_sth_proof_n12000_pg0p005_a0p1_ff0p05_s48008_drop0_pc0p05_pgc0p05,0.05
permanent_fork,sth_proof,12000,6.0,5.0,0.005,0.1,0.05,3.0,False,,,0.0,0.0,,,,,,,,,0.7175256485804512,0.7175256485804512,0.0,0.0,0,0,48009,0.05,0.05,0.0,True,0.2,0.08,800,10,0.0,0.0,0.0,0.9536395072937012,C:/Users/efasllija/dev/gossip-poc/out_nb_incremental_clean0104/scenario_mixing_sweep/mix_0p05/permanent_fork_sth_proof_n12000_pg0p005_a0p1_ff0p05_s48009_drop0_pc0p05_pgc0p05,0.05
permanent_fork,sth_proof,12000,6.0,5.0,0.005,0.1,0.05,3.0,True,55.0,55.0,0.0,0.0,,,,,34863.0,,,,0.36631234668847096,0.36631234668847096,1.0,1.5141879410072378e-05,1,1,48010,0.05,0.05,0.0,True,0.2,0.08,800,10,0.0,0.0,0.0,0.9316883087158203,C:/Users/efasllija/dev/gossip-poc/out_nb_incremental_clean0104/scenario_mixing_sweep/mix_0p05/permanent_fork_sth_proof_n12000_pg0p005_a0p1_ff0p05_s48010_drop0_pc0p05_pgc0p05,0.05
permanent_fork,sth_proof,12000,6.0,5.0,0.005,0.1,0.05,3.0,False,,,0.0,0.0,,,,,,,,,0.2785679864446828,0.2785679864446828,0.0,0.0,0,0,48011,0.05,0.05,0.0,True,0.2,0.08,800,10,0.0,0.0,0.0,0.9820711612701416,C:/Users/efasllija/dev/gossip-poc/out_nb_incremental_clean0104/scenario_mixing_sweep/mix_0p05/permanent_fork_sth_proof_n12000_pg0p005_a0p1_ff0p05_s48011_drop0_pc0p05_pgc0p05,0.05
permanent_fork,sth_proof,12000,6.0,5.0,0.005,0.1,0.05,3.0,True,95.0,95.0,0.0,0.0,,,,,42578.0,,,,0.41612483745123535,0.41612483745123535,1.0,1.548083472660846e-05,1,1,48012,0.05,0.05,0.0,True,0.2,0.08,800,10,0.0,0.0,0.0,0.9736692905426025,C:/Users/efasllija/dev/gossip-poc/out_nb_incremental_clean0104/scenario_mixing_sweep/mix_0p05/permanent_fork_sth_proof_n12000_pg0p005_a0p1_ff0p05_s48012_drop0_pc0p05_pgc0p05,0.05
permanent_fork,sth_proof,12000,6.0,5.0,0.005,0.1,0.05,3.0,True,80.0,80.0,0.0,0.0,,,,,42106.0,,,,0.7692125518058023,0.7692125518058023,3.0,4.440497335701598e-05,3,3,48013,0.05,0.05,0.0,True,0.2,0.08,800,10,0.0,0.0,0.0,0.9829893112182617,C:/Users/efasllija/dev/gossip-poc/out_nb_incremental_clean0104/scenario_mixing_sweep/mix_0p05/permanent_fork_sth_proof_n12000_pg0p005_a0p1_ff0p05_s48013_drop0_pc0p05_pgc0p05,0.05
permanent_fork,sth_proof,12000,6.0,5.0,0.005,0.1,0.05,3.0,True,105.0,105.0,0.0,0.0,,,,,48507.0,,,,0.32370877771033846,0.32370877771033846,1.0,1.4451284719211538e-05,1,1,48014,0.05,0.05,0.0,True,0.2,0.08,800,10,0.0,0.0,0.0,0.9654171466827393,C:/Users/efasllija/dev/gossip-poc/out_nb_incremental_clean0104/scenario_mixing_sweep/mix_0p05/permanent_fork_sth_proof_n12000_pg0p005_a0p1_ff0p05_s48014_drop0_pc0p05_pgc0p05,0.05
permanent_fork,sth_proof,12000,6.0,5.0,0.007,0.1,0.05,3.0,True,50.0,50.0,0.0,0.0,,,,,35355.0,,,,0.7629974901398351,0.7629974901398351,3.0,4.4818931516672646e-05,3,3,48000,0.05,0.05,0.0,True,0.2,0.08,800,10,0.0,0.0,0.0,0.977679967880249,C:/Users/efasllija/dev/gossip-poc/out_nb_incremental_clean0104/scenario_mixing_sweep/mix_0p05/permanent_fork_sth_proof_n12000_pg0p007_a0p1_ff0p05_s48000_drop0_pc0p05_pgc0p05,0.05
permanent_fork,sth_proof,12000,6.0,5.0,0.007,0.1,0.05,3.0,True,90.0,90.0,0.0,0.0,,,,,42808.0,,,,0.7272071422130039,0.7272071422130039,4.0,6.011963807977876e-05,4,4,48001,0.05,0.05,0.0,True,0.2,0.08,800,10,0.0,0.0,0.0,0.9840607643127441,C:/Users/efasllija/dev/gossip-poc/out_nb_incremental_clean0104/scenario_mixing_sweep/mix_0p05/permanent_fork_sth_proof_n12000_pg0p007_a0p1_ff0p05_s48001_drop0_pc0p05_pgc0p05,0.05
permanent_fork,sth_proof,12000,6.0,5.0,0.007,0.1,0.05,3.0,True,30.0,30.0,0.0,0.0,,,,,31380.0,,,,0.7527943228361814,0.7527943228361814,2.0,3.0006151261008507e-05,2,2,48002,0.05,0.05,0.0,True,0.2,0.08,800,10,0.0,0.0,0.0,0.9768614768981934,C:/Users/efasllija/dev/gossip-poc/out_nb_incremental_clean0104/scenario_mixing_sweep/mix_0p05/permanent_fork_sth_proof_n12000_pg0p007_a0p1_ff0p05_s48002_drop0_pc0p05_pgc0p05,0.05
permanent_fork,sth_proof,12000,6.0,5.0,0.007,0.1,0.05,3.0,True,90.0,90.0,0.0,0.0,,,,,41624.0,,,,0.5375338419886783,0.5375338419886783,3.0,4.614816637952252e-05,3,3,48003,0.05,0.05,0.0,True,0.2,0.08,800,10,0.0,0.0,0.0,1.0341355800628662,C:/Users/efasllija/dev/gossip-poc/out_nb_incremental_clean0104/scenario_mixing_sweep/mix_0p05/permanent_fork_sth_proof_n12000_pg0p007_a0p1_ff0p05_s48003_drop0_pc0p05_pgc0p05,0.05
permanent_fork,sth_proof,12000,6.0,5.0,0.007,0.1,0.05,3.0,True,10.0,10.0,0.0,0.0,,,,,26908.0,,,,0.37037830886293,0.37037830886293,1.0,1.5309949936463707e-05,1,1,48004,0.05,0.05,0.0,True,0.2,0.08,800,10,0.0,0.0,0.0,0.9643332958221436,C:/Users/efasllija/dev/gossip-poc/out_nb_incremental_clean0104/scenario_mixing_sweep/mix_0p05/permanent_fork_sth_proof_n12000_pg0p007_a0p1_ff0p05_s48004_drop0_pc0p05_pgc0p05,0.05
permanent_fork,sth_proof,12000,6.0,5.0,0.007,0.1,0.05,3.0,False,,,0.0,0.0,,,,,,,,,0.3956839827477073,0.3956839827477073,0.0,0.0,0,0,48005,0.05,0.05,0.0,True,0.2,0.08,800,10,0.0,0.0,0.0,0.993969202041626,C:/Users/efasllija/dev/gossip-poc/out_nb_incremental_clean0104/scenario_mixing_sweep/mix_0p05/permanent_fork_sth_proof_n12000_pg0p007_a0p1_ff0p05_s48005_drop0_pc0p05_pgc0p05,0.05
permanent_fork,sth_proof,12000,6.0,5.0,0.007,0.1,0.05,3.0,True,50.0,50.0,0.0,0.0,,,,,33377.0,,,,0.6005087508187232,0.6005087508187232,3.0,4.5696181322447485e-05,3,3,48006,0.05,0.05,0.0,True,0.2,0.08,800,10,0.0,0.0,0.0,0.9840996265411377,C:/Users/efasllija/dev/gossip-poc/out_nb_incremental_clean0104/scenario_mixing_sweep/mix_0p05/permanent_fork_sth_proof_n12000_pg0p007_a0p1_ff0p05_s48006_drop0_pc0p05_pgc0p05,0.05
permanent_fork,sth_proof,12000,6.0,5.0,0.007,0.1,0.05,3.0,True,125.0,125.0,0.0,0.0,,,,,48380.0,,,,0.4855052831211054,0.4855052831211054,3.0,4.781105072752482e-05,3,3,48007,0.05,0.05,0.0,True,0.2,0.08,800,10,0.0,0.0,0.0,0.9838259220123291,C:/Users/efasllija/dev/gossip-poc/out_nb_incremental_clean0104/scenario_mixing_sweep/mix_0p05/permanent_fork_sth_proof_n12000_pg0p007_a0p1_ff0p05_s48007_drop0_pc0p05_pgc0p05,0.05
permanent_fork,sth_proof,12000,6.0,5.0,0.007,0.1,0.05,3.0,True,25.0,25.0,0.0,0.0,,,,,29723.0,,,,0.5984281320866081,0.5984281320866081,3.0,4.659687490292318e-05,3,3,48008,0.05,0.05,0.0,True,0.2,0.08,800,10,0.0,0.0,0.0,0.9731566905975342,C:/Users/efasllija/dev/gossip-poc/out_nb_incremental_clean0104/scenario_mixing_sweep/mix_0p05/permanent_fork_sth_proof_n12000_pg0p007_a0p1_ff0p05_s48008_drop0_pc0p05_pgc0p05,0.05
permanent_fork,sth_proof,12000,6.0,5.0,0.007,0.1,0.05,3.0,False,,,0.0,0.0,,,,,,,,,1.164286901470166,1.164286901470166,0.0,0.0,0,0,48009,0.05,0.05,0.0,True,0.2,0.08,800,10,0.0,0.0,0.0,0.9902215003967285,C:/Users/efasllija/dev/gossip-poc/out_nb_incremental_clean0104/scenario_mixing_sweep/mix_0p05/permanent_fork_sth_proof_n12000_pg0p007_a0p1_ff0p05_s48009_drop0_pc0p05_pgc0p05,0.05
permanent_fork,sth_proof,12000,6.0,5.0,0.007,0.1,0.05,3.0,True,55.0,55.0,0.0,0.0,,,,,34863.0,,,,0.40701371854274554,0.40701371854274554,1.0,1.5141879410072378e-05,1,1,48010,0.05,0.05,0.0,True,0.2,0.08,800,10,0.0,0.0,0.0,0.9750144481658936,C:/Users/efasllija/dev/gossip-poc/out_nb_incremental_clean0104/scenario_mixing_sweep/mix_0p05/permanent_fork_sth_proof_n12000_pg0p007_a0p1_ff0p05_s48010_drop0_pc0p05_pgc0p05,0.05
permanent_fork,sth_proof,12000,6.0,5.0,0.007,0.1,0.05,3.0,False,,,0.0,0.0,,,,,,,,,0.3064247850891511,0.3064247850891511,0.0,0.0,0,0,48011,0.05,0.05,0.0,True,0.2,0.08,800,10,0.0,0.0,0.0,0.9496424198150635,C:/Users/efasllija/dev/gossip-poc/out_nb_incremental_clean0104/scenario_mixing_sweep/mix_0p05/permanent_fork_sth_proof_n12000_pg0p007_a0p1_ff0p05_s48011_drop0_pc0p05_pgc0p05,0.05
permanent_fork,sth_proof,12000,6.0,5.0,0.007,0.1,0.05,3.0,True,95.0,95.0,0.0,0.0,,,,,42578.0,,,,0.7628955353272648,0.7628955353272648,1.0,1.548083472660846e-05,1,1,48012,0.05,0.05,0.0,True,0.2,0.08,800,10,0.0,0.0,0.0,0.9822366237640381,C:/Users/efasllija/dev/gossip-poc/out_nb_incremental_clean0104/scenario_mixing_sweep/mix_0p05/permanent_fork_sth_proof_n12000_pg0p007_a0p1_ff0p05_s48012_drop0_pc0p05_pgc0p05,0.05
permanent_fork,sth_proof,12000,6.0,5.0,0.007,0.1,0.05,3.0,True,80.0,80.0,0.0,0.0,,,,,42106.0,,,,1.0609828300769686,1.0609828300769686,3.0,4.440497335701598e-05,3,3,48013,0.05,0.05,0.0,True,0.2,0.08,800,10,0.0,0.0,0.0,0.9685602188110352,C:/Users/efasllija/dev/gossip-poc/out_nb_incremental_clean0104/scenario_mixing_sweep/mix_0p05/permanent_fork_sth_proof_n12000_pg0p007_a0p1_ff0p05_s48013_drop0_pc0p05_pgc0p05,0.05
permanent_fork,sth_proof,12000,6.0,5.0,0.007,0.1,0.05,3.0,True,105.0,105.0,0.0,0.0,,,,,48507.0,,,,0.3755021821439926,0.3755021821439926,2.0,2.8902569438423076e-05,2,2,48014,0.05,0.05,0.0,True,0.2,0.08,800,10,0.0,0.0,0.0,0.9901893138885498,C:/Users/efasllija/dev/gossip-poc/out_nb_incremental_clean0104/scenario_mixing_sweep/mix_0p05/permanent_fork_sth_proof_n12000_pg0p007_a0p1_ff0p05_s48014_drop0_pc0p05_pgc0p05,0.05
permanent_fork,sth_proof,12000,6.0,5.0,0.01,0.1,0.05,3.0,True,50.0,50.0,0.0,0.0,,,,,35355.0,,,,0.8700848571770049,0.8700848571770049,3.0,4.4818931516672646e-05,3,3,48000,0.05,0.05,0.0,True,0.2,0.08,800,10,0.0,0.0,0.0,0.9691500663757324,C:/Users/efasllija/dev/gossip-poc/out_nb_incremental_clean0104/scenario_mixing_sweep/mix_0p05/permanent_fork_sth_proof_n12000_pg0p01_a0p1_ff0p05_s48000_drop0_pc0p05_pgc0p05,0.05
permanent_fork,sth_proof,12000,6.0,5.0,0.01,0.1,0.05,3.0,True,90.0,90.0,0.0,0.0,,,,,42808.0,,,,0.9696095229506718,0.9696095229506718,5.0,7.514954759972345e-05,5,5,48001,0.05,0.05,0.0,True,0.2,0.08,800,10,0.0,0.0,0.0,0.966031551361084,C:/Users/efasllija/dev/gossip-poc/out_nb_incremental_clean0104/scenario_mixing_sweep/mix_0p05/permanent_fork_sth_proof_n12000_pg0p01_a0p1_ff0p05_s48001_drop0_pc0p05_pgc0p05,0.05
permanent_fork,sth_proof,12000,6.0,5.0,0.01,0.1,0.05,3.0,True,30.0,30.0,0.0,0.0,,,,,31380.0,,,,0.8603363689556359,0.8603363689556359,3.0,4.500922689151276e-05,3,3,48002,0.05,0.05,0.0,True,0.2,0.08,800,10,0.0,0.0,0.0,0.9650189876556396,C:/Users/efasllija/dev/gossip-poc/out_nb_incremental_clean0104/scenario_mixing_sweep/mix_0p05/permanent_fork_sth_proof_n12000_pg0p01_a0p1_ff0p05_s48002_drop0_pc0p05_pgc0p05,0.05
permanent_fork,sth_proof,12000,6.0,5.0,0.01,0.1,0.05,3.0,True,90.0,90.0,0.0,0.0,,,,,41624.0,,,,0.7994093034703421,0.7994093034703421,4.0,6.153088850603002e-05,4,4,48003,0.05,0.05,0.0,True,0.2,0.08,800,10,0.0,0.0,0.0,0.9587714672088623,C:/Users/efasllija/dev/gossip-poc/out_nb_incremental_clean0104/scenario_mixing_sweep/mix_0p05/permanent_fork_sth_proof_n12000_pg0p01_a0p1_ff0p05_s48003_drop0_pc0p05_pgc0p05,0.05
permanent_fork,sth_proof,12000,6.0,5.0,0.01,0.1,0.05,3.0,True,10.0,10.0,0.0,0.0,,,,,26908.0,,,,0.4389668845782874,0.4389668845782874,1.0,1.5309949936463707e-05,1,1,48004,0.05,0.05,0.0,True,0.2,0.08,800,10,0.0,0.0,0.0,0.9519016742706299,C:/Users/efasllija/dev/gossip-poc/out_nb_incremental_clean0104/scenario_mixing_sweep/mix_0p05/permanent_fork_sth_proof_n12000_pg0p01_a0p1_ff0p05_s48004_drop0_pc0p05_pgc0p05,0.05
permanent_fork,sth_proof,12000,6.0,5.0,0.01,0.1,0.05,3.0,True,145.0,145.0,0.0,0.0,,,,,57346.0,,,,0.6726627706711024,0.6726627706711024,1.0,1.472038626293554e-05,1,1,48005,0.05,0.05,0.0,True,0.2,0.08,800,10,0.0,0.0,0.0,0.9799172878265381,C:/Users/efasllija/dev/gossip-poc/out_nb_incremental_clean0104/scenario_mixing_sweep/mix_0p05/permanent_fork_sth_proof_n12000_pg0p01_a0p1_ff0p05_s48005_drop0_pc0p05_pgc0p05,0.05
permanent_fork,sth_proof,12000,6.0,5.0,0.01,0.1,0.05,3.0,True,50.0,50.0,0.0,0.0,,,,,33377.0,,,,0.83252349545323,0.83252349545323,3.0,4.5696181322447485e-05,3,3,48006,0.05,0.05,0.0,True,0.2,0.08,800,10,0.0,0.0,0.0,0.9573400020599365,C:/Users/efasllija/dev/gossip-poc/out_nb_incremental_clean0104/scenario_mixing_sweep/mix_0p05/permanent_fork_sth_proof_n12000_pg0p01_a0p1_ff0p05_s48006_drop0_pc0p05_pgc0p05,0.05
permanent_fork,sth_proof,12000,6.0,5.0,0.01,0.1,0.05,3.0,True,125.0,125.0,0.0,0.0,,,,,48380.0,,,,0.5711826860248299,0.5711826860248299,3.0,4.781105072752482e-05,3,3,48007,0.05,0.05,0.0,True,0.2,0.08,800,10,0.0,0.0,0.0,0.9357256889343262,C:/Users/efasllija/dev/gossip-poc/out_nb_incremental_clean0104/scenario_mixing_sweep/mix_0p05/permanent_fork_sth_proof_n12000_pg0p01_a0p1_ff0p05_s48007_drop0_pc0p05_pgc0p05,0.05
permanent_fork,sth_proof,12000,6.0,5.0,0.01,0.1,0.05,3.0,True,25.0,25.0,0.0,0.0,,,,,29723.0,,,,0.6958466652169861,0.6958466652169861,3.0,4.659687490292318e-05,3,3,48008,0.05,0.05,0.0,True,0.2,0.08,800,10,0.0,0.0,0.0,0.9501674175262451,C:/Users/efasllija/dev/gossip-poc/out_nb_incremental_clean0104/scenario_mixing_sweep/mix_0p05/permanent_fork_sth_proof_n12000_pg0p01_a0p1_ff0p05_s48008_drop0_pc0p05_pgc0p05,0.05
permanent_fork,sth_proof,12000,6.0,5.0,0.01,0.1,0.05,3.0,False,,,0.0,0.0,,,,,,,,,1.2455162201773868,1.2455162201773868,0.0,0.0,0,0,48009,0.05,0.05,0.0,True,0.2,0.08,800,10,0.0,0.0,0.0,0.9500687122344971,C:/Users/efasllija/dev/gossip-poc/out_nb_incremental_clean0104/scenario_mixing_sweep/mix_0p05/permanent_fork_sth_proof_n12000_pg0p01_a0p1_ff0p05_s48009_drop0_pc0p05_pgc0p05,0.05
permanent_fork,sth_proof,12000,6.0,5.0,0.01,0.1,0.05,3.0,True,55.0,55.0,0.0,0.0,,,,,34863.0,,,,0.8004603131340662,0.8004603131340662,2.0,3.0283758820144755e-05,2,2,48010,0.05,0.05,0.0,True,0.2,0.08,800,10,0.0,0.0,0.0,0.9559378623962402,C:/Users/efasllija/dev/gossip-poc/out_nb_incremental_clean0104/scenario_mixing_sweep/mix_0p05/permanent_fork_sth_proof_n12000_pg0p01_a0p1_ff0p05_s48010_drop0_pc0p05_pgc0p05,0.05
permanent_fork,sth_proof,12000,6.0,5.0,0.01,0.1,0.05,3.0,False,,,0.0,0.0,,,,,,,,,0.6824915667894729,0.6824915667894729,0.0,0.0,0,0,48011,0.05,0.05,0.0,True,0.2,0.08,800,10,0.0,0.0,0.0,0.9705181121826172,C:/Users/efasllija/dev/gossip-poc/out_nb_incremental_clean0104/scenario_mixing_sweep/mix_0p05/permanent_fork_sth_proof_n12000_pg0p01_a0p1_ff0p05_s48011_drop0_pc0p05_pgc0p05,0.05
permanent_fork,sth_proof,12000,6.0,5.0,0.01,0.1,0.05,3.0,True,80.0,80.0,0.0,0.0,,,,,39033.0,,,,1.1512787169484178,1.1512787169484178,3.0,4.644250417982538e-05,3,3,48012,0.05,0.05,0.0,True,0.2,0.08,800,10,0.0,0.0,0.0,1.1701438426971436,C:/Users/efasllija/dev/gossip-poc/out_nb_incremental_clean0104/scenario_mixing_sweep/mix_0p05/permanent_fork_sth_proof_n12000_pg0p01_a0p1_ff0p05_s48012_drop0_pc0p05_pgc0p05,0.05
permanent_fork,sth_proof,12000,6.0,5.0,0.01,0.1,0.05,3.0,True,80.0,80.0,0.0,0.0,,,,,42106.0,,,,1.5384251036116046,1.5384251036116046,5.0,7.400828892835997e-05,5,5,48013,0.05,0.05,0.0,True,0.2,0.08,800,10,0.0,0.0,0.0,0.9823784828186035,C:/Users/efasllija/dev/gossip-poc/out_nb_incremental_clean0104/scenario_mixing_sweep/mix_0p05/permanent_fork_sth_proof_n12000_pg0p01_a0p1_ff0p05_s48013_drop0_pc0p05_pgc0p05,0.05
permanent_fork,sth_proof,12000,6.0,5.0,0.01,0.1,0.05,3.0,True,45.0,45.0,0.0,0.0,,,,,35588.0,,,,0.6344692043122634,0.6344692043122634,5.0,7.225642359605769e-05,5,5,48014,0.05,0.05,0.0,True,0.2,0.08,800,10,0.0,0.0,0.0,0.9455091953277588,C:/Users/efasllija/dev/gossip-poc/out_nb_incremental_clean0104/scenario_mixing_sweep/mix_0p05/permanent_fork_sth_proof_n12000_pg0p01_a0p1_ff0p05_s48014_drop0_pc0p05_pgc0p05,0.05
permanent_fork,sth_proof,12000,6.0,5.0,0.015,0.1,0.05,3.0,True,50.0,50.0,0.0,0.0,,,,,35355.0,,,,1.1378032747699296,1.1378032747699296,4.0,5.9758575355563525e-05,4,4,48000,0.05,0.05,0.0,True,0.2,0.08,800,10,0.0,0.0,0.0,0.9511837959289551,C:/Users/efasllija/dev/gossip-poc/out_nb_incremental_clean0104/scenario_mixing_sweep/mix_0p05/permanent_fork_sth_proof_n12000_pg0p015_a0p1_ff0p05_s48000_drop0_pc0p05_pgc0p05,0.05
permanent_fork,sth_proof,12000,6.0,5.0,0.015,0.1,0.05,3.0,True,70.0,70.0,0.0,0.0,,,,,38771.0,,,,1.8045510566026393,1.8045510566026393,7.0,0.00010520936663961282,7,7,48001,0.05,0.05,0.0,True,0.2,0.08,800,10,0.0,0.0,0.0,0.9914209842681885,C:/Users/efasllija/dev/gossip-poc/out_nb_incremental_clean0104/scenario_mixing_sweep/mix_0p05/permanent_fork_sth_proof_n12000_pg0p015_a0p1_ff0p05_s48001_drop0_pc0p05_pgc0p05,0.05
permanent_fork,sth_proof,12000,6.0,5.0,0.015,0.1,0.05,3.0,True,30.0,30.0,0.0,0.0,,,,,31380.0,,,,1.3980465995529083,1.3980465995529083,4.0,6.0012302522017014e-05,4,4,48002,0.05,0.05,0.0,True,0.2,0.08,800,10,0.0,0.0,0.0,0.943307638168335,C:/Users/efasllija/dev/gossip-poc/out_nb_incremental_clean0104/scenario_mixing_sweep/mix_0p05/permanent_fork_sth_proof_n12000_pg0p015_a0p1_ff0p05_s48002_drop0_pc0p05_pgc0p05,0.05
permanent_fork,sth_proof,12000,6.0,5.0,0.015,0.1,0.05,3.0,True,50.0,50.0,0.0,0.0,,,,,33491.0,,,,1.5161210927885798,1.5161210927885798,6.0,9.229633275904504e-05,6,6,48003,0.05,0.05,0.0,True,0.2,0.08,800,10,0.0,0.0,0.0,0.9507017135620117,C:/Users/efasllija/dev/gossip-poc/out_nb_incremental_clean0104/scenario_mixing_sweep/mix_0p05/permanent_fork_sth_proof_n12000_pg0p015_a0p1_ff0p05_s48003_drop0_pc0p05_pgc0p05,0.05
permanent_fork,sth_proof,12000,6.0,5.0,0.015,0.1,0.05,3.0,True,10.0,10.0,0.0,0.0,,,,,26908.0,,,,1.138570356874933,1.138570356874933,3.0,4.5929849809391124e-05,3,3,48004,0.05,0.05,0.0,True,0.2,0.08,800,10,0.0,0.0,0.0,0.9569835662841797,C:/Users/efasllija/dev/gossip-poc/out_nb_incremental_clean0104/scenario_mixing_sweep/mix_0p05/permanent_fork_sth_proof_n12000_pg0p015_a0p1_ff0p05_s48004_drop0_pc0p05_pgc0p05,0.05
permanent_fork,sth_proof,12000,6.0,5.0,0.015,0.1,0.05,3.0,True,75.0,75.0,0.0,0.0,,,,,39883.0,,,,1.0551572873272195,1.0551572873272195,2.0,2.944077252587108e-05,2,2,48005,0.05,0.05,0.0,True,0.2,0.08,800,10,0.0,0.0,0.0,0.9610233306884766,C:/Users/efasllija/dev/gossip-poc/out_nb_incremental_clean0104/scenario_mixing_sweep/mix_0p05/permanent_fork_sth_proof_n12000_pg0p015_a0p1_ff0p05_s48005_drop0_pc0p05_pgc0p05,0.05
permanent_fork,sth_proof,12000,6.0,5.0,0.015,0.1,0.05,3.0,True,5.0,5.0,0.0,0.0,,,,,26234.0,,,,0.9417069046929978,0.9417069046929978,4.0,6.0928241763263316e-05,4,4,48006,0.05,0.05,0.0,True,0.2,0.08,800,10,0.0,0.0,0.0,0.9495007991790771,C:/Users/efasllija/dev/gossip-poc/out_nb_incremental_clean0104/scenario_mixing_sweep/mix_0p05/permanent_fork_sth_proof_n12000_pg0p015_a0p1_ff0p05_s48006_drop0_pc0p05_pgc0p05,0.05
permanent_fork,sth_proof,12000,6.0,5.0,0.015,0.1,0.05,3.0,True,125.0,125.0,0.0,0.0,,,,,48380.0,,,,0.7568170589828995,0.7568170589828995,4.0,6.374806763669976e-05,4,4,48007,0.05,0.05,0.0,True,0.2,0.08,800,10,0.0,0.0,0.0,0.9406518936157227,C:/Users/efasllija/dev/gossip-poc/out_nb_incremental_clean0104/scenario_mixing_sweep/mix_0p05/permanent_fork_sth_proof_n12000_pg0p015_a0p1_ff0p05_s48007_drop0_pc0p05_pgc0p05,0.05
permanent_fork,sth_proof,12000,6.0,5.0,0.015,0.1,0.05,3.0,True,25.0,25.0,0.0,0.0,,,,,29723.0,,,,1.155105464260197,1.155105464260197,3.0,4.659687490292318e-05,3,3,48008,0.05,0.05,0.0,True,0.2,0.08,800,10,0.0,0.0,0.0,0.9512860774993896,C:/Users/efasllija/dev/gossip-poc/out_nb_incremental_clean0104/scenario_mixing_sweep/mix_0p05/permanent_fork_sth_proof_n12000_pg0p015_a0p1_ff0p05_s48008_drop0_pc0p05_pgc0p05,0.05
permanent_fork,sth_proof,12000,6.0,5.0,0.015,0.1,0.05,3.0,True,125.0,125.0,0.0,0.0,,,,,50762.0,,,,1.82765967091247,1.82765967091247,1.0,1.510962029524198e-05,1,1,48009,0.05,0.05,0.0,True,0.2,0.08,800,10,0.0,0.0,0.0,0.9674091339111328,C:/Users/efasllija/dev/gossip-poc/out_nb_incremental_clean0104/scenario_mixing_sweep/mix_0p05/permanent_fork_sth_proof_n12000_pg0p015_a0p1_ff0p05_s48009_drop0_pc0p05_pgc0p05,0.05
permanent_fork,sth_proof,12000,6.0,5.0,0.015,0.1,0.05,3.0,True,55.0,55.0,0.0,0.0,,,,,34863.0,,,,1.4245480148996092,1.4245480148996092,4.0,6.056751764028951e-05,4,4,48010,0.05,0.05,0.0,True,0.2,0.08,800,10,0.0,0.0,0.0,0.9292798042297363,C:/Users/efasllija/dev/gossip-poc/out_nb_incremental_clean0104/scenario_mixing_sweep/mix_0p05/permanent_fork_sth_proof_n12000_pg0p015_a0p1_ff0p05_s48010_drop0_pc0p05_pgc0p05,0.05
permanent_fork,sth_proof,12000,6.0,5.0,0.015,0.1,0.05,3.0,True,75.0,75.0,0.0,0.0,,,,,38169.0,,,,1.0446299491675606,1.0446299491675606,1.0,1.5545088529279174e-05,1,1,48011,0.05,0.05,0.0,True,0.2,0.08,800,10,0.0,0.0,0.0,0.9443070888519287,C:/Users/efasllija/dev/gossip-poc/out_nb_incremental_clean0104/scenario_mixing_sweep/mix_0p05/permanent_fork_sth_proof_n12000_pg0p015_a0p1_ff0p05_s48011_drop0_pc0p05_pgc0p05,0.05
permanent_fork,sth_proof,12000,6.0,5.0,0.015,0.1,0.05,3.0,True,0.0,0.0,0.0,0.0,,,,,25342.0,,,,1.539661898569571,1.539661898569571,4.0,6.192333890643384e-05,4,4,48012,0.05,0.05,0.0,True,0.2,0.08,800,10,0.0,0.0,0.0,0.944176197052002,C:/Users/efasllija/dev/gossip-poc/out_nb_incremental_clean0104/scenario_mixing_sweep/mix_0p05/permanent_fork_sth_proof_n12000_pg0p015_a0p1_ff0p05_s48012_drop0_pc0p05_pgc0p05,0.05
permanent_fork,sth_proof,12000,6.0,5.0,0.015,0.1,0.05,3.0,True,80.0,80.0,0.0,0.0,,,,,42106.0,,,,2.0291296625222026,2.0291296625222026,7.0,0.00010361160449970396,7,7,48013,0.05,0.05,0.0,True,0.2,0.08,800,10,0.0,0.0,0.0,0.9716827869415283,C:/Users/efasllija/dev/gossip-poc/out_nb_incremental_clean0104/scenario_mixing_sweep/mix_0p05/permanent_fork_sth_proof_n12000_pg0p015_a0p1_ff0p05_s48013_drop0_pc0p05_pgc0p05,0.05
permanent_fork,sth_proof,12000,6.0,5.0,0.015,0.1,0.05,3.0,True,45.0,45.0,0.0,0.0,,,,,35588.0,,,,1.4631636752507298,1.4631636752507298,7.0,0.00010115899303448076,7,7,48014,0.05,0.05,0.0,True,0.2,0.08,800,10,0.0,0.0,0.0,0.9586436748504639,C:/Users/efasllija/dev/gossip-poc/out_nb_incremental_clean0104/scenario_mixing_sweep/mix_0p05/permanent_fork_sth_proof_n12000_pg0p015_a0p1_ff0p05_s48014_drop0_pc0p05_pgc0p05,0.05
permanent_fork,sth_proof,12000,6.0,5.0,0.02,0.1,0.05,3.0,True,50.0,50.0,0.0,0.0,,,,,35355.0,,,,1.5259949802796702,1.5259949802796702,5.0,7.46982191944544e-05,5,5,48000,0.05,0.05,0.0,True,0.2,0.08,800,10,0.0,0.0,0.0,0.9491531848907471,C:/Users/efasllija/dev/gossip-poc/out_nb_incremental_clean0104/scenario_mixing_sweep/mix_0p05/permanent_fork_sth_proof_n12000_pg0p02_a0p1_ff0p05_s48000_drop0_pc0p05_pgc0p05,0.05
permanent_fork,sth_proof,12000,6.0,5.0,0.02,0.1,0.05,3.0,True,70.0,70.0,0.0,0.0,,,,,38771.0,,,,2.222021823428623,2.222021823428623,7.0,0.00010520936663961282,7,7,48001,0.05,0.05,0.0,True,0.2,0.08,800,10,0.0,0.0,0.0,0.9603526592254639,C:/Users/efasllija/dev/gossip-poc/out_nb_incremental_clean0104/scenario_mixing_sweep/mix_0p05/permanent_fork_sth_proof_n12000_pg0p02_a0p1_ff0p05_s48001_drop0_pc0p05_pgc0p05,0.05
permanent_fork,sth_proof,12000,6.0,5.0,0.02,0.1,0.05,3.0,True,30.0,30.0,0.0,0.0,,,,,31380.0,,,,2.056741632034567,2.056741632034567,5.0,7.501537815252127e-05,5,5,48002,0.05,0.05,0.0,True,0.2,0.08,800,10,0.0,0.0,0.0,0.9712307453155518,C:/Users/efasllija/dev/gossip-poc/out_nb_incremental_clean0104/scenario_mixing_sweep/mix_0p05/permanent_fork_sth_proof_n12000_pg0p02_a0p1_ff0p05_s48002_drop0_pc0p05_pgc0p05,0.05
permanent_fork,sth_proof,12000,6.0,5.0,0.02,0.1,0.05,3.0,True,50.0,50.0,0.0,0.0,,,,,33491.0,,,,1.9709574206251539,1.9709574206251539,7.0,0.00010767905488555255,7,7,48003,0.05,0.05,0.0,True,0.2,0.08,800,10,0.0,0.0,0.0,0.9496955871582031,C:/Users/efasllija/dev/gossip-poc/out_nb_incremental_clean0104/scenario_mixing_sweep/mix_0p05/permanent_fork_sth_proof_n12000_pg0p02_a0p1_ff0p05_s48003_drop0_pc0p05_pgc0p05,0.05
permanent_fork,sth_proof,12000,6.0,5.0,0.02,0.1,0.05,3.0,True,10.0,10.0,0.0,0.0,,,,,26908.0,,,,1.879326974600793,1.879326974600793,5.0,7.654974968231854e-05,5,5,48004,0.05,0.05,0.0,True,0.2,0.08,800,10,0.0,0.0,0.0,0.9535694122314453,C:/Users/efasllija/dev/gossip-poc/out_nb_incremental_clean0104/scenario_mixing_sweep/mix_0p05/permanent_fork_sth_proof_n12000_pg0p02_a0p1_ff0p05_s48004_drop0_pc0p05_pgc0p05,0.05
permanent_fork,sth_proof,12000,6.0,5.0,0.02,0.1,0.05,3.0,True,55.0,55.0,0.0,0.0,,,,,35973.0,,,,1.2002414143347122,1.2002414143347122,3.0,4.416115878880662e-05,3,3,48005,0.05,0.05,0.0,True,0.2,0.08,800,10,0.0,0.0,0.0,0.9749224185943604,C:/Users/efasllija/dev/gossip-poc/out_nb_incremental_clean0104/scenario_mixing_sweep/mix_0p05/permanent_fork_sth_proof_n12000_pg0p02_a0p1_ff0p05_s48005_drop0_pc0p05_pgc0p05,0.05
permanent_fork,sth_proof,12000,6.0,5.0,0.02,0.1,0.05,3.0,True,5.0,5.0,0.0,0.0,,,,,26234.0,,,,1.1327778708625915,1.1327778708625915,6.0,9.139236264489497e-05,6,6,48006,0.05,0.05,0.0,True,0.2,0.08,800,10,0.0,0.0,0.0,0.9664461612701416,C:/Users/efasllija/dev/gossip-poc/out_nb_incremental_clean0104/scenario_mixing_sweep/mix_0p05/permanent_fork_sth_proof_n12000_pg0p02_a0p1_ff0p05_s48006_drop0_pc0p05_pgc0p05,0.05
permanent_fork,sth_proof,12000,6.0,5.0,0.02,0.1,0.05,3.0,True,125.0,125.0,0.0,0.0,,,,,48380.0,,,,1.642150222321386,1.642150222321386,4.0,6.374806763669976e-05,4,4,48007,0.05,0.05,0.0,True,0.2,0.08,800,10,0.0,0.0,0.0,0.9485220909118652,C:/Users/efasllija/dev/gossip-poc/out_nb_incremental_clean0104/scenario_mixing_sweep/mix_0p05/permanent_fork_sth_proof_n12000_pg0p02_a0p1_ff0p05_s48007_drop0_pc0p05_pgc0p05,0.05
permanent_fork,sth_proof,12000,6.0,5.0,0.02,0.1,0.05,3.0,True,25.0,25.0,0.0,0.0,,,,,29723.0,,,,1.2803578639992546,1.2803578639992546,3.0,4.659687490292318e-05,3,3,48008,0.05,0.05,0.0,True,0.2,0.08,800,10,0.0,0.0,0.0,0.9665136337280273,C:/Users/efasllija/dev/gossip-poc/out_nb_incremental_clean0104/scenario_mixing_sweep/mix_0p05/permanent_fork_sth_proof_n12000_pg0p02_a0p1_ff0p05_s48008_drop0_pc0p05_pgc0p05,0.05
permanent_fork,sth_proof,12000,6.0,5.0,0.02,0.1,0.05,3.0,True,5.0,5.0,0.0,0.0,,,,,27526.0,,,,2.2202680446640377,2.2202680446640377,4.0,6.043848118096792e-05,4,4,48009,0.05,0.05,0.0,True,0.2,0.08,800,10,0.0,0.0,0.0,0.9846155643463135,C:/Users/efasllija/dev/gossip-poc/out_nb_incremental_clean0104/scenario_mixing_sweep/mix_0p05/permanent_fork_sth_proof_n12000_pg0p02_a0p1_ff0p05_s48009_drop0_pc0p05_pgc0p05,0.05
permanent_fork,sth_proof,12000,6.0,5.0,0.02,0.1,0.05,3.0,True,25.0,25.0,0.0,0.0,,,,,29959.0,,,,2.170739832227976,2.170739832227976,6.0,9.085127646043427e-05,6,6,48010,0.05,0.05,0.0,True,0.2,0.08,800,10,0.0,0.0,0.0,0.9658200740814209,C:/Users/efasllija/dev/gossip-poc/out_nb_incremental_clean0104/scenario_mixing_sweep/mix_0p05/permanent_fork_sth_proof_n12000_pg0p02_a0p1_ff0p05_s48010_drop0_pc0p05_pgc0p05,0.05
permanent_fork,sth_proof,12000,6.0,5.0,0.02,0.1,0.05,3.0,True,75.0,75.0,0.0,0.0,,,,,38169.0,,,,1.2674843383233068,1.2674843383233068,1.0,1.5545088529279174e-05,1,1,48011,0.05,0.05,0.0,True,0.2,0.08,800,10,0.0,0.0,0.0,0.9786019325256348,C:/Users/efasllija/dev/gossip-poc/out_nb_incremental_clean0104/scenario_mixing_sweep/mix_0p05/permanent_fork_sth_proof_n12000_pg0p02_a0p1_ff0p05_s48011_drop0_pc0p05_pgc0p05,0.05
permanent_fork,sth_proof,12000,6.0,5.0,0.02,0.1,0.05,3.0,True,0.0,0.0,0.0,0.0,,,,,25342.0,,,,2.1222366710013003,2.1222366710013003,7.0,0.00010836584308625921,7,7,48012,0.05,0.05,0.0,True,0.2,0.08,800,10,0.0,0.0,0.0,0.9735827445983887,C:/Users/efasllija/dev/gossip-poc/out_nb_incremental_clean0104/scenario_mixing_sweep/mix_0p05/permanent_fork_sth_proof_n12000_pg0p02_a0p1_ff0p05_s48012_drop0_pc0p05_pgc0p05,0.05
permanent_fork,sth_proof,12000,6.0,5.0,0.02,0.1,0.05,3.0,True,80.0,80.0,0.0,0.0,,,,,42106.0,,,,2.2943753700414447,2.2943753700414447,7.0,0.00010361160449970396,7,7,48013,0.05,0.05,0.0,True,0.2,0.08,800,10,0.0,0.0,0.0,1.02382230758667,C:/Users/efasllija/dev/gossip-poc/out_nb_incremental_clean0104/scenario_mixing_sweep/mix_0p05/permanent_fork_sth_proof_n12000_pg0p02_a0p1_ff0p05_s48013_drop0_pc0p05_pgc0p05,0.05
permanent_fork,sth_proof,12000,6.0,5.0,0.02,0.1,0.05,3.0,True,45.0,45.0,0.0,0.0,,,,,35588.0,,,,1.8386658573947223,1.8386658573947223,7.0,0.00010115899303448076,7,7,48014,0.05,0.05,0.0,True,0.2,0.08,800,10,0.0,0.0,0.0,0.9741811752319336,C:/Users/efasllija/dev/gossip-poc/out_nb_incremental_clean0104/scenario_mixing_sweep/mix_0p05/permanent_fork_sth_proof_n12000_pg0p02_a0p1_ff0p05_s48014_drop0_pc0p05_pgc0p05,0.05
permanent_fork,sth_proof,12000,6.0,5.0,0.03,0.1,0.05,3.0,True,0.0,0.0,0.0,0.0,,,,,27137.0,,,,2.864587068244293,2.864587068244293,10.0,0.0001493964383889088,10,10,48000,0.05,0.05,0.0,True,0.2,0.08,800,10,0.0,0.0,0.0,0.9510970115661621,C:/Users/efasllija/dev/gossip-poc/out_nb_incremental_clean0104/scenario_mixing_sweep/mix_0p05/permanent_fork_sth_proof_n12000_pg0p03_a0p1_ff0p05_s48000_drop0_pc0p05_pgc0p05,0.05
permanent_fork,sth_proof,12000,6.0,5.0,0.03,0.1,0.05,3.0,True,70.0,70.0,0.0,0.0,,,,,38771.0,,,,2.8145609763429222,2.8145609763429222,7.0,0.00010520936663961282,7,7,48001,0.05,0.05,0.0,True,0.2,0.08,800,10,0.0,0.0,0.0,0.977696418762207,C:/Users/efasllija/dev/gossip-poc/out_nb_incremental_clean0104/scenario_mixing_sweep/mix_0p05/permanent_fork_sth_proof_n12000_pg0p03_a0p1_ff0p05_s48001_drop0_pc0p05_pgc0p05,0.05
permanent_fork,sth_proof,12000,6.0,5.0,0.03,0.1,0.05,3.0,True,30.0,30.0,0.0,0.0,,,,,31380.0,,,,2.8095359548707486,2.8095359548707486,6.0,9.001845378302552e-05,6,6,48002,0.05,0.05,0.0,True,0.2,0.08,800,10,0.0,0.0,0.0,0.9724941253662109,C:/Users/efasllija/dev/gossip-poc/out_nb_incremental_clean0104/scenario_mixing_sweep/mix_0p05/permanent_fork_sth_proof_n12000_pg0p03_a0p1_ff0p05_s48002_drop0_pc0p05_pgc0p05,0.05
permanent_fork,sth_proof,12000,6.0,5.0,0.03,0.1,0.05,3.0,True,50.0,50.0,0.0,0.0,,,,,33491.0,,,,3.2389859709574207,3.2389859709574207,8.0,0.00012306177701206005,8,8,48003,0.05,0.05,0.0,True,0.2,0.08,800,10,0.0,0.0,0.0,0.9609408378601074,C:/Users/efasllija/dev/gossip-poc/out_nb_incremental_clean0104/scenario_mixing_sweep/mix_0p05/permanent_fork_sth_proof_n12000_pg0p03_a0p1_ff0p05_s48003_drop0_pc0p05_pgc0p05,0.05
permanent_fork,sth_proof,12000,6.0,5.0,0.03,0.1,0.05,3.0,True,10.0,10.0,0.0,0.0,,,,,26908.0,,,,2.5377773014682243,2.5377773014682243,8.0,0.00012247959949170966,8,8,48004,0.05,0.05,0.0,True,0.2,0.08,800,10,0.0,0.0,0.0,0.9465608596801758,C:/Users/efasllija/dev/gossip-poc/out_nb_incremental_clean0104/scenario_mixing_sweep/mix_0p05/permanent_fork_sth_proof_n12000_pg0p03_a0p1_ff0p05_s48004_drop0_pc0p05_pgc0p05,0.05
permanent_fork,sth_proof,12000,6.0,5.0,0.03,0.1,0.05,3.0,True,55.0,55.0,0.0,0.0,,,,,35973.0,,,,1.6354937953571902,1.6354937953571902,3.0,4.416115878880662e-05,3,3,48005,0.05,0.05,0.0,True,0.2,0.08,800,10,0.0,0.0,0.0,0.9936347007751465,C:/Users/efasllija/dev/gossip-poc/out_nb_incremental_clean0104/scenario_mixing_sweep/mix_0p05/permanent_fork_sth_proof_n12000_pg0p03_a0p1_ff0p05_s48005_drop0_pc0p05_pgc0p05,0.05
permanent_fork,sth_proof,12000,6.0,5.0,0.03,0.1,0.05,3.0,True,5.0,5.0,0.0,0.0,,,,,26234.0,,,,1.8151741786111408,1.8151741786111408,7.0,0.00010662442308571081,7,7,48006,0.05,0.05,0.0,True,0.2,0.08,800,10,0.0,0.0,0.0,0.965996265411377,C:/Users/efasllija/dev/gossip-poc/out_nb_incremental_clean0104/scenario_mixing_sweep/mix_0p05/permanent_fork_sth_proof_n12000_pg0p03_a0p1_ff0p05_s48006_drop0_pc0p05_pgc0p05,0.05
permanent_fork,sth_proof,12000,6.0,5.0,0.03,0.1,0.05,3.0,True,60.0,60.0,0.0,0.0,,,,,34868.0,,,,3.1129456388353227,3.1129456388353227,7.0,0.00011155911836422458,7,7,48007,0.05,0.05,0.0,True,0.2,0.08,800,10,0.0,0.0,0.0,0.9480242729187012,C:/Users/efasllija/dev/gossip-poc/out_nb_incremental_clean0104/scenario_mixing_sweep/mix_0p05/permanent_fork_sth_proof_n12000_pg0p03_a0p1_ff0p05_s48007_drop0_pc0p05_pgc0p05,0.05
permanent_fork,sth_proof,12000,6.0,5.0,0.03,0.1,0.05,3.0,True,15.0,15.0,0.0,0.0,,,,,27948.0,,,,2.713801994346246,2.713801994346246,10.0,0.00015532291634307727,10,10,48008,0.05,0.05,0.0,True,0.2,0.08,800,10,0.0,0.0,0.0,0.9536597728729248,C:/Users/efasllija/dev/gossip-poc/out_nb_incremental_clean0104/scenario_mixing_sweep/mix_0p05/permanent_fork_sth_proof_n12000_pg0p03_a0p1_ff0p05_s48008_drop0_pc0p05_pgc0p05,0.05
permanent_fork,sth_proof,12000,6.0,5.0,0.03,0.1,0.05,3.0,True,5.0,5.0,0.0,0.0,,,,,27526.0,,,,3.195019869150688,3.195019869150688,7.0,0.00010576734206669386,7,7,48009,0.05,0.05,0.0,True,0.2,0.08,800,10,0.0,0.0,0.0,0.9542820453643799,C:/Users/efasllija/dev/gossip-poc/out_nb_incremental_clean0104/scenario_mixing_sweep/mix_0p05/permanent_fork_sth_proof_n12000_pg0p03_a0p1_ff0p05_s48009_drop0_pc0p05_pgc0p05,0.05
permanent_fork,sth_proof,12000,6.0,5.0,0.03,0.1,0.05,3.0,True,25.0,25.0,0.0,0.0,,,,,29959.0,,,,3.1204385088277156,3.1204385088277156,10.0,0.00015141879410072377,10,10,48010,0.05,0.05,0.0,True,0.2,0.08,800,10,0.0,0.0,0.0,0.9489364624023438,C:/Users/efasllija/dev/gossip-poc/out_nb_incremental_clean0104/scenario_mixing_sweep/mix_0p05/permanent_fork_sth_proof_n12000_pg0p03_a0p1_ff0p05_s48010_drop0_pc0p05_pgc0p05,0.05
permanent_fork,sth_proof,12000,6.0,5.0,0.03,0.1,0.05,3.0,True,45.0,45.0,0.0,0.0,,,,,32668.0,,,,2.42354148206874,2.42354148206874,14.0,0.00021763123940990843,14,14,48011,0.05,0.05,0.0,True,0.2,0.08,800,10,0.0,0.0,0.0,0.9501693248748779,C:/Users/efasllija/dev/gossip-poc/out_nb_incremental_clean0104/scenario_mixing_sweep/mix_0p05/permanent_fork_sth_proof_n12000_pg0p03_a0p1_ff0p05_s48011_drop0_pc0p05_pgc0p05,0.05
permanent_fork,sth_proof,12000,6.0,5.0,0.03,0.1,0.05,3.0,True,0.0,0.0,0.0,0.0,,,,,25342.0,,,,2.6770697876029477,2.6770697876029477,9.0,0.00013932751253947613,9,9,48012,0.05,0.05,0.0,True,0.2,0.08,800,10,0.0,0.0,0.0,0.9641952514648438,C:/Users/efasllija/dev/gossip-poc/out_nb_incremental_clean0104/scenario_mixing_sweep/mix_0p05/permanent_fork_sth_proof_n12000_pg0p03_a0p1_ff0p05_s48012_drop0_pc0p05_pgc0p05,0.05
permanent_fork,sth_proof,12000,6.0,5.0,0.03,0.1,0.05,3.0,True,80.0,80.0,0.0,0.0,,,,,42106.0,,,,3.1431616341030195,3.1431616341030195,7.0,0.00010361160449970396,7,7,48013,0.05,0.05,0.0,True,0.2,0.08,800,10,0.0,0.0,0.0,0.9702508449554443,C:/Users/efasllija/dev/gossip-poc/out_nb_incremental_clean0104/scenario_mixing_sweep/mix_0p05/permanent_fork_sth_proof_n12000_pg0p03_a0p1_ff0p05_s48013_drop0_pc0p05_pgc0p05,0.05
permanent_fork,sth_proof,12000,6.0,5.0,0.03,0.1,0.05,3.0,True,45.0,45.0,0.0,0.0,,,,,35588.0,,,,3.0299141593687677,3.0299141593687677,12.0,0.00017341541663053845,12,12,48014,0.05,0.05,0.0,True,0.2,0.08,800,10,0.0,0.0,0.0,0.9548938274383545,C:/Users/efasllija/dev/gossip-poc/out_nb_incremental_clean0104/scenario_mixing_sweep/mix_0p05/permanent_fork_sth_proof_n12000_pg0p03_a0p1_ff0p05_s48014_drop0_pc0p05_pgc0p05,0.05
permanent_fork,sth_proof,12000,6.0,5.0,0.05,0.1,0.05,3.0,True,0.0,0.0,0.0,0.0,,,,,27137.0,,,,4.4842834946814865,4.4842834946814865,15.0,0.0002240946575833632,15,15,48000,0.05,0.05,0.0,True,0.2,0.08,800,10,0.0,0.0,0.0,0.9628477096557617,C:/Users/efasllija/dev/gossip-poc/out_nb_incremental_clean0104/scenario_mixing_sweep/mix_0p05/permanent_fork_sth_proof_n12000_pg0p05_a0p1_ff0p05_s48000_drop0_pc0p05_pgc0p05,0.05
permanent_fork,sth_proof,12000,6.0,5.0,0.05,0.1,0.05,3.0,True,35.0,35.0,0.0,0.0,,,,,32162.0,,,,4.807647217963748,4.807647217963748,18.0,0.00027053837135900444,18,18,48001,0.05,0.05,0.0,True,0.2,0.08,800,10,0.0,0.0,0.0,0.9699079990386963,C:/Users/efasllija/dev/gossip-poc/out_nb_incremental_clean0104/scenario_mixing_sweep/mix_0p05/permanent_fork_sth_proof_n12000_pg0p05_a0p1_ff0p05_s48001_drop0_pc0p05_pgc0p05,0.05
permanent_fork,sth_proof,12000,6.0,5.0,0.05,0.1,0.05,3.0,True,30.0,30.0,0.0,0.0,,,,,31380.0,,,,4.503323181252156,4.503323181252156,14.0,0.00021004305882705955,14,14,48002,0.05,0.05,0.0,True,0.2,0.08,800,10,0.0,0.0,0.0,0.9325487613677979,C:/Users/efasllija/dev/gossip-poc/out_nb_incremental_clean0104/scenario_mixing_sweep/mix_0p05/permanent_fork_sth_proof_n12000_pg0p05_a0p1_ff0p05_s48002_drop0_pc0p05_pgc0p05,0.05
permanent_fork,sth_proof,12000,6.0,5.0,0.05,0.1,0.05,3.0,True,50.0,50.0,0.0,0.0,,,,,33491.0,,,,5.320206743785381,5.320206743785381,9.0,0.00013844449913856757,9,9,48003,0.05,0.05,0.0,True,0.2,0.08,800,10,0.0,0.0,0.0,0.9495186805725098,C:/Users/efasllija/dev/gossip-poc/out_nb_incremental_clean0104/scenario_mixing_sweep/mix_0p05/permanent_fork_sth_proof_n12000_pg0p05_a0p1_ff0p05_s48003_drop0_pc0p05_pgc0p05,0.05
permanent_fork,sth_proof,12000,6.0,5.0,0.05,0.1,0.05,3.0,True,10.0,10.0,0.0,0.0,,,,,26908.0,,,,4.677740863787376,4.677740863787376,15.0,0.00022964924904695562,15,15,48004,0.05,0.05,0.0,True,0.2,0.08,800,10,0.0,0.0,0.0,0.9636776447296143,C:/Users/efasllija/dev/gossip-poc/out_nb_incremental_clean0104/scenario_mixing_sweep/mix_0p05/permanent_fork_sth_proof_n12000_pg0p05_a0p1_ff0p05_s48004_drop0_pc0p05_pgc0p05,0.05
permanent_fork,sth_proof,12000,6.0,5.0,0.05,0.1,0.05,3.0,True,55.0,55.0,0.0,0.0,,,,,35973.0,,,,3.1522823958900683,3.1522823958900683,7.0,0.00010304270384054877,7,7,48005,0.05,0.05,0.0,True,0.2,0.08,800,10,0.0,0.0,0.0,0.9831082820892334,C:/Users/efasllija/dev/gossip-poc/out_nb_incremental_clean0104/scenario_mixing_sweep/mix_0p05/permanent_fork_sth_proof_n12000_pg0p05_a0p1_ff0p05_s48005_drop0_pc0p05_pgc0p05,0.05
permanent_fork,sth_proof,12000,6.0,5.0,0.05,0.1,0.05,3.0,True,5.0,5.0,0.0,0.0,,,,,26234.0,,,,3.316446055657949,3.316446055657949,9.0,0.00013708854396734247,9,9,48006,0.05,0.05,0.0,True,0.2,0.08,800,10,0.0,0.0,0.0,0.9544150829315186,C:/Users/efasllija/dev/gossip-poc/out_nb_incremental_clean0104/scenario_mixing_sweep/mix_0p05/permanent_fork_sth_proof_n12000_pg0p05_a0p1_ff0p05_s48006_drop0_pc0p05_pgc0p05,0.05
permanent_fork,sth_proof,12000,6.0,5.0,0.05,0.1,0.05,3.0,True,60.0,60.0,0.0,0.0,,,,,34868.0,,,,4.298149712336845,4.298149712336845,9.0,0.00014343315218257448,9,9,48007,0.05,0.05,0.0,True,0.2,0.08,800,10,0.0,0.0,0.0,0.9379231929779053,C:/Users/efasllija/dev/gossip-poc/out_nb_incremental_clean0104/scenario_mixing_sweep/mix_0p05/permanent_fork_sth_proof_n12000_pg0p05_a0p1_ff0p05_s48007_drop0_pc0p05_pgc0p05,0.05
permanent_fork,sth_proof,12000,6.0,5.0,0.05,0.1,0.05,3.0,True,15.0,15.0,0.0,0.0,,,,,27948.0,,,,3.8410735919977634,3.8410735919977634,14.0,0.00021745208288030817,14,14,48008,0.05,0.05,0.0,True,0.2,0.08,800,10,0.0,0.0,0.0,0.9672176837921143,C:/Users/efasllija/dev/gossip-poc/out_nb_incremental_clean0104/scenario_mixing_sweep/mix_0p05/permanent_fork_sth_proof_n12000_pg0p05_a0p1_ff0p05_s48008_drop0_pc0p05_pgc0p05,0.05
permanent_fork,sth_proof,12000,6.0,5.0,0.05,0.1,0.05,3.0,True,0.0,0.0,0.0,0.0,,,,,26858.0,,,,3.871930858377529,3.871930858377529,12.0,0.00018131544354290378,12,12,48009,0.05,0.05,0.0,True,0.2,0.08,800,10,0.0,0.0,0.0,0.971665620803833,C:/Users/efasllija/dev/gossip-poc/out_nb_incremental_clean0104/scenario_mixing_sweep/mix_0p05/permanent_fork_sth_proof_n12000_pg0p05_a0p1_ff0p05_s48009_drop0_pc0p05_pgc0p05,0.05
permanent_fork,sth_proof,12000,6.0,5.0,0.05,0.1,0.05,3.0,True,25.0,25.0,0.0,0.0,,,,,29959.0,,,,4.762060506950123,4.762060506950123,18.0,0.0002725538293813028,18,18,48010,0.05,0.05,0.0,True,0.2,0.08,800,10,0.0,0.0,0.0,0.9557361602783203,C:/Users/efasllija/dev/gossip-poc/out_nb_incremental_clean0104/scenario_mixing_sweep/mix_0p05/permanent_fork_sth_proof_n12000_pg0p05_a0p1_ff0p05_s48010_drop0_pc0p05_pgc0p05,0.05
permanent_fork,sth_proof,12000,6.0,5.0,0.05,0.1,0.05,3.0,True,45.0,45.0,0.0,0.0,,,,,32668.0,,,,4.331732189214818,4.331732189214818,16.0,0.0002487214164684668,16,16,48011,0.05,0.05,0.0,True,0.2,0.08,800,10,0.0,0.0,0.0,0.9924027919769287,C:/Users/efasllija/dev/gossip-poc/out_nb_incremental_clean0104/scenario_mixing_sweep/mix_0p05/permanent_fork_sth_proof_n12000_pg0p05_a0p1_ff0p05_s48011_drop0_pc0p05_pgc0p05,0.05
permanent_fork,sth_proof,12000,6.0,5.0,0.05,0.1,0.05,3.0,True,0.0,0.0,0.0,0.0,,,,,25342.0,,,,5.048981361074989,5.048981361074989,19.0,0.00029413585980556074,19,19,48012,0.05,0.05,0.0,True,0.2,0.08,800,10,0.0,0.0,0.0,0.955897331237793,C:/Users/efasllija/dev/gossip-poc/out_nb_incremental_clean0104/scenario_mixing_sweep/mix_0p05/permanent_fork_sth_proof_n12000_pg0p05_a0p1_ff0p05_s48012_drop0_pc0p05_pgc0p05,0.05
permanent_fork,sth_proof,12000,6.0,5.0,0.05,0.1,0.05,3.0,True,20.0,20.0,0.0,0.0,,,,,31500.0,,,,5.185553582001184,5.185553582001184,12.0,0.00017761989342806393,12,12,48013,0.05,0.05,0.0,True,0.2,0.08,800,10,0.0,0.0,0.0,0.9723351001739502,C:/Users/efasllija/dev/gossip-poc/out_nb_incremental_clean0104/scenario_mixing_sweep/mix_0p05/permanent_fork_sth_proof_n12000_pg0p05_a0p1_ff0p05_s48013_drop0_pc0p05_pgc0p05,0.05
permanent_fork,sth_proof,12000,6.0,5.0,0.05,0.1,0.05,3.0,True,35.0,35.0,0.0,0.0,,,,,33918.0,,,,5.826757998786092,5.826757998786092,35.0,0.0005057949651724039,35,35,48014,0.05,0.05,0.0,True,0.2,0.08,800,10,0.0,0.0,0.0,0.9805848598480225,C:/Users/efasllija/dev/gossip-poc/out_nb_incremental_clean0104/scenario_mixing_sweep/mix_0p05/permanent_fork_sth_proof_n12000_pg0p05_a0p1_ff0p05_s48014_drop0_pc0p05_pgc0p05,0.05
permanent_fork,sth_proof,12000,6.0,5.0,0.003,0.2,0.05,3.0,True,40.0,40.0,0.0,0.0,,,,,32886.0,,,,0.49943506229379775,0.49943506229379775,4.0,6.026002199490803e-05,4,4,48000,0.05,0.05,0.0,True,0.2,0.08,800,10,0.0,0.0,0.0,1.0553648471832275,C:/Users/efasllija/dev/gossip-poc/out_nb_incremental_clean0104/scenario_mixing_sweep/mix_0p05/permanent_fork_sth_proof_n12000_pg0p003_a0p2_ff0p05_s48000_drop0_pc0p05_pgc0p05,0.05
permanent_fork,sth_proof,12000,6.0,5.0,0.003,0.2,0.05,3.0,True,0.0,0.0,0.0,0.0,,,,,26628.0,,,,0.4602647005499486,0.4602647005499486,1.0,1.5108478878346528e-05,1,1,48001,0.05,0.05,0.0,True,0.2,0.08,800,10,0.0,0.0,0.0,0.9982695579528809,C:/Users/efasllija/dev/gossip-poc/out_nb_incremental_clean0104/scenario_mixing_sweep/mix_0p05/permanent_fork_sth_proof_n12000_pg0p003_a0p2_ff0p05_s48001_drop0_pc0p05_pgc0p05,0.05
permanent_fork,sth_proof,12000,6.0,5.0,0.003,0.2,0.05,3.0,True,0.0,0.0,0.0,0.0,,,,,26748.0,,,,1.03632048547481,1.03632048547481,17.0,0.0002553549433712861,17,17,48002,0.05,0.05,0.0,True,0.2,0.08,800,10,0.0,0.0,0.0,0.9461910724639893,C:/Users/efasllija/dev/gossip-poc/out_nb_incremental_clean0104/scenario_mixing_sweep/mix_0p05/permanent_fork_sth_proof_n12000_pg0p003_a0p2_ff0p05_s48002_drop0_pc0p05_pgc0p05,0.05
permanent_fork,sth_proof,12000,6.0,5.0,0.003,0.2,0.05,3.0,False,,,0.0,0.0,,,,,,,,,0.22172729522395446,0.22172729522395446,0.0,0.0,0,0,48003,0.05,0.05,0.0,True,0.2,0.08,800,10,0.0,0.0,0.0,0.9617419242858887,C:/Users/efasllija/dev/gossip-poc/out_nb_incremental_clean0104/scenario_mixing_sweep/mix_0p05/permanent_fork_sth_proof_n12000_pg0p003_a0p2_ff0p05_s48003_drop0_pc0p05_pgc0p05,0.05
permanent_fork,sth_proof,12000,6.0,5.0,0.003,0.2,0.05,3.0,True,100.0,100.0,0.0,0.0,,,,,42930.0,,,,1.1167370339788432,1.1167370339788432,3.0,4.6738436131927026e-05,3,3,48004,0.05,0.05,0.0,True,0.2,0.08,800,10,0.0,0.0,0.0,0.9566423892974854,C:/Users/efasllija/dev/gossip-poc/out_nb_incremental_clean0104/scenario_mixing_sweep/mix_0p05/permanent_fork_sth_proof_n12000_pg0p003_a0p2_ff0p05_s48004_drop0_pc0p05_pgc0p05,0.05
permanent_fork,sth_proof,12000,6.0,5.0,0.003,0.2,0.05,3.0,True,135.0,135.0,0.0,0.0,,,,,54110.0,,,,0.29198637238927566,0.29198637238927566,1.0,1.4812620352540365e-05,1,1,48005,0.05,0.05,0.0,True,0.2,0.08,800,10,0.0,0.0,0.0,0.953683614730835,C:/Users/efasllija/dev/gossip-poc/out_nb_incremental_clean0104/scenario_mixing_sweep/mix_0p05/permanent_fork_sth_proof_n12000_pg0p003_a0p2_ff0p05_s48005_drop0_pc0p05_pgc0p05,0.05
permanent_fork,sth_proof,12000,6.0,5.0,0.003,0.2,0.05,3.0,True,20.0,20.0,0.0,0.0,,,,,28369.0,,,,0.30284221846673837,0.30284221846673837,2.0,3.0726686126901216e-05,2,2,48006,0.05,0.05,0.0,True,0.2,0.08,800,10,0.0,0.0,0.0,0.924292802810669,C:/Users/efasllija/dev/gossip-poc/out_nb_incremental_clean0104/scenario_mixing_sweep/mix_0p05/permanent_fork_sth_proof_n12000_pg0p003_a0p2_ff0p05_s48006_drop0_pc0p05_pgc0p05,0.05
permanent_fork,sth_proof,12000,6.0,5.0,0.003,0.2,0.05,3.0,True,15.0,15.0,0.0,0.0,,,,,28440.0,,,,0.5768572460468256,0.5768572460468256,19.0,0.0002983527786065355,19,19,48007,0.05,0.05,0.0,True,0.2,0.08,800,10,0.0,0.0,0.0,0.9665915966033936,C:/Users/efasllija/dev/gossip-poc/out_nb_incremental_clean0104/scenario_mixing_sweep/mix_0p05/permanent_fork_sth_proof_n12000_pg0p003_a0p2_ff0p05_s48007_drop0_pc0p05_pgc0p05,0.05
permanent_fork,sth_proof,12000,6.0,5.0,0.003,0.2,0.05,3.0,True,45.0,45.0,0.0,0.0,,,,,33339.0,,,,0.27344584490493484,0.27344584490493484,2.0,3.051850947599719e-05,2,2,48008,0.05,0.05,0.0,True,0.2,0.08,800,10,0.0,0.0,0.0,0.9664645195007324,C:/Users/efasllija/dev/gossip-poc/out_nb_incremental_clean0104/scenario_mixing_sweep/mix_0p05/permanent_fork_sth_proof_n12000_pg0p003_a0p2_ff0p05_s48008_drop0_pc0p05_pgc0p05,0.05
permanent_fork,sth_proof,12000,6.0,5.0,0.003,0.2,0.05,3.0,True,125.0,125.0,0.0,0.0,,,,,50678.0,,,,0.48560761170661204,0.48560761170661204,2.0,3.0109598940142117e-05,2,2,48009,0.05,0.05,0.0,True,0.2,0.08,800,10,0.0,0.0,0.0,1.0645058155059814,C:/Users/efasllija/dev/gossip-poc/out_nb_incremental_clean0104/scenario_mixing_sweep/mix_0p05/permanent_fork_sth_proof_n12000_pg0p003_a0p2_ff0p05_s48009_drop0_pc0p05_pgc0p05,0.05
permanent_fork,sth_proof,12000,6.0,5.0,0.003,0.2,0.05,3.0,True,10.0,10.0,0.0,0.0,,,,,28524.0,,,,0.5963350243296407,0.5963350243296407,2.0,2.9580110333811547e-05,2,2,48010,0.05,0.05,0.0,True,0.2,0.08,800,10,0.0,0.0,0.0,0.9856066703796387,C:/Users/efasllija/dev/gossip-poc/out_nb_incremental_clean0104/scenario_mixing_sweep/mix_0p05/permanent_fork_sth_proof_n12000_pg0p003_a0p2_ff0p05_s48010_drop0_pc0p05_pgc0p05,0.05
permanent_fork,sth_proof,12000,6.0,5.0,0.003,0.2,0.05,3.0,True,170.0,170.0,0.0,0.0,,,,,63307.0,,,,0.33175457813295484,0.33175457813295484,1.0,1.5427575247998273e-05,1,1,48011,0.05,0.05,0.0,True,0.2,0.08,800,10,0.0,0.0,0.0,0.9667339324951172,C:/Users/efasllija/dev/gossip-poc/out_nb_incremental_clean0104/scenario_mixing_sweep/mix_0p05/permanent_fork_sth_proof_n12000_pg0p003_a0p2_ff0p05_s48011_drop0_pc0p05_pgc0p05,0.05
permanent_fork,sth_proof,12000,6.0,5.0,0.003,0.2,0.05,3.0,True,20.0,20.0,0.0,0.0,,,,,28749.0,,,,0.5426685240142936,0.5426685240142936,1.0,1.5141420870934528e-05,1,1,48012,0.05,0.05,0.0,True,0.2,0.08,800,10,0.0,0.0,0.0,0.9665181636810303,C:/Users/efasllija/dev/gossip-poc/out_nb_incremental_clean0104/scenario_mixing_sweep/mix_0p05/permanent_fork_sth_proof_n12000_pg0p003_a0p2_ff0p05_s48012_drop0_pc0p05_pgc0p05,0.05
permanent_fork,sth_proof,12000,6.0,5.0,0.003,0.2,0.05,3.0,True,35.0,35.0,0.0,0.0,,,,,33765.0,,,,0.868995312339275,0.868995312339275,2.0,2.93897224140718e-05,2,2,48013,0.05,0.05,0.0,True,0.2,0.08,800,10,0.0,0.0,0.0,0.951479434967041,C:/Users/efasllija/dev/gossip-poc/out_nb_incremental_clean0104/scenario_mixing_sweep/mix_0p05/permanent_fork_sth_proof_n12000_pg0p003_a0p2_ff0p05_s48013_drop0_pc0p05_pgc0p05,0.05
permanent_fork,sth_proof,12000,6.0,5.0,0.003,0.2,0.05,3.0,True,55.0,55.0,0.0,0.0,,,,,37174.0,,,,0.3383587509077705,0.3383587509077705,3.0,4.3572984749455335e-05,3,3,48014,0.05,0.05,0.0,True,0.2,0.08,800,10,0.0,0.0,0.0,0.9742975234985352,C:/Users/efasllija/dev/gossip-poc/out_nb_incremental_clean0104/scenario_mixing_sweep/mix_0p05/permanent_fork_sth_proof_n12000_pg0p003_a0p2_ff0p05_s48014_drop0_pc0p05_pgc0p05,0.05
permanent_fork,sth_proof,12000,6.0,5.0,0.005,0.2,0.05,3.0,True,40.0,40.0,0.0,0.0,,,,,32886.0,,,,0.9043824100995796,0.9043824100995796,5.0,7.532502749363504e-05,5,5,48000,0.05,0.05,0.0,True,0.2,0.08,800,10,0.0,0.0,0.0,0.9808323383331299,C:/Users/efasllija/dev/gossip-poc/out_nb_incremental_clean0104/scenario_mixing_sweep/mix_0p05/permanent_fork_sth_proof_n12000_pg0p005_a0p2_ff0p05_s48000_drop0_pc0p05_pgc0p05,0.05
permanent_fork,sth_proof,12000,6.0,5.0,0.005,0.2,0.05,3.0,True,0.0,0.0,0.0,0.0,,,,,26628.0,,,,0.8799178098749018,0.8799178098749018,3.0,4.5325436635039584e-05,3,3,48001,0.05,0.05,0.0,True,0.2,0.08,800,10,0.0,0.0,0.0,0.9807534217834473,C:/Users/efasllija/dev/gossip-poc/out_nb_incremental_clean0104/scenario_mixing_sweep/mix_0p05/permanent_fork_sth_proof_n12000_pg0p005_a0p2_ff0p05_s48001_drop0_pc0p05_pgc0p05,0.05
permanent_fork,sth_proof,12000,6.0,5.0,0.005,0.2,0.05,3.0,True,0.0,0.0,0.0,0.0,,,,,26748.0,,,,1.5477513744104305,1.5477513744104305,21.0,0.00031543845945864753,21,21,48002,0.05,0.05,0.0,True,0.2,0.08,800,10,0.0,0.0,0.0,0.9569685459136963,C:/Users/efasllija/dev/gossip-poc/out_nb_incremental_clean0104/scenario_mixing_sweep/mix_0p05/permanent_fork_sth_proof_n12000_pg0p005_a0p2_ff0p05_s48002_drop0_pc0p05_pgc0p05,0.05
permanent_fork,sth_proof,12000,6.0,5.0,0.005,0.2,0.05,3.0,True,25.0,25.0,0.0,0.0,,,,,29365.0,,,,0.3880227666419203,0.3880227666419203,1.0,1.546646869586736e-05,1,1,48003,0.05,0.05,0.0,True,0.2,0.08,800,10,0.0,0.0,0.0,0.9565529823303223,C:/Users/efasllija/dev/gossip-poc/out_nb_incremental_clean0104/scenario_mixing_sweep/mix_0p05/permanent_fork_sth_proof_n12000_pg0p005_a0p2_ff0p05_s48003_drop0_pc0p05_pgc0p05,0.05
permanent_fork,sth_proof,12000,6.0,5.0,0.005,0.2,0.05,3.0,True,100.0,100.0,0.0,0.0,,,,,42930.0,,,,1.7449016155919423,1.7449016155919423,3.0,4.6738436131927026e-05,3,3,48004,0.05,0.05,0.0,True,0.2,0.08,800,10,0.0,0.0,0.0,0.9829084873199463,C:/Users/efasllija/dev/gossip-poc/out_nb_incremental_clean0104/scenario_mixing_sweep/mix_0p05/permanent_fork_sth_proof_n12000_pg0p005_a0p2_ff0p05_s48004_drop0_pc0p05_pgc0p05,0.05
permanent_fork,sth_proof,12000,6.0,5.0,0.005,0.2,0.05,3.0,True,135.0,135.0,0.0,0.0,,,,,54110.0,,,,0.5441564212709228,0.5441564212709228,1.0,1.4812620352540365e-05,1,1,48005,0.05,0.05,0.0,True,0.2,0.08,800,10,0.0,0.0,0.0,0.9446661472320557,C:/Users/efasllija/dev/gossip-poc/out_nb_incremental_clean0104/scenario_mixing_sweep/mix_0p05/permanent_fork_sth_proof_n12000_pg0p005_a0p2_ff0p05_s48005_drop0_pc0p05_pgc0p05,0.05
permanent_fork,sth_proof,12000,6.0,5.0,0.005,0.2,0.05,3.0,True,20.0,20.0,0.0,0.0,,,,,28369.0,,,,0.49555999385466276,0.49555999385466276,2.0,3.0726686126901216e-05,2,2,48006,0.05,0.05,0.0,True,0.2,0.08,800,10,0.0,0.0,0.0,0.9560613632202148,C:/Users/efasllija/dev/gossip-poc/out_nb_incremental_clean0104/scenario_mixing_sweep/mix_0p05/permanent_fork_sth_proof_n12000_pg0p005_a0p2_ff0p05_s48006_drop0_pc0p05_pgc0p05,0.05
permanent_fork,sth_proof,12000,6.0,5.0,0.005,0.2,0.05,3.0,True,10.0,10.0,0.0,0.0,,,,,27785.0,,,,0.8863904024621956,0.8863904024621956,22.0,0.0003454611120707253,22,22,48007,0.05,0.05,0.0,True,0.2,0.08,800,10,0.0,0.0,0.0,0.9588840007781982,C:/Users/efasllija/dev/gossip-poc/out_nb_incremental_clean0104/scenario_mixing_sweep/mix_0p05/permanent_fork_sth_proof_n12000_pg0p005_a0p2_ff0p05_s48007_drop0_pc0p05_pgc0p05,0.05
permanent_fork,sth_proof,12000,6.0,5.0,0.005,0.2,0.05,3.0,True,45.0,45.0,0.0,0.0,,,,,33339.0,,,,0.36915189062166204,0.36915189062166204,2.0,3.051850947599719e-05,2,2,48008,0.05,0.05,0.0,True,0.2,0.08,800,10,0.0,0.0,0.0,0.9615058898925781,C:/Users/efasllija/dev/gossip-poc/out_nb_incremental_clean0104/scenario_mixing_sweep/mix_0p05/permanent_fork_sth_proof_n12000_pg0p005_a0p2_ff0p05_s48008_drop0_pc0p05_pgc0p05,0.05
permanent_fork,sth_proof,12000,6.0,5.0,0.005,0.2,0.05,3.0,True,10.0,10.0,0.0,0.0,,,,,28474.0,,,,0.6744550162591835,0.6744550162591835,3.0,4.5164398410213176e-05,3,3,48009,0.05,0.05,0.0,True,0.2,0.08,800,10,0.0,0.0,0.0,0.9587202072143555,C:/Users/efasllija/dev/gossip-poc/out_nb_incremental_clean0104/scenario_mixing_sweep/mix_0p05/permanent_fork_sth_proof_n12000_pg0p005_a0p2_ff0p05_s48009_drop0_pc0p05_pgc0p05,0.05
permanent_fork,sth_proof,12000,6.0,5.0,0.005,0.2,0.05,3.0,True,10.0,10.0,0.0,0.0,,,,,28524.0,,,,1.1661662698001865,1.1661662698001865,2.0,2.9580110333811547e-05,2,2,48010,0.05,0.05,0.0,True,0.2,0.08,800,10,0.0,0.0,0.0,0.9499638080596924,C:/Users/efasllija/dev/gossip-poc/out_nb_incremental_clean0104/scenario_mixing_sweep/mix_0p05/permanent_fork_sth_proof_n12000_pg0p005_a0p2_ff0p05_s48010_drop0_pc0p05_pgc0p05,0.05
permanent_fork,sth_proof,12000,6.0,5.0,0.005,0.2,0.05,3.0,True,135.0,135.0,0.0,0.0,,,,,52631.0,,,,0.4285163300884,0.4285163300884,2.0,3.0855150495996546e-05,2,2,48011,0.05,0.05,0.0,True,0.2,0.08,800,10,0.0,0.0,0.0,0.9681730270385742,C:/Users/efasllija/dev/gossip-poc/out_nb_incremental_clean0104/scenario_mixing_sweep/mix_0p05/permanent_fork_sth_proof_n12000_pg0p005_a0p2_ff0p05_s48011_drop0_pc0p05_pgc0p05,0.05
permanent_fork,sth_proof,12000,6.0,5.0,0.005,0.2,0.05,3.0,True,20.0,20.0,0.0,0.0,,,,,28749.0,,,,0.9768033432257283,0.9768033432257283,3.0,4.5424262612803584e-05,3,3,48012,0.05,0.05,0.0,True,0.2,0.08,800,10,0.0,0.0,0.0,0.9655904769897461,C:/Users/efasllija/dev/gossip-poc/out_nb_incremental_clean0104/scenario_mixing_sweep/mix_0p05/permanent_fork_sth_proof_n12000_pg0p005_a0p2_ff0p05_s48012_drop0_pc0p05_pgc0p05,0.05
permanent_fork,sth_proof,12000,6.0,5.0,0.005,0.2,0.05,3.0,True,35.0,35.0,0.0,0.0,,,,,33765.0,,,,1.198160203376879,1.198160203376879,2.0,2.93897224140718e-05,2,2,48013,0.05,0.05,0.0,True,0.2,0.08,800,10,0.0,0.0,0.0,0.9830608367919922,C:/Users/efasllija/dev/gossip-poc/out_nb_incremental_clean0104/scenario_mixing_sweep/mix_0p05/permanent_fork_sth_proof_n12000_pg0p005_a0p2_ff0p05_s48013_drop0_pc0p05_pgc0p05,0.05
permanent_fork,sth_proof,12000,6.0,5.0,0.005,0.2,0.05,3.0,True,40.0,40.0,0.0,0.0,,,,,34390.0,,,,0.8979520697167755,0.8979520697167755,6.0,8.714596949891067e-05,6,6,48014,0.05,0.05,0.0,True,0.2,0.08,800,10,0.0,0.0,0.0,0.9625704288482666,C:/Users/efasllija/dev/gossip-poc/out_nb_incremental_clean0104/scenario_mixing_sweep/mix_0p05/permanent_fork_sth_proof_n12000_pg0p005_a0p2_ff0p05_s48014_drop0_pc0p05_pgc0p05,0.05
permanent_fork,sth_proof,12000,6.0,5.0,0.007,0.2,0.05,3.0,True,40.0,40.0,0.0,0.0,,,,,32886.0,,,,1.1608490637099083,1.1608490637099083,5.0,7.532502749363504e-05,5,5,48000,0.05,0.05,0.0,True,0.2,0.08,800,10,0.0,0.0,0.0,0.9356112480163574,C:/Users/efasllija/dev/gossip-poc/out_nb_incremental_clean0104/scenario_mixing_sweep/mix_0p05/permanent_fork_sth_proof_n12000_pg0p007_a0p2_ff0p05_s48000_drop0_pc0p05_pgc0p05,0.05
permanent_fork,sth_proof,12000,6.0,5.0,0.007,0.2,0.05,3.0,True,0.0,0.0,0.0,0.0,,,,,26628.0,,,,1.082975765999879,1.082975765999879,4.0,6.043391551338611e-05,4,4,48001,0.05,0.05,0.0,True,0.2,0.08,800,10,0.0,0.0,0.0,0.9526474475860596,C:/Users/efasllija/dev/gossip-poc/out_nb_incremental_clean0104/scenario_mixing_sweep/mix_0p05/permanent_fork_sth_proof_n12000_pg0p007_a0p2_ff0p05_s48001_drop0_pc0p05_pgc0p05,0.05
permanent_fork,sth_proof,12000,6.0,5.0,0.007,0.2,0.05,3.0,True,0.0,0.0,0.0,0.0,,,,,26748.0,,,,1.736173280860396,1.736173280860396,21.0,0.00031543845945864753,21,21,48002,0.05,0.05,0.0,True,0.2,0.08,800,10,0.0,0.0,0.0,0.9512381553649902,C:/Users/efasllija/dev/gossip-poc/out_nb_incremental_clean0104/scenario_mixing_sweep/mix_0p05/permanent_fork_sth_proof_n12000_pg0p007_a0p2_ff0p05_s48002_drop0_pc0p05_pgc0p05,0.05
permanent_fork,sth_proof,12000,6.0,5.0,0.007,0.2,0.05,3.0,True,25.0,25.0,0.0,0.0,,,,,29365.0,,,,0.7899034892353378,0.7899034892353378,1.0,1.546646869586736e-05,1,1,48003,0.05,0.05,0.0,True,0.2,0.08,800,10,0.0,0.0,0.0,0.9616000652313232,C:/Users/efasllija/dev/gossip-poc/out_nb_incremental_clean0104/scenario_mixing_sweep/mix_0p05/permanent_fork_sth_proof_n12000_pg0p007_a0p2_ff0p05_s48003_drop0_pc0p05_pgc0p05,0.05
permanent_fork,sth_proof,12000,6.0,5.0,0.007,0.2,0.05,3.0,True,100.0,100.0,0.0,0.0,,,,,42930.0,,,,2.0101266611619177,2.0101266611619177,4.0,6.231791484256937e-05,4,4,48004,0.05,0.05,0.0,True,0.2,0.08,800,10,0.0,0.0,0.0,0.9537787437438965,C:/Users/efasllija/dev/gossip-poc/out_nb_incremental_clean0104/scenario_mixing_sweep/mix_0p05/permanent_fork_sth_proof_n12000_pg0p007_a0p2_ff0p05_s48004_drop0_pc0p05_pgc0p05,0.05
permanent_fork,sth_proof,12000,6.0,5.0,0.007,0.2,0.05,3.0,True,135.0,135.0,0.0,0.0,,,,,54110.0,,,,0.637061176122056,0.637061176122056,1.0,1.4812620352540365e-05,1,1,48005,0.05,0.05,0.0,True,0.2,0.08,800,10,0.0,0.0,0.0,0.9654922485351562,C:/Users/efasllija/dev/gossip-poc/out_nb_incremental_clean0104/scenario_mixing_sweep/mix_0p05/permanent_fork_sth_proof_n12000_pg0p007_a0p2_ff0p05_s48005_drop0_pc0p05_pgc0p05,0.05
permanent_fork,sth_proof,12000,6.0,5.0,0.007,0.2,0.05,3.0,True,20.0,20.0,0.0,0.0,,,,,28369.0,,,,1.0048855430941772,1.0048855430941772,12.0,0.0001843601167614073,12,12,48006,0.05,0.05,0.0,True,0.2,0.08,800,10,0.0,0.0,0.0,0.9397549629211426,C:/Users/efasllija/dev/gossip-poc/out_nb_incremental_clean0104/scenario_mixing_sweep/mix_0p05/permanent_fork_sth_proof_n12000_pg0p007_a0p2_ff0p05_s48006_drop0_pc0p05_pgc0p05,0.05
permanent_fork,sth_proof,12000,6.0,5.0,0.007,0.2,0.05,3.0,True,10.0,10.0,0.0,0.0,,,,,27785.0,,,,1.1115054253097374,1.1115054253097374,22.0,0.0003454611120707253,22,22,48007,0.05,0.05,0.0,True,0.2,0.08,800,10,0.0,0.0,0.0,0.9592230319976807,C:/Users/efasllija/dev/gossip-poc/out_nb_incremental_clean0104/scenario_mixing_sweep/mix_0p05/permanent_fork_sth_proof_n12000_pg0p007_a0p2_ff0p05_s48007_drop0_pc0p05_pgc0p05,0.05
permanent_fork,sth_proof,12000,6.0,5.0,0.007,0.2,0.05,3.0,True,45.0,45.0,0.0,0.0,,,,,33339.0,,,,0.6699423200170904,0.6699423200170904,3.0,4.577776421399579e-05,3,3,48008,0.05,0.05,0.0,True,0.2,0.08,800,10,0.0,0.0,0.0,0.9467875957489014,C:/Users/efasllija/dev/gossip-poc/out_nb_incremental_clean0104/scenario_mixing_sweep/mix_0p05/permanent_fork_sth_proof_n12000_pg0p007_a0p2_ff0p05_s48008_drop0_pc0p05_pgc0p05,0.05
permanent_fork,sth_proof,12000,6.0,5.0,0.007,0.2,0.05,3.0,True,10.0,10.0,0.0,0.0,,,,,28474.0,,,,1.1330844273154281,1.1330844273154281,4.0,6.0219197880284235e-05,4,4,48009,0.05,0.05,0.0,True,0.2,0.08,800,10,0.0,0.0,0.0,0.9674665927886963,C:/Users/efasllija/dev/gossip-poc/out_nb_incremental_clean0104/scenario_mixing_sweep/mix_0p05/permanent_fork_sth_proof_n12000_pg0p007_a0p2_ff0p05_s48009_drop0_pc0p05_pgc0p05,0.05
permanent_fork,sth_proof,12000,6.0,5.0,0.007,0.2,0.05,3.0,True,10.0,10.0,0.0,0.0,,,,,28524.0,,,,1.4179521689615902,1.4179521689615902,3.0,4.4370165500717315e-05,3,3,48010,0.05,0.05,0.0,True,0.2,0.08,800,10,0.0,0.0,0.0,0.9469866752624512,C:/Users/efasllija/dev/gossip-poc/out_nb_incremental_clean0104/scenario_mixing_sweep/mix_0p05/permanent_fork_sth_proof_n12000_pg0p007_a0p2_ff0p05_s48010_drop0_pc0p05_pgc0p05,0.05
permanent_fork,sth_proof,12000,6.0,5.0,0.007,0.2,0.05,3.0,True,135.0,135.0,0.0,0.0,,,,,52631.0,,,,0.5805705117326709,0.5805705117326709,2.0,3.0855150495996546e-05,2,2,48011,0.05,0.05,0.0,True,0.2,0.08,800,10,0.0,0.0,0.0,0.9374251365661621,C:/Users/efasllija/dev/gossip-poc/out_nb_incremental_clean0104/scenario_mixing_sweep/mix_0p05/permanent_fork_sth_proof_n12000_pg0p007_a0p2_ff0p05_s48011_drop0_pc0p05_pgc0p05,0.05
permanent_fork,sth_proof,12000,6.0,5.0,0.007,0.2,0.05,3.0,True,20.0,20.0,0.0,0.0,,,,,28749.0,,,,1.5330385803403792,1.5330385803403792,6.0,9.084852522560717e-05,6,6,48012,0.05,0.05,0.0,True,0.2,0.08,800,10,0.0,0.0,0.0,0.9530391693115234,C:/Users/efasllija/dev/gossip-poc/out_nb_incremental_clean0104/scenario_mixing_sweep/mix_0p05/permanent_fork_sth_proof_n12000_pg0p007_a0p2_ff0p05_s48012_drop0_pc0p05_pgc0p05,0.05
permanent_fork,sth_proof,12000,6.0,5.0,0.007,0.2,0.05,3.0,True,35.0,35.0,0.0,0.0,,,,,33765.0,,,,1.4483255205654582,1.4483255205654582,2.0,2.93897224140718e-05,2,2,48013,0.05,0.05,0.0,True,0.2,0.08,800,10,0.0,0.0,0.0,0.961230993270874,C:/Users/efasllija/dev/gossip-poc/out_nb_incremental_clean0104/scenario_mixing_sweep/mix_0p05/permanent_fork_sth_proof_n12000_pg0p007_a0p2_ff0p05_s48013_drop0_pc0p05_pgc0p05,0.05
permanent_fork,sth_proof,12000,6.0,5.0,0.007,0.2,0.05,3.0,True,40.0,40.0,0.0,0.0,,,,,34390.0,,,,1.275352214960058,1.275352214960058,6.0,8.714596949891067e-05,6,6,48014,0.05,0.05,0.0,True,0.2,0.08,800,10,0.0,0.0,0.0,0.9695074558258057,C:/Users/efasllija/dev/gossip-poc/out_nb_incremental_clean0104/scenario_mixing_sweep/mix_0p05/permanent_fork_sth_proof_n12000_pg0p007_a0p2_ff0p05_s48014_drop0_pc0p05_pgc0p05,0.05
permanent_fork,sth_proof,12000,6.0,5.0,0.01,0.2,0.05,3.0,True,40.0,40.0,0.0,0.0,,,,,32886.0,,,,1.6062911462962683,1.6062911462962683,6.0,9.039003299236204e-05,6,6,48000,0.05,0.05,0.0,True,0.2,0.08,800,10,0.0,0.0,0.0,0.9518589973449707,C:/Users/efasllija/dev/gossip-poc/out_nb_incremental_clean0104/scenario_mixing_sweep/mix_0p05/permanent_fork_sth_proof_n12000_pg0p01_a0p2_ff0p05_s48000_drop0_pc0p05_pgc0p05,0.05
permanent_fork,sth_proof,12000,6.0,5.0,0.01,0.2,0.05,3.0,True,0.0,0.0,0.0,0.0,,,,,26628.0,,,,1.3131081162748535,1.3131081162748535,5.0,7.554239439173264e-05,5,5,48001,0.05,0.05,0.0,True,0.2,0.08,800,10,0.0,0.0,0.0,0.9576370716094971,C:/Users/efasllija/dev/gossip-poc/out_nb_incremental_clean0104/scenario_mixing_sweep/mix_0p05/permanent_fork_sth_proof_n12000_pg0p01_a0p2_ff0p05_s48001_drop0_pc0p05_pgc0p05,0.05
permanent_fork,sth_proof,12000,6.0,5.0,0.01,0.2,0.05,3.0,True,0.0,0.0,0.0,0.0,,,,,26748.0,,,,2.2745215850031544,2.2745215850031544,22.0,0.0003304593384804879,22,22,48002,0.05,0.05,0.0,True,0.2,0.08,800,10,0.0,0.0,0.0,0.9461441040039062,C:/Users/efasllija/dev/gossip-poc/out_nb_incremental_clean0104/scenario_mixing_sweep/mix_0p05/permanent_fork_sth_proof_n12000_pg0p01_a0p2_ff0p05_s48002_drop0_pc0p05_pgc0p05,0.05
permanent_fork,sth_proof,12000,6.0,5.0,0.01,0.2,0.05,3.0,True,25.0,25.0,0.0,0.0,,,,,29365.0,,,,1.0670626082652808,1.0670626082652808,1.0,1.546646869586736e-05,1,1,48003,0.05,0.05,0.0,True,0.2,0.08,800,10,0.0,0.0,0.0,0.9664046764373779,C:/Users/efasllija/dev/gossip-poc/out_nb_incremental_clean0104/scenario_mixing_sweep/mix_0p05/permanent_fork_sth_proof_n12000_pg0p01_a0p2_ff0p05_s48003_drop0_pc0p05_pgc0p05,0.05
permanent_fork,sth_proof,12000,6.0,5.0,0.01,0.2,0.05,3.0,True,100.0,100.0,0.0,0.0,,,,,42930.0,,,,2.3730661972050413,2.3730661972050413,5.0,7.789739355321171e-05,5,5,48004,0.05,0.05,0.0,True,0.2,0.08,800,10,0.0,0.0,0.0,0.9508438110351562,C:/Users/efasllija/dev/gossip-poc/out_nb_incremental_clean0104/scenario_mixing_sweep/mix_0p05/permanent_fork_sth_proof_n12000_pg0p01_a0p2_ff0p05_s48004_drop0_pc0p05_pgc0p05,0.05
permanent_fork,sth_proof,12000,6.0,5.0,0.01,0.2,0.05,3.0,True,125.0,125.0,0.0,0.0,,,,,51356.0,,,,1.3404828914234928,1.3404828914234928,3.0,4.4437861057621094e-05,3,3,48005,0.05,0.05,0.0,True,0.2,0.08,800,10,0.0,0.0,0.0,0.9806544780731201,C:/Users/efasllija/dev/gossip-poc/out_nb_incremental_clean0104/scenario_mixing_sweep/mix_0p05/permanent_fork_sth_proof_n12000_pg0p01_a0p2_ff0p05_s48005_drop0_pc0p05_pgc0p05,0.05
permanent_fork,sth_proof,12000,6.0,5.0,0.01,0.2,0.05,3.0,True,20.0,20.0,0.0,0.0,,,,,28369.0,,,,1.1838377630972499,1.1838377630972499,13.0,0.0001997234598248579,13,13,48006,0.05,0.05,0.0,True,0.2,0.08,800,10,0.0,0.0,0.0,0.936948299407959,C:/Users/efasllija/dev/gossip-poc/out_nb_incremental_clean0104/scenario_mixing_sweep/mix_0p05/permanent_fork_sth_proof_n12000_pg0p01_a0p2_ff0p05_s48006_drop0_pc0p05_pgc0p05,0.05
permanent_fork,sth_proof,12000,6.0,5.0,0.01,0.2,0.05,3.0,True,10.0,10.0,0.0,0.0,,,,,27785.0,,,,1.7024323602845344,1.7024323602845344,24.0,0.00037686666771351854,24,24,48007,0.05,0.05,0.0,True,0.2,0.08,800,10,0.0,0.0,0.0,0.9504146575927734,C:/Users/efasllija/dev/gossip-poc/out_nb_incremental_clean0104/scenario_mixing_sweep/mix_0p05/permanent_fork_sth_proof_n12000_pg0p01_a0p2_ff0p05_s48007_drop0_pc0p05_pgc0p05,0.05
permanent_fork,sth_proof,12000,6.0,5.0,0.01,0.2,0.05,3.0,True,20.0,20.0,0.0,0.0,,,,,28817.0,,,,1.1894894253364665,1.1894894253364665,4.0,6.103701895199438e-05,4,4,48008,0.05,0.05,0.0,True,0.2,0.08,800,10,0.0,0.0,0.0,0.9406447410583496,C:/Users/efasllija/dev/gossip-poc/out_nb_incremental_clean0104/scenario_mixing_sweep/mix_0p05/permanent_fork_sth_proof_n12000_pg0p01_a0p2_ff0p05_s48008_drop0_pc0p05_pgc0p05,0.05
permanent_fork,sth_proof,12000,6.0,5.0,0.01,0.2,0.05,3.0,True,10.0,10.0,0.0,0.0,,,,,28474.0,,,,1.9424304468264482,1.9424304468264482,5.0,7.52739973503553e-05,5,5,48009,0.05,0.05,0.0,True,0.2,0.08,800,10,0.0,0.0,0.0,0.9665102958679199,C:/Users/efasllija/dev/gossip-poc/out_nb_incremental_clean0104/scenario_mixing_sweep/mix_0p05/permanent_fork_sth_proof_n12000_pg0p01_a0p2_ff0p05_s48009_drop0_pc0p05_pgc0p05,0.05
permanent_fork,sth_proof,12000,6.0,5.0,0.01,0.2,0.05,3.0,True,10.0,10.0,0.0,0.0,,,,,28524.0,,,,1.8420126307071125,1.8420126307071125,5.0,7.395027583452886e-05,5,5,48010,0.05,0.05,0.0,True,0.2,0.08,800,10,0.0,0.0,0.0,0.9407014846801758,C:/Users/efasllija/dev/gossip-poc/out_nb_incremental_clean0104/scenario_mixing_sweep/mix_0p05/permanent_fork_sth_proof_n12000_pg0p01_a0p2_ff0p05_s48010_drop0_pc0p05_pgc0p05,0.05
permanent_fork,sth_proof,12000,6.0,5.0,0.01,0.2,0.05,3.0,True,20.0,20.0,0.0,0.0,,,,,29050.0,,,,1.4928956015982968,1.4928956015982968,4.0,6.171030099199309e-05,4,4,48011,0.05,0.05,0.0,True,0.2,0.08,800,10,0.0,0.0,0.0,0.9985325336456299,C:/Users/efasllija/dev/gossip-poc/out_nb_incremental_clean0104/scenario_mixing_sweep/mix_0p05/permanent_fork_sth_proof_n12000_pg0p01_a0p2_ff0p05_s48011_drop0_pc0p05_pgc0p05,0.05
permanent_fork,sth_proof,12000,6.0,5.0,0.01,0.2,0.05,3.0,True,20.0,20.0,0.0,0.0,,,,,28749.0,,,,2.0214402519532433,2.0214402519532433,7.0,0.0001059899460965417,7,7,48012,0.05,0.05,0.0,True,0.2,0.08,800,10,0.0,0.0,0.0,0.9727740287780762,C:/Users/efasllija/dev/gossip-poc/out_nb_incremental_clean0104/scenario_mixing_sweep/mix_0p05/permanent_fork_sth_proof_n12000_pg0p01_a0p2_ff0p05_s48012_drop0_pc0p05_pgc0p05,0.05
permanent_fork,sth_proof,12000,6.0,5.0,0.01,0.2,0.05,3.0,True,35.0,35.0,0.0,0.0,,,,,33765.0,,,,1.9618227505841208,1.9618227505841208,3.0,4.40845836211077e-05,3,3,48013,0.05,0.05,0.0,True,0.2,0.08,800,10,0.0,0.0,0.0,0.9536416530609131,C:/Users/efasllija/dev/gossip-poc/out_nb_incremental_clean0104/scenario_mixing_sweep/mix_0p05/permanent_fork_sth_proof_n12000_pg0p01_a0p2_ff0p05_s48013_drop0_pc0p05_pgc0p05,0.05
permanent_fork,sth_proof,12000,6.0,5.0,0.01,0.2,0.05,3.0,True,40.0,40.0,0.0,0.0,,,,,34390.0,,,,1.8870007262164126,1.8870007262164126,6.0,8.714596949891067e-05,6,6,48014,0.05,0.05,0.0,True,0.2,0.08,800,10,0.0,0.0,0.0,0.9646754264831543,C:/Users/efasllija/dev/gossip-poc/out_nb_incremental_clean0104/scenario_mixing_sweep/mix_0p05/permanent_fork_sth_proof_n12000_pg0p01_a0p2_ff0p05_s48014_drop0_pc0p05_pgc0p05,0.05
permanent_fork,sth_proof,12000,6.0,5.0,0.015,0.2,0.05,3.0,True,40.0,40.0,0.0,0.0,,,,,32886.0,,,,2.8751261694210517,2.8751261694210517,10.0,0.00015065005498727008,10,10,48000,0.05,0.05,0.0,True,0.2,0.08,800,10,0.0,0.0,0.0,0.9848616123199463,C:/Users/efasllija/dev/gossip-poc/out_nb_incremental_clean0104/scenario_mixing_sweep/mix_0p05/permanent_fork_sth_proof_n12000_pg0p015_a0p2_ff0p05_s48000_drop0_pc0p05_pgc0p05,0.05
permanent_fork,sth_proof,12000,6.0,5.0,0.015,0.2,0.05,3.0,True,0.0,0.0,0.0,0.0,,,,,26628.0,,,,2.5856046413247116,2.5856046413247116,7.0,0.0001057593521484257,7,7,48001,0.05,0.05,0.0,True,0.2,0.08,800,10,0.0,0.0,0.0,0.9859254360198975,C:/Users/efasllija/dev/gossip-poc/out_nb_incremental_clean0104/scenario_mixing_sweep/mix_0p05/permanent_fork_sth_proof_n12000_pg0p015_a0p2_ff0p05_s48001_drop0_pc0p05_pgc0p05,0.05
permanent_fork,sth_proof,12000,6.0,5.0,0.015,0.2,0.05,3.0,True,0.0,0.0,0.0,0.0,,,,,26748.0,,,,3.418511731306516,3.418511731306516,26.0,0.00039054285456784933,26,26,48002,0.05,0.05,0.0,True,0.2,0.08,800,10,0.0,0.0,0.0,0.9748966693878174,C:/Users/efasllija/dev/gossip-poc/out_nb_incremental_clean0104/scenario_mixing_sweep/mix_0p05/permanent_fork_sth_proof_n12000_pg0p015_a0p2_ff0p05_s48002_drop0_pc0p05_pgc0p05,0.05
permanent_fork,sth_proof,12000,6.0,5.0,0.015,0.2,0.05,3.0,True,25.0,25.0,0.0,0.0,,,,,29365.0,,,,1.89853996535511,1.89853996535511,2.0,3.093293739173472e-05,2,2,48003,0.05,0.05,0.0,True,0.2,0.08,800,10,0.0,0.0,0.0,0.9470326900482178,C:/Users/efasllija/dev/gossip-poc/out_nb_incremental_clean0104/scenario_mixing_sweep/mix_0p05/permanent_fork_sth_proof_n12000_pg0p015_a0p2_ff0p05_s48003_drop0_pc0p05_pgc0p05,0.05
permanent_fork,sth_proof,12000,6.0,5.0,0.015,0.2,0.05,3.0,True,45.0,45.0,0.0,0.0,,,,,32246.0,,,,3.266455824388116,3.266455824388116,8.0,0.00012463582968513874,8,8,48004,0.05,0.05,0.0,True,0.2,0.08,800,10,0.0,0.0,0.0,0.9491133689880371,C:/Users/efasllija/dev/gossip-poc/out_nb_incremental_clean0104/scenario_mixing_sweep/mix_0p05/permanent_fork_sth_proof_n12000_pg0p015_a0p2_ff0p05_s48004_drop0_pc0p05_pgc0p05,0.05
permanent_fork,sth_proof,12000,6.0,5.0,0.015,0.2,0.05,3.0,True,35.0,35.0,0.0,0.0,,,,,32306.0,,,,2.3358909791142053,2.3358909791142053,18.0,0.00026662716634572655,18,18,48005,0.05,0.05,0.0,True,0.2,0.08,800,10,0.0,0.0,0.0,0.9841909408569336,C:/Users/efasllija/dev/gossip-poc/out_nb_incremental_clean0104/scenario_mixing_sweep/mix_0p05/permanent_fork_sth_proof_n12000_pg0p015_a0p2_ff0p05_s48005_drop0_pc0p05_pgc0p05,0.05
permanent_fork,sth_proof,12000,6.0,5.0,0.015,0.2,0.05,3.0,True,20.0,20.0,0.0,0.0,,,,,28369.0,,,,1.8583499769549854,1.8583499769549854,14.0,0.00021508680288830848,14,14,48006,0.05,0.05,0.0,True,0.2,0.08,800,10,0.0,0.0,0.0,0.9564964771270752,C:/Users/efasllija/dev/gossip-poc/out_nb_incremental_clean0104/scenario_mixing_sweep/mix_0p05/permanent_fork_sth_proof_n12000_pg0p015_a0p2_ff0p05_s48006_drop0_pc0p05_pgc0p05,0.05
permanent_fork,sth_proof,12000,6.0,5.0,0.015,0.2,0.05,3.0,True,10.0,10.0,0.0,0.0,,,,,27785.0,,,,2.5747530738187585,2.5747530738187585,29.0,0.00045538055682050157,29,29,48007,0.05,0.05,0.0,True,0.2,0.08,800,10,0.0,0.0,0.0,0.9697484970092773,C:/Users/efasllija/dev/gossip-poc/out_nb_incremental_clean0104/scenario_mixing_sweep/mix_0p05/permanent_fork_sth_proof_n12000_pg0p015_a0p2_ff0p05_s48007_drop0_pc0p05_pgc0p05,0.05
permanent_fork,sth_proof,12000,6.0,5.0,0.015,0.2,0.05,3.0,True,15.0,15.0,0.0,0.0,,,,,27818.0,,,,2.0371715445417644,2.0371715445417644,15.0,0.00022888882106997894,15,15,48008,0.05,0.05,0.0,True,0.2,0.08,800,10,0.0,0.0,0.0,0.9503405094146729,C:/Users/efasllija/dev/gossip-poc/out_nb_incremental_clean0104/scenario_mixing_sweep/mix_0p05/permanent_fork_sth_proof_n12000_pg0p015_a0p2_ff0p05_s48008_drop0_pc0p05_pgc0p05,0.05
permanent_fork,sth_proof,12000,6.0,5.0,0.015,0.2,0.05,3.0,True,10.0,10.0,0.0,0.0,,,,,28474.0,,,,3.0350475731663256,3.0350475731663256,7.0,0.00010538359629049741,7,7,48009,0.05,0.05,0.0,True,0.2,0.08,800,10,0.0,0.0,0.0,0.975421667098999,C:/Users/efasllija/dev/gossip-poc/out_nb_incremental_clean0104/scenario_mixing_sweep/mix_0p05/permanent_fork_sth_proof_n12000_pg0p015_a0p2_ff0p05_s48009_drop0_pc0p05_pgc0p05,0.05
permanent_fork,sth_proof,12000,6.0,5.0,0.015,0.2,0.05,3.0,True,10.0,10.0,0.0,0.0,,,,,28524.0,,,,2.756393001345895,2.756393001345895,5.0,7.395027583452886e-05,5,5,48010,0.05,0.05,0.0,True,0.2,0.08,800,10,0.0,0.0,0.0,0.9515507221221924,C:/Users/efasllija/dev/gossip-poc/out_nb_incremental_clean0104/scenario_mixing_sweep/mix_0p05/permanent_fork_sth_proof_n12000_pg0p015_a0p2_ff0p05_s48010_drop0_pc0p05_pgc0p05,0.05
permanent_fork,sth_proof,12000,6.0,5.0,0.015,0.2,0.05,3.0,True,20.0,20.0,0.0,0.0,,,,,29050.0,,,,1.9628812539533163,1.9628812539533163,5.0,7.713787623999136e-05,5,5,48011,0.05,0.05,0.0,True,0.2,0.08,800,10,0.0,0.0,0.0,0.9557900428771973,C:/Users/efasllija/dev/gossip-poc/out_nb_incremental_clean0104/scenario_mixing_sweep/mix_0p05/permanent_fork_sth_proof_n12000_pg0p015_a0p2_ff0p05_s48011_drop0_pc0p05_pgc0p05,0.05
permanent_fork,sth_proof,12000,6.0,5.0,0.015,0.2,0.05,3.0,True,20.0,20.0,0.0,0.0,,,,,28749.0,,,,2.69977590697111,2.69977590697111,7.0,0.0001059899460965417,7,7,48012,0.05,0.05,0.0,True,0.2,0.08,800,10,0.0,0.0,0.0,0.9430563449859619,C:/Users/efasllija/dev/gossip-poc/out_nb_incremental_clean0104/scenario_mixing_sweep/mix_0p05/permanent_fork_sth_proof_n12000_pg0p015_a0p2_ff0p05_s48012_drop0_pc0p05_pgc0p05,0.05
permanent_fork,sth_proof,12000,6.0,5.0,0.015,0.2,0.05,3.0,True,35.0,35.0,0.0,0.0,,,,,33765.0,,,,3.2653157190930333,3.2653157190930333,8.0,0.0001175588896562872,8,8,48013,0.05,0.05,0.0,True,0.2,0.08,800,10,0.0,0.0,0.0,0.9595272541046143,C:/Users/efasllija/dev/gossip-poc/out_nb_incremental_clean0104/scenario_mixing_sweep/mix_0p05/permanent_fork_sth_proof_n12000_pg0p015_a0p2_ff0p05_s48013_drop0_pc0p05_pgc0p05,0.05
permanent_fork,sth_proof,12000,6.0,5.0,0.015,0.2,0.05,3.0,True,40.0,40.0,0.0,0.0,,,,,34390.0,,,,2.771938997821351,2.771938997821351,8.0,0.00011619462599854757,8,8,48014,0.05,0.05,0.0,True,0.2,0.08,800,10,0.0,0.0,0.0,0.9689533710479736,C:/Users/efasllija/dev/gossip-poc/out_nb_incremental_clean0104/scenario_mixing_sweep/mix_0p05/permanent_fork_sth_proof_n12000_pg0p015_a0p2_ff0p05_s48014_drop0_pc0p05_pgc0p05,0.05
permanent_fork,sth_proof,12000,6.0,5.0,0.02,0.2,0.05,3.0,True,40.0,40.0,0.0,0.0,,,,,32886.0,,,,3.5095436809834437,3.5095436809834437,11.0,0.00016571506048599708,11,11,48000,0.05,0.05,0.0,True,0.2,0.08,800,10,0.0,0.0,0.0,0.9550325870513916,C:/Users/efasllija/dev/gossip-poc/out_nb_incremental_clean0104/scenario_mixing_sweep/mix_0p05/permanent_fork_sth_proof_n12000_pg0p02_a0p2_ff0p05_s48000_drop0_pc0p05_pgc0p05,0.05
permanent_fork,sth_proof,12000,6.0,5.0,0.02,0.2,0.05,3.0,True,0.0,0.0,0.0,0.0,,,,,26628.0,,,,3.682117604399589,3.682117604399589,7.0,0.0001057593521484257,7,7,48001,0.05,0.05,0.0,True,0.2,0.08,800,10,0.0,0.0,0.0,0.9541780948638916,C:/Users/efasllija/dev/gossip-poc/out_nb_incremental_clean0104/scenario_mixing_sweep/mix_0p05/permanent_fork_sth_proof_n12000_pg0p02_a0p2_ff0p05_s48001_drop0_pc0p05_pgc0p05,0.05
permanent_fork,sth_proof,12000,6.0,5.0,0.02,0.2,0.05,3.0,True,0.0,0.0,0.0,0.0,,,,,26748.0,,,,5.141226304563343,5.141226304563343,29.0,0.0004356054916333704,29,29,48002,0.05,0.05,0.0,True,0.2,0.08,800,10,0.0,0.0,0.0,0.964702844619751,C:/Users/efasllija/dev/gossip-poc/out_nb_incremental_clean0104/scenario_mixing_sweep/mix_0p05/permanent_fork_sth_proof_n12000_pg0p02_a0p2_ff0p05_s48002_drop0_pc0p05_pgc0p05,0.05
permanent_fork,sth_proof,12000,6.0,5.0,0.02,0.2,0.05,3.0,True,25.0,25.0,0.0,0.0,,,,,29365.0,,,,2.9933184855233854,2.9933184855233854,2.0,3.093293739173472e-05,2,2,48003,0.05,0.05,0.0,True,0.2,0.08,800,10,0.0,0.0,0.0,0.9648680686950684,C:/Users/efasllija/dev/gossip-poc/out_nb_incremental_clean0104/scenario_mixing_sweep/mix_0p05/permanent_fork_sth_proof_n12000_pg0p02_a0p2_ff0p05_s48003_drop0_pc0p05_pgc0p05,0.05
permanent_fork,sth_proof,12000,6.0,5.0,0.02,0.2,0.05,3.0,True,45.0,45.0,0.0,0.0,,,,,32246.0,,,,3.9085796189259505,3.9085796189259505,9.0,0.00014021530839578107,9,9,48004,0.05,0.05,0.0,True,0.2,0.08,800,10,0.0,0.0,0.0,0.9511399269104004,C:/Users/efasllija/dev/gossip-poc/out_nb_incremental_clean0104/scenario_mixing_sweep/mix_0p05/permanent_fork_sth_proof_n12000_pg0p02_a0p2_ff0p05_s48004_drop0_pc0p05_pgc0p05,0.05
permanent_fork,sth_proof,12000,6.0,5.0,0.02,0.2,0.05,3.0,True,35.0,35.0,0.0,0.0,,,,,32306.0,,,,2.787142645533995,2.787142645533995,21.0,0.0003110650274033477,21,21,48005,0.05,0.05,0.0,True,0.2,0.08,800,10,0.0,0.0,0.0,0.9511005878448486,C:/Users/efasllija/dev/gossip-poc/out_nb_incremental_clean0104/scenario_mixing_sweep/mix_0p05/permanent_fork_sth_proof_n12000_pg0p02_a0p2_ff0p05_s48005_drop0_pc0p05_pgc0p05,0.05
permanent_fork,sth_proof,12000,6.0,5.0,0.02,0.2,0.05,3.0,True,20.0,20.0,0.0,0.0,,,,,28369.0,,,,3.386326624673529,3.386326624673529,19.0,0.0002919035182055615,19,19,48006,0.05,0.05,0.0,True,0.2,0.08,800,10,0.0,0.0,0.0,0.947913646697998,C:/Users/efasllija/dev/gossip-poc/out_nb_incremental_clean0104/scenario_mixing_sweep/mix_0p05/permanent_fork_sth_proof_n12000_pg0p02_a0p2_ff0p05_s48006_drop0_pc0p05_pgc0p05,0.05
permanent_fork,sth_proof,12000,6.0,5.0,0.02,0.2,0.05,3.0,True,10.0,10.0,0.0,0.0,,,,,27785.0,,,,3.489282854136897,3.489282854136897,32.0,0.0005024888902846914,32,32,48007,0.05,0.05,0.0,True,0.2,0.08,800,10,0.0,0.0,0.0,0.9536821842193604,C:/Users/efasllija/dev/gossip-poc/out_nb_incremental_clean0104/scenario_mixing_sweep/mix_0p05/permanent_fork_sth_proof_n12000_pg0p02_a0p2_ff0p05_s48007_drop0_pc0p05_pgc0p05,0.05
permanent_fork,sth_proof,12000,6.0,5.0,0.02,0.2,0.05,3.0,True,10.0,10.0,0.0,0.0,,,,,27030.0,,,,2.912198248237556,2.912198248237556,20.0,0.0003051850947599719,20,20,48008,0.05,0.05,0.0,True,0.2,0.08,800,10,0.0,0.0,0.0,0.9422495365142822,C:/Users/efasllija/dev/gossip-poc/out_nb_incremental_clean0104/scenario_mixing_sweep/mix_0p05/permanent_fork_sth_proof_n12000_pg0p02_a0p2_ff0p05_s48008_drop0_pc0p05_pgc0p05,0.05
permanent_fork,sth_proof,12000,6.0,5.0,0.02,0.2,0.05,3.0,True,10.0,10.0,0.0,0.0,,,,,28474.0,,,,3.5746115861736723,3.5746115861736723,7.0,0.00010538359629049741,7,7,48009,0.05,0.05,0.0,True,0.2,0.08,800,10,0.0,0.0,0.0,0.9651665687561035,C:/Users/efasllija/dev/gossip-poc/out_nb_incremental_clean0104/scenario_mixing_sweep/mix_0p05/permanent_fork_sth_proof_n12000_pg0p02_a0p2_ff0p05_s48009_drop0_pc0p05_pgc0p05,0.05
permanent_fork,sth_proof,12000,6.0,5.0,0.02,0.2,0.05,3.0,True,10.0,10.0,0.0,0.0,,,,,28524.0,,,,3.3659799151050835,3.3659799151050835,9.0,0.00013311049650215195,9,9,48010,0.05,0.05,0.0,True,0.2,0.08,800,10,0.0,0.0,0.0,0.9819369316101074,C:/Users/efasllija/dev/gossip-poc/out_nb_incremental_clean0104/scenario_mixing_sweep/mix_0p05/permanent_fork_sth_proof_n12000_pg0p02_a0p2_ff0p05_s48010_drop0_pc0p05_pgc0p05,0.05
permanent_fork,sth_proof,12000,6.0,5.0,0.02,0.2,0.05,3.0,True,20.0,20.0,0.0,0.0,,,,,29050.0,,,,3.096376062574245,3.096376062574245,7.0,0.0001079930267359879,7,7,48011,0.05,0.05,0.0,True,0.2,0.08,800,10,0.0,0.0,0.0,0.9921770095825195,C:/Users/efasllija/dev/gossip-poc/out_nb_incremental_clean0104/scenario_mixing_sweep/mix_0p05/permanent_fork_sth_proof_n12000_pg0p02_a0p2_ff0p05_s48011_drop0_pc0p05_pgc0p05,0.05
permanent_fork,sth_proof,12000,6.0,5.0,0.02,0.2,0.05,3.0,True,20.0,20.0,0.0,0.0,,,,,28749.0,,,,3.2017442916843315,3.2017442916843315,11.0,0.00016655562958027982,11,11,48012,0.05,0.05,0.0,True,0.2,0.08,800,10,0.0,0.0,0.0,1.1265435218811035,C:/Users/efasllija/dev/gossip-poc/out_nb_incremental_clean0104/scenario_mixing_sweep/mix_0p05/permanent_fork_sth_proof_n12000_pg0p02_a0p2_ff0p05_s48012_drop0_pc0p05_pgc0p05,0.05
permanent_fork,sth_proof,12000,6.0,5.0,0.02,0.2,0.05,3.0,True,35.0,35.0,0.0,0.0,,,,,33765.0,,,,4.160644222715317,4.160644222715317,12.0,0.0001763383344844308,12,12,48013,0.05,0.05,0.0,True,0.2,0.08,800,10,0.0,0.0,0.0,0.981898307800293,C:/Users/efasllija/dev/gossip-poc/out_nb_incremental_clean0104/scenario_mixing_sweep/mix_0p05/permanent_fork_sth_proof_n12000_pg0p02_a0p2_ff0p05_s48013_drop0_pc0p05_pgc0p05,0.05
permanent_fork,sth_proof,12000,6.0,5.0,0.02,0.2,0.05,3.0,True,40.0,40.0,0.0,0.0,,,,,34390.0,,,,3.7479738562091502,3.7479738562091502,9.0,0.00013071895424836603,9,9,48014,0.05,0.05,0.0,True,0.2,0.08,800,10,0.0,0.0,0.0,0.9557580947875977,C:/Users/efasllija/dev/gossip-poc/out_nb_incremental_clean0104/scenario_mixing_sweep/mix_0p05/permanent_fork_sth_proof_n12000_pg0p02_a0p2_ff0p05_s48014_drop0_pc0p05_pgc0p05,0.05
permanent_fork,sth_proof,12000,6.0,5.0,0.03,0.2,0.05,3.0,True,20.0,20.0,0.0,0.0,,,,,29792.0,,,,5.507283930158635,5.507283930158635,18.0,0.0002711700989770861,18,18,48000,0.05,0.05,0.0,True,0.2,0.08,800,10,0.0,0.0,0.0,0.9713120460510254,C:/Users/efasllija/dev/gossip-poc/out_nb_incremental_clean0104/scenario_mixing_sweep/mix_0p05/permanent_fork_sth_proof_n12000_pg0p03_a0p2_ff0p05_s48000_drop0_pc0p05_pgc0p05,0.05
permanent_fork,sth_proof,12000,6.0,5.0,0.03,0.2,0.05,3.0,True,0.0,0.0,0.0,0.0,,,,,26628.0,,,,4.92753973529945,4.92753973529945,11.0,0.00016619326766181182,11,11,48001,0.05,0.05,0.0,True,0.2,0.08,800,10,0.0,0.0,0.0,0.9662778377532959,C:/Users/efasllija/dev/gossip-poc/out_nb_incremental_clean0104/scenario_mixing_sweep/mix_0p05/permanent_fork_sth_proof_n12000_pg0p03_a0p2_ff0p05_s48001_drop0_pc0p05_pgc0p05,0.05
permanent_fork,sth_proof,12000,6.0,5.0,0.03,0.2,0.05,3.0,True,0.0,0.0,0.0,0.0,,,,,26748.0,,,,6.796647339802325,6.796647339802325,33.0,0.0004956890077207318,33,33,48002,0.05,0.05,0.0,True,0.2,0.08,800,10,0.0,0.0,0.0,0.9656088352203369,C:/Users/efasllija/dev/gossip-poc/out_nb_incremental_clean0104/scenario_mixing_sweep/mix_0p05/permanent_fork_sth_proof_n12000_pg0p03_a0p2_ff0p05_s48002_drop0_pc0p05_pgc0p05,0.05
permanent_fork,sth_proof,12000,6.0,5.0,0.03,0.2,0.05,3.0,True,25.0,25.0,0.0,0.0,,,,,29365.0,,,,4.9334323187329865,4.9334323187329865,8.0,0.00012373174956693887,8,8,48003,0.05,0.05,0.0,True,0.2,0.08,800,10,0.0,0.0,0.0,0.9968047142028809,C:/Users/efasllija/dev/gossip-poc/out_nb_incremental_clean0104/scenario_mixing_sweep/mix_0p05/permanent_fork_sth_proof_n12000_pg0p03_a0p2_ff0p05_s48003_drop0_pc0p05_pgc0p05,0.05
permanent_fork,sth_proof,12000,6.0,5.0,0.03,0.2,0.05,3.0,True,25.0,25.0,0.0,0.0,,,,,29085.0,,,,6.407278732453612,6.407278732453612,14.0,0.0002181127019489928,14,14,48004,0.05,0.05,0.0,True,0.2,0.08,800,10,0.0,0.0,0.0,0.9672486782073975,C:/Users/efasllija/dev/gossip-poc/out_nb_incremental_clean0104/scenario_mixing_sweep/mix_0p05/permanent_fork_sth_proof_n12000_pg0p03_a0p2_ff0p05_s48004_drop0_pc0p05_pgc0p05,0.05
permanent_fork,sth_proof,12000,6.0,5.0,0.03,0.2,0.05,3.0,True,35.0,35.0,0.0,0.0,,,,,32306.0,,,,4.273618723152126,4.273618723152126,24.0,0.00035550288846096875,24,24,48005,0.05,0.05,0.0,True,0.2,0.08,800,10,0.0,0.0,0.0,0.9585139751434326,C:/Users/efasllija/dev/gossip-poc/out_nb_incremental_clean0104/scenario_mixing_sweep/mix_0p05/permanent_fork_sth_proof_n12000_pg0p03_a0p2_ff0p05_s48005_drop0_pc0p05_pgc0p05,0.05
permanent_fork,sth_proof,12000,6.0,5.0,0.03,0.2,0.05,3.0,True,20.0,20.0,0.0,0.0,,,,,28369.0,,,,4.955599938546627,4.955599938546627,23.0,0.00035335689045936394,23,23,48006,0.05,0.05,0.0,True,0.2,0.08,800,10,0.0,0.0,0.0,0.9732277393341064,C:/Users/efasllija/dev/gossip-poc/out_nb_incremental_clean0104/scenario_mixing_sweep/mix_0p05/permanent_fork_sth_proof_n12000_pg0p03_a0p2_ff0p05_s48006_drop0_pc0p05_pgc0p05,0.05
permanent_fork,sth_proof,12000,6.0,5.0,0.03,0.2,0.05,3.0,True,10.0,10.0,0.0,0.0,,,,,27785.0,,,,5.6982240158284,5.6982240158284,39.0,0.0006124083350344676,39,39,48007,0.05,0.05,0.0,True,0.2,0.08,800,10,0.0,0.0,0.0,0.9390029907226562,C:/Users/efasllija/dev/gossip-poc/out_nb_incremental_clean0104/scenario_mixing_sweep/mix_0p05/permanent_fork_sth_proof_n12000_pg0p03_a0p2_ff0p05_s48007_drop0_pc0p05_pgc0p05,0.05
permanent_fork,sth_proof,12000,6.0,5.0,0.03,0.2,0.05,3.0,True,10.0,10.0,0.0,0.0,,,,,27030.0,,,,4.78530228583636,4.78530228583636,40.0,0.0006103701895199438,40,40,48008,0.05,0.05,0.0,True,0.2,0.08,800,10,0.0,0.0,0.0,0.9789342880249023,C:/Users/efasllija/dev/gossip-poc/out_nb_incremental_clean0104/scenario_mixing_sweep/mix_0p05/permanent_fork_sth_proof_n12000_pg0p03_a0p2_ff0p05_s48008_drop0_pc0p05_pgc0p05,0.05
permanent_fork,sth_proof,12000,6.0,5.0,0.03,0.2,0.05,3.0,True,10.0,10.0,0.0,0.0,,,,,28474.0,,,,5.530531133325304,5.530531133325304,13.0,0.00019571239311092376,13,13,48009,0.05,0.05,0.0,True,0.2,0.08,800,10,0.0,0.0,0.0,0.9487860202789307,C:/Users/efasllija/dev/gossip-poc/out_nb_incremental_clean0104/scenario_mixing_sweep/mix_0p05/permanent_fork_sth_proof_n12000_pg0p03_a0p2_ff0p05_s48009_drop0_pc0p05_pgc0p05,0.05
permanent_fork,sth_proof,12000,6.0,5.0,0.03,0.2,0.05,3.0,True,10.0,10.0,0.0,0.0,,,,,28524.0,,,,6.016357801014598,6.016357801014598,14.0,0.00020706077233668082,14,14,48010,0.05,0.05,0.0,True,0.2,0.08,800,10,0.0,0.0,0.0,0.9482517242431641,C:/Users/efasllija/dev/gossip-poc/out_nb_incremental_clean0104/scenario_mixing_sweep/mix_0p05/permanent_fork_sth_proof_n12000_pg0p03_a0p2_ff0p05_s48010_drop0_pc0p05_pgc0p05,0.05
permanent_fork,sth_proof,12000,6.0,5.0,0.03,0.2,0.05,3.0,True,20.0,20.0,0.0,0.0,,,,,29050.0,,,,4.893380027461084,4.893380027461084,10.0,0.00015427575247998273,10,10,48011,0.05,0.05,0.0,True,0.2,0.08,800,10,0.0,0.0,0.0,0.9533770084381104,C:/Users/efasllija/dev/gossip-poc/out_nb_incremental_clean0104/scenario_mixing_sweep/mix_0p05/permanent_fork_sth_proof_n12000_pg0p03_a0p2_ff0p05_s48011_drop0_pc0p05_pgc0p05,0.05
permanent_fork,sth_proof,12000,6.0,5.0,0.03,0.2,0.05,3.0,True,10.0,10.0,0.0,0.0,,,,,27262.0,,,,5.942220337956514,5.942220337956514,34.0,0.000514808309611774,34,34,48012,0.05,0.05,0.0,True,0.2,0.08,800,10,0.0,0.0,0.0,0.9673774242401123,C:/Users/efasllija/dev/gossip-poc/out_nb_incremental_clean0104/scenario_mixing_sweep/mix_0p05/permanent_fork_sth_proof_n12000_pg0p03_a0p2_ff0p05_s48012_drop0_pc0p05_pgc0p05,0.05
permanent_fork,sth_proof,12000,6.0,5.0,0.03,0.2,0.05,3.0,True,25.0,25.0,0.0,0.0,,,,,32233.0,,,,5.569469956356262,5.569469956356262,15.0,0.0002204229181055385,15,15,48013,0.05,0.05,0.0,True,0.2,0.08,800,10,0.0,0.0,0.0,0.9745879173278809,C:/Users/efasllija/dev/gossip-poc/out_nb_incremental_clean0104/scenario_mixing_sweep/mix_0p05/permanent_fork_sth_proof_n12000_pg0p03_a0p2_ff0p05_s48013_drop0_pc0p05_pgc0p05,0.05
permanent_fork,sth_proof,12000,6.0,5.0,0.03,0.2,0.05,3.0,True,25.0,25.0,0.0,0.0,,,,,31928.0,,,,6.142512708787218,6.142512708787218,16.0,0.00023238925199709515,16,16,48014,0.05,0.05,0.0,True,0.2,0.08,800,10,0.0,0.0,0.0,0.9719028472900391,C:/Users/efasllija/dev/gossip-poc/out_nb_incremental_clean0104/scenario_mixing_sweep/mix_0p05/permanent_fork_sth_proof_n12000_pg0p03_a0p2_ff0p05_s48014_drop0_pc0p05_pgc0p05,0.05
permanent_fork,sth_proof,12000,6.0,5.0,0.05,0.2,0.05,3.0,True,20.0,20.0,0.0,0.0,,,,,29792.0,,,,9.597252142997032,9.597252142997032,30.0,0.0004519501649618102,30,30,48000,0.05,0.05,0.0,True,0.2,0.08,800,10,0.0,0.0,0.0,0.9698483943939209,C:/Users/efasllija/dev/gossip-poc/out_nb_incremental_clean0104/scenario_mixing_sweep/mix_0p05/permanent_fork_sth_proof_n12000_pg0p05_a0p2_ff0p05_s48000_drop0_pc0p05_pgc0p05,0.05
permanent_fork,sth_proof,12000,6.0,5.0,0.05,0.2,0.05,3.0,True,0.0,0.0,0.0,0.0,,,,,26628.0,,,,8.934550069499004,8.934550069499004,22.0,0.00033238653532362364,22,22,48001,0.05,0.05,0.0,True,0.2,0.08,800,10,0.0,0.0,0.0,0.9575631618499756,C:/Users/efasllija/dev/gossip-poc/out_nb_incremental_clean0104/scenario_mixing_sweep/mix_0p05/permanent_fork_sth_proof_n12000_pg0p05_a0p2_ff0p05_s48001_drop0_pc0p05_pgc0p05,0.05
permanent_fork,sth_proof,12000,6.0,5.0,0.05,0.2,0.05,3.0,True,0.0,0.0,0.0,0.0,,,,,26748.0,,,,10.255535193919549,10.255535193919549,42.0,0.0006308769189172951,42,42,48002,0.05,0.05,0.0,True,0.2,0.08,800,10,0.0,0.0,0.0,0.9685242176055908,C:/Users/efasllija/dev/gossip-poc/out_nb_incremental_clean0104/scenario_mixing_sweep/mix_0p05/permanent_fork_sth_proof_n12000_pg0p05_a0p2_ff0p05_s48002_drop0_pc0p05_pgc0p05,0.05
permanent_fork,sth_proof,12000,6.0,5.0,0.05,0.2,0.05,3.0,True,25.0,25.0,0.0,0.0,,,,,29365.0,,,,8.190051967334819,8.190051967334819,22.0,0.0003402623113090819,22,22,48003,0.05,0.05,0.0,True,0.2,0.08,800,10,0.0,0.0,0.0,0.9435291290283203,C:/Users/efasllija/dev/gossip-poc/out_nb_incremental_clean0104/scenario_mixing_sweep/mix_0p05/permanent_fork_sth_proof_n12000_pg0p05_a0p2_ff0p05_s48003_drop0_pc0p05_pgc0p05,0.05
permanent_fork,sth_proof,12000,6.0,5.0,0.05,0.2,0.05,3.0,True,25.0,25.0,0.0,0.0,,,,,29085.0,,,,9.492264788820165,9.492264788820165,35.0,0.000545281754872482,35,35,48004,0.05,0.05,0.0,True,0.2,0.08,800,10,0.0,0.0,0.0,0.9583165645599365,C:/Users/efasllija/dev/gossip-poc/out_nb_incremental_clean0104/scenario_mixing_sweep/mix_0p05/permanent_fork_sth_proof_n12000_pg0p05_a0p2_ff0p05_s48004_drop0_pc0p05_pgc0p05,0.05
permanent_fork,sth_proof,12000,6.0,5.0,0.05,0.2,0.05,3.0,True,15.0,15.0,0.0,0.0,,,,,29165.0,,,,8.042897348540956,8.042897348540956,34.0,0.0005036290919863724,34,34,48005,0.05,0.05,0.0,True,0.2,0.08,800,10,0.0,0.0,0.0,0.9833662509918213,C:/Users/efasllija/dev/gossip-poc/out_nb_incremental_clean0104/scenario_mixing_sweep/mix_0p05/permanent_fork_sth_proof_n12000_pg0p05_a0p2_ff0p05_s48005_drop0_pc0p05_pgc0p05,0.05
permanent_fork,sth_proof,12000,6.0,5.0,0.05,0.2,0.05,3.0,True,15.0,15.0,0.0,0.0,,,,,27655.0,,,,8.21803656475649,8.21803656475649,33.0,0.00050699032109387,33,33,48006,0.05,0.05,0.0,True,0.2,0.08,800,10,0.0,0.0,0.0,0.9629306793212891,C:/Users/efasllija/dev/gossip-poc/out_nb_incremental_clean0104/scenario_mixing_sweep/mix_0p05/permanent_fork_sth_proof_n12000_pg0p05_a0p2_ff0p05_s48006_drop0_pc0p05_pgc0p05,0.05
permanent_fork,sth_proof,12000,6.0,5.0,0.05,0.2,0.05,3.0,True,10.0,10.0,0.0,0.0,,,,,27785.0,,,,8.765416202126156,8.765416202126156,46.0,0.0007223277797842438,46,46,48007,0.05,0.05,0.0,True,0.2,0.08,800,10,0.0,0.0,0.0,0.9449260234832764,C:/Users/efasllija/dev/gossip-poc/out_nb_incremental_clean0104/scenario_mixing_sweep/mix_0p05/permanent_fork_sth_proof_n12000_pg0p05_a0p2_ff0p05_s48007_drop0_pc0p05_pgc0p05,0.05
permanent_fork,sth_proof,12000,6.0,5.0,0.05,0.2,0.05,3.0,True,0.0,0.0,0.0,0.0,,,,,25357.0,,,,9.310831019013031,9.310831019013031,63.0,0.0009613330484939116,63,63,48008,0.05,0.05,0.0,True,0.2,0.08,800,10,0.0,0.0,0.0,0.978477954864502,C:/Users/efasllija/dev/gossip-poc/out_nb_incremental_clean0104/scenario_mixing_sweep/mix_0p05/permanent_fork_sth_proof_n12000_pg0p05_a0p2_ff0p05_s48008_drop0_pc0p05_pgc0p05,0.05
permanent_fork,sth_proof,12000,6.0,5.0,0.05,0.2,0.05,3.0,True,10.0,10.0,0.0,0.0,,,,,28474.0,,,,7.864145489582079,7.864145489582079,22.0,0.0003312055883415633,22,22,48009,0.05,0.05,0.0,True,0.2,0.08,800,10,0.0,0.0,0.0,0.9742729663848877,C:/Users/efasllija/dev/gossip-poc/out_nb_incremental_clean0104/scenario_mixing_sweep/mix_0p05/permanent_fork_sth_proof_n12000_pg0p05_a0p2_ff0p05_s48009_drop0_pc0p05_pgc0p05,0.05
permanent_fork,sth_proof,12000,6.0,5.0,0.05,0.2,0.05,3.0,True,0.0,0.0,0.0,0.0,,,,,27034.0,,,,10.906305000517651,10.906305000517651,29.0,0.0004289115998402674,29,29,48010,0.05,0.05,0.0,True,0.2,0.08,800,10,0.0,0.0,0.0,0.9530189037322998,C:/Users/efasllija/dev/gossip-poc/out_nb_incremental_clean0104/scenario_mixing_sweep/mix_0p05/permanent_fork_sth_proof_n12000_pg0p05_a0p2_ff0p05_s48010_drop0_pc0p05_pgc0p05,0.05
permanent_fork,sth_proof,12000,6.0,5.0,0.05,0.2,0.05,3.0,True,20.0,20.0,0.0,0.0,,,,,29050.0,,,,9.178543328345084,9.178543328345084,18.0,0.0002776963544639689,18,18,48011,0.05,0.05,0.0,True,0.2,0.08,800,10,0.0,0.0,0.0,0.9824120998382568,C:/Users/efasllija/dev/gossip-poc/out_nb_incremental_clean0104/scenario_mixing_sweep/mix_0p05/permanent_fork_sth_proof_n12000_pg0p05_a0p2_ff0p05_s48011_drop0_pc0p05_pgc0p05,0.05
permanent_fork,sth_proof,12000,6.0,5.0,0.05,0.2,0.05,3.0,True,10.0,10.0,0.0,0.0,,,,,27262.0,,,,10.459935800375508,10.459935800375508,49.0,0.0007419296226757919,49,49,48012,0.05,0.05,0.0,True,0.2,0.08,800,10,0.0,0.0,0.0,0.9427900314331055,C:/Users/efasllija/dev/gossip-poc/out_nb_incremental_clean0104/scenario_mixing_sweep/mix_0p05/permanent_fork_sth_proof_n12000_pg0p05_a0p2_ff0p05_s48012_drop0_pc0p05_pgc0p05,0.05
permanent_fork,sth_proof,12000,6.0,5.0,0.05,0.2,0.05,3.0,True,20.0,20.0,0.0,0.0,,,,,31416.0,,,,9.374616096750966,9.374616096750966,28.0,0.00041145611379700517,28,28,48013,0.05,0.05,0.0,True,0.2,0.08,800,10,0.0,0.0,0.0,0.9830799102783203,C:/Users/efasllija/dev/gossip-poc/out_nb_incremental_clean0104/scenario_mixing_sweep/mix_0p05/permanent_fork_sth_proof_n12000_pg0p05_a0p2_ff0p05_s48013_drop0_pc0p05_pgc0p05,0.05
permanent_fork,sth_proof,12000,6.0,5.0,0.05,0.2,0.05,3.0,True,15.0,15.0,0.0,0.0,,,,,30441.0,,,,11.413100944081336,11.413100944081336,33.0,0.0004793028322440087,33,33,48014,0.05,0.05,0.0,True,0.2,0.08,800,10,0.0,0.0,0.0,0.9674568176269531,C:/Users/efasllija/dev/gossip-poc/out_nb_incremental_clean0104/scenario_mixing_sweep/mix_0p05/permanent_fork_sth_proof_n12000_pg0p05_a0p2_ff0p05_s48014_drop0_pc0p05_pgc0p05,0.05
permanent_fork,sth_proof,12000,6.0,5.0,0.003,0.3,0.05,3.0,True,80.0,80.0,0.0,0.0,,,,,40641.0,,,,0.797802662159307,0.797802662159307,6.0,9.054963629229422e-05,6,6,48000,0.05,0.05,0.0,True,0.2,0.08,800,10,0.0,0.0,0.0,0.9656190872192383,C:/Users/efasllija/dev/gossip-poc/out_nb_incremental_clean0104/scenario_mixing_sweep/mix_0p05/permanent_fork_sth_proof_n12000_pg0p003_a0p3_ff0p05_s48000_drop0_pc0p05_pgc0p05,0.05
permanent_fork,sth_proof,12000,6.0,5.0,0.003,0.3,0.05,3.0,True,60.0,60.0,0.0,0.0,,,,,36580.0,,,,0.3489671495124107,0.3489671495124107,1.0,1.4979702503108287e-05,1,1,48001,0.05,0.05,0.0,True,0.2,0.08,800,10,0.0,0.0,0.0,0.9518520832061768,C:/Users/efasllija/dev/gossip-poc/out_nb_incremental_clean0104/scenario_mixing_sweep/mix_0p05/permanent_fork_sth_proof_n12000_pg0p003_a0p3_ff0p05_s48001_drop0_pc0p05_pgc0p05,0.05
permanent_fork,sth_proof,12000,6.0,5.0,0.003,0.3,0.05,3.0,True,135.0,135.0,0.0,0.0,,,,,54668.0,,,,0.8986153731008159,0.8986153731008159,14.0,0.00020956515230895892,14,14,48002,0.05,0.05,0.0,True,0.2,0.08,800,10,0.0,0.0,0.0,1.0014207363128662,C:/Users/efasllija/dev/gossip-poc/out_nb_incremental_clean0104/scenario_mixing_sweep/mix_0p05/permanent_fork_sth_proof_n12000_pg0p003_a0p3_ff0p05_s48002_drop0_pc0p05_pgc0p05,0.05
permanent_fork,sth_proof,12000,6.0,5.0,0.003,0.3,0.05,3.0,True,155.0,155.0,0.0,0.0,,,,,58512.0,,,,1.1164507891579238,1.1164507891579238,2.0,3.0766390794695876e-05,2,2,48003,0.05,0.05,0.0,True,0.2,0.08,800,10,0.0,0.0,0.0,0.965050220489502,C:/Users/efasllija/dev/gossip-poc/out_nb_incremental_clean0104/scenario_mixing_sweep/mix_0p05/permanent_fork_sth_proof_n12000_pg0p003_a0p3_ff0p05_s48003_drop0_pc0p05_pgc0p05,0.05
permanent_fork,sth_proof,12000,6.0,5.0,0.003,0.3,0.05,3.0,True,20.0,20.0,0.0,0.0,,,,,28575.0,,,,0.2582720169915801,0.2582720169915801,4.0,6.068421451869832e-05,4,4,48004,0.05,0.05,0.0,True,0.2,0.08,800,10,0.0,0.0,0.0,0.9599931240081787,C:/Users/efasllija/dev/gossip-poc/out_nb_incremental_clean0104/scenario_mixing_sweep/mix_0p05/permanent_fork_sth_proof_n12000_pg0p003_a0p3_ff0p05_s48004_drop0_pc0p05_pgc0p05,0.05
permanent_fork,sth_proof,12000,6.0,5.0,0.003,0.3,0.05,3.0,True,50.0,50.0,0.0,0.0,,,,,35229.0,,,,0.6305041098351575,0.6305041098351575,1.0,1.4972077076252788e-05,1,1,48005,0.05,0.05,0.0,True,0.2,0.08,800,10,0.0,0.0,0.0,0.9510922431945801,C:/Users/efasllija/dev/gossip-poc/out_nb_incremental_clean0104/scenario_mixing_sweep/mix_0p05/permanent_fork_sth_proof_n12000_pg0p003_a0p3_ff0p05_s48005_drop0_pc0p05_pgc0p05,0.05
permanent_fork,sth_proof,12000,6.0,5.0,0.003,0.3,0.05,3.0,True,75.0,75.0,0.0,0.0,,,,,38519.0,,,,0.7934045801526718,0.7934045801526718,2.0,3.0534351145038166e-05,2,2,48006,0.05,0.05,0.0,True,0.2,0.08,800,10,0.0,0.0,0.0,0.9617362022399902,C:/Users/efasllija/dev/gossip-poc/out_nb_incremental_clean0104/scenario_mixing_sweep/mix_0p05/permanent_fork_sth_proof_n12000_pg0p003_a0p3_ff0p05_s48006_drop0_pc0p05_pgc0p05,0.05
permanent_fork,sth_proof,12000,6.0,5.0,0.003,0.3,0.05,3.0,True,95.0,95.0,0.0,0.0,,,,,42791.0,,,,0.6810622983370563,0.6810622983370563,2.0,3.1025068255150164e-05,2,2,48007,0.05,0.05,0.0,True,0.2,0.08,800,10,0.0,0.0,0.0,0.9450078010559082,C:/Users/efasllija/dev/gossip-poc/out_nb_incremental_clean0104/scenario_mixing_sweep/mix_0p05/permanent_fork_sth_proof_n12000_pg0p003_a0p3_ff0p05_s48007_drop0_pc0p05_pgc0p05,0.05
permanent_fork,sth_proof,12000,6.0,5.0,0.003,0.3,0.05,3.0,True,45.0,45.0,0.0,0.0,,,,,33315.0,,,,1.0191178074508032,1.0191178074508032,1.0,1.5580935167728767e-05,1,1,48008,0.05,0.05,0.0,True,0.2,0.08,800,10,0.0,0.0,0.0,0.9746084213256836,C:/Users/efasllija/dev/gossip-poc/out_nb_incremental_clean0104/scenario_mixing_sweep/mix_0p05/permanent_fork_sth_proof_n12000_pg0p003_a0p3_ff0p05_s48008_drop0_pc0p05_pgc0p05,0.05
permanent_fork,sth_proof,12000,6.0,5.0,0.003,0.3,0.05,3.0,False,,,0.0,0.0,,,,,,,,,0.3795289169931773,0.3795289169931773,0.0,0.0,0,0,48009,0.05,0.05,0.0,True,0.2,0.08,800,10,0.0,0.0,0.0,0.9665963649749756,C:/Users/efasllija/dev/gossip-poc/out_nb_incremental_clean0104/scenario_mixing_sweep/mix_0p05/permanent_fork_sth_proof_n12000_pg0p003_a0p3_ff0p05_s48009_drop0_pc0p05_pgc0p05,0.05
permanent_fork,sth_proof,12000,6.0,5.0,0.003,0.3,0.05,3.0,True,85.0,85.0,0.0,0.0,,,,,42155.0,,,,1.0981705129738133,1.0981705129738133,2.0,2.989357885926103e-05,2,2,48010,0.05,0.05,0.0,True,0.2,0.08,800,10,0.0,0.0,0.0,0.9509031772613525,C:/Users/efasllija/dev/gossip-poc/out_nb_incremental_clean0104/scenario_mixing_sweep/mix_0p05/permanent_fork_sth_proof_n12000_pg0p003_a0p3_ff0p05_s48010_drop0_pc0p05_pgc0p05,0.05
permanent_fork,sth_proof,12000,6.0,5.0,0.003,0.3,0.05,3.0,True,50.0,50.0,0.0,0.0,,,,,33839.0,,,,0.6355295822860931,0.6355295822860931,1.0,1.5419487147857463e-05,1,1,48011,0.05,0.05,0.0,True,0.2,0.08,800,10,0.0,0.0,0.0,0.9758040904998779,C:/Users/efasllija/dev/gossip-poc/out_nb_incremental_clean0104/scenario_mixing_sweep/mix_0p05/permanent_fork_sth_proof_n12000_pg0p003_a0p3_ff0p05_s48011_drop0_pc0p05_pgc0p05,0.05
permanent_fork,sth_proof,12000,6.0,5.0,0.003,0.3,0.05,3.0,True,50.0,50.0,0.0,0.0,,,,,33122.0,,,,0.46174366436279857,0.46174366436279857,10.0,0.00015157026797623377,10,10,48012,0.05,0.05,0.0,True,0.2,0.08,800,10,0.0,0.0,0.0,0.9406850337982178,C:/Users/efasllija/dev/gossip-poc/out_nb_incremental_clean0104/scenario_mixing_sweep/mix_0p05/permanent_fork_sth_proof_n12000_pg0p003_a0p3_ff0p05_s48012_drop0_pc0p05_pgc0p05,0.05
permanent_fork,sth_proof,12000,6.0,5.0,0.003,0.3,0.05,3.0,True,50.0,50.0,0.0,0.0,,,,,35723.0,,,,0.869980879541109,0.869980879541109,2.0,2.9875717017208412e-05,2,2,48013,0.05,0.05,0.0,True,0.2,0.08,800,10,0.0,0.0,0.0,0.9533193111419678,C:/Users/efasllija/dev/gossip-poc/out_nb_incremental_clean0104/scenario_mixing_sweep/mix_0p05/permanent_fork_sth_proof_n12000_pg0p003_a0p3_ff0p05_s48013_drop0_pc0p05_pgc0p05,0.05
permanent_fork,sth_proof,12000,6.0,5.0,0.003,0.3,0.05,3.0,True,35.0,35.0,0.0,0.0,,,,,33849.0,,,,0.7960848287112561,0.7960848287112561,3.0,4.369610813330226e-05,3,3,48014,0.05,0.05,0.0,True,0.2,0.08,800,10,0.0,0.0,0.0,0.9445013999938965,C:/Users/efasllija/dev/gossip-poc/out_nb_incremental_clean0104/scenario_mixing_sweep/mix_0p05/permanent_fork_sth_proof_n12000_pg0p003_a0p3_ff0p05_s48014_drop0_pc0p05_pgc0p05,0.05
permanent_fork,sth_proof,12000,6.0,5.0,0.005,0.3,0.05,3.0,True,80.0,80.0,0.0,0.0,,,,,40641.0,,,,0.9735896894147475,0.9735896894147475,7.0,0.00010564124234100993,7,7,48000,0.05,0.05,0.0,True,0.2,0.08,800,10,0.0,0.0,0.0,0.9822931289672852,C:/Users/efasllija/dev/gossip-poc/out_nb_incremental_clean0104/scenario_mixing_sweep/mix_0p05/permanent_fork_sth_proof_n12000_pg0p005_a0p3_ff0p05_s48000_drop0_pc0p05_pgc0p05,0.05
permanent_fork,sth_proof,12000,6.0,5.0,0.005,0.3,0.05,3.0,True,60.0,60.0,0.0,0.0,,,,,36580.0,,,,0.7247779259103915,0.7247779259103915,1.0,1.4979702503108287e-05,1,1,48001,0.05,0.05,0.0,True,0.2,0.08,800,10,0.0,0.0,0.0,0.9627225399017334,C:/Users/efasllija/dev/gossip-poc/out_nb_incremental_clean0104/scenario_mixing_sweep/mix_0p05/permanent_fork_sth_proof_n12000_pg0p005_a0p3_ff0p05_s48001_drop0_pc0p05_pgc0p05,0.05
permanent_fork,sth_proof,12000,6.0,5.0,0.005,0.3,0.05,3.0,True,135.0,135.0,0.0,0.0,,,,,54668.0,,,,1.663109048723898,1.663109048723898,14.0,0.00020956515230895892,14,14,48002,0.05,0.05,0.0,True,0.2,0.08,800,10,0.0,0.0,0.0,0.958571195602417,C:/Users/efasllija/dev/gossip-poc/out_nb_incremental_clean0104/scenario_mixing_sweep/mix_0p05/permanent_fork_sth_proof_n12000_pg0p005_a0p3_ff0p05_s48002_drop0_pc0p05_pgc0p05,0.05
permanent_fork,sth_proof,12000,6.0,5.0,0.005,0.3,0.05,3.0,True,155.0,155.0,0.0,0.0,,,,,58512.0,,,,1.4886010522105653,1.4886010522105653,2.0,3.0766390794695876e-05,2,2,48003,0.05,0.05,0.0,True,0.2,0.08,800,10,0.0,0.0,0.0,0.9635460376739502,C:/Users/efasllija/dev/gossip-poc/out_nb_incremental_clean0104/scenario_mixing_sweep/mix_0p05/permanent_fork_sth_proof_n12000_pg0p005_a0p3_ff0p05_s48003_drop0_pc0p05_pgc0p05,0.05
permanent_fork,sth_proof,12000,6.0,5.0,0.005,0.3,0.05,3.0,True,20.0,20.0,0.0,0.0,,,,,28575.0,,,,0.5573238261397254,0.5573238261397254,4.0,6.068421451869832e-05,4,4,48004,0.05,0.05,0.0,True,0.2,0.08,800,10,0.0,0.0,0.0,0.9455325603485107,C:/Users/efasllija/dev/gossip-poc/out_nb_incremental_clean0104/scenario_mixing_sweep/mix_0p05/permanent_fork_sth_proof_n12000_pg0p005_a0p3_ff0p05_s48004_drop0_pc0p05_pgc0p05,0.05
permanent_fork,sth_proof,12000,6.0,5.0,0.005,0.3,0.05,3.0,True,50.0,50.0,0.0,0.0,,,,,35229.0,,,,1.2341782575496698,1.2341782575496698,2.0,2.9944154152505576e-05,2,2,48005,0.05,0.05,0.0,True,0.2,0.08,800,10,0.0,0.0,0.0,0.9733762741088867,C:/Users/efasllija/dev/gossip-poc/out_nb_incremental_clean0104/scenario_mixing_sweep/mix_0p05/permanent_fork_sth_proof_n12000_pg0p005_a0p3_ff0p05_s48005_drop0_pc0p05_pgc0p05,0.05
permanent_fork,sth_proof,12000,6.0,5.0,0.005,0.3,0.05,3.0,True,35.0,35.0,0.0,0.0,,,,,31357.0,,,,1.2858625954198473,1.2858625954198473,5.0,7.633587786259542e-05,5,5,48006,0.05,0.05,0.0,True,0.2,0.08,800,10,0.0,0.0,0.0,0.9412941932678223,C:/Users/efasllija/dev/gossip-poc/out_nb_incremental_clean0104/scenario_mixing_sweep/mix_0p05/permanent_fork_sth_proof_n12000_pg0p005_a0p3_ff0p05_s48006_drop0_pc0p05_pgc0p05,0.05
permanent_fork,sth_proof,12000,6.0,5.0,0.005,0.3,0.05,3.0,True,90.0,90.0,0.0,0.0,,,,,41637.0,,,,1.487217671878878,1.487217671878878,4.0,6.205013651030033e-05,4,4,48007,0.05,0.05,0.0,True,0.2,0.08,800,10,0.0,0.0,0.0,0.9725430011749268,C:/Users/efasllija/dev/gossip-poc/out_nb_incremental_clean0104/scenario_mixing_sweep/mix_0p05/permanent_fork_sth_proof_n12000_pg0p005_a0p3_ff0p05_s48007_drop0_pc0p05_pgc0p05,0.05
permanent_fork,sth_proof,12000,6.0,5.0,0.005,0.3,0.05,3.0,True,30.0,30.0,0.0,0.0,,,,,30660.0,,,,1.661301631323912,1.661301631323912,3.0,4.67428055031863e-05,3,3,48008,0.05,0.05,0.0,True,0.2,0.08,800,10,0.0,0.0,0.0,0.9632525444030762,C:/Users/efasllija/dev/gossip-poc/out_nb_incremental_clean0104/scenario_mixing_sweep/mix_0p05/permanent_fork_sth_proof_n12000_pg0p005_a0p3_ff0p05_s48008_drop0_pc0p05_pgc0p05,0.05
permanent_fork,sth_proof,12000,6.0,5.0,0.005,0.3,0.05,3.0,False,,,0.0,0.0,,,,,,,,,1.3825696261894316,1.3825696261894316,0.0,0.0,0,0,48009,0.05,0.05,0.0,True,0.2,0.08,800,10,0.0,0.0,0.0,0.9658796787261963,C:/Users/efasllija/dev/gossip-poc/out_nb_incremental_clean0104/scenario_mixing_sweep/mix_0p05/permanent_fork_sth_proof_n12000_pg0p005_a0p3_ff0p05_s48009_drop0_pc0p05_pgc0p05,0.05
permanent_fork,sth_proof,12000,6.0,5.0,0.005,0.3,0.05,3.0,True,85.0,85.0,0.0,0.0,,,,,42155.0,,,,2.1829487026186776,2.1829487026186776,5.0,7.473394714815258e-05,5,5,48010,0.05,0.05,0.0,True,0.2,0.08,800,10,0.0,0.0,0.0,0.9620833396911621,C:/Users/efasllija/dev/gossip-poc/out_nb_incremental_clean0104/scenario_mixing_sweep/mix_0p05/permanent_fork_sth_proof_n12000_pg0p005_a0p3_ff0p05_s48010_drop0_pc0p05_pgc0p05,0.05
permanent_fork,sth_proof,12000,6.0,5.0,0.005,0.3,0.05,3.0,True,50.0,50.0,0.0,0.0,,,,,33839.0,,,,1.0914529782739426,1.0914529782739426,3.0,4.625846144357239e-05,3,3,48011,0.05,0.05,0.0,True,0.2,0.08,800,10,0.0,0.0,0.0,1.0242955684661865,C:/Users/efasllija/dev/gossip-poc/out_nb_incremental_clean0104/scenario_mixing_sweep/mix_0p05/permanent_fork_sth_proof_n12000_pg0p005_a0p3_ff0p05_s48011_drop0_pc0p05_pgc0p05,0.05
permanent_fork,sth_proof,12000,6.0,5.0,0.005,0.3,0.05,3.0,True,50.0,50.0,0.0,0.0,,,,,33122.0,,,,0.6518734085121862,0.6518734085121862,11.0,0.00016672729477385716,11,11,48012,0.05,0.05,0.0,True,0.2,0.08,800,10,0.0,0.0,0.0,0.9768285751342773,C:/Users/efasllija/dev/gossip-poc/out_nb_incremental_clean0104/scenario_mixing_sweep/mix_0p05/permanent_fork_sth_proof_n12000_pg0p005_a0p3_ff0p05_s48012_drop0_pc0p05_pgc0p05,0.05
permanent_fork,sth_proof,12000,6.0,5.0,0.005,0.3,0.05,3.0,True,50.0,50.0,0.0,0.0,,,,,35723.0,,,,1.4722753346080306,1.4722753346080306,3.0,4.481357552581262e-05,3,3,48013,0.05,0.05,0.0,True,0.2,0.08,800,10,0.0,0.0,0.0,1.0170843601226807,C:/Users/efasllija/dev/gossip-poc/out_nb_incremental_clean0104/scenario_mixing_sweep/mix_0p05/permanent_fork_sth_proof_n12000_pg0p005_a0p3_ff0p05_s48013_drop0_pc0p05_pgc0p05,0.05
permanent_fork,sth_proof,12000,6.0,5.0,0.005,0.3,0.05,3.0,True,35.0,35.0,0.0,0.0,,,,,33849.0,,,,1.5791190864600326,1.5791190864600326,7.0,0.00010195758564437195,7,7,48014,0.05,0.05,0.0,True,0.2,0.08,800,10,0.0,0.0,0.0,1.0034065246582031,C:/Users/efasllija/dev/gossip-poc/out_nb_incremental_clean0104/scenario_mixing_sweep/mix_0p05/permanent_fork_sth_proof_n12000_pg0p005_a0p3_ff0p05_s48014_drop0_pc0p05_pgc0p05,0.05
permanent_fork,sth_proof,12000,6.0,5.0,0.007,0.3,0.05,3.0,True,45.0,45.0,0.0,0.0,,,,,34169.0,,,,1.3792520600042257,1.3792520600042257,9.0,0.00013582445443844135,9,9,48000,0.05,0.05,0.0,True,0.2,0.08,800,10,0.0,0.0,0.0,0.9837646484375,C:/Users/efasllija/dev/gossip-poc/out_nb_incremental_clean0104/scenario_mixing_sweep/mix_0p05/permanent_fork_sth_proof_n12000_pg0p007_a0p3_ff0p05_s48000_drop0_pc0p05_pgc0p05,0.05
permanent_fork,sth_proof,12000,6.0,5.0,0.007,0.3,0.05,3.0,True,60.0,60.0,0.0,0.0,,,,,36580.0,,,,1.4092904114924278,1.4092904114924278,1.0,1.4979702503108287e-05,1,1,48001,0.05,0.05,0.0,True,0.2,0.08,800,10,0.0,0.0,0.0,1.0058257579803467,C:/Users/efasllija/dev/gossip-poc/out_nb_incremental_clean0104/scenario_mixing_sweep/mix_0p05/permanent_fork_sth_proof_n12000_pg0p007_a0p3_ff0p05_s48001_drop0_pc0p05_pgc0p05,0.05
permanent_fork,sth_proof,12000,6.0,5.0,0.007,0.3,0.05,3.0,True,135.0,135.0,0.0,0.0,,,,,54668.0,,,,2.3739540453558865,2.3739540453558865,15.0,0.00022453409175959884,15,15,48002,0.05,0.05,0.0,True,0.2,0.08,800,10,0.0,0.0,0.0,0.9530417919158936,C:/Users/efasllija/dev/gossip-poc/out_nb_incremental_clean0104/scenario_mixing_sweep/mix_0p05/permanent_fork_sth_proof_n12000_pg0p007_a0p3_ff0p05_s48002_drop0_pc0p05_pgc0p05,0.05
permanent_fork,sth_proof,12000,6.0,5.0,0.007,0.3,0.05,3.0,True,155.0,155.0,0.0,0.0,,,,,58512.0,,,,1.8469679721871828,1.8469679721871828,2.0,3.0766390794695876e-05,2,2,48003,0.05,0.05,0.0,True,0.2,0.08,800,10,0.0,0.0,0.0,0.9639463424682617,C:/Users/efasllija/dev/gossip-poc/out_nb_incremental_clean0104/scenario_mixing_sweep/mix_0p05/permanent_fork_sth_proof_n12000_pg0p007_a0p3_ff0p05_s48003_drop0_pc0p05_pgc0p05,0.05
permanent_fork,sth_proof,12000,6.0,5.0,0.007,0.3,0.05,3.0,True,20.0,20.0,0.0,0.0,,,,,28575.0,,,,1.345733141166654,1.345733141166654,10.0,0.0001517105362967458,10,10,48004,0.05,0.05,0.0,True,0.2,0.08,800,10,0.0,0.0,0.0,0.9731490612030029,C:/Users/efasllija/dev/gossip-poc/out_nb_incremental_clean0104/scenario_mixing_sweep/mix_0p05/permanent_fork_sth_proof_n12000_pg0p007_a0p3_ff0p05_s48004_drop0_pc0p05_pgc0p05,0.05
permanent_fork,sth_proof,12000,6.0,5.0,0.007,0.3,0.05,3.0,True,50.0,50.0,0.0,0.0,,,,,35229.0,,,,1.82443742420386,1.82443742420386,3.0,4.4916231228758364e-05,3,3,48005,0.05,0.05,0.0,True,0.2,0.08,800,10,0.0,0.0,0.0,0.982947587966919,C:/Users/efasllija/dev/gossip-poc/out_nb_incremental_clean0104/scenario_mixing_sweep/mix_0p05/permanent_fork_sth_proof_n12000_pg0p007_a0p3_ff0p05_s48005_drop0_pc0p05_pgc0p05,0.05
permanent_fork,sth_proof,12000,6.0,5.0,0.007,0.3,0.05,3.0,True,35.0,35.0,0.0,0.0,,,,,31357.0,,,,1.7646412213740459,1.7646412213740459,5.0,7.633587786259542e-05,5,5,48006,0.05,0.05,0.0,True,0.2,0.08,800,10,0.0,0.0,0.0,0.9882595539093018,C:/Users/efasllija/dev/gossip-poc/out_nb_incremental_clean0104/scenario_mixing_sweep/mix_0p05/permanent_fork_sth_proof_n12000_pg0p007_a0p3_ff0p05_s48006_drop0_pc0p05_pgc0p05,0.05
permanent_fork,sth_proof,12000,6.0,5.0,0.007,0.3,0.05,3.0,True,90.0,90.0,0.0,0.0,,,,,41637.0,,,,1.9041945892280963,1.9041945892280963,5.0,7.75626706378754e-05,5,5,48007,0.05,0.05,0.0,True,0.2,0.08,800,10,0.0,0.0,0.0,0.950209379196167,C:/Users/efasllija/dev/gossip-poc/out_nb_incremental_clean0104/scenario_mixing_sweep/mix_0p05/permanent_fork_sth_proof_n12000_pg0p007_a0p3_ff0p05_s48007_drop0_pc0p05_pgc0p05,0.05
permanent_fork,sth_proof,12000,6.0,5.0,0.007,0.3,0.05,3.0,True,15.0,15.0,0.0,0.0,,,,,28171.0,,,,2.289524937286736,2.289524937286736,7.0,0.00010906654617410136,7,7,48008,0.05,0.05,0.0,True,0.2,0.08,800,10,0.0,0.0,0.0,0.9699671268463135,C:/Users/efasllija/dev/gossip-poc/out_nb_incremental_clean0104/scenario_mixing_sweep/mix_0p05/permanent_fork_sth_proof_n12000_pg0p007_a0p3_ff0p05_s48008_drop0_pc0p05_pgc0p05,0.05
permanent_fork,sth_proof,12000,6.0,5.0,0.007,0.3,0.05,3.0,True,115.0,115.0,0.0,0.0,,,,,47805.0,,,,1.5587794805076924,1.5587794805076924,1.0,1.5127906449026519e-05,1,1,48009,0.05,0.05,0.0,True,0.2,0.08,800,10,0.0,0.0,0.0,0.9661548137664795,C:/Users/efasllija/dev/gossip-poc/out_nb_incremental_clean0104/scenario_mixing_sweep/mix_0p05/permanent_fork_sth_proof_n12000_pg0p007_a0p3_ff0p05_s48009_drop0_pc0p05_pgc0p05,0.05
permanent_fork,sth_proof,12000,6.0,5.0,0.007,0.3,0.05,3.0,True,85.0,85.0,0.0,0.0,,,,,42155.0,,,,2.705249312447686,2.705249312447686,10.0,0.00014946789429630517,10,10,48010,0.05,0.05,0.0,True,0.2,0.08,800,10,0.0,0.0,0.0,0.9887828826904297,C:/Users/efasllija/dev/gossip-poc/out_nb_incremental_clean0104/scenario_mixing_sweep/mix_0p05/permanent_fork_sth_proof_n12000_pg0p007_a0p3_ff0p05_s48010_drop0_pc0p05_pgc0p05,0.05
permanent_fork,sth_proof,12000,6.0,5.0,0.007,0.3,0.05,3.0,True,50.0,50.0,0.0,0.0,,,,,33839.0,,,,1.3125067460256272,1.3125067460256272,3.0,4.625846144357239e-05,3,3,48011,0.05,0.05,0.0,True,0.2,0.08,800,10,0.0,0.0,0.0,0.9379937648773193,C:/Users/efasllija/dev/gossip-poc/out_nb_incremental_clean0104/scenario_mixing_sweep/mix_0p05/permanent_fork_sth_proof_n12000_pg0p007_a0p3_ff0p05_s48011_drop0_pc0p05_pgc0p05,0.05
permanent_fork,sth_proof,12000,6.0,5.0,0.007,0.3,0.05,3.0,True,50.0,50.0,0.0,0.0,,,,,33122.0,,,,0.8555838486722445,0.8555838486722445,11.0,0.00016672729477385716,11,11,48012,0.05,0.05,0.0,True,0.2,0.08,800,10,0.0,0.0,0.0,0.9511806964874268,C:/Users/efasllija/dev/gossip-poc/out_nb_incremental_clean0104/scenario_mixing_sweep/mix_0p05/permanent_fork_sth_proof_n12000_pg0p007_a0p3_ff0p05_s48012_drop0_pc0p05_pgc0p05,0.05
permanent_fork,sth_proof,12000,6.0,5.0,0.007,0.3,0.05,3.0,True,50.0,50.0,0.0,0.0,,,,,35723.0,,,,2.275334608030593,2.275334608030593,3.0,4.481357552581262e-05,3,3,48013,0.05,0.05,0.0,True,0.2,0.08,800,10,0.0,0.0,0.0,0.9483106136322021,C:/Users/efasllija/dev/gossip-poc/out_nb_incremental_clean0104/scenario_mixing_sweep/mix_0p05/permanent_fork_sth_proof_n12000_pg0p007_a0p3_ff0p05_s48013_drop0_pc0p05_pgc0p05,0.05
permanent_fork,sth_proof,12000,6.0,5.0,0.007,0.3,0.05,3.0,True,35.0,35.0,0.0,0.0,,,,,33849.0,,,,2.4926590538336053,2.4926590538336053,18.0,0.00026217664879981355,18,18,48014,0.05,0.05,0.0,True,0.2,0.08,800,10,0.0,0.0,0.0,0.9746108055114746,C:/Users/efasllija/dev/gossip-poc/out_nb_incremental_clean0104/scenario_mixing_sweep/mix_0p05/permanent_fork_sth_proof_n12000_pg0p007_a0p3_ff0p05_s48014_drop0_pc0p05_pgc0p05,0.05
permanent_fork,sth_proof,12000,6.0,5.0,0.01,0.3,0.05,3.0,True,45.0,45.0,0.0,0.0,,,,,34169.0,,,,1.9336572998098458,1.9336572998098458,9.0,0.00013582445443844135,9,9,48000,0.05,0.05,0.0,True,0.2,0.08,800,10,0.0,0.0,0.0,0.9561448097229004,C:/Users/efasllija/dev/gossip-poc/out_nb_incremental_clean0104/scenario_mixing_sweep/mix_0p05/permanent_fork_sth_proof_n12000_pg0p01_a0p3_ff0p05_s48000_drop0_pc0p05_pgc0p05,0.05
permanent_fork,sth_proof,12000,6.0,5.0,0.01,0.3,0.05,3.0,True,60.0,60.0,0.0,0.0,,,,,36580.0,,,,1.9461629492038288,1.9461629492038288,1.0,1.4979702503108287e-05,1,1,48001,0.05,0.05,0.0,True,0.2,0.08,800,10,0.0,0.0,0.0,0.9532911777496338,C:/Users/efasllija/dev/gossip-poc/out_nb_incremental_clean0104/scenario_mixing_sweep/mix_0p05/permanent_fork_sth_proof_n12000_pg0p01_a0p3_ff0p05_s48001_drop0_pc0p05_pgc0p05,0.05
permanent_fork,sth_proof,12000,6.0,5.0,0.01,0.3,0.05,3.0,True,60.0,60.0,0.0,0.0,,,,,37581.0,,,,3.3798667764388894,3.3798667764388894,18.0,0.0002694409101115186,18,18,48002,0.05,0.05,0.0,True,0.2,0.08,800,10,0.0,0.0,0.0,0.9883711338043213,C:/Users/efasllija/dev/gossip-poc/out_nb_incremental_clean0104/scenario_mixing_sweep/mix_0p05/permanent_fork_sth_proof_n12000_pg0p01_a0p3_ff0p05_s48002_drop0_pc0p05_pgc0p05,0.05
permanent_fork,sth_proof,12000,6.0,5.0,0.01,0.3,0.05,3.0,True,0.0,0.0,0.0,0.0,,,,,25412.0,,,,2.3569516660000613,2.3569516660000613,3.0,4.6149586192043814e-05,3,3,48003,0.05,0.05,0.0,True,0.2,0.08,800,10,0.0,0.0,0.0,0.9922969341278076,C:/Users/efasllija/dev/gossip-poc/out_nb_incremental_clean0104/scenario_mixing_sweep/mix_0p05/permanent_fork_sth_proof_n12000_pg0p01_a0p3_ff0p05_s48003_drop0_pc0p05_pgc0p05,0.05
permanent_fork,sth_proof,12000,6.0,5.0,0.01,0.3,0.05,3.0,True,20.0,20.0,0.0,0.0,,,,,28575.0,,,,1.8214973829932488,1.8214973829932488,13.0,0.00019722369718576954,13,13,48004,0.05,0.05,0.0,True,0.2,0.08,800,10,0.0,0.0,0.0,0.9544577598571777,C:/Users/efasllija/dev/gossip-poc/out_nb_incremental_clean0104/scenario_mixing_sweep/mix_0p05/permanent_fork_sth_proof_n12000_pg0p01_a0p3_ff0p05_s48004_drop0_pc0p05_pgc0p05,0.05
permanent_fork,sth_proof,12000,6.0,5.0,0.01,0.3,0.05,3.0,True,45.0,45.0,0.0,0.0,,,,,34256.0,,,,2.991540776451917,2.991540776451917,7.0,0.00010480453953376952,7,7,48005,0.05,0.05,0.0,True,0.2,0.08,800,10,0.0,0.0,0.0,0.9650239944458008,C:/Users/efasllija/dev/gossip-poc/out_nb_incremental_clean0104/scenario_mixing_sweep/mix_0p05/permanent_fork_sth_proof_n12000_pg0p01_a0p3_ff0p05_s48005_drop0_pc0p05_pgc0p05,0.05
permanent_fork,sth_proof,12000,6.0,5.0,0.01,0.3,0.05,3.0,True,35.0,35.0,0.0,0.0,,,,,31357.0,,,,2.7085190839694655,2.7085190839694655,7.0,0.00010687022900763359,7,7,48006,0.05,0.05,0.0,True,0.2,0.08,800,10,0.0,0.0,0.0,0.9392313957214355,C:/Users/efasllija/dev/gossip-poc/out_nb_incremental_clean0104/scenario_mixing_sweep/mix_0p05/permanent_fork_sth_proof_n12000_pg0p01_a0p3_ff0p05_s48006_drop0_pc0p05_pgc0p05,0.05
permanent_fork,sth_proof,12000,6.0,5.0,0.01,0.3,0.05,3.0,True,70.0,70.0,0.0,0.0,,,,,37543.0,,,,2.196078431372549,2.196078431372549,6.0,9.307520476545048e-05,6,6,48007,0.05,0.05,0.0,True,0.2,0.08,800,10,0.0,0.0,0.0,0.9533669948577881,C:/Users/efasllija/dev/gossip-poc/out_nb_incremental_clean0104/scenario_mixing_sweep/mix_0p05/permanent_fork_sth_proof_n12000_pg0p01_a0p3_ff0p05_s48007_drop0_pc0p05_pgc0p05,0.05
permanent_fork,sth_proof,12000,6.0,5.0,0.01,0.3,0.05,3.0,True,15.0,15.0,0.0,0.0,,,,,28171.0,,,,3.448247923840389,3.448247923840389,10.0,0.00015580935167728766,10,10,48008,0.05,0.05,0.0,True,0.2,0.08,800,10,0.0,0.0,0.0,0.9733824729919434,C:/Users/efasllija/dev/gossip-poc/out_nb_incremental_clean0104/scenario_mixing_sweep/mix_0p05/permanent_fork_sth_proof_n12000_pg0p01_a0p3_ff0p05_s48008_drop0_pc0p05_pgc0p05,0.05
permanent_fork,sth_proof,12000,6.0,5.0,0.01,0.3,0.05,3.0,True,115.0,115.0,0.0,0.0,,,,,47805.0,,,,1.992526814214181,1.992526814214181,3.0,4.538371934707956e-05,3,3,48009,0.05,0.05,0.0,True,0.2,0.08,800,10,0.0,0.0,0.0,0.9844529628753662,C:/Users/efasllija/dev/gossip-poc/out_nb_incremental_clean0104/scenario_mixing_sweep/mix_0p05/permanent_fork_sth_proof_n12000_pg0p01_a0p3_ff0p05_s48009_drop0_pc0p05_pgc0p05,0.05
permanent_fork,sth_proof,12000,6.0,5.0,0.01,0.3,0.05,3.0,True,85.0,85.0,0.0,0.0,,,,,42155.0,,,,3.3212961855793375,3.3212961855793375,11.0,0.00016441468372593567,11,11,48010,0.05,0.05,0.0,True,0.2,0.08,800,10,0.0,0.0,0.0,0.9866907596588135,C:/Users/efasllija/dev/gossip-poc/out_nb_incremental_clean0104/scenario_mixing_sweep/mix_0p05/permanent_fork_sth_proof_n12000_pg0p01_a0p3_ff0p05_s48010_drop0_pc0p05_pgc0p05,0.05
permanent_fork,sth_proof,12000,6.0,5.0,0.01,0.3,0.05,3.0,True,50.0,50.0,0.0,0.0,,,,,33839.0,,,,1.7546142815289965,1.7546142815289965,3.0,4.625846144357239e-05,3,3,48011,0.05,0.05,0.0,True,0.2,0.08,800,10,0.0,0.0,0.0,0.9890198707580566,C:/Users/efasllija/dev/gossip-poc/out_nb_incremental_clean0104/scenario_mixing_sweep/mix_0p05/permanent_fork_sth_proof_n12000_pg0p01_a0p3_ff0p05_s48011_drop0_pc0p05_pgc0p05,0.05
permanent_fork,sth_proof,12000,6.0,5.0,0.01,0.3,0.05,3.0,True,50.0,50.0,0.0,0.0,,,,,33122.0,,,,1.3852309930883957,1.3852309930883957,11.0,0.00016672729477385716,11,11,48012,0.05,0.05,0.0,True,0.2,0.08,800,10,0.0,0.0,0.0,0.9611105918884277,C:/Users/efasllija/dev/gossip-poc/out_nb_incremental_clean0104/scenario_mixing_sweep/mix_0p05/permanent_fork_sth_proof_n12000_pg0p01_a0p3_ff0p05_s48012_drop0_pc0p05_pgc0p05,0.05
permanent_fork,sth_proof,12000,6.0,5.0,0.01,0.3,0.05,3.0,True,50.0,50.0,0.0,0.0,,,,,35723.0,,,,3.453154875717017,3.453154875717017,5.0,7.468929254302103e-05,5,5,48013,0.05,0.05,0.0,True,0.2,0.08,800,10,0.0,0.0,0.0,0.9738507270812988,C:/Users/efasllija/dev/gossip-poc/out_nb_incremental_clean0104/scenario_mixing_sweep/mix_0p05/permanent_fork_sth_proof_n12000_pg0p01_a0p3_ff0p05_s48013_drop0_pc0p05_pgc0p05,0.05
permanent_fork,sth_proof,12000,6.0,5.0,0.01,0.3,0.05,3.0,True,35.0,35.0,0.0,0.0,,,,,33849.0,,,,3.6802610114192498,3.6802610114192498,25.0,0.0003641342344441855,25,25,48014,0.05,0.05,0.0,True,0.2,0.08,800,10,0.0,0.0,0.0,0.9849450588226318,C:/Users/efasllija/dev/gossip-poc/out_nb_incremental_clean0104/scenario_mixing_sweep/mix_0p05/permanent_fork_sth_proof_n12000_pg0p01_a0p3_ff0p05_s48014_drop0_pc0p05_pgc0p05,0.05
permanent_fork,sth_proof,12000,6.0,5.0,0.015,0.3,0.05,3.0,True,15.0,15.0,0.0,0.0,,,,,29086.0,,,,3.7997042045214453,3.7997042045214453,24.0,0.0003621985451691769,24,24,48000,0.05,0.05,0.0,True,0.2,0.08,800,10,0.0,0.0,0.0,0.9646041393280029,C:/Users/efasllija/dev/gossip-poc/out_nb_incremental_clean0104/scenario_mixing_sweep/mix_0p05/permanent_fork_sth_proof_n12000_pg0p015_a0p3_ff0p05_s48000_drop0_pc0p05_pgc0p05,0.05
permanent_fork,sth_proof,12000,6.0,5.0,0.015,0.3,0.05,3.0,True,15.0,15.0,0.0,0.0,,,,,28608.0,,,,2.523300927243585,2.523300927243585,3.0,4.4939107509324866e-05,3,3,48001,0.05,0.05,0.0,True,0.2,0.08,800,10,0.0,0.0,0.0,1.00020170211792,C:/Users/efasllija/dev/gossip-poc/out_nb_incremental_clean0104/scenario_mixing_sweep/mix_0p05/permanent_fork_sth_proof_n12000_pg0p015_a0p3_ff0p05_s48001_drop0_pc0p05_pgc0p05,0.05
permanent_fork,sth_proof,12000,6.0,5.0,0.015,0.3,0.05,3.0,True,35.0,35.0,0.0,0.0,,,,,32815.0,,,,4.747908090711773,4.747908090711773,22.0,0.0003293166679140783,22,22,48002,0.05,0.05,0.0,True,0.2,0.08,800,10,0.0,0.0,0.0,0.9534223079681396,C:/Users/efasllija/dev/gossip-poc/out_nb_incremental_clean0104/scenario_mixing_sweep/mix_0p05/permanent_fork_sth_proof_n12000_pg0p015_a0p3_ff0p05_s48002_drop0_pc0p05_pgc0p05,0.05
permanent_fork,sth_proof,12000,6.0,5.0,0.015,0.3,0.05,3.0,True,0.0,0.0,0.0,0.0,,,,,25412.0,,,,3.8042026889825555,3.8042026889825555,6.0,9.229917238408763e-05,6,6,48003,0.05,0.05,0.0,True,0.2,0.08,800,10,0.0,0.0,0.0,0.9598040580749512,C:/Users/efasllija/dev/gossip-poc/out_nb_incremental_clean0104/scenario_mixing_sweep/mix_0p05/permanent_fork_sth_proof_n12000_pg0p015_a0p3_ff0p05_s48003_drop0_pc0p05_pgc0p05,0.05
permanent_fork,sth_proof,12000,6.0,5.0,0.015,0.3,0.05,3.0,True,15.0,15.0,0.0,0.0,,,,,27873.0,,,,3.0584844117423957,3.0584844117423957,19.0,0.00028825001896381705,19,19,48004,0.05,0.05,0.0,True,0.2,0.08,800,10,0.0,0.0,0.0,0.9471840858459473,C:/Users/efasllija/dev/gossip-poc/out_nb_incremental_clean0104/scenario_mixing_sweep/mix_0p05/permanent_fork_sth_proof_n12000_pg0p015_a0p3_ff0p05_s48004_drop0_pc0p05_pgc0p05,0.05
permanent_fork,sth_proof,12000,6.0,5.0,0.015,0.3,0.05,3.0,True,45.0,45.0,0.0,0.0,,,,,34256.0,,,,4.011079337036427,4.011079337036427,10.0,0.00014972077076252788,10,10,48005,0.05,0.05,0.0,True,0.2,0.08,800,10,0.0,0.0,0.0,0.9716782569885254,C:/Users/efasllija/dev/gossip-poc/out_nb_incremental_clean0104/scenario_mixing_sweep/mix_0p05/permanent_fork_sth_proof_n12000_pg0p015_a0p3_ff0p05_s48005_drop0_pc0p05_pgc0p05,0.05
permanent_fork,sth_proof,12000,6.0,5.0,0.015,0.3,0.05,3.0,True,35.0,35.0,0.0,0.0,,,,,31357.0,,,,4.144854961832061,4.144854961832061,10.0,0.00015267175572519084,10,10,48006,0.05,0.05,0.0,True,0.2,0.08,800,10,0.0,0.0,0.0,0.9752740859985352,C:/Users/efasllija/dev/gossip-poc/out_nb_incremental_clean0104/scenario_mixing_sweep/mix_0p05/permanent_fork_sth_proof_n12000_pg0p015_a0p3_ff0p05_s48006_drop0_pc0p05_pgc0p05,0.05
permanent_fork,sth_proof,12000,6.0,5.0,0.015,0.3,0.05,3.0,True,70.0,70.0,0.0,0.0,,,,,37543.0,,,,3.3358153387937453,3.3358153387937453,8.0,0.00012410027302060066,8,8,48007,0.05,0.05,0.0,True,0.2,0.08,800,10,0.0,0.0,0.0,0.9518778324127197,C:/Users/efasllija/dev/gossip-poc/out_nb_incremental_clean0104/scenario_mixing_sweep/mix_0p05/permanent_fork_sth_proof_n12000_pg0p015_a0p3_ff0p05_s48007_drop0_pc0p05_pgc0p05,0.05
permanent_fork,sth_proof,12000,6.0,5.0,0.015,0.3,0.05,3.0,True,15.0,15.0,0.0,0.0,,,,,28171.0,,,,5.179352144715726,5.179352144715726,24.0,0.0003739424440254904,24,24,48008,0.05,0.05,0.0,True,0.2,0.08,800,10,0.0,0.0,0.0,0.953178882598877,C:/Users/efasllija/dev/gossip-poc/out_nb_incremental_clean0104/scenario_mixing_sweep/mix_0p05/permanent_fork_sth_proof_n12000_pg0p015_a0p3_ff0p05_s48008_drop0_pc0p05_pgc0p05,0.05
permanent_fork,sth_proof,12000,6.0,5.0,0.015,0.3,0.05,3.0,True,5.0,5.0,0.0,0.0,,,,,27436.0,,,,2.9277945025187964,2.9277945025187964,6.0,9.076743869415912e-05,6,6,48009,0.05,0.05,0.0,True,0.2,0.08,800,10,0.0,0.0,0.0,0.9838907718658447,C:/Users/efasllija/dev/gossip-poc/out_nb_incremental_clean0104/scenario_mixing_sweep/mix_0p05/permanent_fork_sth_proof_n12000_pg0p015_a0p3_ff0p05_s48009_drop0_pc0p05_pgc0p05,0.05
permanent_fork,sth_proof,12000,6.0,5.0,0.015,0.3,0.05,3.0,True,80.0,80.0,0.0,0.0,,,,,41094.0,,,,5.4774602415401175,5.4774602415401175,23.0,0.00034377615688150183,23,23,48010,0.05,0.05,0.0,True,0.2,0.08,800,10,0.0,0.0,0.0,0.952178955078125,C:/Users/efasllija/dev/gossip-poc/out_nb_incremental_clean0104/scenario_mixing_sweep/mix_0p05/permanent_fork_sth_proof_n12000_pg0p015_a0p3_ff0p05_s48010_drop0_pc0p05_pgc0p05,0.05
permanent_fork,sth_proof,12000,6.0,5.0,0.015,0.3,0.05,3.0,True,50.0,50.0,0.0,0.0,,,,,33839.0,,,,3.219095492883907,3.219095492883907,6.0,9.251692288714478e-05,6,6,48011,0.05,0.05,0.0,True,0.2,0.08,800,10,0.0,0.0,0.0,0.9665877819061279,C:/Users/efasllija/dev/gossip-poc/out_nb_incremental_clean0104/scenario_mixing_sweep/mix_0p05/permanent_fork_sth_proof_n12000_pg0p015_a0p3_ff0p05_s48011_drop0_pc0p05_pgc0p05,0.05
permanent_fork,sth_proof,12000,6.0,5.0,0.015,0.3,0.05,3.0,True,40.0,40.0,0.0,0.0,,,,,31408.0,,,,2.553170850006063,2.553170850006063,19.0,0.00028798350915484416,19,19,48012,0.05,0.05,0.0,True,0.2,0.08,800,10,0.0,0.0,0.0,0.956315279006958,C:/Users/efasllija/dev/gossip-poc/out_nb_incremental_clean0104/scenario_mixing_sweep/mix_0p05/permanent_fork_sth_proof_n12000_pg0p015_a0p3_ff0p05_s48012_drop0_pc0p05_pgc0p05,0.05
permanent_fork,sth_proof,12000,6.0,5.0,0.015,0.3,0.05,3.0,True,50.0,50.0,0.0,0.0,,,,,35723.0,,,,4.845124282982791,4.845124282982791,9.0,0.00013444072657743786,9,9,48013,0.05,0.05,0.0,True,0.2,0.08,800,10,0.0,0.0,0.0,0.9598262310028076,C:/Users/efasllija/dev/gossip-poc/out_nb_incremental_clean0104/scenario_mixing_sweep/mix_0p05/permanent_fork_sth_proof_n12000_pg0p015_a0p3_ff0p05_s48013_drop0_pc0p05_pgc0p05,0.05
permanent_fork,sth_proof,12000,6.0,5.0,0.015,0.3,0.05,3.0,True,10.0,10.0,0.0,0.0,,,,,29899.0,,,,5.572593800978793,5.572593800978793,32.0,0.00046609182008855747,32,32,48014,0.05,0.05,0.0,True,0.2,0.08,800,10,0.0,0.0,0.0,0.9509241580963135,C:/Users/efasllija/dev/gossip-poc/out_nb_incremental_clean0104/scenario_mixing_sweep/mix_0p05/permanent_fork_sth_proof_n12000_pg0p015_a0p3_ff0p05_s48014_drop0_pc0p05_pgc0p05,0.05
permanent_fork,sth_proof,12000,6.0,5.0,0.02,0.3,0.05,3.0,True,15.0,15.0,0.0,0.0,,,,,29086.0,,,,5.530530319036552,5.530530319036552,35.0,0.0005282062117050497,35,35,48000,0.05,0.05,0.0,True,0.2,0.08,800,10,0.0,0.0,0.0,0.9627726078033447,C:/Users/efasllija/dev/gossip-poc/out_nb_incremental_clean0104/scenario_mixing_sweep/mix_0p05/permanent_fork_sth_proof_n12000_pg0p02_a0p3_ff0p05_s48000_drop0_pc0p05_pgc0p05,0.05
permanent_fork,sth_proof,12000,6.0,5.0,0.02,0.3,0.05,3.0,True,15.0,15.0,0.0,0.0,,,,,28608.0,,,,3.731264137094237,3.731264137094237,7.0,0.00010485791752175802,7,7,48001,0.05,0.05,0.0,True,0.2,0.08,800,10,0.0,0.0,0.0,0.9684233665466309,C:/Users/efasllija/dev/gossip-poc/out_nb_incremental_clean0104/scenario_mixing_sweep/mix_0p05/permanent_fork_sth_proof_n12000_pg0p02_a0p3_ff0p05_s48001_drop0_pc0p05_pgc0p05,0.05
permanent_fork,sth_proof,12000,6.0,5.0,0.02,0.3,0.05,3.0,True,35.0,35.0,0.0,0.0,,,,,32815.0,,,,6.196422423471297,6.196422423471297,23.0,0.0003442856073647182,23,23,48002,0.05,0.05,0.0,True,0.2,0.08,800,10,0.0,0.0,0.0,0.962158203125,C:/Users/efasllija/dev/gossip-poc/out_nb_incremental_clean0104/scenario_mixing_sweep/mix_0p05/permanent_fork_sth_proof_n12000_pg0p02_a0p3_ff0p05_s48002_drop0_pc0p05_pgc0p05,0.05
permanent_fork,sth_proof,12000,6.0,5.0,0.02,0.3,0.05,3.0,True,0.0,0.0,0.0,0.0,,,,,25412.0,,,,5.279020398117097,5.279020398117097,10.0,0.00015383195397347937,10,10,48003,0.05,0.05,0.0,True,0.2,0.08,800,10,0.0,0.0,0.0,0.9815776348114014,C:/Users/efasllija/dev/gossip-poc/out_nb_incremental_clean0104/scenario_mixing_sweep/mix_0p05/permanent_fork_sth_proof_n12000_pg0p02_a0p3_ff0p05_s48003_drop0_pc0p05_pgc0p05,0.05
permanent_fork,sth_proof,12000,6.0,5.0,0.02,0.3,0.05,3.0,True,15.0,15.0,0.0,0.0,,,,,27873.0,,,,4.077979215656527,4.077979215656527,22.0,0.0003337631798528408,22,22,48004,0.05,0.05,0.0,True,0.2,0.08,800,10,0.0,0.0,0.0,0.9770214557647705,C:/Users/efasllija/dev/gossip-poc/out_nb_incremental_clean0104/scenario_mixing_sweep/mix_0p05/permanent_fork_sth_proof_n12000_pg0p02_a0p3_ff0p05_s48004_drop0_pc0p05_pgc0p05,0.05
permanent_fork,sth_proof,12000,6.0,5.0,0.02,0.3,0.05,3.0,True,45.0,45.0,0.0,0.0,,,,,34256.0,,,,4.72207333323352,4.72207333323352,12.0,0.00017966492491503346,12,12,48005,0.05,0.05,0.0,True,0.2,0.08,800,10,0.0,0.0,0.0,0.9555878639221191,C:/Users/efasllija/dev/gossip-poc/out_nb_incremental_clean0104/scenario_mixing_sweep/mix_0p05/permanent_fork_sth_proof_n12000_pg0p02_a0p3_ff0p05_s48005_drop0_pc0p05_pgc0p05,0.05
permanent_fork,sth_proof,12000,6.0,5.0,0.02,0.3,0.05,3.0,True,35.0,35.0,0.0,0.0,,,,,31357.0,,,,5.075053435114504,5.075053435114504,14.0,0.00021374045801526718,14,14,48006,0.05,0.05,0.0,True,0.2,0.08,800,10,0.0,0.0,0.0,0.9452025890350342,C:/Users/efasllija/dev/gossip-poc/out_nb_incremental_clean0104/scenario_mixing_sweep/mix_0p05/permanent_fork_sth_proof_n12000_pg0p02_a0p3_ff0p05_s48006_drop0_pc0p05_pgc0p05,0.05
permanent_fork,sth_proof,12000,6.0,5.0,0.02,0.3,0.05,3.0,True,70.0,70.0,0.0,0.0,,,,,37543.0,,,,4.628443782576322,4.628443782576322,17.0,0.00026371308016877635,17,17,48007,0.05,0.05,0.0,True,0.2,0.08,800,10,0.0,0.0,0.0,0.9184224605560303,C:/Users/efasllija/dev/gossip-poc/out_nb_incremental_clean0104/scenario_mixing_sweep/mix_0p05/permanent_fork_sth_proof_n12000_pg0p02_a0p3_ff0p05_s48007_drop0_pc0p05_pgc0p05,0.05
permanent_fork,sth_proof,12000,6.0,5.0,0.02,0.3,0.05,3.0,True,15.0,15.0,0.0,0.0,,,,,28171.0,,,,7.036101026783627,7.036101026783627,27.0,0.0004206852495286767,27,27,48008,0.05,0.05,0.0,True,0.2,0.08,800,10,0.0,0.0,0.0,0.9669382572174072,C:/Users/efasllija/dev/gossip-poc/out_nb_incremental_clean0104/scenario_mixing_sweep/mix_0p05/permanent_fork_sth_proof_n12000_pg0p02_a0p3_ff0p05_s48008_drop0_pc0p05_pgc0p05,0.05
permanent_fork,sth_proof,12000,6.0,5.0,0.02,0.3,0.05,3.0,True,5.0,5.0,0.0,0.0,,,,,27436.0,,,,4.052826649320001,4.052826649320001,9.0,0.00013615115804123867,9,9,48009,0.05,0.05,0.0,True,0.2,0.08,800,10,0.0,0.0,0.0,0.967766284942627,C:/Users/efasllija/dev/gossip-poc/out_nb_incremental_clean0104/scenario_mixing_sweep/mix_0p05/permanent_fork_sth_proof_n12000_pg0p02_a0p3_ff0p05_s48009_drop0_pc0p05_pgc0p05,0.05
permanent_fork,sth_proof,12000,6.0,5.0,0.02,0.3,0.05,3.0,True,70.0,70.0,0.0,0.0,,,,,38974.0,,,,6.45509984455339,6.45509984455339,26.0,0.0003886165251703934,26,26,48010,0.05,0.05,0.0,True,0.2,0.08,800,10,0.0,0.0,0.0,0.941608190536499,C:/Users/efasllija/dev/gossip-poc/out_nb_incremental_clean0104/scenario_mixing_sweep/mix_0p05/permanent_fork_sth_proof_n12000_pg0p02_a0p3_ff0p05_s48010_drop0_pc0p05_pgc0p05,0.05
permanent_fork,sth_proof,12000,6.0,5.0,0.02,0.3,0.05,3.0,True,15.0,15.0,0.0,0.0,,,,,28322.0,,,,4.669760843754337,4.669760843754337,7.0,0.00010793641003500224,7,7,48011,0.05,0.05,0.0,True,0.2,0.08,800,10,0.0,0.0,0.0,0.9687929153442383,C:/Users/efasllija/dev/gossip-poc/out_nb_incremental_clean0104/scenario_mixing_sweep/mix_0p05/permanent_fork_sth_proof_n12000_pg0p02_a0p3_ff0p05_s48011_drop0_pc0p05_pgc0p05,0.05
permanent_fork,sth_proof,12000,6.0,5.0,0.02,0.3,0.05,3.0,True,40.0,40.0,0.0,0.0,,,,,31408.0,,,,4.5087910755426215,4.5087910755426215,37.0,0.000560809991512065,37,37,48012,0.05,0.05,0.0,True,0.2,0.08,800,10,0.0,0.0,0.0,0.9585425853729248,C:/Users/efasllija/dev/gossip-poc/out_nb_incremental_clean0104/scenario_mixing_sweep/mix_0p05/permanent_fork_sth_proof_n12000_pg0p02_a0p3_ff0p05_s48012_drop0_pc0p05_pgc0p05,0.05
permanent_fork,sth_proof,12000,6.0,5.0,0.02,0.3,0.05,3.0,True,35.0,35.0,0.0,0.0,,,,,33359.0,,,,6.250478011472276,6.250478011472276,13.0,0.0001941921606118547,13,13,48013,0.05,0.05,0.0,True,0.2,0.08,800,10,0.0,0.0,0.0,0.9569365978240967,C:/Users/efasllija/dev/gossip-poc/out_nb_incremental_clean0104/scenario_mixing_sweep/mix_0p05/permanent_fork_sth_proof_n12000_pg0p02_a0p3_ff0p05_s48013_drop0_pc0p05_pgc0p05,0.05
permanent_fork,sth_proof,12000,6.0,5.0,0.02,0.3,0.05,3.0,True,10.0,10.0,0.0,0.0,,,,,29899.0,,,,7.425774877650897,7.425774877650897,39.0,0.0005680494057329294,39,39,48014,0.05,0.05,0.0,True,0.2,0.08,800,10,0.0,0.0,0.0,0.9782183170318604,C:/Users/efasllija/dev/gossip-poc/out_nb_incremental_clean0104/scenario_mixing_sweep/mix_0p05/permanent_fork_sth_proof_n12000_pg0p02_a0p3_ff0p05_s48014_drop0_pc0p05_pgc0p05,0.05
permanent_fork,sth_proof,12000,6.0,5.0,0.03,0.3,0.05,3.0,True,15.0,15.0,0.0,0.0,,,,,29086.0,,,,8.69469680963448,8.69469680963448,46.0,0.0006942138782409224,46,46,48000,0.05,0.05,0.0,True,0.2,0.08,800,10,0.0,0.0,0.0,0.978992223739624,C:/Users/efasllija/dev/gossip-poc/out_nb_incremental_clean0104/scenario_mixing_sweep/mix_0p05/permanent_fork_sth_proof_n12000_pg0p03_a0p3_ff0p05_s48000_drop0_pc0p05_pgc0p05,0.05
permanent_fork,sth_proof,12000,6.0,5.0,0.03,0.3,0.05,3.0,True,15.0,15.0,0.0,0.0,,,,,28608.0,,,,5.972706982039337,5.972706982039337,11.0,0.00016477672753419117,11,11,48001,0.05,0.05,0.0,True,0.2,0.08,800,10,0.0,0.0,0.0,0.9832196235656738,C:/Users/efasllija/dev/gossip-poc/out_nb_incremental_clean0104/scenario_mixing_sweep/mix_0p05/permanent_fork_sth_proof_n12000_pg0p03_a0p3_ff0p05_s48001_drop0_pc0p05_pgc0p05,0.05
permanent_fork,sth_proof,12000,6.0,5.0,0.03,0.3,0.05,3.0,True,5.0,5.0,0.0,0.0,,,,,28267.0,,,,8.261896564628396,8.261896564628396,34.0,0.0005089439413217574,34,34,48002,0.05,0.05,0.0,True,0.2,0.08,800,10,0.0,0.0,0.0,0.9654319286346436,C:/Users/efasllija/dev/gossip-poc/out_nb_incremental_clean0104/scenario_mixing_sweep/mix_0p05/permanent_fork_sth_proof_n12000_pg0p03_a0p3_ff0p05_s48002_drop0_pc0p05_pgc0p05,0.05
permanent_fork,sth_proof,12000,6.0,5.0,0.03,0.3,0.05,3.0,True,0.0,0.0,0.0,0.0,,,,,25412.0,,,,7.511921976432944,7.511921976432944,29.0,0.00044611266652309017,29,29,48003,0.05,0.05,0.0,True,0.2,0.08,800,10,0.0,0.0,0.0,0.9866847991943359,C:/Users/efasllija/dev/gossip-poc/out_nb_incremental_clean0104/scenario_mixing_sweep/mix_0p05/permanent_fork_sth_proof_n12000_pg0p03_a0p3_ff0p05_s48003_drop0_pc0p05_pgc0p05,0.05
permanent_fork,sth_proof,12000,6.0,5.0,0.03,0.3,0.05,3.0,True,15.0,15.0,0.0,0.0,,,,,27873.0,,,,6.089782295380414,6.089782295380414,26.0,0.0003944473943715391,26,26,48004,0.05,0.05,0.0,True,0.2,0.08,800,10,0.0,0.0,0.0,0.9579880237579346,C:/Users/efasllija/dev/gossip-poc/out_nb_incremental_clean0104/scenario_mixing_sweep/mix_0p05/permanent_fork_sth_proof_n12000_pg0p03_a0p3_ff0p05_s48004_drop0_pc0p05_pgc0p05,0.05
permanent_fork,sth_proof,12000,6.0,5.0,0.03,0.3,0.05,3.0,True,5.0,5.0,0.0,0.0,,,,,27548.0,,,,7.405069545298019,7.405069545298019,20.0,0.00029944154152505576,20,20,48005,0.05,0.05,0.0,True,0.2,0.08,800,10,0.0,0.0,0.0,0.975656270980835,C:/Users/efasllija/dev/gossip-poc/out_nb_incremental_clean0104/scenario_mixing_sweep/mix_0p05/permanent_fork_sth_proof_n12000_pg0p03_a0p3_ff0p05_s48005_drop0_pc0p05_pgc0p05,0.05
permanent_fork,sth_proof,12000,6.0,5.0,0.03,0.3,0.05,3.0,True,35.0,35.0,0.0,0.0,,,,,31357.0,,,,7.68781679389313,7.68781679389313,29.0,0.00044274809160305345,29,29,48006,0.05,0.05,0.0,True,0.2,0.08,800,10,0.0,0.0,0.0,0.994239091873169,C:/Users/efasllija/dev/gossip-poc/out_nb_incremental_clean0104/scenario_mixing_sweep/mix_0p05/permanent_fork_sth_proof_n12000_pg0p03_a0p3_ff0p05_s48006_drop0_pc0p05_pgc0p05,0.05
permanent_fork,sth_proof,12000,6.0,5.0,0.03,0.3,0.05,3.0,True,15.0,15.0,0.0,0.0,,,,,28382.0,,,,7.241499131298089,7.241499131298089,25.0,0.00038781335318937703,25,25,48007,0.05,0.05,0.0,True,0.2,0.08,800,10,0.0,0.0,0.0,1.003284215927124,C:/Users/efasllija/dev/gossip-poc/out_nb_incremental_clean0104/scenario_mixing_sweep/mix_0p05/permanent_fork_sth_proof_n12000_pg0p03_a0p3_ff0p05_s48007_drop0_pc0p05_pgc0p05,0.05
permanent_fork,sth_proof,12000,6.0,5.0,0.03,0.3,0.05,3.0,True,15.0,15.0,0.0,0.0,,,,,28171.0,,,,10.009691341674328,10.009691341674328,36.0,0.0005609136660382356,36,36,48008,0.05,0.05,0.0,True,0.2,0.08,800,10,0.0,0.0,0.0,0.9730336666107178,C:/Users/efasllija/dev/gossip-poc/out_nb_incremental_clean0104/scenario_mixing_sweep/mix_0p05/permanent_fork_sth_proof_n12000_pg0p03_a0p3_ff0p05_s48008_drop0_pc0p05_pgc0p05,0.05
permanent_fork,sth_proof,12000,6.0,5.0,0.03,0.3,0.05,3.0,True,0.0,0.0,0.0,0.0,,,,,26707.0,,,,5.923362025929231,5.923362025929231,13.0,0.00019666278383734476,13,13,48009,0.05,0.05,0.0,True,0.2,0.08,800,10,0.0,0.0,0.0,0.9829657077789307,C:/Users/efasllija/dev/gossip-poc/out_nb_incremental_clean0104/scenario_mixing_sweep/mix_0p05/permanent_fork_sth_proof_n12000_pg0p03_a0p3_ff0p05_s48009_drop0_pc0p05_pgc0p05,0.05
permanent_fork,sth_proof,12000,6.0,5.0,0.03,0.3,0.05,3.0,True,40.0,40.0,0.0,0.0,,,,,33510.0,,,,9.388018653593209,9.388018653593209,36.0,0.0005380844194666986,36,36,48010,0.05,0.05,0.0,True,0.2,0.08,800,10,0.0,0.0,0.0,0.9938783645629883,C:/Users/efasllija/dev/gossip-poc/out_nb_incremental_clean0104/scenario_mixing_sweep/mix_0p05/permanent_fork_sth_proof_n12000_pg0p03_a0p3_ff0p05_s48010_drop0_pc0p05_pgc0p05,0.05
permanent_fork,sth_proof,12000,6.0,5.0,0.03,0.3,0.05,3.0,True,15.0,15.0,0.0,0.0,,,,,28322.0,,,,6.7283240559419,6.7283240559419,9.0,0.00013877538433071715,9,9,48011,0.05,0.05,0.0,True,0.2,0.08,800,10,0.0,0.0,0.0,0.9494459629058838,C:/Users/efasllija/dev/gossip-poc/out_nb_incremental_clean0104/scenario_mixing_sweep/mix_0p05/permanent_fork_sth_proof_n12000_pg0p03_a0p3_ff0p05_s48011_drop0_pc0p05_pgc0p05,0.05
permanent_fork,sth_proof,12000,6.0,5.0,0.03,0.3,0.05,3.0,True,10.0,10.0,0.0,0.0,,,,,26874.0,,,,7.618770461986177,7.618770461986177,59.0,0.0008942645810597793,59,59,48012,0.05,0.05,0.0,True,0.2,0.08,800,10,0.0,0.0,0.0,0.9836537837982178,C:/Users/efasllija/dev/gossip-poc/out_nb_incremental_clean0104/scenario_mixing_sweep/mix_0p05/permanent_fork_sth_proof_n12000_pg0p03_a0p3_ff0p05_s48012_drop0_pc0p05_pgc0p05,0.05
permanent_fork,sth_proof,12000,6.0,5.0,0.03,0.3,0.05,3.0,True,10.0,10.0,0.0,0.0,,,,,29424.0,,,,8.632887189292543,8.632887189292543,19.0,0.00028381931166347995,19,19,48013,0.05,0.05,0.0,True,0.2,0.08,800,10,0.0,0.0,0.0,0.9806571006774902,C:/Users/efasllija/dev/gossip-poc/out_nb_incremental_clean0104/scenario_mixing_sweep/mix_0p05/permanent_fork_sth_proof_n12000_pg0p03_a0p3_ff0p05_s48013_drop0_pc0p05_pgc0p05,0.05
permanent_fork,sth_proof,12000,6.0,5.0,0.03,0.3,0.05,3.0,True,10.0,10.0,0.0,0.0,,,,,29899.0,,,,9.461663947797716,9.461663947797716,41.0,0.0005971801444884643,41,41,48014,0.05,0.05,0.0,True,0.2,0.08,800,10,0.0,0.0,0.0,0.9660069942474365,C:/Users/efasllija/dev/gossip-poc/out_nb_incremental_clean0104/scenario_mixing_sweep/mix_0p05/permanent_fork_sth_proof_n12000_pg0p03_a0p3_ff0p05_s48014_drop0_pc0p05_pgc0p05,0.05
permanent_fork,sth_proof,12000,6.0,5.0,0.05,0.3,0.05,3.0,True,0.0,0.0,0.0,0.0,,,,,27051.0,,,,14.509190788083668,14.509190788083668,82.0,0.0012375116959946878,82,82,48000,0.05,0.05,0.0,True,0.2,0.08,800,10,0.0,0.0,0.0,0.957679271697998,C:/Users/efasllija/dev/gossip-poc/out_nb_incremental_clean0104/scenario_mixing_sweep/mix_0p05/permanent_fork_sth_proof_n12000_pg0p05_a0p3_ff0p05_s48000_drop0_pc0p05_pgc0p05,0.05
permanent_fork,sth_proof,12000,6.0,5.0,0.05,0.3,0.05,3.0,True,15.0,15.0,0.0,0.0,,,,,28608.0,,,,11.784352202765254,11.784352202765254,29.0,0.0004344113725901404,29,29,48001,0.05,0.05,0.0,True,0.2,0.08,800,10,0.0,0.0,0.0,1.0087027549743652,C:/Users/efasllija/dev/gossip-poc/out_nb_incremental_clean0104/scenario_mixing_sweep/mix_0p05/permanent_fork_sth_proof_n12000_pg0p05_a0p3_ff0p05_s48001_drop0_pc0p05_pgc0p05,0.05
permanent_fork,sth_proof,12000,6.0,5.0,0.05,0.3,0.05,3.0,True,5.0,5.0,0.0,0.0,,,,,28267.0,,,,12.714736920889155,12.714736920889155,48.0,0.0007185090936307162,48,48,48002,0.05,0.05,0.0,True,0.2,0.08,800,10,0.0,0.0,0.0,0.9642672538757324,C:/Users/efasllija/dev/gossip-poc/out_nb_incremental_clean0104/scenario_mixing_sweep/mix_0p05/permanent_fork_sth_proof_n12000_pg0p05_a0p3_ff0p05_s48002_drop0_pc0p05_pgc0p05,0.05
permanent_fork,sth_proof,12000,6.0,5.0,0.05,0.3,0.05,3.0,True,0.0,0.0,0.0,0.0,,,,,25412.0,,,,12.680675629941852,12.680675629941852,51.0,0.0007845429652647448,51,51,48003,0.05,0.05,0.0,True,0.2,0.08,800,10,0.0,0.0,0.0,0.9791011810302734,C:/Users/efasllija/dev/gossip-poc/out_nb_incremental_clean0104/scenario_mixing_sweep/mix_0p05/permanent_fork_sth_proof_n12000_pg0p05_a0p3_ff0p05_s48003_drop0_pc0p05_pgc0p05,0.05
permanent_fork,sth_proof,12000,6.0,5.0,0.05,0.3,0.05,3.0,True,10.0,10.0,0.0,0.0,,,,,27140.0,,,,11.948479101873625,11.948479101873625,54.0,0.0008192368960024274,54,54,48004,0.05,0.05,0.0,True,0.2,0.08,800,10,0.0,0.0,0.0,0.9555845260620117,C:/Users/efasllija/dev/gossip-poc/out_nb_incremental_clean0104/scenario_mixing_sweep/mix_0p05/permanent_fork_sth_proof_n12000_pg0p05_a0p3_ff0p05_s48004_drop0_pc0p05_pgc0p05,0.05
permanent_fork,sth_proof,12000,6.0,5.0,0.05,0.3,0.05,3.0,True,5.0,5.0,0.0,0.0,,,,,27548.0,,,,12.905211780030244,12.905211780030244,44.0,0.0006587713913551227,44,44,48005,0.05,0.05,0.0,True,0.2,0.08,800,10,0.0,0.0,0.0,0.9992213249206543,C:/Users/efasllija/dev/gossip-poc/out_nb_incremental_clean0104/scenario_mixing_sweep/mix_0p05/permanent_fork_sth_proof_n12000_pg0p05_a0p3_ff0p05_s48005_drop0_pc0p05_pgc0p05,0.05
permanent_fork,sth_proof,12000,6.0,5.0,0.05,0.3,0.05,3.0,True,15.0,15.0,0.0,0.0,,,,,28101.0,,,,13.282687022900763,13.282687022900763,56.0,0.0008549618320610687,56,56,48006,0.05,0.05,0.0,True,0.2,0.08,800,10,0.0,0.0,0.0,0.9799363613128662,C:/Users/efasllija/dev/gossip-poc/out_nb_incremental_clean0104/scenario_mixing_sweep/mix_0p05/permanent_fork_sth_proof_n12000_pg0p05_a0p3_ff0p05_s48006_drop0_pc0p05_pgc0p05,0.05
permanent_fork,sth_proof,12000,6.0,5.0,0.05,0.3,0.05,3.0,True,0.0,0.0,0.0,0.0,,,,,26226.0,,,,11.856043683296104,11.856043683296104,56.0,0.0008687019111442045,56,56,48007,0.05,0.05,0.0,True,0.2,0.08,800,10,0.0,0.0,0.0,0.9908409118652344,C:/Users/efasllija/dev/gossip-poc/out_nb_incremental_clean0104/scenario_mixing_sweep/mix_0p05/permanent_fork_sth_proof_n12000_pg0p05_a0p3_ff0p05_s48007_drop0_pc0p05_pgc0p05,0.05
permanent_fork,sth_proof,12000,6.0,5.0,0.05,0.3,0.05,3.0,True,15.0,15.0,0.0,0.0,,,,,28171.0,,,,15.677661613250027,15.677661613250027,53.0,0.0008257895638896246,53,53,48008,0.05,0.05,0.0,True,0.2,0.08,800,10,0.0,0.0,0.0,0.9676692485809326,C:/Users/efasllija/dev/gossip-poc/out_nb_incremental_clean0104/scenario_mixing_sweep/mix_0p05/permanent_fork_sth_proof_n12000_pg0p05_a0p3_ff0p05_s48008_drop0_pc0p05_pgc0p05,0.05
permanent_fork,sth_proof,12000,6.0,5.0,0.05,0.3,0.05,3.0,True,0.0,0.0,0.0,0.0,,,,,26707.0,,,,10.735246509235587,10.735246509235587,34.0,0.0005143488192669017,34,34,48009,0.05,0.05,0.0,True,0.2,0.08,800,10,0.0,0.0,0.0,0.975191593170166,C:/Users/efasllija/dev/gossip-poc/out_nb_incremental_clean0104/scenario_mixing_sweep/mix_0p05/permanent_fork_sth_proof_n12000_pg0p05_a0p3_ff0p05_s48009_drop0_pc0p05_pgc0p05,0.05
permanent_fork,sth_proof,12000,6.0,5.0,0.05,0.3,0.05,3.0,True,20.0,20.0,0.0,0.0,,,,,30256.0,,,,14.396747578620113,14.396747578620113,45.0,0.0006726055243333732,45,45,48010,0.05,0.05,0.0,True,0.2,0.08,800,10,0.0,0.0,0.0,0.957294225692749,C:/Users/efasllija/dev/gossip-poc/out_nb_incremental_clean0104/scenario_mixing_sweep/mix_0p05/permanent_fork_sth_proof_n12000_pg0p05_a0p3_ff0p05_s48010_drop0_pc0p05_pgc0p05,0.05
permanent_fork,sth_proof,12000,6.0,5.0,0.05,0.3,0.05,3.0,True,5.0,5.0,0.0,0.0,,,,,26986.0,,,,13.843492205449246,13.843492205449246,36.0,0.0005551015373228686,36,36,48011,0.05,0.05,0.0,True,0.2,0.08,800,10,0.0,0.0,0.0,0.972461462020874,C:/Users/efasllija/dev/gossip-poc/out_nb_incremental_clean0104/scenario_mixing_sweep/mix_0p05/permanent_fork_sth_proof_n12000_pg0p05_a0p3_ff0p05_s48011_drop0_pc0p05_pgc0p05,0.05
permanent_fork,sth_proof,12000,6.0,5.0,0.05,0.3,0.05,3.0,True,10.0,10.0,0.0,0.0,,,,,26874.0,,,,12.779434946040984,12.779434946040984,75.0,0.0011367770098217533,75,75,48012,0.05,0.05,0.0,True,0.2,0.08,800,10,0.0,0.0,0.0,0.9752292633056641,C:/Users/efasllija/dev/gossip-poc/out_nb_incremental_clean0104/scenario_mixing_sweep/mix_0p05/permanent_fork_sth_proof_n12000_pg0p05_a0p3_ff0p05_s48012_drop0_pc0p05_pgc0p05,0.05
permanent_fork,sth_proof,12000,6.0,5.0,0.05,0.3,0.05,3.0,True,10.0,10.0,0.0,0.0,,,,,29424.0,,,,13.919694072657744,13.919694072657744,35.0,0.0005228250478011472,35,35,48013,0.05,0.05,0.0,True,0.2,0.08,800,10,0.0,0.0,0.0,0.9664046764373779,C:/Users/efasllija/dev/gossip-poc/out_nb_incremental_clean0104/scenario_mixing_sweep/mix_0p05/permanent_fork_sth_proof_n12000_pg0p05_a0p3_ff0p05_s48013_drop0_pc0p05_pgc0p05,0.05
permanent_fork,sth_proof,12000,6.0,5.0,0.05,0.3,0.05,3.0,True,10.0,10.0,0.0,0.0,,,,,29899.0,,,,15.491027732463296,15.491027732463296,76.0,0.001106968072710324,76,76,48014,0.05,0.05,0.0,True,0.2,0.08,800,10,0.0,0.0,0.0,0.9752554893493652,C:/Users/efasllija/dev/gossip-poc/out_nb_incremental_clean0104/scenario_mixing_sweep/mix_0p05/permanent_fork_sth_proof_n12000_pg0p05_a0p3_ff0p05_s48014_drop0_pc0p05_pgc0p05,0.05
