server_mode,mode,users,hours,dt_min,p_gossip,adoption,fork_frac,fork_hour,detected,lat_aw_min,lat_ev_min,aware_cov_end,evid_cov_end,t10_aw,t50_aw,t10_ev,t50_ev,msgs_first_ev,msgs_10_ev,msgs_50_ev,msgs_95_ev,bytes_per_send,bytes_per_delivery,crosscuts,crosscut_rate,proof_inconsistent,evidence_events,seed,p_contact_cross,p_group_cross,p_drop_crosscut,sticky_victims,msg_rate_1to1,msg_rate_group,groups,avg_group_size,proof_withhold_rate,proof_timeout_rate,invalid_proof_rate,wall_s,run_dir
permanent_fork,sth_proof,12000,6.0,5.0,0.006,0.2,0.005,3.0,True,80.0,80.0,0.0,0.0,,,,,39758.0,,,,1.5281254758641694,1.5281254758641694,1.0,1.5227653418608192e-05,1,1,78500,0.02,0.02,0.0,True,0.2,0.08,800,10,0.0,0.0,0.0,1.0273892879486084,C:/Users/efasllija/dev/gossip-poc/out_nb_incremental_clean0104/scenario_target_effect_revised/permanent_fork_sth_proof_n12000_pg0p006_a0p2_ff0p005_s78500_drop0_pc0p02_pgc0p02
permanent_fork,sth_proof,12000,6.0,5.0,0.006,0.2,0.005,3.0,True,10.0,10.0,0.0,0.0,,,,,27674.0,,,,0.9554748473842826,0.9554748473842826,2.0,3.090951240244185e-05,2,2,78501,0.02,0.02,0.0,True,0.2,0.08,800,10,0.0,0.0,0.0,0.99049973487854,C:/Users/efasllija/dev/gossip-poc/out_nb_incremental_clean0104/scenario_target_effect_revised/permanent_fork_sth_proof_n12000_pg0p006_a0p2_ff0p005_s78501_drop0_pc0p02_pgc0p02
permanent_fork,sth_proof,12000,6.0,5.0,0.006,0.2,0.005,3.0,False,,,0.0,0.0,,,,,,,,,1.1040241215354285,1.1040241215354285,0.0,0.0,0,0,78502,0.02,0.02,0.0,True,0.2,0.08,800,10,0.0,0.0,0.0,0.9295334815979004,C:/Users/efasllija/dev/gossip-poc/out_nb_incremental_clean0104/scenario_target_effect_revised/permanent_fork_sth_proof_n12000_pg0p006_a0p2_ff0p005_s78502_drop0_pc0p02_pgc0p02
permanent_fork,sth_proof,12000,6.0,5.0,0.006,0.2,0.005,3.0,False,,,0.0,0.0,,,,,,,,,0.6061127851915626,0.6061127851915626,0.0,0.0,0,0,78503,0.02,0.02,0.0,True,0.2,0.08,800,10,0.0,0.0,0.0,0.9360649585723877,C:/Users/efasllija/dev/gossip-poc/out_nb_incremental_clean0104/scenario_target_effect_revised/permanent_fork_sth_proof_n12000_pg0p006_a0p2_ff0p005_s78503_drop0_pc0p02_pgc0p02
permanent_fork,sth_proof,12000,6.0,5.0,0.006,0.2,0.005,3.0,False,,,0.0,0.0,,,,,,,,,0.6660818626503516,0.6660818626503516,0.0,0.0,0,0,78504,0.02,0.02,0.0,True,0.2,0.08,800,10,0.0,0.0,0.0,0.959707498550415,C:/Users/efasllija/dev/gossip-poc/out_nb_incremental_clean0104/scenario_target_effect_revised/permanent_fork_sth_proof_n12000_pg0p006_a0p2_ff0p005_s78504_drop0_pc0p02_pgc0p02
permanent_fork,sth_proof,12000,6.0,5.0,0.006,0.2,0.005,3.0,False,,,0.0,0.0,,,,,,,,,1.567067530064755,1.567067530064755,0.0,0.0,0,0,78505,0.02,0.02,0.0,True,0.2,0.08,800,10,0.0,0.0,0.0,0.9795713424682617,C:/Users/efasllija/dev/gossip-poc/out_nb_incremental_clean0104/scenario_target_effect_revised/permanent_fork_sth_proof_n12000_pg0p006_a0p2_ff0p005_s78505_drop0_pc0p02_pgc0p02
permanent_fork,sth_proof,12000,6.0,5.0,0.006,0.2,0.005,3.0,False,,,0.0,0.0,,,,,,,,,0.7145350586819139,0.7145350586819139,0.0,0.0,0,0,78506,0.02,0.02,0.0,True,0.2,0.08,800,10,0.0,0.0,0.0,0.916771650314331,C:/Users/efasllija/dev/gossip-poc/out_nb_incremental_clean0104/scenario_target_effect_revised/permanent_fork_sth_proof_n12000_pg0p006_a0p2_ff0p005_s78506_drop0_pc0p02_pgc0p02
permanent_fork,sth_proof,12000,6.0,5.0,0.006,0.2,0.005,3.0,False,,,0.0,0.0,,,,,,,,,1.3029246360898017,1.3029246360898017,0.0,0.0,0,0,78507,0.02,0.02,0.0,True,0.2,0.08,800,10,0.0,0.0,0.0,0.9655656814575195,C:/Users/efasllija/dev/gossip-poc/out_nb_incremental_clean0104/scenario_target_effect_revised/permanent_fork_sth_proof_n12000_pg0p006_a0p2_ff0p005_s78507_drop0_pc0p02_pgc0p02
permanent_fork,sth_proof,12000,6.0,5.0,0.006,0.2,0.005,3.0,True,160.0,160.0,0.0,0.0,,,,,63964.0,,,,1.0512014600020279,1.0512014600020279,1.0,1.4484147100997958e-05,1,1,78508,0.02,0.02,0.0,True,0.2,0.08,800,10,0.0,0.0,0.0,0.9768538475036621,C:/Users/efasllija/dev/gossip-poc/out_nb_incremental_clean0104/scenario_target_effect_revised/permanent_fork_sth_proof_n12000_pg0p006_a0p2_ff0p005_s78508_drop0_pc0p02_pgc0p02
permanent_fork,sth_proof,12000,6.0,5.0,0.006,0.2,0.005,3.0,True,135.0,135.0,0.0,0.0,,,,,53508.0,,,,1.3442743417023884,1.3442743417023884,1.0,1.5309246785058174e-05,1,1,78509,0.02,0.02,0.0,True,0.2,0.08,800,10,0.0,0.0,0.0,0.966144323348999,C:/Users/efasllija/dev/gossip-poc/out_nb_incremental_clean0104/scenario_target_effect_revised/permanent_fork_sth_proof_n12000_pg0p006_a0p2_ff0p005_s78509_drop0_pc0p02_pgc0p02
permanent_fork,sth_proof,12000,6.0,5.0,0.006,0.2,0.005,3.0,False,,,0.0,0.0,,,,,,,,,1.0155000399074148,1.0155000399074148,0.0,0.0,0,0,78510,0.02,0.02,0.0,True,0.2,0.08,800,10,0.0,0.0,0.0,0.9341492652893066,C:/Users/efasllija/dev/gossip-poc/out_nb_incremental_clean0104/scenario_target_effect_revised/permanent_fork_sth_proof_n12000_pg0p006_a0p2_ff0p005_s78510_drop0_pc0p02_pgc0p02
permanent_fork,sth_proof,12000,6.0,5.0,0.006,0.2,0.005,3.0,False,,,0.0,0.0,,,,,,,,,1.004084401126528,1.004084401126528,0.0,0.0,0,0,78511,0.02,0.02,0.0,True,0.2,0.08,800,10,0.0,0.0,0.0,0.9523439407348633,C:/Users/efasllija/dev/gossip-poc/out_nb_incremental_clean0104/scenario_target_effect_revised/permanent_fork_sth_proof_n12000_pg0p006_a0p2_ff0p005_s78511_drop0_pc0p02_pgc0p02
permanent_fork,sth_proof,12000,6.0,5.0,0.006,0.2,0.005,3.0,True,125.0,125.0,0.0,0.0,,,,,51682.0,,,,1.474433773150226,1.474433773150226,8.0,0.0001196780660024534,8,8,78512,0.02,0.02,0.0,True,0.2,0.08,800,10,0.0,0.0,0.0,0.9806609153747559,C:/Users/efasllija/dev/gossip-poc/out_nb_incremental_clean0104/scenario_target_effect_revised/permanent_fork_sth_proof_n12000_pg0p006_a0p2_ff0p005_s78512_drop0_pc0p02_pgc0p02
permanent_fork,sth_proof,12000,6.0,5.0,0.006,0.2,0.005,3.0,True,115.0,115.0,0.0,0.0,,,,,47242.0,,,,1.4885519241225156,1.4885519241225156,1.0,1.5103002476892407e-05,1,1,78513,0.02,0.02,0.0,True,0.2,0.08,800,10,0.0,0.0,0.0,0.9417643547058105,C:/Users/efasllija/dev/gossip-poc/out_nb_incremental_clean0104/scenario_target_effect_revised/permanent_fork_sth_proof_n12000_pg0p006_a0p2_ff0p005_s78513_drop0_pc0p02_pgc0p02
permanent_fork,sth_proof,12000,6.0,5.0,0.006,0.2,0.005,3.0,True,30.0,30.0,0.0,0.0,,,,,31219.0,,,,1.149810528858493,1.149810528858493,13.0,0.00019626492745746334,13,13,78514,0.02,0.02,0.0,True,0.2,0.08,800,10,0.0,0.0,0.0,0.9839563369750977,C:/Users/efasllija/dev/gossip-poc/out_nb_incremental_clean0104/scenario_target_effect_revised/permanent_fork_sth_proof_n12000_pg0p006_a0p2_ff0p005_s78514_drop0_pc0p02_pgc0p02
permanent_fork,sth_proof,12000,6.0,5.0,0.006,0.2,0.005,3.0,True,135.0,135.0,0.0,0.0,,,,,55359.0,,,,0.8578515993327047,0.8578515993327047,1.0,1.4506419090447522e-05,1,1,78515,0.02,0.02,0.0,True,0.2,0.08,800,10,0.0,0.0,0.0,0.9752740859985352,C:/Users/efasllija/dev/gossip-poc/out_nb_incremental_clean0104/scenario_target_effect_revised/permanent_fork_sth_proof_n12000_pg0p006_a0p2_ff0p005_s78515_drop0_pc0p02_pgc0p02
permanent_fork,sth_proof,12000,6.0,5.0,0.01,0.2,0.005,3.0,True,80.0,80.0,0.0,0.0,,,,,39758.0,,,,2.7833714024668796,2.7833714024668796,1.0,1.5227653418608192e-05,1,1,78500,0.02,0.02,0.0,True,0.2,0.08,800,10,0.0,0.0,0.0,0.9666874408721924,C:/Users/efasllija/dev/gossip-poc/out_nb_incremental_clean0104/scenario_target_effect_revised/permanent_fork_sth_proof_n12000_pg0p01_a0p2_ff0p005_s78500_drop0_pc0p02_pgc0p02
permanent_fork,sth_proof,12000,6.0,5.0,0.01,0.2,0.005,3.0,True,10.0,10.0,0.0,0.0,,,,,27674.0,,,,2.0909666950003865,2.0909666950003865,2.0,3.090951240244185e-05,2,2,78501,0.02,0.02,0.0,True,0.2,0.08,800,10,0.0,0.0,0.0,0.9560561180114746,C:/Users/efasllija/dev/gossip-poc/out_nb_incremental_clean0104/scenario_target_effect_revised/permanent_fork_sth_proof_n12000_pg0p01_a0p2_ff0p005_s78501_drop0_pc0p02_pgc0p02
permanent_fork,sth_proof,12000,6.0,5.0,0.01,0.2,0.005,3.0,True,120.0,120.0,0.0,0.0,,,,,51726.0,,,,1.7924156326104603,1.7924156326104603,1.0,1.4496115041168967e-05,1,1,78502,0.02,0.02,0.0,True,0.2,0.08,800,10,0.0,0.0,0.0,0.9836506843566895,C:/Users/efasllija/dev/gossip-poc/out_nb_incremental_clean0104/scenario_target_effect_revised/permanent_fork_sth_proof_n12000_pg0p01_a0p2_ff0p005_s78502_drop0_pc0p02_pgc0p02
permanent_fork,sth_proof,12000,6.0,5.0,0.01,0.2,0.005,3.0,True,90.0,90.0,0.0,0.0,,,,,41961.0,,,,1.501506672406371,1.501506672406371,1.0,1.5374208228276244e-05,1,1,78503,0.02,0.02,0.0,True,0.2,0.08,800,10,0.0,0.0,0.0,0.9652912616729736,C:/Users/efasllija/dev/gossip-poc/out_nb_incremental_clean0104/scenario_target_effect_revised/permanent_fork_sth_proof_n12000_pg0p01_a0p2_ff0p005_s78503_drop0_pc0p02_pgc0p02
permanent_fork,sth_proof,12000,6.0,5.0,0.01,0.2,0.005,3.0,False,,,0.0,0.0,,,,,,,,,1.1323391665055977,1.1323391665055977,0.0,0.0,0,0,78504,0.02,0.02,0.0,True,0.2,0.08,800,10,0.0,0.0,0.0,0.963951587677002,C:/Users/efasllija/dev/gossip-poc/out_nb_incremental_clean0104/scenario_target_effect_revised/permanent_fork_sth_proof_n12000_pg0p01_a0p2_ff0p005_s78504_drop0_pc0p02_pgc0p02
permanent_fork,sth_proof,12000,6.0,5.0,0.01,0.2,0.005,3.0,False,,,0.0,0.0,,,,,,,,,1.761332099907493,1.761332099907493,0.0,0.0,0,0,78505,0.02,0.02,0.0,True,0.2,0.08,800,10,0.0,0.0,0.0,0.9916691780090332,C:/Users/efasllija/dev/gossip-poc/out_nb_incremental_clean0104/scenario_target_effect_revised/permanent_fork_sth_proof_n12000_pg0p01_a0p2_ff0p005_s78505_drop0_pc0p02_pgc0p02
permanent_fork,sth_proof,12000,6.0,5.0,0.01,0.2,0.005,3.0,False,,,0.0,0.0,,,,,,,,,1.3212157688835389,1.3212157688835389,0.0,0.0,0,0,78506,0.02,0.02,0.0,True,0.2,0.08,800,10,0.0,0.0,0.0,0.9665536880493164,C:/Users/efasllija/dev/gossip-poc/out_nb_incremental_clean0104/scenario_target_effect_revised/permanent_fork_sth_proof_n12000_pg0p01_a0p2_ff0p005_s78506_drop0_pc0p02_pgc0p02
permanent_fork,sth_proof,12000,6.0,5.0,0.01,0.2,0.005,3.0,True,30.0,30.0,0.0,0.0,,,,,31324.0,,,,2.246880239787515,2.246880239787515,1.0,1.4838336325731158e-05,1,1,78507,0.02,0.02,0.0,True,0.2,0.08,800,10,0.0,0.0,0.0,0.969994068145752,C:/Users/efasllija/dev/gossip-poc/out_nb_incremental_clean0104/scenario_target_effect_revised/permanent_fork_sth_proof_n12000_pg0p01_a0p2_ff0p005_s78507_drop0_pc0p02_pgc0p02
permanent_fork,sth_proof,12000,6.0,5.0,0.01,0.2,0.005,3.0,True,160.0,160.0,0.0,0.0,,,,,63964.0,,,,1.7260468417317247,1.7260468417317247,1.0,1.4484147100997958e-05,1,1,78508,0.02,0.02,0.0,True,0.2,0.08,800,10,0.0,0.0,0.0,0.9653825759887695,C:/Users/efasllija/dev/gossip-poc/out_nb_incremental_clean0104/scenario_target_effect_revised/permanent_fork_sth_proof_n12000_pg0p01_a0p2_ff0p005_s78508_drop0_pc0p02_pgc0p02
permanent_fork,sth_proof,12000,6.0,5.0,0.01,0.2,0.005,3.0,True,70.0,70.0,0.0,0.0,,,,,37865.0,,,,1.9066748315982853,1.9066748315982853,2.0,3.061849357011635e-05,2,2,78509,0.02,0.02,0.0,True,0.2,0.08,800,10,0.0,0.0,0.0,1.014754295349121,C:/Users/efasllija/dev/gossip-poc/out_nb_incremental_clean0104/scenario_target_effect_revised/permanent_fork_sth_proof_n12000_pg0p01_a0p2_ff0p005_s78509_drop0_pc0p02_pgc0p02
permanent_fork,sth_proof,12000,6.0,5.0,0.01,0.2,0.005,3.0,True,110.0,110.0,0.0,0.0,,,,,44751.0,,,,1.9880916274243754,1.9880916274243754,2.0,3.192593183813553e-05,2,2,78510,0.02,0.02,0.0,True,0.2,0.08,800,10,0.0,0.0,0.0,0.9561750888824463,C:/Users/efasllija/dev/gossip-poc/out_nb_incremental_clean0104/scenario_target_effect_revised/permanent_fork_sth_proof_n12000_pg0p01_a0p2_ff0p005_s78510_drop0_pc0p02_pgc0p02
permanent_fork,sth_proof,12000,6.0,5.0,0.01,0.2,0.005,3.0,False,,,0.0,0.0,,,,,,,,,2.457364455388608,2.457364455388608,0.0,0.0,0,0,78511,0.02,0.02,0.0,True,0.2,0.08,800,10,0.0,0.0,0.0,0.9548828601837158,C:/Users/efasllija/dev/gossip-poc/out_nb_incremental_clean0104/scenario_target_effect_revised/permanent_fork_sth_proof_n12000_pg0p01_a0p2_ff0p005_s78511_drop0_pc0p02_pgc0p02
permanent_fork,sth_proof,12000,6.0,5.0,0.01,0.2,0.005,3.0,True,125.0,125.0,0.0,0.0,,,,,51682.0,,,,2.3456900936480864,2.3456900936480864,8.0,0.0001196780660024534,8,8,78512,0.02,0.02,0.0,True,0.2,0.08,800,10,0.0,0.0,0.0,0.970205545425415,C:/Users/efasllija/dev/gossip-poc/out_nb_incremental_clean0104/scenario_target_effect_revised/permanent_fork_sth_proof_n12000_pg0p01_a0p2_ff0p005_s78512_drop0_pc0p02_pgc0p02
permanent_fork,sth_proof,12000,6.0,5.0,0.01,0.2,0.005,3.0,True,115.0,115.0,0.0,0.0,,,,,47242.0,,,,2.0704404035522264,2.0704404035522264,1.0,1.5103002476892407e-05,1,1,78513,0.02,0.02,0.0,True,0.2,0.08,800,10,0.0,0.0,0.0,0.9512736797332764,C:/Users/efasllija/dev/gossip-poc/out_nb_incremental_clean0104/scenario_target_effect_revised/permanent_fork_sth_proof_n12000_pg0p01_a0p2_ff0p005_s78513_drop0_pc0p02_pgc0p02
permanent_fork,sth_proof,12000,6.0,5.0,0.01,0.2,0.005,3.0,True,30.0,30.0,0.0,0.0,,,,,31219.0,,,,2.313148240409439,2.313148240409439,15.0,0.00022645953168168848,15,15,78514,0.02,0.02,0.0,True,0.2,0.08,800,10,0.0,0.0,0.0,0.9515354633331299,C:/Users/efasllija/dev/gossip-poc/out_nb_incremental_clean0104/scenario_target_effect_revised/permanent_fork_sth_proof_n12000_pg0p01_a0p2_ff0p005_s78514_drop0_pc0p02_pgc0p02
permanent_fork,sth_proof,12000,6.0,5.0,0.01,0.2,0.005,3.0,True,135.0,135.0,0.0,0.0,,,,,55359.0,,,,1.5337346775948357,1.5337346775948357,1.0,1.4506419090447522e-05,1,1,78515,0.02,0.02,0.0,True,0.2,0.08,800,10,0.0,0.0,0.0,0.9669177532196045,C:/Users/efasllija/dev/gossip-poc/out_nb_incremental_clean0104/scenario_target_effect_revised/permanent_fork_sth_proof_n12000_pg0p01_a0p2_ff0p005_s78515_drop0_pc0p02_pgc0p02
permanent_fork,sth_proof,12000,6.0,5.0,0.015,0.2,0.005,3.0,True,80.0,80.0,0.0,0.0,,,,,39758.0,,,,3.5747220953251104,3.5747220953251104,1.0,1.5227653418608192e-05,1,1,78500,0.02,0.02,0.0,True,0.2,0.08,800,10,0.0,0.0,0.0,1.0317068099975586,C:/Users/efasllija/dev/gossip-poc/out_nb_incremental_clean0104/scenario_target_effect_revised/permanent_fork_sth_proof_n12000_pg0p015_a0p2_ff0p005_s78500_drop0_pc0p02_pgc0p02
permanent_fork,sth_proof,12000,6.0,5.0,0.015,0.2,0.005,3.0,True,10.0,10.0,0.0,0.0,,,,,27674.0,,,,3.0602890039409627,3.0602890039409627,2.0,3.090951240244185e-05,2,2,78501,0.02,0.02,0.0,True,0.2,0.08,800,10,0.0,0.0,0.0,0.9789750576019287,C:/Users/efasllija/dev/gossip-poc/out_nb_incremental_clean0104/scenario_target_effect_revised/permanent_fork_sth_proof_n12000_pg0p015_a0p2_ff0p005_s78501_drop0_pc0p02_pgc0p02
permanent_fork,sth_proof,12000,6.0,5.0,0.015,0.2,0.005,3.0,True,30.0,30.0,0.0,0.0,,,,,32159.0,,,,2.3509219529166185,2.3509219529166185,2.0,2.8992230082337934e-05,2,2,78502,0.02,0.02,0.0,True,0.2,0.08,800,10,0.0,0.0,0.0,0.9521267414093018,C:/Users/efasllija/dev/gossip-poc/out_nb_incremental_clean0104/scenario_target_effect_revised/permanent_fork_sth_proof_n12000_pg0p015_a0p2_ff0p005_s78502_drop0_pc0p02_pgc0p02
permanent_fork,sth_proof,12000,6.0,5.0,0.015,0.2,0.005,3.0,True,90.0,90.0,0.0,0.0,,,,,41961.0,,,,2.217821782178218,2.217821782178218,1.0,1.5374208228276244e-05,1,1,78503,0.02,0.02,0.0,True,0.2,0.08,800,10,0.0,0.0,0.0,0.9888138771057129,C:/Users/efasllija/dev/gossip-poc/out_nb_incremental_clean0104/scenario_target_effect_revised/permanent_fork_sth_proof_n12000_pg0p015_a0p2_ff0p005_s78503_drop0_pc0p02_pgc0p02
permanent_fork,sth_proof,12000,6.0,5.0,0.015,0.2,0.005,3.0,False,,,0.0,0.0,,,,,,,,,1.8383859409149705,1.8383859409149705,0.0,0.0,0,0,78504,0.02,0.02,0.0,True,0.2,0.08,800,10,0.0,0.0,0.0,0.9636452198028564,C:/Users/efasllija/dev/gossip-poc/out_nb_incremental_clean0104/scenario_target_effect_revised/permanent_fork_sth_proof_n12000_pg0p015_a0p2_ff0p005_s78504_drop0_pc0p02_pgc0p02
permanent_fork,sth_proof,12000,6.0,5.0,0.015,0.2,0.005,3.0,False,,,0.0,0.0,,,,,,,,,2.370027752081406,2.370027752081406,0.0,0.0,0,0,78505,0.02,0.02,0.0,True,0.2,0.08,800,10,0.0,0.0,0.0,0.9756653308868408,C:/Users/efasllija/dev/gossip-poc/out_nb_incremental_clean0104/scenario_target_effect_revised/permanent_fork_sth_proof_n12000_pg0p015_a0p2_ff0p005_s78505_drop0_pc0p02_pgc0p02
permanent_fork,sth_proof,12000,6.0,5.0,0.015,0.2,0.005,3.0,False,,,0.0,0.0,,,,,,,,,1.7256695756846223,1.7256695756846223,0.0,0.0,0,0,78506,0.02,0.02,0.0,True,0.2,0.08,800,10,0.0,0.0,0.0,0.9371404647827148,C:/Users/efasllija/dev/gossip-poc/out_nb_incremental_clean0104/scenario_target_effect_revised/permanent_fork_sth_proof_n12000_pg0p015_a0p2_ff0p005_s78506_drop0_pc0p02_pgc0p02
permanent_fork,sth_proof,12000,6.0,5.0,0.015,0.2,0.005,3.0,True,30.0,30.0,0.0,0.0,,,,,31324.0,,,,3.2971970382680693,3.2971970382680693,1.0,1.4838336325731158e-05,1,1,78507,0.02,0.02,0.0,True,0.2,0.08,800,10,0.0,0.0,0.0,0.9896416664123535,C:/Users/efasllija/dev/gossip-poc/out_nb_incremental_clean0104/scenario_target_effect_revised/permanent_fork_sth_proof_n12000_pg0p015_a0p2_ff0p005_s78507_drop0_pc0p02_pgc0p02
permanent_fork,sth_proof,12000,6.0,5.0,0.015,0.2,0.005,3.0,True,160.0,160.0,0.0,0.0,,,,,63964.0,,,,3.127648788401095,3.127648788401095,1.0,1.4484147100997958e-05,1,1,78508,0.02,0.02,0.0,True,0.2,0.08,800,10,0.0,0.0,0.0,0.966686487197876,C:/Users/efasllija/dev/gossip-poc/out_nb_incremental_clean0104/scenario_target_effect_revised/permanent_fork_sth_proof_n12000_pg0p015_a0p2_ff0p005_s78508_drop0_pc0p02_pgc0p02
permanent_fork,sth_proof,12000,6.0,5.0,0.015,0.2,0.005,3.0,True,70.0,70.0,0.0,0.0,,,,,37865.0,,,,2.427924066135946,2.427924066135946,2.0,3.061849357011635e-05,2,2,78509,0.02,0.02,0.0,True,0.2,0.08,800,10,0.0,0.0,0.0,0.9292159080505371,C:/Users/efasllija/dev/gossip-poc/out_nb_incremental_clean0104/scenario_target_effect_revised/permanent_fork_sth_proof_n12000_pg0p015_a0p2_ff0p005_s78509_drop0_pc0p02_pgc0p02
permanent_fork,sth_proof,12000,6.0,5.0,0.015,0.2,0.005,3.0,True,110.0,110.0,0.0,0.0,,,,,44751.0,,,,2.932077580014367,2.932077580014367,2.0,3.192593183813553e-05,2,2,78510,0.02,0.02,0.0,True,0.2,0.08,800,10,0.0,0.0,0.0,0.9530544281005859,C:/Users/efasllija/dev/gossip-poc/out_nb_incremental_clean0104/scenario_target_effect_revised/permanent_fork_sth_proof_n12000_pg0p015_a0p2_ff0p005_s78510_drop0_pc0p02_pgc0p02
permanent_fork,sth_proof,12000,6.0,5.0,0.015,0.2,0.005,3.0,False,,,0.0,0.0,,,,,,,,,3.316120851088928,3.316120851088928,0.0,0.0,0,0,78511,0.02,0.02,0.0,True,0.2,0.08,800,10,0.0,0.0,0.0,0.9650516510009766,C:/Users/efasllija/dev/gossip-poc/out_nb_incremental_clean0104/scenario_target_effect_revised/permanent_fork_sth_proof_n12000_pg0p015_a0p2_ff0p005_s78511_drop0_pc0p02_pgc0p02
permanent_fork,sth_proof,12000,6.0,5.0,0.015,0.2,0.005,3.0,True,125.0,125.0,0.0,0.0,,,,,51682.0,,,,3.485025281991443,3.485025281991443,8.0,0.0001196780660024534,8,8,78512,0.02,0.02,0.0,True,0.2,0.08,800,10,0.0,0.0,0.0,0.9826641082763672,C:/Users/efasllija/dev/gossip-poc/out_nb_incremental_clean0104/scenario_target_effect_revised/permanent_fork_sth_proof_n12000_pg0p015_a0p2_ff0p005_s78512_drop0_pc0p02_pgc0p02
permanent_fork,sth_proof,12000,6.0,5.0,0.015,0.2,0.005,3.0,True,115.0,115.0,0.0,0.0,,,,,47242.0,,,,2.814716365613484,2.814716365613484,1.0,1.5103002476892407e-05,1,1,78513,0.02,0.02,0.0,True,0.2,0.08,800,10,0.0,0.0,0.0,0.9587359428405762,C:/Users/efasllija/dev/gossip-poc/out_nb_incremental_clean0104/scenario_target_effect_revised/permanent_fork_sth_proof_n12000_pg0p015_a0p2_ff0p005_s78513_drop0_pc0p02_pgc0p02
permanent_fork,sth_proof,12000,6.0,5.0,0.015,0.2,0.005,3.0,True,30.0,30.0,0.0,0.0,,,,,31219.0,,,,3.0706704711867987,3.0706704711867987,15.0,0.00022645953168168848,15,15,78514,0.02,0.02,0.0,True,0.2,0.08,800,10,0.0,0.0,0.0,1.0029432773590088,C:/Users/efasllija/dev/gossip-poc/out_nb_incremental_clean0104/scenario_target_effect_revised/permanent_fork_sth_proof_n12000_pg0p015_a0p2_ff0p005_s78514_drop0_pc0p02_pgc0p02
permanent_fork,sth_proof,12000,6.0,5.0,0.015,0.2,0.005,3.0,True,135.0,135.0,0.0,0.0,,,,,55359.0,,,,2.3915862769275402,2.3915862769275402,1.0,1.4506419090447522e-05,1,1,78515,0.02,0.02,0.0,True,0.2,0.08,800,10,0.0,0.0,0.0,1.00799560546875,C:/Users/efasllija/dev/gossip-poc/out_nb_incremental_clean0104/scenario_target_effect_revised/permanent_fork_sth_proof_n12000_pg0p015_a0p2_ff0p005_s78515_drop0_pc0p02_pgc0p02
permanent_fork,sth_proof,12000,6.0,5.0,0.006,0.2,0.0075,3.0,True,80.0,80.0,0.0,0.0,,,,,39758.0,,,,1.5281254758641694,1.5281254758641694,1.0,1.5227653418608192e-05,1,1,78500,0.02,0.02,0.0,True,0.2,0.08,800,10,0.0,0.0,0.0,0.9920060634613037,C:/Users/efasllija/dev/gossip-poc/out_nb_incremental_clean0104/scenario_target_effect_revised/permanent_fork_sth_proof_n12000_pg0p006_a0p2_ff0p0075_s78500_drop0_pc0p02_pgc0p02
permanent_fork,sth_proof,12000,6.0,5.0,0.006,0.2,0.0075,3.0,True,10.0,10.0,0.0,0.0,,,,,27674.0,,,,0.9554748473842826,0.9554748473842826,2.0,3.090951240244185e-05,2,2,78501,0.02,0.02,0.0,True,0.2,0.08,800,10,0.0,0.0,0.0,0.9459598064422607,C:/Users/efasllija/dev/gossip-poc/out_nb_incremental_clean0104/scenario_target_effect_revised/permanent_fork_sth_proof_n12000_pg0p006_a0p2_ff0p0075_s78501_drop0_pc0p02_pgc0p02
permanent_fork,sth_proof,12000,6.0,5.0,0.006,0.2,0.0075,3.0,False,,,0.0,0.0,,,,,,,,,1.1040241215354285,1.1040241215354285,0.0,0.0,0,0,78502,0.02,0.02,0.0,True,0.2,0.08,800,10,0.0,0.0,0.0,0.9751403331756592,C:/Users/efasllija/dev/gossip-poc/out_nb_incremental_clean0104/scenario_target_effect_revised/permanent_fork_sth_proof_n12000_pg0p006_a0p2_ff0p0075_s78502_drop0_pc0p02_pgc0p02
permanent_fork,sth_proof,12000,6.0,5.0,0.006,0.2,0.0075,3.0,False,,,0.0,0.0,,,,,,,,,0.6061127851915626,0.6061127851915626,0.0,0.0,0,0,78503,0.02,0.02,0.0,True,0.2,0.08,800,10,0.0,0.0,0.0,1.0012257099151611,C:/Users/efasllija/dev/gossip-poc/out_nb_incremental_clean0104/scenario_target_effect_revised/permanent_fork_sth_proof_n12000_pg0p006_a0p2_ff0p0075_s78503_drop0_pc0p02_pgc0p02
permanent_fork,sth_proof,12000,6.0,5.0,0.006,0.2,0.0075,3.0,False,,,0.0,0.0,,,,,,,,,0.6660818626503516,0.6660818626503516,0.0,0.0,0,0,78504,0.02,0.02,0.0,True,0.2,0.08,800,10,0.0,0.0,0.0,0.9865026473999023,C:/Users/efasllija/dev/gossip-poc/out_nb_incremental_clean0104/scenario_target_effect_revised/permanent_fork_sth_proof_n12000_pg0p006_a0p2_ff0p0075_s78504_drop0_pc0p02_pgc0p02
permanent_fork,sth_proof,12000,6.0,5.0,0.006,0.2,0.0075,3.0,False,,,0.0,0.0,,,,,,,,,1.567067530064755,1.567067530064755,0.0,0.0,0,0,78505,0.02,0.02,0.0,True,0.2,0.08,800,10,0.0,0.0,0.0,0.9852454662322998,C:/Users/efasllija/dev/gossip-poc/out_nb_incremental_clean0104/scenario_target_effect_revised/permanent_fork_sth_proof_n12000_pg0p006_a0p2_ff0p0075_s78505_drop0_pc0p02_pgc0p02
permanent_fork,sth_proof,12000,6.0,5.0,0.006,0.2,0.0075,3.0,False,,,0.0,0.0,,,,,,,,,0.7145350586819139,0.7145350586819139,0.0,0.0,0,0,78506,0.02,0.02,0.0,True,0.2,0.08,800,10,0.0,0.0,0.0,0.9846179485321045,C:/Users/efasllija/dev/gossip-poc/out_nb_incremental_clean0104/scenario_target_effect_revised/permanent_fork_sth_proof_n12000_pg0p006_a0p2_ff0p0075_s78506_drop0_pc0p02_pgc0p02
permanent_fork,sth_proof,12000,6.0,5.0,0.006,0.2,0.0075,3.0,False,,,0.0,0.0,,,,,,,,,1.3029246360898017,1.3029246360898017,0.0,0.0,0,0,78507,0.02,0.02,0.0,True,0.2,0.08,800,10,0.0,0.0,0.0,0.9937856197357178,C:/Users/efasllija/dev/gossip-poc/out_nb_incremental_clean0104/scenario_target_effect_revised/permanent_fork_sth_proof_n12000_pg0p006_a0p2_ff0p0075_s78507_drop0_pc0p02_pgc0p02
permanent_fork,sth_proof,12000,6.0,5.0,0.006,0.2,0.0075,3.0,True,160.0,160.0,0.0,0.0,,,,,63964.0,,,,1.0512014600020279,1.0512014600020279,1.0,1.4484147100997958e-05,1,1,78508,0.02,0.02,0.0,True,0.2,0.08,800,10,0.0,0.0,0.0,0.9907255172729492,C:/Users/efasllija/dev/gossip-poc/out_nb_incremental_clean0104/scenario_target_effect_revised/permanent_fork_sth_proof_n12000_pg0p006_a0p2_ff0p0075_s78508_drop0_pc0p02_pgc0p02
permanent_fork,sth_proof,12000,6.0,5.0,0.006,0.2,0.0075,3.0,True,135.0,135.0,0.0,0.0,,,,,53508.0,,,,1.3442743417023884,1.3442743417023884,1.0,1.5309246785058174e-05,1,1,78509,0.02,0.02,0.0,True,0.2,0.08,800,10,0.0,0.0,0.0,0.974905252456665,C:/Users/efasllija/dev/gossip-poc/out_nb_incremental_clean0104/scenario_target_effect_revised/permanent_fork_sth_proof_n12000_pg0p006_a0p2_ff0p0075_s78509_drop0_pc0p02_pgc0p02
permanent_fork,sth_proof,12000,6.0,5.0,0.006,0.2,0.0075,3.0,True,75.0,75.0,0.0,0.0,,,,,36904.0,,,,1.0155000399074148,1.0155000399074148,1.0,1.5962965919067764e-05,1,1,78510,0.02,0.02,0.0,True,0.2,0.08,800,10,0.0,0.0,0.0,1.0012385845184326,C:/Users/efasllija/dev/gossip-poc/out_nb_incremental_clean0104/scenario_target_effect_revised/permanent_fork_sth_proof_n12000_pg0p006_a0p2_ff0p0075_s78510_drop0_pc0p02_pgc0p02
permanent_fork,sth_proof,12000,6.0,5.0,0.006,0.2,0.0075,3.0,False,,,0.0,0.0,,,,,,,,,1.004084401126528,1.004084401126528,0.0,0.0,0,0,78511,0.02,0.02,0.0,True,0.2,0.08,800,10,0.0,0.0,0.0,0.9909718036651611,C:/Users/efasllija/dev/gossip-poc/out_nb_incremental_clean0104/scenario_target_effect_revised/permanent_fork_sth_proof_n12000_pg0p006_a0p2_ff0p0075_s78511_drop0_pc0p02_pgc0p02
permanent_fork,sth_proof,12000,6.0,5.0,0.006,0.2,0.0075,3.0,True,125.0,125.0,0.0,0.0,,,,,51682.0,,,,1.474433773150226,1.474433773150226,8.0,0.0001196780660024534,8,8,78512,0.02,0.02,0.0,True,0.2,0.08,800,10,0.0,0.0,0.0,0.9838254451751709,C:/Users/efasllija/dev/gossip-poc/out_nb_incremental_clean0104/scenario_target_effect_revised/permanent_fork_sth_proof_n12000_pg0p006_a0p2_ff0p0075_s78512_drop0_pc0p02_pgc0p02
permanent_fork,sth_proof,12000,6.0,5.0,0.006,0.2,0.0075,3.0,True,115.0,115.0,0.0,0.0,,,,,47242.0,,,,1.4885519241225156,1.4885519241225156,1.0,1.5103002476892407e-05,1,1,78513,0.02,0.02,0.0,True,0.2,0.08,800,10,0.0,0.0,0.0,0.9658792018890381,C:/Users/efasllija/dev/gossip-poc/out_nb_incremental_clean0104/scenario_target_effect_revised/permanent_fork_sth_proof_n12000_pg0p006_a0p2_ff0p0075_s78513_drop0_pc0p02_pgc0p02
permanent_fork,sth_proof,12000,6.0,5.0,0.006,0.2,0.0075,3.0,True,30.0,30.0,0.0,0.0,,,,,31219.0,,,,1.149810528858493,1.149810528858493,13.0,0.00019626492745746334,13,13,78514,0.02,0.02,0.0,True,0.2,0.08,800,10,0.0,0.0,0.0,0.9706685543060303,C:/Users/efasllija/dev/gossip-poc/out_nb_incremental_clean0104/scenario_target_effect_revised/permanent_fork_sth_proof_n12000_pg0p006_a0p2_ff0p0075_s78514_drop0_pc0p02_pgc0p02
permanent_fork,sth_proof,12000,6.0,5.0,0.006,0.2,0.0075,3.0,True,135.0,135.0,0.0,0.0,,,,,55359.0,,,,0.8578515993327047,0.8578515993327047,1.0,1.4506419090447522e-05,1,1,78515,0.02,0.02,0.0,True,0.2,0.08,800,10,0.0,0.0,0.0,0.9690773487091064,C:/Users/efasllija/dev/gossip-poc/out_nb_incremental_clean0104/scenario_target_effect_revised/permanent_fork_sth_proof_n12000_pg0p006_a0p2_ff0p0075_s78515_drop0_pc0p02_pgc0p02
permanent_fork,sth_proof,12000,6.0,5.0,0.01,0.2,0.0075,3.0,True,80.0,80.0,0.0,0.0,,,,,39758.0,,,,2.7833714024668796,2.7833714024668796,1.0,1.5227653418608192e-05,1,1,78500,0.02,0.02,0.0,True,0.2,0.08,800,10,0.0,0.0,0.0,0.9667026996612549,C:/Users/efasllija/dev/gossip-poc/out_nb_incremental_clean0104/scenario_target_effect_revised/permanent_fork_sth_proof_n12000_pg0p01_a0p2_ff0p0075_s78500_drop0_pc0p02_pgc0p02
permanent_fork,sth_proof,12000,6.0,5.0,0.01,0.2,0.0075,3.0,True,10.0,10.0,0.0,0.0,,,,,27674.0,,,,2.0909666950003865,2.0909666950003865,2.0,3.090951240244185e-05,2,2,78501,0.02,0.02,0.0,True,0.2,0.08,800,10,0.0,0.0,0.0,1.010899305343628,C:/Users/efasllija/dev/gossip-poc/out_nb_incremental_clean0104/scenario_target_effect_revised/permanent_fork_sth_proof_n12000_pg0p01_a0p2_ff0p0075_s78501_drop0_pc0p02_pgc0p02
permanent_fork,sth_proof,12000,6.0,5.0,0.01,0.2,0.0075,3.0,True,120.0,120.0,0.0,0.0,,,,,51726.0,,,,1.7924156326104603,1.7924156326104603,1.0,1.4496115041168967e-05,1,1,78502,0.02,0.02,0.0,True,0.2,0.08,800,10,0.0,0.0,0.0,1.0490436553955078,C:/Users/efasllija/dev/gossip-poc/out_nb_incremental_clean0104/scenario_target_effect_revised/permanent_fork_sth_proof_n12000_pg0p01_a0p2_ff0p0075_s78502_drop0_pc0p02_pgc0p02
permanent_fork,sth_proof,12000,6.0,5.0,0.01,0.2,0.0075,3.0,True,90.0,90.0,0.0,0.0,,,,,41961.0,,,,1.501506672406371,1.501506672406371,1.0,1.5374208228276244e-05,1,1,78503,0.02,0.02,0.0,True,0.2,0.08,800,10,0.0,0.0,0.0,1.05479097366333,C:/Users/efasllija/dev/gossip-poc/out_nb_incremental_clean0104/scenario_target_effect_revised/permanent_fork_sth_proof_n12000_pg0p01_a0p2_ff0p0075_s78503_drop0_pc0p02_pgc0p02
permanent_fork,sth_proof,12000,6.0,5.0,0.01,0.2,0.0075,3.0,False,,,0.0,0.0,,,,,,,,,1.1323391665055977,1.1323391665055977,0.0,0.0,0,0,78504,0.02,0.02,0.0,True,0.2,0.08,800,10,0.0,0.0,0.0,1.0036594867706299,C:/Users/efasllija/dev/gossip-poc/out_nb_incremental_clean0104/scenario_target_effect_revised/permanent_fork_sth_proof_n12000_pg0p01_a0p2_ff0p0075_s78504_drop0_pc0p02_pgc0p02
permanent_fork,sth_proof,12000,6.0,5.0,0.01,0.2,0.0075,3.0,False,,,0.0,0.0,,,,,,,,,1.761332099907493,1.761332099907493,0.0,0.0,0,0,78505,0.02,0.02,0.0,True,0.2,0.08,800,10,0.0,0.0,0.0,1.0142815113067627,C:/Users/efasllija/dev/gossip-poc/out_nb_incremental_clean0104/scenario_target_effect_revised/permanent_fork_sth_proof_n12000_pg0p01_a0p2_ff0p0075_s78505_drop0_pc0p02_pgc0p02
permanent_fork,sth_proof,12000,6.0,5.0,0.01,0.2,0.0075,3.0,False,,,0.0,0.0,,,,,,,,,1.3212157688835389,1.3212157688835389,0.0,0.0,0,0,78506,0.02,0.02,0.0,True,0.2,0.08,800,10,0.0,0.0,0.0,0.9902453422546387,C:/Users/efasllija/dev/gossip-poc/out_nb_incremental_clean0104/scenario_target_effect_revised/permanent_fork_sth_proof_n12000_pg0p01_a0p2_ff0p0075_s78506_drop0_pc0p02_pgc0p02
permanent_fork,sth_proof,12000,6.0,5.0,0.01,0.2,0.0075,3.0,True,30.0,30.0,0.0,0.0,,,,,31324.0,,,,2.246880239787515,2.246880239787515,1.0,1.4838336325731158e-05,1,1,78507,0.02,0.02,0.0,True,0.2,0.08,800,10,0.0,0.0,0.0,0.9917850494384766,C:/Users/efasllija/dev/gossip-poc/out_nb_incremental_clean0104/scenario_target_effect_revised/permanent_fork_sth_proof_n12000_pg0p01_a0p2_ff0p0075_s78507_drop0_pc0p02_pgc0p02
permanent_fork,sth_proof,12000,6.0,5.0,0.01,0.2,0.0075,3.0,True,160.0,160.0,0.0,0.0,,,,,63964.0,,,,1.7260468417317247,1.7260468417317247,1.0,1.4484147100997958e-05,1,1,78508,0.02,0.02,0.0,True,0.2,0.08,800,10,0.0,0.0,0.0,0.9696784019470215,C:/Users/efasllija/dev/gossip-poc/out_nb_incremental_clean0104/scenario_target_effect_revised/permanent_fork_sth_proof_n12000_pg0p01_a0p2_ff0p0075_s78508_drop0_pc0p02_pgc0p02
permanent_fork,sth_proof,12000,6.0,5.0,0.01,0.2,0.0075,3.0,True,70.0,70.0,0.0,0.0,,,,,37865.0,,,,1.9066748315982853,1.9066748315982853,2.0,3.061849357011635e-05,2,2,78509,0.02,0.02,0.0,True,0.2,0.08,800,10,0.0,0.0,0.0,0.9923396110534668,C:/Users/efasllija/dev/gossip-poc/out_nb_incremental_clean0104/scenario_target_effect_revised/permanent_fork_sth_proof_n12000_pg0p01_a0p2_ff0p0075_s78509_drop0_pc0p02_pgc0p02
permanent_fork,sth_proof,12000,6.0,5.0,0.01,0.2,0.0075,3.0,True,75.0,75.0,0.0,0.0,,,,,36904.0,,,,1.9880916274243754,1.9880916274243754,3.0,4.788889775720329e-05,3,3,78510,0.02,0.02,0.0,True,0.2,0.08,800,10,0.0,0.0,0.0,0.9597766399383545,C:/Users/efasllija/dev/gossip-poc/out_nb_incremental_clean0104/scenario_target_effect_revised/permanent_fork_sth_proof_n12000_pg0p01_a0p2_ff0p0075_s78510_drop0_pc0p02_pgc0p02
permanent_fork,sth_proof,12000,6.0,5.0,0.01,0.2,0.0075,3.0,True,115.0,115.0,0.0,0.0,,,,,49485.0,,,,2.457364455388608,2.457364455388608,2.0,2.949026084135714e-05,2,2,78511,0.02,0.02,0.0,True,0.2,0.08,800,10,0.0,0.0,0.0,1.0170392990112305,C:/Users/efasllija/dev/gossip-poc/out_nb_incremental_clean0104/scenario_target_effect_revised/permanent_fork_sth_proof_n12000_pg0p01_a0p2_ff0p0075_s78511_drop0_pc0p02_pgc0p02
permanent_fork,sth_proof,12000,6.0,5.0,0.01,0.2,0.0075,3.0,True,125.0,125.0,0.0,0.0,,,,,51682.0,,,,2.3456900936480864,2.3456900936480864,8.0,0.0001196780660024534,8,8,78512,0.02,0.02,0.0,True,0.2,0.08,800,10,0.0,0.0,0.0,0.9865472316741943,C:/Users/efasllija/dev/gossip-poc/out_nb_incremental_clean0104/scenario_target_effect_revised/permanent_fork_sth_proof_n12000_pg0p01_a0p2_ff0p0075_s78512_drop0_pc0p02_pgc0p02
permanent_fork,sth_proof,12000,6.0,5.0,0.01,0.2,0.0075,3.0,True,115.0,115.0,0.0,0.0,,,,,47242.0,,,,2.0704404035522264,2.0704404035522264,1.0,1.5103002476892407e-05,1,1,78513,0.02,0.02,0.0,True,0.2,0.08,800,10,0.0,0.0,0.0,1.0005013942718506,C:/Users/efasllija/dev/gossip-poc/out_nb_incremental_clean0104/scenario_target_effect_revised/permanent_fork_sth_proof_n12000_pg0p01_a0p2_ff0p0075_s78513_drop0_pc0p02_pgc0p02
permanent_fork,sth_proof,12000,6.0,5.0,0.01,0.2,0.0075,3.0,True,30.0,30.0,0.0,0.0,,,,,31219.0,,,,2.313148240409439,2.313148240409439,15.0,0.00022645953168168848,15,15,78514,0.02,0.02,0.0,True,0.2,0.08,800,10,0.0,0.0,0.0,0.9952480792999268,C:/Users/efasllija/dev/gossip-poc/out_nb_incremental_clean0104/scenario_target_effect_revised/permanent_fork_sth_proof_n12000_pg0p01_a0p2_ff0p0075_s78514_drop0_pc0p02_pgc0p02
permanent_fork,sth_proof,12000,6.0,5.0,0.01,0.2,0.0075,3.0,True,135.0,135.0,0.0,0.0,,,,,55359.0,,,,1.5337346775948357,1.5337346775948357,1.0,1.4506419090447522e-05,1,1,78515,0.02,0.02,0.0,True,0.2,0.08,800,10,0.0,0.0,0.0,0.9778299331665039,C:/Users/efasllija/dev/gossip-poc/out_nb_incremental_clean0104/scenario_target_effect_revised/permanent_fork_sth_proof_n12000_pg0p01_a0p2_ff0p0075_s78515_drop0_pc0p02_pgc0p02
permanent_fork,sth_proof,12000,6.0,5.0,0.015,0.2,0.0075,3.0,True,80.0,80.0,0.0,0.0,,,,,39758.0,,,,3.5747220953251104,3.5747220953251104,1.0,1.5227653418608192e-05,1,1,78500,0.02,0.02,0.0,True,0.2,0.08,800,10,0.0,0.0,0.0,0.9613306522369385,C:/Users/efasllija/dev/gossip-poc/out_nb_incremental_clean0104/scenario_target_effect_revised/permanent_fork_sth_proof_n12000_pg0p015_a0p2_ff0p0075_s78500_drop0_pc0p02_pgc0p02
permanent_fork,sth_proof,12000,6.0,5.0,0.015,0.2,0.0075,3.0,True,10.0,10.0,0.0,0.0,,,,,27674.0,,,,3.0602890039409627,3.0602890039409627,2.0,3.090951240244185e-05,2,2,78501,0.02,0.02,0.0,True,0.2,0.08,800,10,0.0,0.0,0.0,0.948411226272583,C:/Users/efasllija/dev/gossip-poc/out_nb_incremental_clean0104/scenario_target_effect_revised/permanent_fork_sth_proof_n12000_pg0p015_a0p2_ff0p0075_s78501_drop0_pc0p02_pgc0p02
permanent_fork,sth_proof,12000,6.0,5.0,0.015,0.2,0.0075,3.0,True,30.0,30.0,0.0,0.0,,,,,32159.0,,,,2.3509219529166185,2.3509219529166185,2.0,2.8992230082337934e-05,2,2,78502,0.02,0.02,0.0,True,0.2,0.08,800,10,0.0,0.0,0.0,1.017310619354248,C:/Users/efasllija/dev/gossip-poc/out_nb_incremental_clean0104/scenario_target_effect_revised/permanent_fork_sth_proof_n12000_pg0p015_a0p2_ff0p0075_s78502_drop0_pc0p02_pgc0p02
permanent_fork,sth_proof,12000,6.0,5.0,0.015,0.2,0.0075,3.0,True,90.0,90.0,0.0,0.0,,,,,41961.0,,,,2.217821782178218,2.217821782178218,1.0,1.5374208228276244e-05,1,1,78503,0.02,0.02,0.0,True,0.2,0.08,800,10,0.0,0.0,0.0,0.9746935367584229,C:/Users/efasllija/dev/gossip-poc/out_nb_incremental_clean0104/scenario_target_effect_revised/permanent_fork_sth_proof_n12000_pg0p015_a0p2_ff0p0075_s78503_drop0_pc0p02_pgc0p02
permanent_fork,sth_proof,12000,6.0,5.0,0.015,0.2,0.0075,3.0,False,,,0.0,0.0,,,,,,,,,1.8383859409149705,1.8383859409149705,0.0,0.0,0,0,78504,0.02,0.02,0.0,True,0.2,0.08,800,10,0.0,0.0,0.0,0.9838733673095703,C:/Users/efasllija/dev/gossip-poc/out_nb_incremental_clean0104/scenario_target_effect_revised/permanent_fork_sth_proof_n12000_pg0p015_a0p2_ff0p0075_s78504_drop0_pc0p02_pgc0p02
permanent_fork,sth_proof,12000,6.0,5.0,0.015,0.2,0.0075,3.0,False,,,0.0,0.0,,,,,,,,,2.370027752081406,2.370027752081406,0.0,0.0,0,0,78505,0.02,0.02,0.0,True,0.2,0.08,800,10,0.0,0.0,0.0,1.0154030323028564,C:/Users/efasllija/dev/gossip-poc/out_nb_incremental_clean0104/scenario_target_effect_revised/permanent_fork_sth_proof_n12000_pg0p015_a0p2_ff0p0075_s78505_drop0_pc0p02_pgc0p02
permanent_fork,sth_proof,12000,6.0,5.0,0.015,0.2,0.0075,3.0,False,,,0.0,0.0,,,,,,,,,1.7256695756846223,1.7256695756846223,0.0,0.0,0,0,78506,0.02,0.02,0.0,True,0.2,0.08,800,10,0.0,0.0,0.0,1.0216553211212158,C:/Users/efasllija/dev/gossip-poc/out_nb_incremental_clean0104/scenario_target_effect_revised/permanent_fork_sth_proof_n12000_pg0p015_a0p2_ff0p0075_s78506_drop0_pc0p02_pgc0p02
permanent_fork,sth_proof,12000,6.0,5.0,0.015,0.2,0.0075,3.0,True,30.0,30.0,0.0,0.0,,,,,31324.0,,,,3.2971970382680693,3.2971970382680693,2.0,2.9676672651462316e-05,2,2,78507,0.02,0.02,0.0,True,0.2,0.08,800,10,0.0,0.0,0.0,0.9867680072784424,C:/Users/efasllija/dev/gossip-poc/out_nb_incremental_clean0104/scenario_target_effect_revised/permanent_fork_sth_proof_n12000_pg0p015_a0p2_ff0p0075_s78507_drop0_pc0p02_pgc0p02
permanent_fork,sth_proof,12000,6.0,5.0,0.015,0.2,0.0075,3.0,True,140.0,140.0,0.0,0.0,,,,,57746.0,,,,3.127648788401095,3.127648788401095,2.0,2.8968294201995917e-05,2,2,78508,0.02,0.02,0.0,True,0.2,0.08,800,10,0.0,0.0,0.0,1.0641143321990967,C:/Users/efasllija/dev/gossip-poc/out_nb_incremental_clean0104/scenario_target_effect_revised/permanent_fork_sth_proof_n12000_pg0p015_a0p2_ff0p0075_s78508_drop0_pc0p02_pgc0p02
permanent_fork,sth_proof,12000,6.0,5.0,0.015,0.2,0.0075,3.0,True,70.0,70.0,0.0,0.0,,,,,37865.0,,,,2.427924066135946,2.427924066135946,2.0,3.061849357011635e-05,2,2,78509,0.02,0.02,0.0,True,0.2,0.08,800,10,0.0,0.0,0.0,0.9901700019836426,C:/Users/efasllija/dev/gossip-poc/out_nb_incremental_clean0104/scenario_target_effect_revised/permanent_fork_sth_proof_n12000_pg0p015_a0p2_ff0p0075_s78509_drop0_pc0p02_pgc0p02
permanent_fork,sth_proof,12000,6.0,5.0,0.015,0.2,0.0075,3.0,True,75.0,75.0,0.0,0.0,,,,,36904.0,,,,2.932077580014367,2.932077580014367,3.0,4.788889775720329e-05,3,3,78510,0.02,0.02,0.0,True,0.2,0.08,800,10,0.0,0.0,0.0,0.9556818008422852,C:/Users/efasllija/dev/gossip-poc/out_nb_incremental_clean0104/scenario_target_effect_revised/permanent_fork_sth_proof_n12000_pg0p015_a0p2_ff0p0075_s78510_drop0_pc0p02_pgc0p02
permanent_fork,sth_proof,12000,6.0,5.0,0.015,0.2,0.0075,3.0,True,115.0,115.0,0.0,0.0,,,,,49485.0,,,,3.316120851088928,3.316120851088928,2.0,2.949026084135714e-05,2,2,78511,0.02,0.02,0.0,True,0.2,0.08,800,10,0.0,0.0,0.0,0.9897239208221436,C:/Users/efasllija/dev/gossip-poc/out_nb_incremental_clean0104/scenario_target_effect_revised/permanent_fork_sth_proof_n12000_pg0p015_a0p2_ff0p0075_s78511_drop0_pc0p02_pgc0p02
permanent_fork,sth_proof,12000,6.0,5.0,0.015,0.2,0.0075,3.0,True,125.0,125.0,0.0,0.0,,,,,51682.0,,,,3.485025281991443,3.485025281991443,8.0,0.0001196780660024534,8,8,78512,0.02,0.02,0.0,True,0.2,0.08,800,10,0.0,0.0,0.0,0.9772765636444092,C:/Users/efasllija/dev/gossip-poc/out_nb_incremental_clean0104/scenario_target_effect_revised/permanent_fork_sth_proof_n12000_pg0p015_a0p2_ff0p0075_s78512_drop0_pc0p02_pgc0p02
permanent_fork,sth_proof,12000,6.0,5.0,0.015,0.2,0.0075,3.0,True,115.0,115.0,0.0,0.0,,,,,47242.0,,,,2.814716365613484,2.814716365613484,1.0,1.5103002476892407e-05,1,1,78513,0.02,0.02,0.0,True,0.2,0.08,800,10,0.0,0.0,0.0,0.9708576202392578,C:/Users/efasllija/dev/gossip-poc/out_nb_incremental_clean0104/scenario_target_effect_revised/permanent_fork_sth_proof_n12000_pg0p015_a0p2_ff0p0075_s78513_drop0_pc0p02_pgc0p02
permanent_fork,sth_proof,12000,6.0,5.0,0.015,0.2,0.0075,3.0,True,30.0,30.0,0.0,0.0,,,,,31219.0,,,,3.0706704711867987,3.0706704711867987,15.0,0.00022645953168168848,15,15,78514,0.02,0.02,0.0,True,0.2,0.08,800,10,0.0,0.0,0.0,1.003784418106079,C:/Users/efasllija/dev/gossip-poc/out_nb_incremental_clean0104/scenario_target_effect_revised/permanent_fork_sth_proof_n12000_pg0p015_a0p2_ff0p0075_s78514_drop0_pc0p02_pgc0p02
permanent_fork,sth_proof,12000,6.0,5.0,0.015,0.2,0.0075,3.0,True,25.0,25.0,0.0,0.0,,,,,30730.0,,,,2.3915862769275402,2.3915862769275402,2.0,2.9012838180895045e-05,2,2,78515,0.02,0.02,0.0,True,0.2,0.08,800,10,0.0,0.0,0.0,1.0117754936218262,C:/Users/efasllija/dev/gossip-poc/out_nb_incremental_clean0104/scenario_target_effect_revised/permanent_fork_sth_proof_n12000_pg0p015_a0p2_ff0p0075_s78515_drop0_pc0p02_pgc0p02
permanent_fork,sth_proof,12000,6.0,5.0,0.006,0.2,0.01,3.0,True,80.0,80.0,0.0,0.0,,,,,39758.0,,,,1.5281254758641694,1.5281254758641694,2.0,3.0455306837216384e-05,2,2,78500,0.02,0.02,0.0,True,0.2,0.08,800,10,0.0,0.0,0.0,1.0233268737792969,C:/Users/efasllija/dev/gossip-poc/out_nb_incremental_clean0104/scenario_target_effect_revised/permanent_fork_sth_proof_n12000_pg0p006_a0p2_ff0p01_s78500_drop0_pc0p02_pgc0p02
permanent_fork,sth_proof,12000,6.0,5.0,0.006,0.2,0.01,3.0,True,10.0,10.0,0.0,0.0,,,,,27674.0,,,,0.9554748473842826,0.9554748473842826,2.0,3.090951240244185e-05,2,2,78501,0.02,0.02,0.0,True,0.2,0.08,800,10,0.0,0.0,0.0,0.9893536567687988,C:/Users/efasllija/dev/gossip-poc/out_nb_incremental_clean0104/scenario_target_effect_revised/permanent_fork_sth_proof_n12000_pg0p006_a0p2_ff0p01_s78501_drop0_pc0p02_pgc0p02
permanent_fork,sth_proof,12000,6.0,5.0,0.006,0.2,0.01,3.0,True,0.0,0.0,0.0,0.0,,,,,27507.0,,,,1.1040241215354285,1.1040241215354285,1.0,1.4496115041168967e-05,1,1,78502,0.02,0.02,0.0,True,0.2,0.08,800,10,0.0,0.0,0.0,0.9995970726013184,C:/Users/efasllija/dev/gossip-poc/out_nb_incremental_clean0104/scenario_target_effect_revised/permanent_fork_sth_proof_n12000_pg0p006_a0p2_ff0p01_s78502_drop0_pc0p02_pgc0p02
permanent_fork,sth_proof,12000,6.0,5.0,0.006,0.2,0.01,3.0,False,,,0.0,0.0,,,,,,,,,0.6061127851915626,0.6061127851915626,0.0,0.0,0,0,78503,0.02,0.02,0.0,True,0.2,0.08,800,10,0.0,0.0,0.0,0.9896681308746338,C:/Users/efasllija/dev/gossip-poc/out_nb_incremental_clean0104/scenario_target_effect_revised/permanent_fork_sth_proof_n12000_pg0p006_a0p2_ff0p01_s78503_drop0_pc0p02_pgc0p02
permanent_fork,sth_proof,12000,6.0,5.0,0.006,0.2,0.01,3.0,False,,,0.0,0.0,,,,,,,,,0.6660818626503516,0.6660818626503516,0.0,0.0,0,0,78504,0.02,0.02,0.0,True,0.2,0.08,800,10,0.0,0.0,0.0,0.9896445274353027,C:/Users/efasllija/dev/gossip-poc/out_nb_incremental_clean0104/scenario_target_effect_revised/permanent_fork_sth_proof_n12000_pg0p006_a0p2_ff0p01_s78504_drop0_pc0p02_pgc0p02
permanent_fork,sth_proof,12000,6.0,5.0,0.006,0.2,0.01,3.0,False,,,0.0,0.0,,,,,,,,,1.567067530064755,1.567067530064755,0.0,0.0,0,0,78505,0.02,0.02,0.0,True,0.2,0.08,800,10,0.0,0.0,0.0,1.2542004585266113,C:/Users/efasllija/dev/gossip-poc/out_nb_incremental_clean0104/scenario_target_effect_revised/permanent_fork_sth_proof_n12000_pg0p006_a0p2_ff0p01_s78505_drop0_pc0p02_pgc0p02
permanent_fork,sth_proof,12000,6.0,5.0,0.006,0.2,0.01,3.0,False,,,0.0,0.0,,,,,,,,,0.7145350586819139,0.7145350586819139,0.0,0.0,0,0,78506,0.02,0.02,0.0,True,0.2,0.08,800,10,0.0,0.0,0.0,1.0194065570831299,C:/Users/efasllija/dev/gossip-poc/out_nb_incremental_clean0104/scenario_target_effect_revised/permanent_fork_sth_proof_n12000_pg0p006_a0p2_ff0p01_s78506_drop0_pc0p02_pgc0p02
permanent_fork,sth_proof,12000,6.0,5.0,0.006,0.2,0.01,3.0,False,,,0.0,0.0,,,,,,,,,1.3029246360898017,1.3029246360898017,0.0,0.0,0,0,78507,0.02,0.02,0.0,True,0.2,0.08,800,10,0.0,0.0,0.0,1.0010004043579102,C:/Users/efasllija/dev/gossip-poc/out_nb_incremental_clean0104/scenario_target_effect_revised/permanent_fork_sth_proof_n12000_pg0p006_a0p2_ff0p01_s78507_drop0_pc0p02_pgc0p02
permanent_fork,sth_proof,12000,6.0,5.0,0.006,0.2,0.01,3.0,True,30.0,30.0,0.0,0.0,,,,,32551.0,,,,1.0512014600020279,1.0512014600020279,2.0,2.8968294201995917e-05,2,2,78508,0.02,0.02,0.0,True,0.2,0.08,800,10,0.0,0.0,0.0,1.0191142559051514,C:/Users/efasllija/dev/gossip-poc/out_nb_incremental_clean0104/scenario_target_effect_revised/permanent_fork_sth_proof_n12000_pg0p006_a0p2_ff0p01_s78508_drop0_pc0p02_pgc0p02
permanent_fork,sth_proof,12000,6.0,5.0,0.006,0.2,0.01,3.0,True,25.0,25.0,0.0,0.0,,,,,29773.0,,,,1.3442743417023884,1.3442743417023884,2.0,3.061849357011635e-05,2,2,78509,0.02,0.02,0.0,True,0.2,0.08,800,10,0.0,0.0,0.0,0.9900305271148682,C:/Users/efasllija/dev/gossip-poc/out_nb_incremental_clean0104/scenario_target_effect_revised/permanent_fork_sth_proof_n12000_pg0p006_a0p2_ff0p01_s78509_drop0_pc0p02_pgc0p02
permanent_fork,sth_proof,12000,6.0,5.0,0.006,0.2,0.01,3.0,True,75.0,75.0,0.0,0.0,,,,,36904.0,,,,1.0155000399074148,1.0155000399074148,1.0,1.5962965919067764e-05,1,1,78510,0.02,0.02,0.0,True,0.2,0.08,800,10,0.0,0.0,0.0,1.0018603801727295,C:/Users/efasllija/dev/gossip-poc/out_nb_incremental_clean0104/scenario_target_effect_revised/permanent_fork_sth_proof_n12000_pg0p006_a0p2_ff0p01_s78510_drop0_pc0p02_pgc0p02
permanent_fork,sth_proof,12000,6.0,5.0,0.006,0.2,0.01,3.0,False,,,0.0,0.0,,,,,,,,,1.004084401126528,1.004084401126528,0.0,0.0,0,0,78511,0.02,0.02,0.0,True,0.2,0.08,800,10,0.0,0.0,0.0,1.0012447834014893,C:/Users/efasllija/dev/gossip-poc/out_nb_incremental_clean0104/scenario_target_effect_revised/permanent_fork_sth_proof_n12000_pg0p006_a0p2_ff0p01_s78511_drop0_pc0p02_pgc0p02
permanent_fork,sth_proof,12000,6.0,5.0,0.006,0.2,0.01,3.0,True,125.0,125.0,0.0,0.0,,,,,51682.0,,,,1.474433773150226,1.474433773150226,8.0,0.0001196780660024534,8,8,78512,0.02,0.02,0.0,True,0.2,0.08,800,10,0.0,0.0,0.0,1.0330665111541748,C:/Users/efasllija/dev/gossip-poc/out_nb_incremental_clean0104/scenario_target_effect_revised/permanent_fork_sth_proof_n12000_pg0p006_a0p2_ff0p01_s78512_drop0_pc0p02_pgc0p02
permanent_fork,sth_proof,12000,6.0,5.0,0.006,0.2,0.01,3.0,True,115.0,115.0,0.0,0.0,,,,,47242.0,,,,1.4885519241225156,1.4885519241225156,1.0,1.5103002476892407e-05,1,1,78513,0.02,0.02,0.0,True,0.2,0.08,800,10,0.0,0.0,0.0,0.982858419418335,C:/Users/efasllija/dev/gossip-poc/out_nb_incremental_clean0104/scenario_target_effect_revised/permanent_fork_sth_proof_n12000_pg0p006_a0p2_ff0p01_s78513_drop0_pc0p02_pgc0p02
permanent_fork,sth_proof,12000,6.0,5.0,0.006,0.2,0.01,3.0,True,30.0,30.0,0.0,0.0,,,,,31219.0,,,,1.149810528858493,1.149810528858493,13.0,0.00019626492745746334,13,13,78514,0.02,0.02,0.0,True,0.2,0.08,800,10,0.0,0.0,0.0,1.0029582977294922,C:/Users/efasllija/dev/gossip-poc/out_nb_incremental_clean0104/scenario_target_effect_revised/permanent_fork_sth_proof_n12000_pg0p006_a0p2_ff0p01_s78514_drop0_pc0p02_pgc0p02
permanent_fork,sth_proof,12000,6.0,5.0,0.006,0.2,0.01,3.0,True,65.0,65.0,0.0,0.0,,,,,37616.0,,,,0.8578515993327047,0.8578515993327047,2.0,2.9012838180895045e-05,2,2,78515,0.02,0.02,0.0,True,0.2,0.08,800,10,0.0,0.0,0.0,1.0288076400756836,C:/Users/efasllija/dev/gossip-poc/out_nb_incremental_clean0104/scenario_target_effect_revised/permanent_fork_sth_proof_n12000_pg0p006_a0p2_ff0p01_s78515_drop0_pc0p02_pgc0p02
permanent_fork,sth_proof,12000,6.0,5.0,0.01,0.2,0.01,3.0,True,80.0,80.0,0.0,0.0,,,,,39758.0,,,,2.7833714024668796,2.7833714024668796,2.0,3.0455306837216384e-05,2,2,78500,0.02,0.02,0.0,True,0.2,0.08,800,10,0.0,0.0,0.0,1.0198650360107422,C:/Users/efasllija/dev/gossip-poc/out_nb_incremental_clean0104/scenario_target_effect_revised/permanent_fork_sth_proof_n12000_pg0p01_a0p2_ff0p01_s78500_drop0_pc0p02_pgc0p02
permanent_fork,sth_proof,12000,6.0,5.0,0.01,0.2,0.01,3.0,True,10.0,10.0,0.0,0.0,,,,,27674.0,,,,2.0909666950003865,2.0909666950003865,2.0,3.090951240244185e-05,2,2,78501,0.02,0.02,0.0,True,0.2,0.08,800,10,0.0,0.0,0.0,0.9961962699890137,C:/Users/efasllija/dev/gossip-poc/out_nb_incremental_clean0104/scenario_target_effect_revised/permanent_fork_sth_proof_n12000_pg0p01_a0p2_ff0p01_s78501_drop0_pc0p02_pgc0p02
permanent_fork,sth_proof,12000,6.0,5.0,0.01,0.2,0.01,3.0,True,0.0,0.0,0.0,0.0,,,,,27507.0,,,,1.7924156326104603,1.7924156326104603,2.0,2.8992230082337934e-05,2,2,78502,0.02,0.02,0.0,True,0.2,0.08,800,10,0.0,0.0,0.0,1.003136396408081,C:/Users/efasllija/dev/gossip-poc/out_nb_incremental_clean0104/scenario_target_effect_revised/permanent_fork_sth_proof_n12000_pg0p01_a0p2_ff0p01_s78502_drop0_pc0p02_pgc0p02
permanent_fork,sth_proof,12000,6.0,5.0,0.01,0.2,0.01,3.0,True,90.0,90.0,0.0,0.0,,,,,41961.0,,,,1.501506672406371,1.501506672406371,1.0,1.5374208228276244e-05,1,1,78503,0.02,0.02,0.0,True,0.2,0.08,800,10,0.0,0.0,0.0,1.0146684646606445,C:/Users/efasllija/dev/gossip-poc/out_nb_incremental_clean0104/scenario_target_effect_revised/permanent_fork_sth_proof_n12000_pg0p01_a0p2_ff0p01_s78503_drop0_pc0p02_pgc0p02
permanent_fork,sth_proof,12000,6.0,5.0,0.01,0.2,0.01,3.0,False,,,0.0,0.0,,,,,,,,,1.1323391665055977,1.1323391665055977,0.0,0.0,0,0,78504,0.02,0.02,0.0,True,0.2,0.08,800,10,0.0,0.0,0.0,1.0133018493652344,C:/Users/efasllija/dev/gossip-poc/out_nb_incremental_clean0104/scenario_target_effect_revised/permanent_fork_sth_proof_n12000_pg0p01_a0p2_ff0p01_s78504_drop0_pc0p02_pgc0p02
permanent_fork,sth_proof,12000,6.0,5.0,0.01,0.2,0.01,3.0,False,,,0.0,0.0,,,,,,,,,1.761332099907493,1.761332099907493,0.0,0.0,0,0,78505,0.02,0.02,0.0,True,0.2,0.08,800,10,0.0,0.0,0.0,1.0198864936828613,C:/Users/efasllija/dev/gossip-poc/out_nb_incremental_clean0104/scenario_target_effect_revised/permanent_fork_sth_proof_n12000_pg0p01_a0p2_ff0p01_s78505_drop0_pc0p02_pgc0p02
permanent_fork,sth_proof,12000,6.0,5.0,0.01,0.2,0.01,3.0,False,,,0.0,0.0,,,,,,,,,1.3212157688835389,1.3212157688835389,0.0,0.0,0,0,78506,0.02,0.02,0.0,True,0.2,0.08,800,10,0.0,0.0,0.0,0.9947659969329834,C:/Users/efasllija/dev/gossip-poc/out_nb_incremental_clean0104/scenario_target_effect_revised/permanent_fork_sth_proof_n12000_pg0p01_a0p2_ff0p01_s78506_drop0_pc0p02_pgc0p02
permanent_fork,sth_proof,12000,6.0,5.0,0.01,0.2,0.01,3.0,True,30.0,30.0,0.0,0.0,,,,,31324.0,,,,2.246880239787515,2.246880239787515,1.0,1.4838336325731158e-05,1,1,78507,0.02,0.02,0.0,True,0.2,0.08,800,10,0.0,0.0,0.0,1.007446050643921,C:/Users/efasllija/dev/gossip-poc/out_nb_incremental_clean0104/scenario_target_effect_revised/permanent_fork_sth_proof_n12000_pg0p01_a0p2_ff0p01_s78507_drop0_pc0p02_pgc0p02
permanent_fork,sth_proof,12000,6.0,5.0,0.01,0.2,0.01,3.0,True,30.0,30.0,0.0,0.0,,,,,32551.0,,,,1.7260468417317247,1.7260468417317247,2.0,2.8968294201995917e-05,2,2,78508,0.02,0.02,0.0,True,0.2,0.08,800,10,0.0,0.0,0.0,1.0132503509521484,C:/Users/efasllija/dev/gossip-poc/out_nb_incremental_clean0104/scenario_target_effect_revised/permanent_fork_sth_proof_n12000_pg0p01_a0p2_ff0p01_s78508_drop0_pc0p02_pgc0p02
permanent_fork,sth_proof,12000,6.0,5.0,0.01,0.2,0.01,3.0,True,25.0,25.0,0.0,0.0,,,,,29773.0,,,,1.9066748315982853,1.9066748315982853,3.0,4.592774035517453e-05,3,3,78509,0.02,0.02,0.0,True,0.2,0.08,800,10,0.0,0.0,0.0,1.0244967937469482,C:/Users/efasllija/dev/gossip-poc/out_nb_incremental_clean0104/scenario_target_effect_revised/permanent_fork_sth_proof_n12000_pg0p01_a0p2_ff0p01_s78509_drop0_pc0p02_pgc0p02
permanent_fork,sth_proof,12000,6.0,5.0,0.01,0.2,0.01,3.0,True,75.0,75.0,0.0,0.0,,,,,36904.0,,,,1.9880916274243754,1.9880916274243754,3.0,4.788889775720329e-05,3,3,78510,0.02,0.02,0.0,True,0.2,0.08,800,10,0.0,0.0,0.0,0.9874422550201416,C:/Users/efasllija/dev/gossip-poc/out_nb_incremental_clean0104/scenario_target_effect_revised/permanent_fork_sth_proof_n12000_pg0p01_a0p2_ff0p01_s78510_drop0_pc0p02_pgc0p02
permanent_fork,sth_proof,12000,6.0,5.0,0.01,0.2,0.01,3.0,True,115.0,115.0,0.0,0.0,,,,,49485.0,,,,2.457364455388608,2.457364455388608,2.0,2.949026084135714e-05,2,2,78511,0.02,0.02,0.0,True,0.2,0.08,800,10,0.0,0.0,0.0,1.0186948776245117,C:/Users/efasllija/dev/gossip-poc/out_nb_incremental_clean0104/scenario_target_effect_revised/permanent_fork_sth_proof_n12000_pg0p01_a0p2_ff0p01_s78511_drop0_pc0p02_pgc0p02
permanent_fork,sth_proof,12000,6.0,5.0,0.01,0.2,0.01,3.0,True,125.0,125.0,0.0,0.0,,,,,51682.0,,,,2.3456900936480864,2.3456900936480864,8.0,0.0001196780660024534,8,8,78512,0.02,0.02,0.0,True,0.2,0.08,800,10,0.0,0.0,0.0,1.018949031829834,C:/Users/efasllija/dev/gossip-poc/out_nb_incremental_clean0104/scenario_target_effect_revised/permanent_fork_sth_proof_n12000_pg0p01_a0p2_ff0p01_s78512_drop0_pc0p02_pgc0p02
permanent_fork,sth_proof,12000,6.0,5.0,0.01,0.2,0.01,3.0,True,115.0,115.0,0.0,0.0,,,,,47242.0,,,,2.0704404035522264,2.0704404035522264,1.0,1.5103002476892407e-05,1,1,78513,0.02,0.02,0.0,True,0.2,0.08,800,10,0.0,0.0,0.0,0.999436616897583,C:/Users/efasllija/dev/gossip-poc/out_nb_incremental_clean0104/scenario_target_effect_revised/permanent_fork_sth_proof_n12000_pg0p01_a0p2_ff0p01_s78513_drop0_pc0p02_pgc0p02
permanent_fork,sth_proof,12000,6.0,5.0,0.01,0.2,0.01,3.0,True,30.0,30.0,0.0,0.0,,,,,31219.0,,,,2.313148240409439,2.313148240409439,15.0,0.00022645953168168848,15,15,78514,0.02,0.02,0.0,True,0.2,0.08,800,10,0.0,0.0,0.0,1.0194156169891357,C:/Users/efasllija/dev/gossip-poc/out_nb_incremental_clean0104/scenario_target_effect_revised/permanent_fork_sth_proof_n12000_pg0p01_a0p2_ff0p01_s78514_drop0_pc0p02_pgc0p02
permanent_fork,sth_proof,12000,6.0,5.0,0.01,0.2,0.01,3.0,True,65.0,65.0,0.0,0.0,,,,,37616.0,,,,1.5337346775948357,1.5337346775948357,2.0,2.9012838180895045e-05,2,2,78515,0.02,0.02,0.0,True,0.2,0.08,800,10,0.0,0.0,0.0,1.0043919086456299,C:/Users/efasllija/dev/gossip-poc/out_nb_incremental_clean0104/scenario_target_effect_revised/permanent_fork_sth_proof_n12000_pg0p01_a0p2_ff0p01_s78515_drop0_pc0p02_pgc0p02
permanent_fork,sth_proof,12000,6.0,5.0,0.015,0.2,0.01,3.0,True,80.0,80.0,0.0,0.0,,,,,39758.0,,,,3.5747220953251104,3.5747220953251104,3.0,4.568296025582458e-05,3,3,78500,0.02,0.02,0.0,True,0.2,0.08,800,10,0.0,0.0,0.0,1.030529499053955,C:/Users/efasllija/dev/gossip-poc/out_nb_incremental_clean0104/scenario_target_effect_revised/permanent_fork_sth_proof_n12000_pg0p015_a0p2_ff0p01_s78500_drop0_pc0p02_pgc0p02
permanent_fork,sth_proof,12000,6.0,5.0,0.015,0.2,0.01,3.0,True,10.0,10.0,0.0,0.0,,,,,27674.0,,,,3.0602890039409627,3.0602890039409627,2.0,3.090951240244185e-05,2,2,78501,0.02,0.02,0.0,True,0.2,0.08,800,10,0.0,0.0,0.0,0.99294114112854,C:/Users/efasllija/dev/gossip-poc/out_nb_incremental_clean0104/scenario_target_effect_revised/permanent_fork_sth_proof_n12000_pg0p015_a0p2_ff0p01_s78501_drop0_pc0p02_pgc0p02
permanent_fork,sth_proof,12000,6.0,5.0,0.015,0.2,0.01,3.0,True,0.0,0.0,0.0,0.0,,,,,27507.0,,,,2.3509219529166185,2.3509219529166185,3.0,4.34883451235069e-05,3,3,78502,0.02,0.02,0.0,True,0.2,0.08,800,10,0.0,0.0,0.0,1.0013132095336914,C:/Users/efasllija/dev/gossip-poc/out_nb_incremental_clean0104/scenario_target_effect_revised/permanent_fork_sth_proof_n12000_pg0p015_a0p2_ff0p01_s78502_drop0_pc0p02_pgc0p02
permanent_fork,sth_proof,12000,6.0,5.0,0.015,0.2,0.01,3.0,True,90.0,90.0,0.0,0.0,,,,,41961.0,,,,2.217821782178218,2.217821782178218,1.0,1.5374208228276244e-05,1,1,78503,0.02,0.02,0.0,True,0.2,0.08,800,10,0.0,0.0,0.0,1.0137269496917725,C:/Users/efasllija/dev/gossip-poc/out_nb_incremental_clean0104/scenario_target_effect_revised/permanent_fork_sth_proof_n12000_pg0p015_a0p2_ff0p01_s78503_drop0_pc0p02_pgc0p02
permanent_fork,sth_proof,12000,6.0,5.0,0.015,0.2,0.01,3.0,False,,,0.0,0.0,,,,,,,,,1.8383859409149705,1.8383859409149705,0.0,0.0,0,0,78504,0.02,0.02,0.0,True,0.2,0.08,800,10,0.0,0.0,0.0,1.016305923461914,C:/Users/efasllija/dev/gossip-poc/out_nb_incremental_clean0104/scenario_target_effect_revised/permanent_fork_sth_proof_n12000_pg0p015_a0p2_ff0p01_s78504_drop0_pc0p02_pgc0p02
permanent_fork,sth_proof,12000,6.0,5.0,0.015,0.2,0.01,3.0,False,,,0.0,0.0,,,,,,,,,2.370027752081406,2.370027752081406,0.0,0.0,0,0,78505,0.02,0.02,0.0,True,0.2,0.08,800,10,0.0,0.0,0.0,0.9821817874908447,C:/Users/efasllija/dev/gossip-poc/out_nb_incremental_clean0104/scenario_target_effect_revised/permanent_fork_sth_proof_n12000_pg0p015_a0p2_ff0p01_s78505_drop0_pc0p02_pgc0p02
permanent_fork,sth_proof,12000,6.0,5.0,0.015,0.2,0.01,3.0,False,,,0.0,0.0,,,,,,,,,1.7256695756846223,1.7256695756846223,0.0,0.0,0,0,78506,0.02,0.02,0.0,True,0.2,0.08,800,10,0.0,0.0,0.0,1.0014033317565918,C:/Users/efasllija/dev/gossip-poc/out_nb_incremental_clean0104/scenario_target_effect_revised/permanent_fork_sth_proof_n12000_pg0p015_a0p2_ff0p01_s78506_drop0_pc0p02_pgc0p02
permanent_fork,sth_proof,12000,6.0,5.0,0.015,0.2,0.01,3.0,True,30.0,30.0,0.0,0.0,,,,,31324.0,,,,3.2971970382680693,3.2971970382680693,2.0,2.9676672651462316e-05,2,2,78507,0.02,0.02,0.0,True,0.2,0.08,800,10,0.0,0.0,0.0,1.0197513103485107,C:/Users/efasllija/dev/gossip-poc/out_nb_incremental_clean0104/scenario_target_effect_revised/permanent_fork_sth_proof_n12000_pg0p015_a0p2_ff0p01_s78507_drop0_pc0p02_pgc0p02
permanent_fork,sth_proof,12000,6.0,5.0,0.015,0.2,0.01,3.0,True,30.0,30.0,0.0,0.0,,,,,32551.0,,,,3.127648788401095,3.127648788401095,3.0,4.345244130299387e-05,3,3,78508,0.02,0.02,0.0,True,0.2,0.08,800,10,0.0,0.0,0.0,0.9857828617095947,C:/Users/efasllija/dev/gossip-poc/out_nb_incremental_clean0104/scenario_target_effect_revised/permanent_fork_sth_proof_n12000_pg0p015_a0p2_ff0p01_s78508_drop0_pc0p02_pgc0p02
permanent_fork,sth_proof,12000,6.0,5.0,0.015,0.2,0.01,3.0,True,25.0,25.0,0.0,0.0,,,,,29773.0,,,,2.427924066135946,2.427924066135946,3.0,4.592774035517453e-05,3,3,78509,0.02,0.02,0.0,True,0.2,0.08,800,10,0.0,0.0,0.0,0.9913942813873291,C:/Users/efasllija/dev/gossip-poc/out_nb_incremental_clean0104/scenario_target_effect_revised/permanent_fork_sth_proof_n12000_pg0p015_a0p2_ff0p01_s78509_drop0_pc0p02_pgc0p02
permanent_fork,sth_proof,12000,6.0,5.0,0.015,0.2,0.01,3.0,True,75.0,75.0,0.0,0.0,,,,,36904.0,,,,2.932077580014367,2.932077580014367,3.0,4.788889775720329e-05,3,3,78510,0.02,0.02,0.0,True,0.2,0.08,800,10,0.0,0.0,0.0,0.972710371017456,C:/Users/efasllija/dev/gossip-poc/out_nb_incremental_clean0104/scenario_target_effect_revised/permanent_fork_sth_proof_n12000_pg0p015_a0p2_ff0p01_s78510_drop0_pc0p02_pgc0p02
permanent_fork,sth_proof,12000,6.0,5.0,0.015,0.2,0.01,3.0,True,115.0,115.0,0.0,0.0,,,,,49485.0,,,,3.316120851088928,3.316120851088928,2.0,2.949026084135714e-05,2,2,78511,0.02,0.02,0.0,True,0.2,0.08,800,10,0.0,0.0,0.0,1.0312983989715576,C:/Users/efasllija/dev/gossip-poc/out_nb_incremental_clean0104/scenario_target_effect_revised/permanent_fork_sth_proof_n12000_pg0p015_a0p2_ff0p01_s78511_drop0_pc0p02_pgc0p02
permanent_fork,sth_proof,12000,6.0,5.0,0.015,0.2,0.01,3.0,True,125.0,125.0,0.0,0.0,,,,,51682.0,,,,3.485025281991443,3.485025281991443,8.0,0.0001196780660024534,8,8,78512,0.02,0.02,0.0,True,0.2,0.08,800,10,0.0,0.0,0.0,0.9825060367584229,C:/Users/efasllija/dev/gossip-poc/out_nb_incremental_clean0104/scenario_target_effect_revised/permanent_fork_sth_proof_n12000_pg0p015_a0p2_ff0p01_s78512_drop0_pc0p02_pgc0p02
permanent_fork,sth_proof,12000,6.0,5.0,0.015,0.2,0.01,3.0,True,115.0,115.0,0.0,0.0,,,,,47242.0,,,,2.814716365613484,2.814716365613484,1.0,1.5103002476892407e-05,1,1,78513,0.02,0.02,0.0,True,0.2,0.08,800,10,0.0,0.0,0.0,1.078580379486084,C:/Users/efasllija/dev/gossip-poc/out_nb_incremental_clean0104/scenario_target_effect_revised/permanent_fork_sth_proof_n12000_pg0p015_a0p2_ff0p01_s78513_drop0_pc0p02_pgc0p02
permanent_fork,sth_proof,12000,6.0,5.0,0.015,0.2,0.01,3.0,True,30.0,30.0,0.0,0.0,,,,,31219.0,,,,3.0706704711867987,3.0706704711867987,15.0,0.00022645953168168848,15,15,78514,0.02,0.02,0.0,True,0.2,0.08,800,10,0.0,0.0,0.0,1.0175292491912842,C:/Users/efasllija/dev/gossip-poc/out_nb_incremental_clean0104/scenario_target_effect_revised/permanent_fork_sth_proof_n12000_pg0p015_a0p2_ff0p01_s78514_drop0_pc0p02_pgc0p02
permanent_fork,sth_proof,12000,6.0,5.0,0.015,0.2,0.01,3.0,True,25.0,25.0,0.0,0.0,,,,,30730.0,,,,2.3915862769275402,2.3915862769275402,3.0,4.351925727134257e-05,3,3,78515,0.02,0.02,0.0,True,0.2,0.08,800,10,0.0,0.0,0.0,1.0231404304504395,C:/Users/efasllija/dev/gossip-poc/out_nb_incremental_clean0104/scenario_target_effect_revised/permanent_fork_sth_proof_n12000_pg0p015_a0p2_ff0p01_s78515_drop0_pc0p02_pgc0p02
permanent_fork,sth_proof,12000,6.0,5.0,0.006,0.2,0.015,3.0,True,50.0,50.0,0.0,0.0,,,,,33775.0,,,,1.5281254758641694,1.5281254758641694,4.0,6.091061367443277e-05,4,4,78500,0.02,0.02,0.0,True,0.2,0.08,800,10,0.0,0.0,0.0,0.9885187149047852,C:/Users/efasllija/dev/gossip-poc/out_nb_incremental_clean0104/scenario_target_effect_revised/permanent_fork_sth_proof_n12000_pg0p006_a0p2_ff0p015_s78500_drop0_pc0p02_pgc0p02
permanent_fork,sth_proof,12000,6.0,5.0,0.006,0.2,0.015,3.0,True,10.0,10.0,0.0,0.0,,,,,27674.0,,,,0.9554748473842826,0.9554748473842826,3.0,4.6364268603662775e-05,3,3,78501,0.02,0.02,0.0,True,0.2,0.08,800,10,0.0,0.0,0.0,1.061875820159912,C:/Users/efasllija/dev/gossip-poc/out_nb_incremental_clean0104/scenario_target_effect_revised/permanent_fork_sth_proof_n12000_pg0p006_a0p2_ff0p015_s78501_drop0_pc0p02_pgc0p02
permanent_fork,sth_proof,12000,6.0,5.0,0.006,0.2,0.015,3.0,True,0.0,0.0,0.0,0.0,,,,,27507.0,,,,1.1040241215354285,1.1040241215354285,1.0,1.4496115041168967e-05,1,1,78502,0.02,0.02,0.0,True,0.2,0.08,800,10,0.0,0.0,0.0,1.0569462776184082,C:/Users/efasllija/dev/gossip-poc/out_nb_incremental_clean0104/scenario_target_effect_revised/permanent_fork_sth_proof_n12000_pg0p006_a0p2_ff0p015_s78502_drop0_pc0p02_pgc0p02
permanent_fork,sth_proof,12000,6.0,5.0,0.006,0.2,0.015,3.0,False,,,0.0,0.0,,,,,,,,,0.6061127851915626,0.6061127851915626,0.0,0.0,0,0,78503,0.02,0.02,0.0,True,0.2,0.08,800,10,0.0,0.0,0.0,1.0223388671875,C:/Users/efasllija/dev/gossip-poc/out_nb_incremental_clean0104/scenario_target_effect_revised/permanent_fork_sth_proof_n12000_pg0p006_a0p2_ff0p015_s78503_drop0_pc0p02_pgc0p02
permanent_fork,sth_proof,12000,6.0,5.0,0.006,0.2,0.015,3.0,True,0.0,0.0,0.0,0.0,,,,,26561.0,,,,0.6660818626503516,0.6660818626503516,1.0,1.486789871987392e-05,1,1,78504,0.02,0.02,0.0,True,0.2,0.08,800,10,0.0,0.0,0.0,1.0385792255401611,C:/Users/efasllija/dev/gossip-poc/out_nb_incremental_clean0104/scenario_target_effect_revised/permanent_fork_sth_proof_n12000_pg0p006_a0p2_ff0p015_s78504_drop0_pc0p02_pgc0p02
permanent_fork,sth_proof,12000,6.0,5.0,0.006,0.2,0.015,3.0,False,,,0.0,0.0,,,,,,,,,1.567067530064755,1.567067530064755,0.0,0.0,0,0,78505,0.02,0.02,0.0,True,0.2,0.08,800,10,0.0,0.0,0.0,1.0880208015441895,C:/Users/efasllija/dev/gossip-poc/out_nb_incremental_clean0104/scenario_target_effect_revised/permanent_fork_sth_proof_n12000_pg0p006_a0p2_ff0p015_s78505_drop0_pc0p02_pgc0p02
permanent_fork,sth_proof,12000,6.0,5.0,0.006,0.2,0.015,3.0,True,125.0,125.0,0.0,0.0,,,,,50867.0,,,,0.7145350586819139,0.7145350586819139,1.0,1.504664459825459e-05,1,1,78506,0.02,0.02,0.0,True,0.2,0.08,800,10,0.0,0.0,0.0,1.0606565475463867,C:/Users/efasllija/dev/gossip-poc/out_nb_incremental_clean0104/scenario_target_effect_revised/permanent_fork_sth_proof_n12000_pg0p006_a0p2_ff0p015_s78506_drop0_pc0p02_pgc0p02
permanent_fork,sth_proof,12000,6.0,5.0,0.006,0.2,0.015,3.0,False,,,0.0,0.0,,,,,,,,,1.3029246360898017,1.3029246360898017,0.0,0.0,0,0,78507,0.02,0.02,0.0,True,0.2,0.08,800,10,0.0,0.0,0.0,1.0468571186065674,C:/Users/efasllija/dev/gossip-poc/out_nb_incremental_clean0104/scenario_target_effect_revised/permanent_fork_sth_proof_n12000_pg0p006_a0p2_ff0p015_s78507_drop0_pc0p02_pgc0p02
permanent_fork,sth_proof,12000,6.0,5.0,0.006,0.2,0.015,3.0,True,30.0,30.0,0.0,0.0,,,,,32551.0,,,,1.0512014600020279,1.0512014600020279,2.0,2.8968294201995917e-05,2,2,78508,0.02,0.02,0.0,True,0.2,0.08,800,10,0.0,0.0,0.0,1.050147533416748,C:/Users/efasllija/dev/gossip-poc/out_nb_incremental_clean0104/scenario_target_effect_revised/permanent_fork_sth_proof_n12000_pg0p006_a0p2_ff0p015_s78508_drop0_pc0p02_pgc0p02
permanent_fork,sth_proof,12000,6.0,5.0,0.006,0.2,0.015,3.0,True,25.0,25.0,0.0,0.0,,,,,29773.0,,,,1.3442743417023884,1.3442743417023884,3.0,4.592774035517453e-05,3,3,78509,0.02,0.02,0.0,True,0.2,0.08,800,10,0.0,0.0,0.0,1.0418086051940918,C:/Users/efasllija/dev/gossip-poc/out_nb_incremental_clean0104/scenario_target_effect_revised/permanent_fork_sth_proof_n12000_pg0p006_a0p2_ff0p015_s78509_drop0_pc0p02_pgc0p02
permanent_fork,sth_proof,12000,6.0,5.0,0.006,0.2,0.015,3.0,True,75.0,75.0,0.0,0.0,,,,,36904.0,,,,1.0155000399074148,1.0155000399074148,1.0,1.5962965919067764e-05,1,1,78510,0.02,0.02,0.0,True,0.2,0.08,800,10,0.0,0.0,0.0,0.99896240234375,C:/Users/efasllija/dev/gossip-poc/out_nb_incremental_clean0104/scenario_target_effect_revised/permanent_fork_sth_proof_n12000_pg0p006_a0p2_ff0p015_s78510_drop0_pc0p02_pgc0p02
permanent_fork,sth_proof,12000,6.0,5.0,0.006,0.2,0.015,3.0,False,,,0.0,0.0,,,,,,,,,1.004084401126528,1.004084401126528,0.0,0.0,0,0,78511,0.02,0.02,0.0,True,0.2,0.08,800,10,0.0,0.0,0.0,1.0609407424926758,C:/Users/efasllija/dev/gossip-poc/out_nb_incremental_clean0104/scenario_target_effect_revised/permanent_fork_sth_proof_n12000_pg0p006_a0p2_ff0p015_s78511_drop0_pc0p02_pgc0p02
permanent_fork,sth_proof,12000,6.0,5.0,0.006,0.2,0.015,3.0,True,125.0,125.0,0.0,0.0,,,,,51682.0,,,,1.474433773150226,1.474433773150226,8.0,0.0001196780660024534,8,8,78512,0.02,0.02,0.0,True,0.2,0.08,800,10,0.0,0.0,0.0,1.0395052433013916,C:/Users/efasllija/dev/gossip-poc/out_nb_incremental_clean0104/scenario_target_effect_revised/permanent_fork_sth_proof_n12000_pg0p006_a0p2_ff0p015_s78512_drop0_pc0p02_pgc0p02
permanent_fork,sth_proof,12000,6.0,5.0,0.006,0.2,0.015,3.0,True,115.0,115.0,0.0,0.0,,,,,47242.0,,,,1.4885519241225156,1.4885519241225156,1.0,1.5103002476892407e-05,1,1,78513,0.02,0.02,0.0,True,0.2,0.08,800,10,0.0,0.0,0.0,1.0376543998718262,C:/Users/efasllija/dev/gossip-poc/out_nb_incremental_clean0104/scenario_target_effect_revised/permanent_fork_sth_proof_n12000_pg0p006_a0p2_ff0p015_s78513_drop0_pc0p02_pgc0p02
permanent_fork,sth_proof,12000,6.0,5.0,0.006,0.2,0.015,3.0,True,30.0,30.0,0.0,0.0,,,,,31219.0,,,,1.149810528858493,1.149810528858493,15.0,0.00022645953168168848,15,15,78514,0.02,0.02,0.0,True,0.2,0.08,800,10,0.0,0.0,0.0,1.0848560333251953,C:/Users/efasllija/dev/gossip-poc/out_nb_incremental_clean0104/scenario_target_effect_revised/permanent_fork_sth_proof_n12000_pg0p006_a0p2_ff0p015_s78514_drop0_pc0p02_pgc0p02
permanent_fork,sth_proof,12000,6.0,5.0,0.006,0.2,0.015,3.0,True,65.0,65.0,0.0,0.0,,,,,37616.0,,,,0.8578515993327047,0.8578515993327047,3.0,4.351925727134257e-05,3,3,78515,0.02,0.02,0.0,True,0.2,0.08,800,10,0.0,0.0,0.0,1.0449838638305664,C:/Users/efasllija/dev/gossip-poc/out_nb_incremental_clean0104/scenario_target_effect_revised/permanent_fork_sth_proof_n12000_pg0p006_a0p2_ff0p015_s78515_drop0_pc0p02_pgc0p02
permanent_fork,sth_proof,12000,6.0,5.0,0.01,0.2,0.015,3.0,True,50.0,50.0,0.0,0.0,,,,,33775.0,,,,2.7833714024668796,2.7833714024668796,4.0,6.091061367443277e-05,4,4,78500,0.02,0.02,0.0,True,0.2,0.08,800,10,0.0,0.0,0.0,1.0117673873901367,C:/Users/efasllija/dev/gossip-poc/out_nb_incremental_clean0104/scenario_target_effect_revised/permanent_fork_sth_proof_n12000_pg0p01_a0p2_ff0p015_s78500_drop0_pc0p02_pgc0p02
permanent_fork,sth_proof,12000,6.0,5.0,0.01,0.2,0.015,3.0,True,10.0,10.0,0.0,0.0,,,,,27674.0,,,,2.0909666950003865,2.0909666950003865,3.0,4.6364268603662775e-05,3,3,78501,0.02,0.02,0.0,True,0.2,0.08,800,10,0.0,0.0,0.0,1.034456729888916,C:/Users/efasllija/dev/gossip-poc/out_nb_incremental_clean0104/scenario_target_effect_revised/permanent_fork_sth_proof_n12000_pg0p01_a0p2_ff0p015_s78501_drop0_pc0p02_pgc0p02
permanent_fork,sth_proof,12000,6.0,5.0,0.01,0.2,0.015,3.0,True,0.0,0.0,0.0,0.0,,,,,27507.0,,,,1.7924156326104603,1.7924156326104603,2.0,2.8992230082337934e-05,2,2,78502,0.02,0.02,0.0,True,0.2,0.08,800,10,0.0,0.0,0.0,1.04915452003479,C:/Users/efasllija/dev/gossip-poc/out_nb_incremental_clean0104/scenario_target_effect_revised/permanent_fork_sth_proof_n12000_pg0p01_a0p2_ff0p015_s78502_drop0_pc0p02_pgc0p02
permanent_fork,sth_proof,12000,6.0,5.0,0.01,0.2,0.015,3.0,True,90.0,90.0,0.0,0.0,,,,,41961.0,,,,1.501506672406371,1.501506672406371,2.0,3.074841645655249e-05,2,2,78503,0.02,0.02,0.0,True,0.2,0.08,800,10,0.0,0.0,0.0,1.0132684707641602,C:/Users/efasllija/dev/gossip-poc/out_nb_incremental_clean0104/scenario_target_effect_revised/permanent_fork_sth_proof_n12000_pg0p01_a0p2_ff0p015_s78503_drop0_pc0p02_pgc0p02
permanent_fork,sth_proof,12000,6.0,5.0,0.01,0.2,0.015,3.0,True,0.0,0.0,0.0,0.0,,,,,26561.0,,,,1.1323391665055977,1.1323391665055977,1.0,1.486789871987392e-05,1,1,78504,0.02,0.02,0.0,True,0.2,0.08,800,10,0.0,0.0,0.0,1.0186264514923096,C:/Users/efasllija/dev/gossip-poc/out_nb_incremental_clean0104/scenario_target_effect_revised/permanent_fork_sth_proof_n12000_pg0p01_a0p2_ff0p015_s78504_drop0_pc0p02_pgc0p02
permanent_fork,sth_proof,12000,6.0,5.0,0.01,0.2,0.015,3.0,True,125.0,125.0,0.0,0.0,,,,,53667.0,,,,1.761332099907493,1.761332099907493,1.0,1.4454209065679927e-05,1,1,78505,0.02,0.02,0.0,True,0.2,0.08,800,10,0.0,0.0,0.0,1.0274996757507324,C:/Users/efasllija/dev/gossip-poc/out_nb_incremental_clean0104/scenario_target_effect_revised/permanent_fork_sth_proof_n12000_pg0p01_a0p2_ff0p015_s78505_drop0_pc0p02_pgc0p02
permanent_fork,sth_proof,12000,6.0,5.0,0.01,0.2,0.015,3.0,True,125.0,125.0,0.0,0.0,,,,,50867.0,,,,1.3212157688835389,1.3212157688835389,2.0,3.009328919650918e-05,2,2,78506,0.02,0.02,0.0,True,0.2,0.08,800,10,0.0,0.0,0.0,0.9740266799926758,C:/Users/efasllija/dev/gossip-poc/out_nb_incremental_clean0104/scenario_target_effect_revised/permanent_fork_sth_proof_n12000_pg0p01_a0p2_ff0p015_s78506_drop0_pc0p02_pgc0p02
permanent_fork,sth_proof,12000,6.0,5.0,0.01,0.2,0.015,3.0,True,30.0,30.0,0.0,0.0,,,,,31324.0,,,,2.246880239787515,2.246880239787515,1.0,1.4838336325731158e-05,1,1,78507,0.02,0.02,0.0,True,0.2,0.08,800,10,0.0,0.0,0.0,1.0160553455352783,C:/Users/efasllija/dev/gossip-poc/out_nb_incremental_clean0104/scenario_target_effect_revised/permanent_fork_sth_proof_n12000_pg0p01_a0p2_ff0p015_s78507_drop0_pc0p02_pgc0p02
permanent_fork,sth_proof,12000,6.0,5.0,0.01,0.2,0.015,3.0,True,30.0,30.0,0.0,0.0,,,,,32551.0,,,,1.7260468417317247,1.7260468417317247,2.0,2.8968294201995917e-05,2,2,78508,0.02,0.02,0.0,True,0.2,0.08,800,10,0.0,0.0,0.0,1.0815367698669434,C:/Users/efasllija/dev/gossip-poc/out_nb_incremental_clean0104/scenario_target_effect_revised/permanent_fork_sth_proof_n12000_pg0p01_a0p2_ff0p015_s78508_drop0_pc0p02_pgc0p02
permanent_fork,sth_proof,12000,6.0,5.0,0.01,0.2,0.015,3.0,True,25.0,25.0,0.0,0.0,,,,,29773.0,,,,1.9066748315982853,1.9066748315982853,4.0,6.12369871402327e-05,4,4,78509,0.02,0.02,0.0,True,0.2,0.08,800,10,0.0,0.0,0.0,1.0452487468719482,C:/Users/efasllija/dev/gossip-poc/out_nb_incremental_clean0104/scenario_target_effect_revised/permanent_fork_sth_proof_n12000_pg0p01_a0p2_ff0p015_s78509_drop0_pc0p02_pgc0p02
permanent_fork,sth_proof,12000,6.0,5.0,0.01,0.2,0.015,3.0,True,75.0,75.0,0.0,0.0,,,,,36904.0,,,,1.9880916274243754,1.9880916274243754,4.0,6.385186367627105e-05,4,4,78510,0.02,0.02,0.0,True,0.2,0.08,800,10,0.0,0.0,0.0,1.0170743465423584,C:/Users/efasllija/dev/gossip-poc/out_nb_incremental_clean0104/scenario_target_effect_revised/permanent_fork_sth_proof_n12000_pg0p01_a0p2_ff0p015_s78510_drop0_pc0p02_pgc0p02
permanent_fork,sth_proof,12000,6.0,5.0,0.01,0.2,0.015,3.0,True,115.0,115.0,0.0,0.0,,,,,49485.0,,,,2.457364455388608,2.457364455388608,2.0,2.949026084135714e-05,2,2,78511,0.02,0.02,0.0,True,0.2,0.08,800,10,0.0,0.0,0.0,1.0860583782196045,C:/Users/efasllija/dev/gossip-poc/out_nb_incremental_clean0104/scenario_target_effect_revised/permanent_fork_sth_proof_n12000_pg0p01_a0p2_ff0p015_s78511_drop0_pc0p02_pgc0p02
permanent_fork,sth_proof,12000,6.0,5.0,0.01,0.2,0.015,3.0,True,125.0,125.0,0.0,0.0,,,,,51682.0,,,,2.3456900936480864,2.3456900936480864,8.0,0.0001196780660024534,8,8,78512,0.02,0.02,0.0,True,0.2,0.08,800,10,0.0,0.0,0.0,1.022068738937378,C:/Users/efasllija/dev/gossip-poc/out_nb_incremental_clean0104/scenario_target_effect_revised/permanent_fork_sth_proof_n12000_pg0p01_a0p2_ff0p015_s78512_drop0_pc0p02_pgc0p02
permanent_fork,sth_proof,12000,6.0,5.0,0.01,0.2,0.015,3.0,True,115.0,115.0,0.0,0.0,,,,,47242.0,,,,2.0704404035522264,2.0704404035522264,1.0,1.5103002476892407e-05,1,1,78513,0.02,0.02,0.0,True,0.2,0.08,800,10,0.0,0.0,0.0,1.0169575214385986,C:/Users/efasllija/dev/gossip-poc/out_nb_incremental_clean0104/scenario_target_effect_revised/permanent_fork_sth_proof_n12000_pg0p01_a0p2_ff0p015_s78513_drop0_pc0p02_pgc0p02
permanent_fork,sth_proof,12000,6.0,5.0,0.01,0.2,0.015,3.0,True,30.0,30.0,0.0,0.0,,,,,31219.0,,,,2.313148240409439,2.313148240409439,17.0,0.0002566541359059136,17,17,78514,0.02,0.02,0.0,True,0.2,0.08,800,10,0.0,0.0,0.0,1.031461477279663,C:/Users/efasllija/dev/gossip-poc/out_nb_incremental_clean0104/scenario_target_effect_revised/permanent_fork_sth_proof_n12000_pg0p01_a0p2_ff0p015_s78514_drop0_pc0p02_pgc0p02
permanent_fork,sth_proof,12000,6.0,5.0,0.01,0.2,0.015,3.0,True,65.0,65.0,0.0,0.0,,,,,37616.0,,,,1.5337346775948357,1.5337346775948357,3.0,4.351925727134257e-05,3,3,78515,0.02,0.02,0.0,True,0.2,0.08,800,10,0.0,0.0,0.0,1.0474894046783447,C:/Users/efasllija/dev/gossip-poc/out_nb_incremental_clean0104/scenario_target_effect_revised/permanent_fork_sth_proof_n12000_pg0p01_a0p2_ff0p015_s78515_drop0_pc0p02_pgc0p02
permanent_fork,sth_proof,12000,6.0,5.0,0.015,0.2,0.015,3.0,True,50.0,50.0,0.0,0.0,,,,,33775.0,,,,3.5747220953251104,3.5747220953251104,5.0,7.613826709304096e-05,5,5,78500,0.02,0.02,0.0,True,0.2,0.08,800,10,0.0,0.0,0.0,1.0671417713165283,C:/Users/efasllija/dev/gossip-poc/out_nb_incremental_clean0104/scenario_target_effect_revised/permanent_fork_sth_proof_n12000_pg0p015_a0p2_ff0p015_s78500_drop0_pc0p02_pgc0p02
permanent_fork,sth_proof,12000,6.0,5.0,0.015,0.2,0.015,3.0,True,10.0,10.0,0.0,0.0,,,,,27674.0,,,,3.0602890039409627,3.0602890039409627,3.0,4.6364268603662775e-05,3,3,78501,0.02,0.02,0.0,True,0.2,0.08,800,10,0.0,0.0,0.0,1.04862380027771,C:/Users/efasllija/dev/gossip-poc/out_nb_incremental_clean0104/scenario_target_effect_revised/permanent_fork_sth_proof_n12000_pg0p015_a0p2_ff0p015_s78501_drop0_pc0p02_pgc0p02
permanent_fork,sth_proof,12000,6.0,5.0,0.015,0.2,0.015,3.0,True,0.0,0.0,0.0,0.0,,,,,27507.0,,,,2.3509219529166185,2.3509219529166185,4.0,5.798446016467587e-05,4,4,78502,0.02,0.02,0.0,True,0.2,0.08,800,10,0.0,0.0,0.0,1.2120604515075684,C:/Users/efasllija/dev/gossip-poc/out_nb_incremental_clean0104/scenario_target_effect_revised/permanent_fork_sth_proof_n12000_pg0p015_a0p2_ff0p015_s78502_drop0_pc0p02_pgc0p02
permanent_fork,sth_proof,12000,6.0,5.0,0.015,0.2,0.015,3.0,True,90.0,90.0,0.0,0.0,,,,,41961.0,,,,2.217821782178218,2.217821782178218,2.0,3.074841645655249e-05,2,2,78503,0.02,0.02,0.0,True,0.2,0.08,800,10,0.0,0.0,0.0,1.2488605976104736,C:/Users/efasllija/dev/gossip-poc/out_nb_incremental_clean0104/scenario_target_effect_revised/permanent_fork_sth_proof_n12000_pg0p015_a0p2_ff0p015_s78503_drop0_pc0p02_pgc0p02
permanent_fork,sth_proof,12000,6.0,5.0,0.015,0.2,0.015,3.0,True,0.0,0.0,0.0,0.0,,,,,26561.0,,,,1.8383859409149705,1.8383859409149705,2.0,2.973579743974784e-05,2,2,78504,0.02,0.02,0.0,True,0.2,0.08,800,10,0.0,0.0,0.0,1.0889976024627686,C:/Users/efasllija/dev/gossip-poc/out_nb_incremental_clean0104/scenario_target_effect_revised/permanent_fork_sth_proof_n12000_pg0p015_a0p2_ff0p015_s78504_drop0_pc0p02_pgc0p02
permanent_fork,sth_proof,12000,6.0,5.0,0.015,0.2,0.015,3.0,True,125.0,125.0,0.0,0.0,,,,,53667.0,,,,2.370027752081406,2.370027752081406,1.0,1.4454209065679927e-05,1,1,78505,0.02,0.02,0.0,True,0.2,0.08,800,10,0.0,0.0,0.0,1.0841269493103027,C:/Users/efasllija/dev/gossip-poc/out_nb_incremental_clean0104/scenario_target_effect_revised/permanent_fork_sth_proof_n12000_pg0p015_a0p2_ff0p015_s78505_drop0_pc0p02_pgc0p02
permanent_fork,sth_proof,12000,6.0,5.0,0.015,0.2,0.015,3.0,True,125.0,125.0,0.0,0.0,,,,,50867.0,,,,1.7256695756846223,1.7256695756846223,2.0,3.009328919650918e-05,2,2,78506,0.02,0.02,0.0,True,0.2,0.08,800,10,0.0,0.0,0.0,1.076145887374878,C:/Users/efasllija/dev/gossip-poc/out_nb_incremental_clean0104/scenario_target_effect_revised/permanent_fork_sth_proof_n12000_pg0p015_a0p2_ff0p015_s78506_drop0_pc0p02_pgc0p02
permanent_fork,sth_proof,12000,6.0,5.0,0.015,0.2,0.015,3.0,True,30.0,30.0,0.0,0.0,,,,,31324.0,,,,3.2971970382680693,3.2971970382680693,2.0,2.9676672651462316e-05,2,2,78507,0.02,0.02,0.0,True,0.2,0.08,800,10,0.0,0.0,0.0,1.1101884841918945,C:/Users/efasllija/dev/gossip-poc/out_nb_incremental_clean0104/scenario_target_effect_revised/permanent_fork_sth_proof_n12000_pg0p015_a0p2_ff0p015_s78507_drop0_pc0p02_pgc0p02
permanent_fork,sth_proof,12000,6.0,5.0,0.015,0.2,0.015,3.0,True,30.0,30.0,0.0,0.0,,,,,32551.0,,,,3.127648788401095,3.127648788401095,3.0,4.345244130299387e-05,3,3,78508,0.02,0.02,0.0,True,0.2,0.08,800,10,0.0,0.0,0.0,1.0488486289978027,C:/Users/efasllija/dev/gossip-poc/out_nb_incremental_clean0104/scenario_target_effect_revised/permanent_fork_sth_proof_n12000_pg0p015_a0p2_ff0p015_s78508_drop0_pc0p02_pgc0p02
permanent_fork,sth_proof,12000,6.0,5.0,0.015,0.2,0.015,3.0,True,25.0,25.0,0.0,0.0,,,,,29773.0,,,,2.427924066135946,2.427924066135946,5.0,7.654623392529088e-05,5,5,78509,0.02,0.02,0.0,True,0.2,0.08,800,10,0.0,0.0,0.0,1.156919002532959,C:/Users/efasllija/dev/gossip-poc/out_nb_incremental_clean0104/scenario_target_effect_revised/permanent_fork_sth_proof_n12000_pg0p015_a0p2_ff0p015_s78509_drop0_pc0p02_pgc0p02
permanent_fork,sth_proof,12000,6.0,5.0,0.015,0.2,0.015,3.0,True,75.0,75.0,0.0,0.0,,,,,36904.0,,,,2.932077580014367,2.932077580014367,4.0,6.385186367627105e-05,4,4,78510,0.02,0.02,0.0,True,0.2,0.08,800,10,0.0,0.0,0.0,1.3748176097869873,C:/Users/efasllija/dev/gossip-poc/out_nb_incremental_clean0104/scenario_target_effect_revised/permanent_fork_sth_proof_n12000_pg0p015_a0p2_ff0p015_s78510_drop0_pc0p02_pgc0p02
permanent_fork,sth_proof,12000,6.0,5.0,0.015,0.2,0.015,3.0,True,115.0,115.0,0.0,0.0,,,,,49485.0,,,,3.316120851088928,3.316120851088928,2.0,2.949026084135714e-05,2,2,78511,0.02,0.02,0.0,True,0.2,0.08,800,10,0.0,0.0,0.0,1.1411077976226807,C:/Users/efasllija/dev/gossip-poc/out_nb_incremental_clean0104/scenario_target_effect_revised/permanent_fork_sth_proof_n12000_pg0p015_a0p2_ff0p015_s78511_drop0_pc0p02_pgc0p02
permanent_fork,sth_proof,12000,6.0,5.0,0.015,0.2,0.015,3.0,True,125.0,125.0,0.0,0.0,,,,,51682.0,,,,3.485025281991443,3.485025281991443,8.0,0.0001196780660024534,8,8,78512,0.02,0.02,0.0,True,0.2,0.08,800,10,0.0,0.0,0.0,1.0763335227966309,C:/Users/efasllija/dev/gossip-poc/out_nb_incremental_clean0104/scenario_target_effect_revised/permanent_fork_sth_proof_n12000_pg0p015_a0p2_ff0p015_s78512_drop0_pc0p02_pgc0p02
permanent_fork,sth_proof,12000,6.0,5.0,0.015,0.2,0.015,3.0,True,115.0,115.0,0.0,0.0,,,,,47242.0,,,,2.814716365613484,2.814716365613484,1.0,1.5103002476892407e-05,1,1,78513,0.02,0.02,0.0,True,0.2,0.08,800,10,0.0,0.0,0.0,1.0456428527832031,C:/Users/efasllija/dev/gossip-poc/out_nb_incremental_clean0104/scenario_target_effect_revised/permanent_fork_sth_proof_n12000_pg0p015_a0p2_ff0p015_s78513_drop0_pc0p02_pgc0p02
permanent_fork,sth_proof,12000,6.0,5.0,0.015,0.2,0.015,3.0,True,30.0,30.0,0.0,0.0,,,,,31219.0,,,,3.0706704711867987,3.0706704711867987,17.0,0.0002566541359059136,17,17,78514,0.02,0.02,0.0,True,0.2,0.08,800,10,0.0,0.0,0.0,1.0088071823120117,C:/Users/efasllija/dev/gossip-poc/out_nb_incremental_clean0104/scenario_target_effect_revised/permanent_fork_sth_proof_n12000_pg0p015_a0p2_ff0p015_s78514_drop0_pc0p02_pgc0p02
permanent_fork,sth_proof,12000,6.0,5.0,0.015,0.2,0.015,3.0,True,25.0,25.0,0.0,0.0,,,,,30730.0,,,,2.3915862769275402,2.3915862769275402,4.0,5.802567636179009e-05,4,4,78515,0.02,0.02,0.0,True,0.2,0.08,800,10,0.0,0.0,0.0,1.0101449489593506,C:/Users/efasllija/dev/gossip-poc/out_nb_incremental_clean0104/scenario_target_effect_revised/permanent_fork_sth_proof_n12000_pg0p015_a0p2_ff0p015_s78515_drop0_pc0p02_pgc0p02
permanent_fork,sth_proof,12000,6.0,5.0,0.006,0.2,0.02,3.0,True,50.0,50.0,0.0,0.0,,,,,33775.0,,,,1.5281254758641694,1.5281254758641694,5.0,7.613826709304096e-05,5,5,78500,0.02,0.02,0.0,True,0.2,0.08,800,10,0.0,0.0,0.0,1.0103352069854736,C:/Users/efasllija/dev/gossip-poc/out_nb_incremental_clean0104/scenario_target_effect_revised/permanent_fork_sth_proof_n12000_pg0p006_a0p2_ff0p02_s78500_drop0_pc0p02_pgc0p02
permanent_fork,sth_proof,12000,6.0,5.0,0.006,0.2,0.02,3.0,True,10.0,10.0,0.0,0.0,,,,,27674.0,,,,0.9554748473842826,0.9554748473842826,4.0,6.18190248048837e-05,4,4,78501,0.02,0.02,0.0,True,0.2,0.08,800,10,0.0,0.0,0.0,1.0409820079803467,C:/Users/efasllija/dev/gossip-poc/out_nb_incremental_clean0104/scenario_target_effect_revised/permanent_fork_sth_proof_n12000_pg0p006_a0p2_ff0p02_s78501_drop0_pc0p02_pgc0p02
permanent_fork,sth_proof,12000,6.0,5.0,0.006,0.2,0.02,3.0,True,0.0,0.0,0.0,0.0,,,,,27507.0,,,,1.1040241215354285,1.1040241215354285,1.0,1.4496115041168967e-05,1,1,78502,0.02,0.02,0.0,True,0.2,0.08,800,10,0.0,0.0,0.0,1.080845594406128,C:/Users/efasllija/dev/gossip-poc/out_nb_incremental_clean0104/scenario_target_effect_revised/permanent_fork_sth_proof_n12000_pg0p006_a0p2_ff0p02_s78502_drop0_pc0p02_pgc0p02
permanent_fork,sth_proof,12000,6.0,5.0,0.006,0.2,0.02,3.0,False,,,0.0,0.0,,,,,,,,,0.6061127851915626,0.6061127851915626,0.0,0.0,0,0,78503,0.02,0.02,0.0,True,0.2,0.08,800,10,0.0,0.0,0.0,1.0726356506347656,C:/Users/efasllija/dev/gossip-poc/out_nb_incremental_clean0104/scenario_target_effect_revised/permanent_fork_sth_proof_n12000_pg0p006_a0p2_ff0p02_s78503_drop0_pc0p02_pgc0p02
permanent_fork,sth_proof,12000,6.0,5.0,0.006,0.2,0.02,3.0,True,0.0,0.0,0.0,0.0,,,,,26561.0,,,,0.6660818626503516,0.6660818626503516,1.0,1.486789871987392e-05,1,1,78504,0.02,0.02,0.0,True,0.2,0.08,800,10,0.0,0.0,0.0,1.2875151634216309,C:/Users/efasllija/dev/gossip-poc/out_nb_incremental_clean0104/scenario_target_effect_revised/permanent_fork_sth_proof_n12000_pg0p006_a0p2_ff0p02_s78504_drop0_pc0p02_pgc0p02
permanent_fork,sth_proof,12000,6.0,5.0,0.006,0.2,0.02,3.0,False,,,0.0,0.0,,,,,,,,,1.567067530064755,1.567067530064755,0.0,0.0,0,0,78505,0.02,0.02,0.0,True,0.2,0.08,800,10,0.0,0.0,0.0,1.3100666999816895,C:/Users/efasllija/dev/gossip-poc/out_nb_incremental_clean0104/scenario_target_effect_revised/permanent_fork_sth_proof_n12000_pg0p006_a0p2_ff0p02_s78505_drop0_pc0p02_pgc0p02
permanent_fork,sth_proof,12000,6.0,5.0,0.006,0.2,0.02,3.0,True,20.0,20.0,0.0,0.0,,,,,29159.0,,,,0.7145350586819139,0.7145350586819139,2.0,3.009328919650918e-05,2,2,78506,0.02,0.02,0.0,True,0.2,0.08,800,10,0.0,0.0,0.0,1.0630550384521484,C:/Users/efasllija/dev/gossip-poc/out_nb_incremental_clean0104/scenario_target_effect_revised/permanent_fork_sth_proof_n12000_pg0p006_a0p2_ff0p02_s78506_drop0_pc0p02_pgc0p02
permanent_fork,sth_proof,12000,6.0,5.0,0.006,0.2,0.02,3.0,False,,,0.0,0.0,,,,,,,,,1.3029246360898017,1.3029246360898017,0.0,0.0,0,0,78507,0.02,0.02,0.0,True,0.2,0.08,800,10,0.0,0.0,0.0,1.061946153640747,C:/Users/efasllija/dev/gossip-poc/out_nb_incremental_clean0104/scenario_target_effect_revised/permanent_fork_sth_proof_n12000_pg0p006_a0p2_ff0p02_s78507_drop0_pc0p02_pgc0p02
permanent_fork,sth_proof,12000,6.0,5.0,0.006,0.2,0.02,3.0,True,30.0,30.0,0.0,0.0,,,,,32551.0,,,,1.0512014600020279,1.0512014600020279,2.0,2.8968294201995917e-05,2,2,78508,0.02,0.02,0.0,True,0.2,0.08,800,10,0.0,0.0,0.0,1.0822296142578125,C:/Users/efasllija/dev/gossip-poc/out_nb_incremental_clean0104/scenario_target_effect_revised/permanent_fork_sth_proof_n12000_pg0p006_a0p2_ff0p02_s78508_drop0_pc0p02_pgc0p02
permanent_fork,sth_proof,12000,6.0,5.0,0.006,0.2,0.02,3.0,True,25.0,25.0,0.0,0.0,,,,,29773.0,,,,1.3442743417023884,1.3442743417023884,3.0,4.592774035517453e-05,3,3,78509,0.02,0.02,0.0,True,0.2,0.08,800,10,0.0,0.0,0.0,1.0570628643035889,C:/Users/efasllija/dev/gossip-poc/out_nb_incremental_clean0104/scenario_target_effect_revised/permanent_fork_sth_proof_n12000_pg0p006_a0p2_ff0p02_s78509_drop0_pc0p02_pgc0p02
permanent_fork,sth_proof,12000,6.0,5.0,0.006,0.2,0.02,3.0,True,75.0,75.0,0.0,0.0,,,,,36904.0,,,,1.0155000399074148,1.0155000399074148,1.0,1.5962965919067764e-05,1,1,78510,0.02,0.02,0.0,True,0.2,0.08,800,10,0.0,0.0,0.0,1.0705487728118896,C:/Users/efasllija/dev/gossip-poc/out_nb_incremental_clean0104/scenario_target_effect_revised/permanent_fork_sth_proof_n12000_pg0p006_a0p2_ff0p02_s78510_drop0_pc0p02_pgc0p02
permanent_fork,sth_proof,12000,6.0,5.0,0.006,0.2,0.02,3.0,False,,,0.0,0.0,,,,,,,,,1.004084401126528,1.004084401126528,0.0,0.0,0,0,78511,0.02,0.02,0.0,True,0.2,0.08,800,10,0.0,0.0,0.0,1.0744237899780273,C:/Users/efasllija/dev/gossip-poc/out_nb_incremental_clean0104/scenario_target_effect_revised/permanent_fork_sth_proof_n12000_pg0p006_a0p2_ff0p02_s78511_drop0_pc0p02_pgc0p02
permanent_fork,sth_proof,12000,6.0,5.0,0.006,0.2,0.02,3.0,True,125.0,125.0,0.0,0.0,,,,,51682.0,,,,1.474433773150226,1.474433773150226,8.0,0.0001196780660024534,8,8,78512,0.02,0.02,0.0,True,0.2,0.08,800,10,0.0,0.0,0.0,1.0519816875457764,C:/Users/efasllija/dev/gossip-poc/out_nb_incremental_clean0104/scenario_target_effect_revised/permanent_fork_sth_proof_n12000_pg0p006_a0p2_ff0p02_s78512_drop0_pc0p02_pgc0p02
permanent_fork,sth_proof,12000,6.0,5.0,0.006,0.2,0.02,3.0,True,70.0,70.0,0.0,0.0,,,,,36790.0,,,,1.4885519241225156,1.4885519241225156,2.0,3.0206004953784814e-05,2,2,78513,0.02,0.02,0.0,True,0.2,0.08,800,10,0.0,0.0,0.0,1.0657851696014404,C:/Users/efasllija/dev/gossip-poc/out_nb_incremental_clean0104/scenario_target_effect_revised/permanent_fork_sth_proof_n12000_pg0p006_a0p2_ff0p02_s78513_drop0_pc0p02_pgc0p02
permanent_fork,sth_proof,12000,6.0,5.0,0.006,0.2,0.02,3.0,True,30.0,30.0,0.0,0.0,,,,,31219.0,,,,1.149810528858493,1.149810528858493,15.0,0.00022645953168168848,15,15,78514,0.02,0.02,0.0,True,0.2,0.08,800,10,0.0,0.0,0.0,1.0837268829345703,C:/Users/efasllija/dev/gossip-poc/out_nb_incremental_clean0104/scenario_target_effect_revised/permanent_fork_sth_proof_n12000_pg0p006_a0p2_ff0p02_s78514_drop0_pc0p02_pgc0p02
permanent_fork,sth_proof,12000,6.0,5.0,0.006,0.2,0.02,3.0,True,65.0,65.0,0.0,0.0,,,,,37616.0,,,,0.8578515993327047,0.8578515993327047,3.0,4.351925727134257e-05,3,3,78515,0.02,0.02,0.0,True,0.2,0.08,800,10,0.0,0.0,0.0,1.0852890014648438,C:/Users/efasllija/dev/gossip-poc/out_nb_incremental_clean0104/scenario_target_effect_revised/permanent_fork_sth_proof_n12000_pg0p006_a0p2_ff0p02_s78515_drop0_pc0p02_pgc0p02
permanent_fork,sth_proof,12000,6.0,5.0,0.01,0.2,0.02,3.0,True,50.0,50.0,0.0,0.0,,,,,33775.0,,,,2.7833714024668796,2.7833714024668796,6.0,9.136592051164915e-05,6,6,78500,0.02,0.02,0.0,True,0.2,0.08,800,10,0.0,0.0,0.0,1.1040229797363281,C:/Users/efasllija/dev/gossip-poc/out_nb_incremental_clean0104/scenario_target_effect_revised/permanent_fork_sth_proof_n12000_pg0p01_a0p2_ff0p02_s78500_drop0_pc0p02_pgc0p02
permanent_fork,sth_proof,12000,6.0,5.0,0.01,0.2,0.02,3.0,True,10.0,10.0,0.0,0.0,,,,,27674.0,,,,2.0909666950003865,2.0909666950003865,5.0,7.727378100610463e-05,5,5,78501,0.02,0.02,0.0,True,0.2,0.08,800,10,0.0,0.0,0.0,1.0268938541412354,C:/Users/efasllija/dev/gossip-poc/out_nb_incremental_clean0104/scenario_target_effect_revised/permanent_fork_sth_proof_n12000_pg0p01_a0p2_ff0p02_s78501_drop0_pc0p02_pgc0p02
permanent_fork,sth_proof,12000,6.0,5.0,0.01,0.2,0.02,3.0,True,0.0,0.0,0.0,0.0,,,,,27507.0,,,,1.7924156326104603,1.7924156326104603,2.0,2.8992230082337934e-05,2,2,78502,0.02,0.02,0.0,True,0.2,0.08,800,10,0.0,0.0,0.0,1.058354377746582,C:/Users/efasllija/dev/gossip-poc/out_nb_incremental_clean0104/scenario_target_effect_revised/permanent_fork_sth_proof_n12000_pg0p01_a0p2_ff0p02_s78502_drop0_pc0p02_pgc0p02
permanent_fork,sth_proof,12000,6.0,5.0,0.01,0.2,0.02,3.0,True,90.0,90.0,0.0,0.0,,,,,41961.0,,,,1.501506672406371,1.501506672406371,3.0,4.612262468482873e-05,3,3,78503,0.02,0.02,0.0,True,0.2,0.08,800,10,0.0,0.0,0.0,1.0442817211151123,C:/Users/efasllija/dev/gossip-poc/out_nb_incremental_clean0104/scenario_target_effect_revised/permanent_fork_sth_proof_n12000_pg0p01_a0p2_ff0p02_s78503_drop0_pc0p02_pgc0p02
permanent_fork,sth_proof,12000,6.0,5.0,0.01,0.2,0.02,3.0,True,0.0,0.0,0.0,0.0,,,,,26561.0,,,,1.1323391665055977,1.1323391665055977,1.0,1.486789871987392e-05,1,1,78504,0.02,0.02,0.0,True,0.2,0.08,800,10,0.0,0.0,0.0,1.089318037033081,C:/Users/efasllija/dev/gossip-poc/out_nb_incremental_clean0104/scenario_target_effect_revised/permanent_fork_sth_proof_n12000_pg0p01_a0p2_ff0p02_s78504_drop0_pc0p02_pgc0p02
permanent_fork,sth_proof,12000,6.0,5.0,0.01,0.2,0.02,3.0,True,125.0,125.0,0.0,0.0,,,,,53667.0,,,,1.761332099907493,1.761332099907493,1.0,1.4454209065679927e-05,1,1,78505,0.02,0.02,0.0,True,0.2,0.08,800,10,0.0,0.0,0.0,1.0693838596343994,C:/Users/efasllija/dev/gossip-poc/out_nb_incremental_clean0104/scenario_target_effect_revised/permanent_fork_sth_proof_n12000_pg0p01_a0p2_ff0p02_s78505_drop0_pc0p02_pgc0p02
permanent_fork,sth_proof,12000,6.0,5.0,0.01,0.2,0.02,3.0,True,20.0,20.0,0.0,0.0,,,,,29159.0,,,,1.3212157688835389,1.3212157688835389,3.0,4.5139933794763765e-05,3,3,78506,0.02,0.02,0.0,True,0.2,0.08,800,10,0.0,0.0,0.0,1.0654168128967285,C:/Users/efasllija/dev/gossip-poc/out_nb_incremental_clean0104/scenario_target_effect_revised/permanent_fork_sth_proof_n12000_pg0p01_a0p2_ff0p02_s78506_drop0_pc0p02_pgc0p02
permanent_fork,sth_proof,12000,6.0,5.0,0.01,0.2,0.02,3.0,True,15.0,15.0,0.0,0.0,,,,,28847.0,,,,2.246880239787515,2.246880239787515,2.0,2.9676672651462316e-05,2,2,78507,0.02,0.02,0.0,True,0.2,0.08,800,10,0.0,0.0,0.0,1.080709457397461,C:/Users/efasllija/dev/gossip-poc/out_nb_incremental_clean0104/scenario_target_effect_revised/permanent_fork_sth_proof_n12000_pg0p01_a0p2_ff0p02_s78507_drop0_pc0p02_pgc0p02
permanent_fork,sth_proof,12000,6.0,5.0,0.01,0.2,0.02,3.0,True,30.0,30.0,0.0,0.0,,,,,32551.0,,,,1.7260468417317247,1.7260468417317247,2.0,2.8968294201995917e-05,2,2,78508,0.02,0.02,0.0,True,0.2,0.08,800,10,0.0,0.0,0.0,1.0438222885131836,C:/Users/efasllija/dev/gossip-poc/out_nb_incremental_clean0104/scenario_target_effect_revised/permanent_fork_sth_proof_n12000_pg0p01_a0p2_ff0p02_s78508_drop0_pc0p02_pgc0p02
permanent_fork,sth_proof,12000,6.0,5.0,0.01,0.2,0.02,3.0,True,25.0,25.0,0.0,0.0,,,,,29773.0,,,,1.9066748315982853,1.9066748315982853,4.0,6.12369871402327e-05,4,4,78509,0.02,0.02,0.0,True,0.2,0.08,800,10,0.0,0.0,0.0,1.0648553371429443,C:/Users/efasllija/dev/gossip-poc/out_nb_incremental_clean0104/scenario_target_effect_revised/permanent_fork_sth_proof_n12000_pg0p01_a0p2_ff0p02_s78509_drop0_pc0p02_pgc0p02
permanent_fork,sth_proof,12000,6.0,5.0,0.01,0.2,0.02,3.0,True,75.0,75.0,0.0,0.0,,,,,36904.0,,,,1.9880916274243754,1.9880916274243754,4.0,6.385186367627105e-05,4,4,78510,0.02,0.02,0.0,True,0.2,0.08,800,10,0.0,0.0,0.0,1.0440881252288818,C:/Users/efasllija/dev/gossip-poc/out_nb_incremental_clean0104/scenario_target_effect_revised/permanent_fork_sth_proof_n12000_pg0p01_a0p2_ff0p02_s78510_drop0_pc0p02_pgc0p02
permanent_fork,sth_proof,12000,6.0,5.0,0.01,0.2,0.02,3.0,True,115.0,115.0,0.0,0.0,,,,,49485.0,,,,2.457364455388608,2.457364455388608,4.0,5.898052168271428e-05,4,4,78511,0.02,0.02,0.0,True,0.2,0.08,800,10,0.0,0.0,0.0,1.0454390048980713,C:/Users/efasllija/dev/gossip-poc/out_nb_incremental_clean0104/scenario_target_effect_revised/permanent_fork_sth_proof_n12000_pg0p01_a0p2_ff0p02_s78511_drop0_pc0p02_pgc0p02
permanent_fork,sth_proof,12000,6.0,5.0,0.01,0.2,0.02,3.0,True,115.0,115.0,0.0,0.0,,,,,49151.0,,,,2.3456900936480864,2.3456900936480864,9.0,0.00013463782425276007,9,9,78512,0.02,0.02,0.0,True,0.2,0.08,800,10,0.0,0.0,0.0,1.070176601409912,C:/Users/efasllija/dev/gossip-poc/out_nb_incremental_clean0104/scenario_target_effect_revised/permanent_fork_sth_proof_n12000_pg0p01_a0p2_ff0p02_s78512_drop0_pc0p02_pgc0p02
permanent_fork,sth_proof,12000,6.0,5.0,0.01,0.2,0.02,3.0,True,70.0,70.0,0.0,0.0,,,,,36790.0,,,,2.0704404035522264,2.0704404035522264,2.0,3.0206004953784814e-05,2,2,78513,0.02,0.02,0.0,True,0.2,0.08,800,10,0.0,0.0,0.0,1.1338951587677002,C:/Users/efasllija/dev/gossip-poc/out_nb_incremental_clean0104/scenario_target_effect_revised/permanent_fork_sth_proof_n12000_pg0p01_a0p2_ff0p02_s78513_drop0_pc0p02_pgc0p02
permanent_fork,sth_proof,12000,6.0,5.0,0.01,0.2,0.02,3.0,True,30.0,30.0,0.0,0.0,,,,,31219.0,,,,2.313148240409439,2.313148240409439,18.0,0.0002717514380180262,18,18,78514,0.02,0.02,0.0,True,0.2,0.08,800,10,0.0,0.0,0.0,1.060624361038208,C:/Users/efasllija/dev/gossip-poc/out_nb_incremental_clean0104/scenario_target_effect_revised/permanent_fork_sth_proof_n12000_pg0p01_a0p2_ff0p02_s78514_drop0_pc0p02_pgc0p02
permanent_fork,sth_proof,12000,6.0,5.0,0.01,0.2,0.02,3.0,True,65.0,65.0,0.0,0.0,,,,,37616.0,,,,1.5337346775948357,1.5337346775948357,3.0,4.351925727134257e-05,3,3,78515,0.02,0.02,0.0,True,0.2,0.08,800,10,0.0,0.0,0.0,1.1138811111450195,C:/Users/efasllija/dev/gossip-poc/out_nb_incremental_clean0104/scenario_target_effect_revised/permanent_fork_sth_proof_n12000_pg0p01_a0p2_ff0p02_s78515_drop0_pc0p02_pgc0p02
permanent_fork,sth_proof,12000,6.0,5.0,0.015,0.2,0.02,3.0,True,50.0,50.0,0.0,0.0,,,,,33775.0,,,,3.5747220953251104,3.5747220953251104,8.0,0.00012182122734886553,8,8,78500,0.02,0.02,0.0,True,0.2,0.08,800,10,0.0,0.0,0.0,1.0710234642028809,C:/Users/efasllija/dev/gossip-poc/out_nb_incremental_clean0104/scenario_target_effect_revised/permanent_fork_sth_proof_n12000_pg0p015_a0p2_ff0p02_s78500_drop0_pc0p02_pgc0p02
permanent_fork,sth_proof,12000,6.0,5.0,0.015,0.2,0.02,3.0,True,10.0,10.0,0.0,0.0,,,,,27674.0,,,,3.0602890039409627,3.0602890039409627,5.0,7.727378100610463e-05,5,5,78501,0.02,0.02,0.0,True,0.2,0.08,800,10,0.0,0.0,0.0,1.1061270236968994,C:/Users/efasllija/dev/gossip-poc/out_nb_incremental_clean0104/scenario_target_effect_revised/permanent_fork_sth_proof_n12000_pg0p015_a0p2_ff0p02_s78501_drop0_pc0p02_pgc0p02
permanent_fork,sth_proof,12000,6.0,5.0,0.015,0.2,0.02,3.0,True,0.0,0.0,0.0,0.0,,,,,27507.0,,,,2.3509219529166185,2.3509219529166185,4.0,5.798446016467587e-05,4,4,78502,0.02,0.02,0.0,True,0.2,0.08,800,10,0.0,0.0,0.0,1.0911805629730225,C:/Users/efasllija/dev/gossip-poc/out_nb_incremental_clean0104/scenario_target_effect_revised/permanent_fork_sth_proof_n12000_pg0p015_a0p2_ff0p02_s78502_drop0_pc0p02_pgc0p02
permanent_fork,sth_proof,12000,6.0,5.0,0.015,0.2,0.02,3.0,True,90.0,90.0,0.0,0.0,,,,,41961.0,,,,2.217821782178218,2.217821782178218,3.0,4.612262468482873e-05,3,3,78503,0.02,0.02,0.0,True,0.2,0.08,800,10,0.0,0.0,0.0,1.2317297458648682,C:/Users/efasllija/dev/gossip-poc/out_nb_incremental_clean0104/scenario_target_effect_revised/permanent_fork_sth_proof_n12000_pg0p015_a0p2_ff0p02_s78503_drop0_pc0p02_pgc0p02
permanent_fork,sth_proof,12000,6.0,5.0,0.015,0.2,0.02,3.0,True,0.0,0.0,0.0,0.0,,,,,26561.0,,,,1.8383859409149705,1.8383859409149705,3.0,4.460369615962176e-05,3,3,78504,0.02,0.02,0.0,True,0.2,0.08,800,10,0.0,0.0,0.0,1.1305763721466064,C:/Users/efasllija/dev/gossip-poc/out_nb_incremental_clean0104/scenario_target_effect_revised/permanent_fork_sth_proof_n12000_pg0p015_a0p2_ff0p02_s78504_drop0_pc0p02_pgc0p02
permanent_fork,sth_proof,12000,6.0,5.0,0.015,0.2,0.02,3.0,True,125.0,125.0,0.0,0.0,,,,,53667.0,,,,2.370027752081406,2.370027752081406,1.0,1.4454209065679927e-05,1,1,78505,0.02,0.02,0.0,True,0.2,0.08,800,10,0.0,0.0,0.0,1.1640989780426025,C:/Users/efasllija/dev/gossip-poc/out_nb_incremental_clean0104/scenario_target_effect_revised/permanent_fork_sth_proof_n12000_pg0p015_a0p2_ff0p02_s78505_drop0_pc0p02_pgc0p02
permanent_fork,sth_proof,12000,6.0,5.0,0.015,0.2,0.02,3.0,True,20.0,20.0,0.0,0.0,,,,,29159.0,,,,1.7256695756846223,1.7256695756846223,3.0,4.5139933794763765e-05,3,3,78506,0.02,0.02,0.0,True,0.2,0.08,800,10,0.0,0.0,0.0,1.1148698329925537,C:/Users/efasllija/dev/gossip-poc/out_nb_incremental_clean0104/scenario_target_effect_revised/permanent_fork_sth_proof_n12000_pg0p015_a0p2_ff0p02_s78506_drop0_pc0p02_pgc0p02
permanent_fork,sth_proof,12000,6.0,5.0,0.015,0.2,0.02,3.0,True,15.0,15.0,0.0,0.0,,,,,28847.0,,,,3.2971970382680693,3.2971970382680693,3.0,4.4515008977193476e-05,3,3,78507,0.02,0.02,0.0,True,0.2,0.08,800,10,0.0,0.0,0.0,1.0694959163665771,C:/Users/efasllija/dev/gossip-poc/out_nb_incremental_clean0104/scenario_target_effect_revised/permanent_fork_sth_proof_n12000_pg0p015_a0p2_ff0p02_s78507_drop0_pc0p02_pgc0p02
permanent_fork,sth_proof,12000,6.0,5.0,0.015,0.2,0.02,3.0,True,30.0,30.0,0.0,0.0,,,,,32551.0,,,,3.127648788401095,3.127648788401095,3.0,4.345244130299387e-05,3,3,78508,0.02,0.02,0.0,True,0.2,0.08,800,10,0.0,0.0,0.0,1.032275915145874,C:/Users/efasllija/dev/gossip-poc/out_nb_incremental_clean0104/scenario_target_effect_revised/permanent_fork_sth_proof_n12000_pg0p015_a0p2_ff0p02_s78508_drop0_pc0p02_pgc0p02
permanent_fork,sth_proof,12000,6.0,5.0,0.015,0.2,0.02,3.0,True,25.0,25.0,0.0,0.0,,,,,29773.0,,,,2.427924066135946,2.427924066135946,6.0,9.185548071034906e-05,6,6,78509,0.02,0.02,0.0,True,0.2,0.08,800,10,0.0,0.0,0.0,1.0624217987060547,C:/Users/efasllija/dev/gossip-poc/out_nb_incremental_clean0104/scenario_target_effect_revised/permanent_fork_sth_proof_n12000_pg0p015_a0p2_ff0p02_s78509_drop0_pc0p02_pgc0p02
permanent_fork,sth_proof,12000,6.0,5.0,0.015,0.2,0.02,3.0,True,75.0,75.0,0.0,0.0,,,,,36904.0,,,,2.932077580014367,2.932077580014367,5.0,7.981482959533881e-05,5,5,78510,0.02,0.02,0.0,True,0.2,0.08,800,10,0.0,0.0,0.0,1.0013704299926758,C:/Users/efasllija/dev/gossip-poc/out_nb_incremental_clean0104/scenario_target_effect_revised/permanent_fork_sth_proof_n12000_pg0p015_a0p2_ff0p02_s78510_drop0_pc0p02_pgc0p02
permanent_fork,sth_proof,12000,6.0,5.0,0.015,0.2,0.02,3.0,True,115.0,115.0,0.0,0.0,,,,,49485.0,,,,3.316120851088928,3.316120851088928,4.0,5.898052168271428e-05,4,4,78511,0.02,0.02,0.0,True,0.2,0.08,800,10,0.0,0.0,0.0,1.0780301094055176,C:/Users/efasllija/dev/gossip-poc/out_nb_incremental_clean0104/scenario_target_effect_revised/permanent_fork_sth_proof_n12000_pg0p015_a0p2_ff0p02_s78511_drop0_pc0p02_pgc0p02
permanent_fork,sth_proof,12000,6.0,5.0,0.015,0.2,0.02,3.0,True,115.0,115.0,0.0,0.0,,,,,49151.0,,,,3.485025281991443,3.485025281991443,11.0,0.00016455734075337342,11,11,78512,0.02,0.02,0.0,True,0.2,0.08,800,10,0.0,0.0,0.0,1.0358984470367432,C:/Users/efasllija/dev/gossip-poc/out_nb_incremental_clean0104/scenario_target_effect_revised/permanent_fork_sth_proof_n12000_pg0p015_a0p2_ff0p02_s78512_drop0_pc0p02_pgc0p02
permanent_fork,sth_proof,12000,6.0,5.0,0.015,0.2,0.02,3.0,True,70.0,70.0,0.0,0.0,,,,,36790.0,,,,2.814716365613484,2.814716365613484,2.0,3.0206004953784814e-05,2,2,78513,0.02,0.02,0.0,True,0.2,0.08,800,10,0.0,0.0,0.0,1.0651791095733643,C:/Users/efasllija/dev/gossip-poc/out_nb_incremental_clean0104/scenario_target_effect_revised/permanent_fork_sth_proof_n12000_pg0p015_a0p2_ff0p02_s78513_drop0_pc0p02_pgc0p02
permanent_fork,sth_proof,12000,6.0,5.0,0.015,0.2,0.02,3.0,True,30.0,30.0,0.0,0.0,,,,,31219.0,,,,3.0706704711867987,3.0706704711867987,18.0,0.0002717514380180262,18,18,78514,0.02,0.02,0.0,True,0.2,0.08,800,10,0.0,0.0,0.0,1.0378406047821045,C:/Users/efasllija/dev/gossip-poc/out_nb_incremental_clean0104/scenario_target_effect_revised/permanent_fork_sth_proof_n12000_pg0p015_a0p2_ff0p02_s78514_drop0_pc0p02_pgc0p02
permanent_fork,sth_proof,12000,6.0,5.0,0.015,0.2,0.02,3.0,True,25.0,25.0,0.0,0.0,,,,,30730.0,,,,2.3915862769275402,2.3915862769275402,4.0,5.802567636179009e-05,4,4,78515,0.02,0.02,0.0,True,0.2,0.08,800,10,0.0,0.0,0.0,1.0094001293182373,C:/Users/efasllija/dev/gossip-poc/out_nb_incremental_clean0104/scenario_target_effect_revised/permanent_fork_sth_proof_n12000_pg0p015_a0p2_ff0p02_s78515_drop0_pc0p02_pgc0p02
permanent_fork,sth_proof,12000,6.0,5.0,0.006,0.2,0.03,3.0,True,50.0,50.0,0.0,0.0,,,,,33775.0,,,,1.5281254758641694,1.5281254758641694,5.0,7.613826709304096e-05,5,5,78500,0.02,0.02,0.0,True,0.2,0.08,800,10,0.0,0.0,0.0,1.0502007007598877,C:/Users/efasllija/dev/gossip-poc/out_nb_incremental_clean0104/scenario_target_effect_revised/permanent_fork_sth_proof_n12000_pg0p006_a0p2_ff0p03_s78500_drop0_pc0p02_pgc0p02
permanent_fork,sth_proof,12000,6.0,5.0,0.006,0.2,0.03,3.0,True,10.0,10.0,0.0,0.0,,,,,27674.0,,,,0.9554748473842826,0.9554748473842826,4.0,6.18190248048837e-05,4,4,78501,0.02,0.02,0.0,True,0.2,0.08,800,10,0.0,0.0,0.0,1.002727746963501,C:/Users/efasllija/dev/gossip-poc/out_nb_incremental_clean0104/scenario_target_effect_revised/permanent_fork_sth_proof_n12000_pg0p006_a0p2_ff0p03_s78501_drop0_pc0p02_pgc0p02
permanent_fork,sth_proof,12000,6.0,5.0,0.006,0.2,0.03,3.0,True,0.0,0.0,0.0,0.0,,,,,27507.0,,,,1.1040241215354285,1.1040241215354285,2.0,2.8992230082337934e-05,2,2,78502,0.02,0.02,0.0,True,0.2,0.08,800,10,0.0,0.0,0.0,1.0143132209777832,C:/Users/efasllija/dev/gossip-poc/out_nb_incremental_clean0104/scenario_target_effect_revised/permanent_fork_sth_proof_n12000_pg0p006_a0p2_ff0p03_s78502_drop0_pc0p02_pgc0p02
permanent_fork,sth_proof,12000,6.0,5.0,0.006,0.2,0.03,3.0,False,,,0.0,0.0,,,,,,,,,0.6061127851915626,0.6061127851915626,0.0,0.0,0,0,78503,0.02,0.02,0.0,True,0.2,0.08,800,10,0.0,0.0,0.0,1.0110177993774414,C:/Users/efasllija/dev/gossip-poc/out_nb_incremental_clean0104/scenario_target_effect_revised/permanent_fork_sth_proof_n12000_pg0p006_a0p2_ff0p03_s78503_drop0_pc0p02_pgc0p02
permanent_fork,sth_proof,12000,6.0,5.0,0.006,0.2,0.03,3.0,True,0.0,0.0,0.0,0.0,,,,,26561.0,,,,0.6660818626503516,0.6660818626503516,1.0,1.486789871987392e-05,1,1,78504,0.02,0.02,0.0,True,0.2,0.08,800,10,0.0,0.0,0.0,1.019822597503662,C:/Users/efasllija/dev/gossip-poc/out_nb_incremental_clean0104/scenario_target_effect_revised/permanent_fork_sth_proof_n12000_pg0p006_a0p2_ff0p03_s78504_drop0_pc0p02_pgc0p02
permanent_fork,sth_proof,12000,6.0,5.0,0.006,0.2,0.03,3.0,True,135.0,135.0,0.0,0.0,,,,,56334.0,,,,1.567067530064755,1.567067530064755,2.0,2.8908418131359853e-05,2,2,78505,0.02,0.02,0.0,True,0.2,0.08,800,10,0.0,0.0,0.0,1.0381522178649902,C:/Users/efasllija/dev/gossip-poc/out_nb_incremental_clean0104/scenario_target_effect_revised/permanent_fork_sth_proof_n12000_pg0p006_a0p2_ff0p03_s78505_drop0_pc0p02_pgc0p02
permanent_fork,sth_proof,12000,6.0,5.0,0.006,0.2,0.03,3.0,True,20.0,20.0,0.0,0.0,,,,,29159.0,,,,0.7145350586819139,0.7145350586819139,3.0,4.5139933794763765e-05,3,3,78506,0.02,0.02,0.0,True,0.2,0.08,800,10,0.0,0.0,0.0,1.0279381275177002,C:/Users/efasllija/dev/gossip-poc/out_nb_incremental_clean0104/scenario_target_effect_revised/permanent_fork_sth_proof_n12000_pg0p006_a0p2_ff0p03_s78506_drop0_pc0p02_pgc0p02
permanent_fork,sth_proof,12000,6.0,5.0,0.006,0.2,0.03,3.0,True,20.0,20.0,0.0,0.0,,,,,29605.0,,,,1.3029246360898017,1.3029246360898017,1.0,1.4838336325731158e-05,1,1,78507,0.02,0.02,0.0,True,0.2,0.08,800,10,0.0,0.0,0.0,1.0272493362426758,C:/Users/efasllija/dev/gossip-poc/out_nb_incremental_clean0104/scenario_target_effect_revised/permanent_fork_sth_proof_n12000_pg0p006_a0p2_ff0p03_s78507_drop0_pc0p02_pgc0p02
permanent_fork,sth_proof,12000,6.0,5.0,0.006,0.2,0.03,3.0,True,30.0,30.0,0.0,0.0,,,,,32551.0,,,,1.0512014600020279,1.0512014600020279,2.0,2.8968294201995917e-05,2,2,78508,0.02,0.02,0.0,True,0.2,0.08,800,10,0.0,0.0,0.0,1.0557291507720947,C:/Users/efasllija/dev/gossip-poc/out_nb_incremental_clean0104/scenario_target_effect_revised/permanent_fork_sth_proof_n12000_pg0p006_a0p2_ff0p03_s78508_drop0_pc0p02_pgc0p02
permanent_fork,sth_proof,12000,6.0,5.0,0.006,0.2,0.03,3.0,True,25.0,25.0,0.0,0.0,,,,,29773.0,,,,1.3442743417023884,1.3442743417023884,6.0,9.185548071034906e-05,6,6,78509,0.02,0.02,0.0,True,0.2,0.08,800,10,0.0,0.0,0.0,1.0312087535858154,C:/Users/efasllija/dev/gossip-poc/out_nb_incremental_clean0104/scenario_target_effect_revised/permanent_fork_sth_proof_n12000_pg0p006_a0p2_ff0p03_s78509_drop0_pc0p02_pgc0p02
permanent_fork,sth_proof,12000,6.0,5.0,0.006,0.2,0.03,3.0,True,75.0,75.0,0.0,0.0,,,,,36904.0,,,,1.0155000399074148,1.0155000399074148,1.0,1.5962965919067764e-05,1,1,78510,0.02,0.02,0.0,True,0.2,0.08,800,10,0.0,0.0,0.0,1.024963140487671,C:/Users/efasllija/dev/gossip-poc/out_nb_incremental_clean0104/scenario_target_effect_revised/permanent_fork_sth_proof_n12000_pg0p006_a0p2_ff0p03_s78510_drop0_pc0p02_pgc0p02
permanent_fork,sth_proof,12000,6.0,5.0,0.006,0.2,0.03,3.0,False,,,0.0,0.0,,,,,,,,,1.004084401126528,1.004084401126528,0.0,0.0,0,0,78511,0.02,0.02,0.0,True,0.2,0.08,800,10,0.0,0.0,0.0,1.0375502109527588,C:/Users/efasllija/dev/gossip-poc/out_nb_incremental_clean0104/scenario_target_effect_revised/permanent_fork_sth_proof_n12000_pg0p006_a0p2_ff0p03_s78511_drop0_pc0p02_pgc0p02
permanent_fork,sth_proof,12000,6.0,5.0,0.006,0.2,0.03,3.0,True,15.0,15.0,0.0,0.0,,,,,30220.0,,,,1.474433773150226,1.474433773150226,10.0,0.00014959758250306676,10,10,78512,0.02,0.02,0.0,True,0.2,0.08,800,10,0.0,0.0,0.0,1.0508208274841309,C:/Users/efasllija/dev/gossip-poc/out_nb_incremental_clean0104/scenario_target_effect_revised/permanent_fork_sth_proof_n12000_pg0p006_a0p2_ff0p03_s78512_drop0_pc0p02_pgc0p02
permanent_fork,sth_proof,12000,6.0,5.0,0.006,0.2,0.03,3.0,True,70.0,70.0,0.0,0.0,,,,,36790.0,,,,1.4885519241225156,1.4885519241225156,3.0,4.530900743067722e-05,3,3,78513,0.02,0.02,0.0,True,0.2,0.08,800,10,0.0,0.0,0.0,1.0142207145690918,C:/Users/efasllija/dev/gossip-poc/out_nb_incremental_clean0104/scenario_target_effect_revised/permanent_fork_sth_proof_n12000_pg0p006_a0p2_ff0p03_s78513_drop0_pc0p02_pgc0p02
permanent_fork,sth_proof,12000,6.0,5.0,0.006,0.2,0.03,3.0,True,30.0,30.0,0.0,0.0,,,,,31219.0,,,,1.149810528858493,1.149810528858493,15.0,0.00022645953168168848,15,15,78514,0.02,0.02,0.0,True,0.2,0.08,800,10,0.0,0.0,0.0,1.0009117126464844,C:/Users/efasllija/dev/gossip-poc/out_nb_incremental_clean0104/scenario_target_effect_revised/permanent_fork_sth_proof_n12000_pg0p006_a0p2_ff0p03_s78514_drop0_pc0p02_pgc0p02
permanent_fork,sth_proof,12000,6.0,5.0,0.006,0.2,0.03,3.0,True,65.0,65.0,0.0,0.0,,,,,37616.0,,,,0.8578515993327047,0.8578515993327047,5.0,7.253209545223762e-05,5,5,78515,0.02,0.02,0.0,True,0.2,0.08,800,10,0.0,0.0,0.0,1.0118443965911865,C:/Users/efasllija/dev/gossip-poc/out_nb_incremental_clean0104/scenario_target_effect_revised/permanent_fork_sth_proof_n12000_pg0p006_a0p2_ff0p03_s78515_drop0_pc0p02_pgc0p02
permanent_fork,sth_proof,12000,6.0,5.0,0.01,0.2,0.03,3.0,True,50.0,50.0,0.0,0.0,,,,,33775.0,,,,2.7833714024668796,2.7833714024668796,6.0,9.136592051164915e-05,6,6,78500,0.02,0.02,0.0,True,0.2,0.08,800,10,0.0,0.0,0.0,1.0502779483795166,C:/Users/efasllija/dev/gossip-poc/out_nb_incremental_clean0104/scenario_target_effect_revised/permanent_fork_sth_proof_n12000_pg0p01_a0p2_ff0p03_s78500_drop0_pc0p02_pgc0p02
permanent_fork,sth_proof,12000,6.0,5.0,0.01,0.2,0.03,3.0,True,10.0,10.0,0.0,0.0,,,,,27674.0,,,,2.0909666950003865,2.0909666950003865,5.0,7.727378100610463e-05,5,5,78501,0.02,0.02,0.0,True,0.2,0.08,800,10,0.0,0.0,0.0,1.0272223949432373,C:/Users/efasllija/dev/gossip-poc/out_nb_incremental_clean0104/scenario_target_effect_revised/permanent_fork_sth_proof_n12000_pg0p01_a0p2_ff0p03_s78501_drop0_pc0p02_pgc0p02
permanent_fork,sth_proof,12000,6.0,5.0,0.01,0.2,0.03,3.0,True,0.0,0.0,0.0,0.0,,,,,27507.0,,,,1.7924156326104603,1.7924156326104603,3.0,4.34883451235069e-05,3,3,78502,0.02,0.02,0.0,True,0.2,0.08,800,10,0.0,0.0,0.0,0.9886372089385986,C:/Users/efasllija/dev/gossip-poc/out_nb_incremental_clean0104/scenario_target_effect_revised/permanent_fork_sth_proof_n12000_pg0p01_a0p2_ff0p03_s78502_drop0_pc0p02_pgc0p02
permanent_fork,sth_proof,12000,6.0,5.0,0.01,0.2,0.03,3.0,True,90.0,90.0,0.0,0.0,,,,,41961.0,,,,1.501506672406371,1.501506672406371,3.0,4.612262468482873e-05,3,3,78503,0.02,0.02,0.0,True,0.2,0.08,800,10,0.0,0.0,0.0,1.050771951675415,C:/Users/efasllija/dev/gossip-poc/out_nb_incremental_clean0104/scenario_target_effect_revised/permanent_fork_sth_proof_n12000_pg0p01_a0p2_ff0p03_s78503_drop0_pc0p02_pgc0p02
permanent_fork,sth_proof,12000,6.0,5.0,0.01,0.2,0.03,3.0,True,0.0,0.0,0.0,0.0,,,,,26561.0,,,,1.1323391665055977,1.1323391665055977,1.0,1.486789871987392e-05,1,1,78504,0.02,0.02,0.0,True,0.2,0.08,800,10,0.0,0.0,0.0,1.0535812377929688,C:/Users/efasllija/dev/gossip-poc/out_nb_incremental_clean0104/scenario_target_effect_revised/permanent_fork_sth_proof_n12000_pg0p01_a0p2_ff0p03_s78504_drop0_pc0p02_pgc0p02
permanent_fork,sth_proof,12000,6.0,5.0,0.01,0.2,0.03,3.0,True,125.0,125.0,0.0,0.0,,,,,53667.0,,,,1.761332099907493,1.761332099907493,3.0,4.336262719703978e-05,3,3,78505,0.02,0.02,0.0,True,0.2,0.08,800,10,0.0,0.0,0.0,1.0874710083007812,C:/Users/efasllija/dev/gossip-poc/out_nb_incremental_clean0104/scenario_target_effect_revised/permanent_fork_sth_proof_n12000_pg0p01_a0p2_ff0p03_s78505_drop0_pc0p02_pgc0p02
permanent_fork,sth_proof,12000,6.0,5.0,0.01,0.2,0.03,3.0,True,20.0,20.0,0.0,0.0,,,,,29159.0,,,,1.3212157688835389,1.3212157688835389,6.0,9.027986758952753e-05,6,6,78506,0.02,0.02,0.0,True,0.2,0.08,800,10,0.0,0.0,0.0,1.0164153575897217,C:/Users/efasllija/dev/gossip-poc/out_nb_incremental_clean0104/scenario_target_effect_revised/permanent_fork_sth_proof_n12000_pg0p01_a0p2_ff0p03_s78506_drop0_pc0p02_pgc0p02
permanent_fork,sth_proof,12000,6.0,5.0,0.01,0.2,0.03,3.0,True,15.0,15.0,0.0,0.0,,,,,28847.0,,,,2.246880239787515,2.246880239787515,4.0,5.935334530292463e-05,4,4,78507,0.02,0.02,0.0,True,0.2,0.08,800,10,0.0,0.0,0.0,1.0612995624542236,C:/Users/efasllija/dev/gossip-poc/out_nb_incremental_clean0104/scenario_target_effect_revised/permanent_fork_sth_proof_n12000_pg0p01_a0p2_ff0p03_s78507_drop0_pc0p02_pgc0p02
permanent_fork,sth_proof,12000,6.0,5.0,0.01,0.2,0.03,3.0,True,30.0,30.0,0.0,0.0,,,,,32551.0,,,,1.7260468417317247,1.7260468417317247,2.0,2.8968294201995917e-05,2,2,78508,0.02,0.02,0.0,True,0.2,0.08,800,10,0.0,0.0,0.0,1.0603044033050537,C:/Users/efasllija/dev/gossip-poc/out_nb_incremental_clean0104/scenario_target_effect_revised/permanent_fork_sth_proof_n12000_pg0p01_a0p2_ff0p03_s78508_drop0_pc0p02_pgc0p02
permanent_fork,sth_proof,12000,6.0,5.0,0.01,0.2,0.03,3.0,True,25.0,25.0,0.0,0.0,,,,,29773.0,,,,1.9066748315982853,1.9066748315982853,8.0,0.0001224739742804654,8,8,78509,0.02,0.02,0.0,True,0.2,0.08,800,10,0.0,0.0,0.0,1.2617912292480469,C:/Users/efasllija/dev/gossip-poc/out_nb_incremental_clean0104/scenario_target_effect_revised/permanent_fork_sth_proof_n12000_pg0p01_a0p2_ff0p03_s78509_drop0_pc0p02_pgc0p02
permanent_fork,sth_proof,12000,6.0,5.0,0.01,0.2,0.03,3.0,True,75.0,75.0,0.0,0.0,,,,,36904.0,,,,1.9880916274243754,1.9880916274243754,6.0,9.577779551440657e-05,6,6,78510,0.02,0.02,0.0,True,0.2,0.08,800,10,0.0,0.0,0.0,1.313838243484497,C:/Users/efasllija/dev/gossip-poc/out_nb_incremental_clean0104/scenario_target_effect_revised/permanent_fork_sth_proof_n12000_pg0p01_a0p2_ff0p03_s78510_drop0_pc0p02_pgc0p02
permanent_fork,sth_proof,12000,6.0,5.0,0.01,0.2,0.03,3.0,True,115.0,115.0,0.0,0.0,,,,,49485.0,,,,2.457364455388608,2.457364455388608,9.0,0.00013270617378610713,9,9,78511,0.02,0.02,0.0,True,0.2,0.08,800,10,0.0,0.0,0.0,1.0421748161315918,C:/Users/efasllija/dev/gossip-poc/out_nb_incremental_clean0104/scenario_target_effect_revised/permanent_fork_sth_proof_n12000_pg0p01_a0p2_ff0p03_s78511_drop0_pc0p02_pgc0p02
permanent_fork,sth_proof,12000,6.0,5.0,0.01,0.2,0.03,3.0,True,15.0,15.0,0.0,0.0,,,,,30220.0,,,,2.3456900936480864,2.3456900936480864,11.0,0.00016455734075337342,11,11,78512,0.02,0.02,0.0,True,0.2,0.08,800,10,0.0,0.0,0.0,1.0442695617675781,C:/Users/efasllija/dev/gossip-poc/out_nb_incremental_clean0104/scenario_target_effect_revised/permanent_fork_sth_proof_n12000_pg0p01_a0p2_ff0p03_s78512_drop0_pc0p02_pgc0p02
permanent_fork,sth_proof,12000,6.0,5.0,0.01,0.2,0.03,3.0,True,70.0,70.0,0.0,0.0,,,,,36790.0,,,,2.0704404035522264,2.0704404035522264,3.0,4.530900743067722e-05,3,3,78513,0.02,0.02,0.0,True,0.2,0.08,800,10,0.0,0.0,0.0,1.013075351715088,C:/Users/efasllija/dev/gossip-poc/out_nb_incremental_clean0104/scenario_target_effect_revised/permanent_fork_sth_proof_n12000_pg0p01_a0p2_ff0p03_s78513_drop0_pc0p02_pgc0p02
permanent_fork,sth_proof,12000,6.0,5.0,0.01,0.2,0.03,3.0,True,30.0,30.0,0.0,0.0,,,,,31219.0,,,,2.313148240409439,2.313148240409439,19.0,0.00028684874013013874,19,19,78514,0.02,0.02,0.0,True,0.2,0.08,800,10,0.0,0.0,0.0,0.9991955757141113,C:/Users/efasllija/dev/gossip-poc/out_nb_incremental_clean0104/scenario_target_effect_revised/permanent_fork_sth_proof_n12000_pg0p01_a0p2_ff0p03_s78514_drop0_pc0p02_pgc0p02
permanent_fork,sth_proof,12000,6.0,5.0,0.01,0.2,0.03,3.0,True,65.0,65.0,0.0,0.0,,,,,37616.0,,,,1.5337346775948357,1.5337346775948357,5.0,7.253209545223762e-05,5,5,78515,0.02,0.02,0.0,True,0.2,0.08,800,10,0.0,0.0,0.0,1.0601098537445068,C:/Users/efasllija/dev/gossip-poc/out_nb_incremental_clean0104/scenario_target_effect_revised/permanent_fork_sth_proof_n12000_pg0p01_a0p2_ff0p03_s78515_drop0_pc0p02_pgc0p02
permanent_fork,sth_proof,12000,6.0,5.0,0.015,0.2,0.03,3.0,True,10.0,10.0,0.0,0.0,,,,,27083.0,,,,3.5747220953251104,3.5747220953251104,9.0,0.00013704888076747373,9,9,78500,0.02,0.02,0.0,True,0.2,0.08,800,10,0.0,0.0,0.0,1.091703176498413,C:/Users/efasllija/dev/gossip-poc/out_nb_incremental_clean0104/scenario_target_effect_revised/permanent_fork_sth_proof_n12000_pg0p015_a0p2_ff0p03_s78500_drop0_pc0p02_pgc0p02
permanent_fork,sth_proof,12000,6.0,5.0,0.015,0.2,0.03,3.0,True,10.0,10.0,0.0,0.0,,,,,27674.0,,,,3.0602890039409627,3.0602890039409627,8.0,0.0001236380496097674,8,8,78501,0.02,0.02,0.0,True,0.2,0.08,800,10,0.0,0.0,0.0,1.1279387474060059,C:/Users/efasllija/dev/gossip-poc/out_nb_incremental_clean0104/scenario_target_effect_revised/permanent_fork_sth_proof_n12000_pg0p015_a0p2_ff0p03_s78501_drop0_pc0p02_pgc0p02
permanent_fork,sth_proof,12000,6.0,5.0,0.015,0.2,0.03,3.0,True,0.0,0.0,0.0,0.0,,,,,27507.0,,,,2.3509219529166185,2.3509219529166185,5.0,7.248057520584484e-05,5,5,78502,0.02,0.02,0.0,True,0.2,0.08,800,10,0.0,0.0,0.0,1.0923175811767578,C:/Users/efasllija/dev/gossip-poc/out_nb_incremental_clean0104/scenario_target_effect_revised/permanent_fork_sth_proof_n12000_pg0p015_a0p2_ff0p03_s78502_drop0_pc0p02_pgc0p02
permanent_fork,sth_proof,12000,6.0,5.0,0.015,0.2,0.03,3.0,True,90.0,90.0,0.0,0.0,,,,,41961.0,,,,2.217821782178218,2.217821782178218,3.0,4.612262468482873e-05,3,3,78503,0.02,0.02,0.0,True,0.2,0.08,800,10,0.0,0.0,0.0,1.0344343185424805,C:/Users/efasllija/dev/gossip-poc/out_nb_incremental_clean0104/scenario_target_effect_revised/permanent_fork_sth_proof_n12000_pg0p015_a0p2_ff0p03_s78503_drop0_pc0p02_pgc0p02
permanent_fork,sth_proof,12000,6.0,5.0,0.015,0.2,0.03,3.0,True,0.0,0.0,0.0,0.0,,,,,26561.0,,,,1.8383859409149705,1.8383859409149705,3.0,4.460369615962176e-05,3,3,78504,0.02,0.02,0.0,True,0.2,0.08,800,10,0.0,0.0,0.0,1.085911750793457,C:/Users/efasllija/dev/gossip-poc/out_nb_incremental_clean0104/scenario_target_effect_revised/permanent_fork_sth_proof_n12000_pg0p015_a0p2_ff0p03_s78504_drop0_pc0p02_pgc0p02
permanent_fork,sth_proof,12000,6.0,5.0,0.015,0.2,0.03,3.0,True,70.0,70.0,0.0,0.0,,,,,41133.0,,,,2.370027752081406,2.370027752081406,4.0,5.781683626271971e-05,4,4,78505,0.02,0.02,0.0,True,0.2,0.08,800,10,0.0,0.0,0.0,1.0589370727539062,C:/Users/efasllija/dev/gossip-poc/out_nb_incremental_clean0104/scenario_target_effect_revised/permanent_fork_sth_proof_n12000_pg0p015_a0p2_ff0p03_s78505_drop0_pc0p02_pgc0p02
permanent_fork,sth_proof,12000,6.0,5.0,0.015,0.2,0.03,3.0,True,20.0,20.0,0.0,0.0,,,,,29159.0,,,,1.7256695756846223,1.7256695756846223,7.0,0.00010532651218778212,7,7,78506,0.02,0.02,0.0,True,0.2,0.08,800,10,0.0,0.0,0.0,1.0069115161895752,C:/Users/efasllija/dev/gossip-poc/out_nb_incremental_clean0104/scenario_target_effect_revised/permanent_fork_sth_proof_n12000_pg0p015_a0p2_ff0p03_s78506_drop0_pc0p02_pgc0p02
permanent_fork,sth_proof,12000,6.0,5.0,0.015,0.2,0.03,3.0,True,15.0,15.0,0.0,0.0,,,,,28847.0,,,,3.2971970382680693,3.2971970382680693,5.0,7.419168162865579e-05,5,5,78507,0.02,0.02,0.0,True,0.2,0.08,800,10,0.0,0.0,0.0,1.049875259399414,C:/Users/efasllija/dev/gossip-poc/out_nb_incremental_clean0104/scenario_target_effect_revised/permanent_fork_sth_proof_n12000_pg0p015_a0p2_ff0p03_s78507_drop0_pc0p02_pgc0p02
permanent_fork,sth_proof,12000,6.0,5.0,0.015,0.2,0.03,3.0,True,30.0,30.0,0.0,0.0,,,,,32551.0,,,,3.127648788401095,3.127648788401095,3.0,4.345244130299387e-05,3,3,78508,0.02,0.02,0.0,True,0.2,0.08,800,10,0.0,0.0,0.0,1.0435049533843994,C:/Users/efasllija/dev/gossip-poc/out_nb_incremental_clean0104/scenario_target_effect_revised/permanent_fork_sth_proof_n12000_pg0p015_a0p2_ff0p03_s78508_drop0_pc0p02_pgc0p02
permanent_fork,sth_proof,12000,6.0,5.0,0.015,0.2,0.03,3.0,True,25.0,25.0,0.0,0.0,,,,,29773.0,,,,2.427924066135946,2.427924066135946,10.0,0.00015309246785058175,10,10,78509,0.02,0.02,0.0,True,0.2,0.08,800,10,0.0,0.0,0.0,1.2392868995666504,C:/Users/efasllija/dev/gossip-poc/out_nb_incremental_clean0104/scenario_target_effect_revised/permanent_fork_sth_proof_n12000_pg0p015_a0p2_ff0p03_s78509_drop0_pc0p02_pgc0p02
permanent_fork,sth_proof,12000,6.0,5.0,0.015,0.2,0.03,3.0,True,70.0,70.0,0.0,0.0,,,,,35963.0,,,,2.932077580014367,2.932077580014367,8.0,0.0001277037273525421,8,8,78510,0.02,0.02,0.0,True,0.2,0.08,800,10,0.0,0.0,0.0,1.0445270538330078,C:/Users/efasllija/dev/gossip-poc/out_nb_incremental_clean0104/scenario_target_effect_revised/permanent_fork_sth_proof_n12000_pg0p015_a0p2_ff0p03_s78510_drop0_pc0p02_pgc0p02
permanent_fork,sth_proof,12000,6.0,5.0,0.015,0.2,0.03,3.0,True,115.0,115.0,0.0,0.0,,,,,49485.0,,,,3.316120851088928,3.316120851088928,9.0,0.00013270617378610713,9,9,78511,0.02,0.02,0.0,True,0.2,0.08,800,10,0.0,0.0,0.0,1.0738348960876465,C:/Users/efasllija/dev/gossip-poc/out_nb_incremental_clean0104/scenario_target_effect_revised/permanent_fork_sth_proof_n12000_pg0p015_a0p2_ff0p03_s78511_drop0_pc0p02_pgc0p02
permanent_fork,sth_proof,12000,6.0,5.0,0.015,0.2,0.03,3.0,True,15.0,15.0,0.0,0.0,,,,,30220.0,,,,3.485025281991443,3.485025281991443,15.0,0.00022439637375460013,15,15,78512,0.02,0.02,0.0,True,0.2,0.08,800,10,0.0,0.0,0.0,1.207942008972168,C:/Users/efasllija/dev/gossip-poc/out_nb_incremental_clean0104/scenario_target_effect_revised/permanent_fork_sth_proof_n12000_pg0p015_a0p2_ff0p03_s78512_drop0_pc0p02_pgc0p02
permanent_fork,sth_proof,12000,6.0,5.0,0.015,0.2,0.03,3.0,True,70.0,70.0,0.0,0.0,,,,,36790.0,,,,2.814716365613484,2.814716365613484,3.0,4.530900743067722e-05,3,3,78513,0.02,0.02,0.0,True,0.2,0.08,800,10,0.0,0.0,0.0,1.0624113082885742,C:/Users/efasllija/dev/gossip-poc/out_nb_incremental_clean0104/scenario_target_effect_revised/permanent_fork_sth_proof_n12000_pg0p015_a0p2_ff0p03_s78513_drop0_pc0p02_pgc0p02
permanent_fork,sth_proof,12000,6.0,5.0,0.015,0.2,0.03,3.0,True,30.0,30.0,0.0,0.0,,,,,31219.0,,,,3.0706704711867987,3.0706704711867987,20.0,0.0003019460422422513,20,20,78514,0.02,0.02,0.0,True,0.2,0.08,800,10,0.0,0.0,0.0,1.0623979568481445,C:/Users/efasllija/dev/gossip-poc/out_nb_incremental_clean0104/scenario_target_effect_revised/permanent_fork_sth_proof_n12000_pg0p015_a0p2_ff0p03_s78514_drop0_pc0p02_pgc0p02
permanent_fork,sth_proof,12000,6.0,5.0,0.015,0.2,0.03,3.0,True,25.0,25.0,0.0,0.0,,,,,30730.0,,,,2.3915862769275402,2.3915862769275402,7.0,0.00010154493363313267,7,7,78515,0.02,0.02,0.0,True,0.2,0.08,800,10,0.0,0.0,0.0,1.0403242111206055,C:/Users/efasllija/dev/gossip-poc/out_nb_incremental_clean0104/scenario_target_effect_revised/permanent_fork_sth_proof_n12000_pg0p015_a0p2_ff0p03_s78515_drop0_pc0p02_pgc0p02
permanent_fork,sth_proof,12000,6.0,5.0,0.006,0.2,0.04,3.0,True,5.0,5.0,0.0,0.0,,,,,26390.0,,,,1.5281254758641694,1.5281254758641694,9.0,0.00013704888076747373,9,9,78500,0.02,0.02,0.0,True,0.2,0.08,800,10,0.0,0.0,0.0,1.087918996810913,C:/Users/efasllija/dev/gossip-poc/out_nb_incremental_clean0104/scenario_target_effect_revised/permanent_fork_sth_proof_n12000_pg0p006_a0p2_ff0p04_s78500_drop0_pc0p02_pgc0p02
permanent_fork,sth_proof,12000,6.0,5.0,0.006,0.2,0.04,3.0,True,10.0,10.0,0.0,0.0,,,,,27674.0,,,,0.9554748473842826,0.9554748473842826,4.0,6.18190248048837e-05,4,4,78501,0.02,0.02,0.0,True,0.2,0.08,800,10,0.0,0.0,0.0,1.044640302658081,C:/Users/efasllija/dev/gossip-poc/out_nb_incremental_clean0104/scenario_target_effect_revised/permanent_fork_sth_proof_n12000_pg0p006_a0p2_ff0p04_s78501_drop0_pc0p02_pgc0p02
permanent_fork,sth_proof,12000,6.0,5.0,0.006,0.2,0.04,3.0,True,0.0,0.0,0.0,0.0,,,,,27507.0,,,,1.1040241215354285,1.1040241215354285,2.0,2.8992230082337934e-05,2,2,78502,0.02,0.02,0.0,True,0.2,0.08,800,10,0.0,0.0,0.0,1.0121040344238281,C:/Users/efasllija/dev/gossip-poc/out_nb_incremental_clean0104/scenario_target_effect_revised/permanent_fork_sth_proof_n12000_pg0p006_a0p2_ff0p04_s78502_drop0_pc0p02_pgc0p02
permanent_fork,sth_proof,12000,6.0,5.0,0.006,0.2,0.04,3.0,False,,,0.0,0.0,,,,,,,,,0.6061127851915626,0.6061127851915626,0.0,0.0,0,0,78503,0.02,0.02,0.0,True,0.2,0.08,800,10,0.0,0.0,0.0,1.0501797199249268,C:/Users/efasllija/dev/gossip-poc/out_nb_incremental_clean0104/scenario_target_effect_revised/permanent_fork_sth_proof_n12000_pg0p006_a0p2_ff0p04_s78503_drop0_pc0p02_pgc0p02
permanent_fork,sth_proof,12000,6.0,5.0,0.006,0.2,0.04,3.0,True,0.0,0.0,0.0,0.0,,,,,26561.0,,,,0.6660818626503516,0.6660818626503516,4.0,5.947159487949568e-05,4,4,78504,0.02,0.02,0.0,True,0.2,0.08,800,10,0.0,0.0,0.0,1.0566916465759277,C:/Users/efasllija/dev/gossip-poc/out_nb_incremental_clean0104/scenario_target_effect_revised/permanent_fork_sth_proof_n12000_pg0p006_a0p2_ff0p04_s78504_drop0_pc0p02_pgc0p02
permanent_fork,sth_proof,12000,6.0,5.0,0.006,0.2,0.04,3.0,True,135.0,135.0,0.0,0.0,,,,,56334.0,,,,1.567067530064755,1.567067530064755,3.0,4.336262719703978e-05,3,3,78505,0.02,0.02,0.0,True,0.2,0.08,800,10,0.0,0.0,0.0,1.021810531616211,C:/Users/efasllija/dev/gossip-poc/out_nb_incremental_clean0104/scenario_target_effect_revised/permanent_fork_sth_proof_n12000_pg0p006_a0p2_ff0p04_s78505_drop0_pc0p02_pgc0p02
permanent_fork,sth_proof,12000,6.0,5.0,0.006,0.2,0.04,3.0,True,20.0,20.0,0.0,0.0,,,,,29159.0,,,,0.7145350586819139,0.7145350586819139,3.0,4.5139933794763765e-05,3,3,78506,0.02,0.02,0.0,True,0.2,0.08,800,10,0.0,0.0,0.0,1.0313706398010254,C:/Users/efasllija/dev/gossip-poc/out_nb_incremental_clean0104/scenario_target_effect_revised/permanent_fork_sth_proof_n12000_pg0p006_a0p2_ff0p04_s78506_drop0_pc0p02_pgc0p02
permanent_fork,sth_proof,12000,6.0,5.0,0.006,0.2,0.04,3.0,True,20.0,20.0,0.0,0.0,,,,,29605.0,,,,1.3029246360898017,1.3029246360898017,1.0,1.4838336325731158e-05,1,1,78507,0.02,0.02,0.0,True,0.2,0.08,800,10,0.0,0.0,0.0,1.024024248123169,C:/Users/efasllija/dev/gossip-poc/out_nb_incremental_clean0104/scenario_target_effect_revised/permanent_fork_sth_proof_n12000_pg0p006_a0p2_ff0p04_s78507_drop0_pc0p02_pgc0p02
permanent_fork,sth_proof,12000,6.0,5.0,0.006,0.2,0.04,3.0,True,30.0,30.0,0.0,0.0,,,,,32551.0,,,,1.0512014600020279,1.0512014600020279,3.0,4.345244130299387e-05,3,3,78508,0.02,0.02,0.0,True,0.2,0.08,800,10,0.0,0.0,0.0,1.0391666889190674,C:/Users/efasllija/dev/gossip-poc/out_nb_incremental_clean0104/scenario_target_effect_revised/permanent_fork_sth_proof_n12000_pg0p006_a0p2_ff0p04_s78508_drop0_pc0p02_pgc0p02
permanent_fork,sth_proof,12000,6.0,5.0,0.006,0.2,0.04,3.0,True,25.0,25.0,0.0,0.0,,,,,29773.0,,,,1.3442743417023884,1.3442743417023884,6.0,9.185548071034906e-05,6,6,78509,0.02,0.02,0.0,True,0.2,0.08,800,10,0.0,0.0,0.0,1.0277953147888184,C:/Users/efasllija/dev/gossip-poc/out_nb_incremental_clean0104/scenario_target_effect_revised/permanent_fork_sth_proof_n12000_pg0p006_a0p2_ff0p04_s78509_drop0_pc0p02_pgc0p02
permanent_fork,sth_proof,12000,6.0,5.0,0.006,0.2,0.04,3.0,True,75.0,75.0,0.0,0.0,,,,,36904.0,,,,1.0155000399074148,1.0155000399074148,1.0,1.5962965919067764e-05,1,1,78510,0.02,0.02,0.0,True,0.2,0.08,800,10,0.0,0.0,0.0,1.0203921794891357,C:/Users/efasllija/dev/gossip-poc/out_nb_incremental_clean0104/scenario_target_effect_revised/permanent_fork_sth_proof_n12000_pg0p006_a0p2_ff0p04_s78510_drop0_pc0p02_pgc0p02
permanent_fork,sth_proof,12000,6.0,5.0,0.006,0.2,0.04,3.0,True,125.0,125.0,0.0,0.0,,,,,52247.0,,,,1.004084401126528,1.004084401126528,1.0,1.474513042067857e-05,1,1,78511,0.02,0.02,0.0,True,0.2,0.08,800,10,0.0,0.0,0.0,1.0305542945861816,C:/Users/efasllija/dev/gossip-poc/out_nb_incremental_clean0104/scenario_target_effect_revised/permanent_fork_sth_proof_n12000_pg0p006_a0p2_ff0p04_s78511_drop0_pc0p02_pgc0p02
permanent_fork,sth_proof,12000,6.0,5.0,0.006,0.2,0.04,3.0,True,15.0,15.0,0.0,0.0,,,,,30220.0,,,,1.474433773150226,1.474433773150226,10.0,0.00014959758250306676,10,10,78512,0.02,0.02,0.0,True,0.2,0.08,800,10,0.0,0.0,0.0,1.0959091186523438,C:/Users/efasllija/dev/gossip-poc/out_nb_incremental_clean0104/scenario_target_effect_revised/permanent_fork_sth_proof_n12000_pg0p006_a0p2_ff0p04_s78512_drop0_pc0p02_pgc0p02
permanent_fork,sth_proof,12000,6.0,5.0,0.006,0.2,0.04,3.0,True,70.0,70.0,0.0,0.0,,,,,36790.0,,,,1.4885519241225156,1.4885519241225156,3.0,4.530900743067722e-05,3,3,78513,0.02,0.02,0.0,True,0.2,0.08,800,10,0.0,0.0,0.0,1.0583758354187012,C:/Users/efasllija/dev/gossip-poc/out_nb_incremental_clean0104/scenario_target_effect_revised/permanent_fork_sth_proof_n12000_pg0p006_a0p2_ff0p04_s78513_drop0_pc0p02_pgc0p02
permanent_fork,sth_proof,12000,6.0,5.0,0.006,0.2,0.04,3.0,True,30.0,30.0,0.0,0.0,,,,,31219.0,,,,1.149810528858493,1.149810528858493,14.0,0.00021136222956957593,14,14,78514,0.02,0.02,0.0,True,0.2,0.08,800,10,0.0,0.0,0.0,1.0156946182250977,C:/Users/efasllija/dev/gossip-poc/out_nb_incremental_clean0104/scenario_target_effect_revised/permanent_fork_sth_proof_n12000_pg0p006_a0p2_ff0p04_s78514_drop0_pc0p02_pgc0p02
permanent_fork,sth_proof,12000,6.0,5.0,0.006,0.2,0.04,3.0,True,5.0,5.0,0.0,0.0,,,,,27544.0,,,,0.8578515993327047,0.8578515993327047,6.0,8.703851454268514e-05,6,6,78515,0.02,0.02,0.0,True,0.2,0.08,800,10,0.0,0.0,0.0,1.0372166633605957,C:/Users/efasllija/dev/gossip-poc/out_nb_incremental_clean0104/scenario_target_effect_revised/permanent_fork_sth_proof_n12000_pg0p006_a0p2_ff0p04_s78515_drop0_pc0p02_pgc0p02
permanent_fork,sth_proof,12000,6.0,5.0,0.01,0.2,0.04,3.0,True,5.0,5.0,0.0,0.0,,,,,26390.0,,,,2.7833714024668796,2.7833714024668796,10.0,0.00015227653418608191,10,10,78500,0.02,0.02,0.0,True,0.2,0.08,800,10,0.0,0.0,0.0,0.9974663257598877,C:/Users/efasllija/dev/gossip-poc/out_nb_incremental_clean0104/scenario_target_effect_revised/permanent_fork_sth_proof_n12000_pg0p01_a0p2_ff0p04_s78500_drop0_pc0p02_pgc0p02
permanent_fork,sth_proof,12000,6.0,5.0,0.01,0.2,0.04,3.0,True,10.0,10.0,0.0,0.0,,,,,27674.0,,,,2.0909666950003865,2.0909666950003865,6.0,9.272853720732555e-05,6,6,78501,0.02,0.02,0.0,True,0.2,0.08,800,10,0.0,0.0,0.0,1.0174977779388428,C:/Users/efasllija/dev/gossip-poc/out_nb_incremental_clean0104/scenario_target_effect_revised/permanent_fork_sth_proof_n12000_pg0p01_a0p2_ff0p04_s78501_drop0_pc0p02_pgc0p02
permanent_fork,sth_proof,12000,6.0,5.0,0.01,0.2,0.04,3.0,True,0.0,0.0,0.0,0.0,,,,,27507.0,,,,1.7924156326104603,1.7924156326104603,3.0,4.34883451235069e-05,3,3,78502,0.02,0.02,0.0,True,0.2,0.08,800,10,0.0,0.0,0.0,1.0194108486175537,C:/Users/efasllija/dev/gossip-poc/out_nb_incremental_clean0104/scenario_target_effect_revised/permanent_fork_sth_proof_n12000_pg0p01_a0p2_ff0p04_s78502_drop0_pc0p02_pgc0p02
permanent_fork,sth_proof,12000,6.0,5.0,0.01,0.2,0.04,3.0,True,90.0,90.0,0.0,0.0,,,,,41961.0,,,,1.501506672406371,1.501506672406371,3.0,4.612262468482873e-05,3,3,78503,0.02,0.02,0.0,True,0.2,0.08,800,10,0.0,0.0,0.0,1.0672142505645752,C:/Users/efasllija/dev/gossip-poc/out_nb_incremental_clean0104/scenario_target_effect_revised/permanent_fork_sth_proof_n12000_pg0p01_a0p2_ff0p04_s78503_drop0_pc0p02_pgc0p02
permanent_fork,sth_proof,12000,6.0,5.0,0.01,0.2,0.04,3.0,True,0.0,0.0,0.0,0.0,,,,,26561.0,,,,1.1323391665055977,1.1323391665055977,5.0,7.43394935993696e-05,5,5,78504,0.02,0.02,0.0,True,0.2,0.08,800,10,0.0,0.0,0.0,1.019592046737671,C:/Users/efasllija/dev/gossip-poc/out_nb_incremental_clean0104/scenario_target_effect_revised/permanent_fork_sth_proof_n12000_pg0p01_a0p2_ff0p04_s78504_drop0_pc0p02_pgc0p02
permanent_fork,sth_proof,12000,6.0,5.0,0.01,0.2,0.04,3.0,True,125.0,125.0,0.0,0.0,,,,,53667.0,,,,1.761332099907493,1.761332099907493,4.0,5.781683626271971e-05,4,4,78505,0.02,0.02,0.0,True,0.2,0.08,800,10,0.0,0.0,0.0,1.0534889698028564,C:/Users/efasllija/dev/gossip-poc/out_nb_incremental_clean0104/scenario_target_effect_revised/permanent_fork_sth_proof_n12000_pg0p01_a0p2_ff0p04_s78505_drop0_pc0p02_pgc0p02
permanent_fork,sth_proof,12000,6.0,5.0,0.01,0.2,0.04,3.0,True,20.0,20.0,0.0,0.0,,,,,29159.0,,,,1.3212157688835389,1.3212157688835389,6.0,9.027986758952753e-05,6,6,78506,0.02,0.02,0.0,True,0.2,0.08,800,10,0.0,0.0,0.0,1.0128450393676758,C:/Users/efasllija/dev/gossip-poc/out_nb_incremental_clean0104/scenario_target_effect_revised/permanent_fork_sth_proof_n12000_pg0p01_a0p2_ff0p04_s78506_drop0_pc0p02_pgc0p02
permanent_fork,sth_proof,12000,6.0,5.0,0.01,0.2,0.04,3.0,True,15.0,15.0,0.0,0.0,,,,,28847.0,,,,2.246880239787515,2.246880239787515,4.0,5.935334530292463e-05,4,4,78507,0.02,0.02,0.0,True,0.2,0.08,800,10,0.0,0.0,0.0,1.0323126316070557,C:/Users/efasllija/dev/gossip-poc/out_nb_incremental_clean0104/scenario_target_effect_revised/permanent_fork_sth_proof_n12000_pg0p01_a0p2_ff0p04_s78507_drop0_pc0p02_pgc0p02
permanent_fork,sth_proof,12000,6.0,5.0,0.01,0.2,0.04,3.0,True,30.0,30.0,0.0,0.0,,,,,32551.0,,,,1.7260468417317247,1.7260468417317247,4.0,5.793658840399183e-05,4,4,78508,0.02,0.02,0.0,True,0.2,0.08,800,10,0.0,0.0,0.0,1.0519347190856934,C:/Users/efasllija/dev/gossip-poc/out_nb_incremental_clean0104/scenario_target_effect_revised/permanent_fork_sth_proof_n12000_pg0p01_a0p2_ff0p04_s78508_drop0_pc0p02_pgc0p02
permanent_fork,sth_proof,12000,6.0,5.0,0.01,0.2,0.04,3.0,True,25.0,25.0,0.0,0.0,,,,,29773.0,,,,1.9066748315982853,1.9066748315982853,8.0,0.0001224739742804654,8,8,78509,0.02,0.02,0.0,True,0.2,0.08,800,10,0.0,0.0,0.0,1.033527135848999,C:/Users/efasllija/dev/gossip-poc/out_nb_incremental_clean0104/scenario_target_effect_revised/permanent_fork_sth_proof_n12000_pg0p01_a0p2_ff0p04_s78509_drop0_pc0p02_pgc0p02
permanent_fork,sth_proof,12000,6.0,5.0,0.01,0.2,0.04,3.0,True,75.0,75.0,0.0,0.0,,,,,36904.0,,,,1.9880916274243754,1.9880916274243754,6.0,9.577779551440657e-05,6,6,78510,0.02,0.02,0.0,True,0.2,0.08,800,10,0.0,0.0,0.0,0.9977295398712158,C:/Users/efasllija/dev/gossip-poc/out_nb_incremental_clean0104/scenario_target_effect_revised/permanent_fork_sth_proof_n12000_pg0p01_a0p2_ff0p04_s78510_drop0_pc0p02_pgc0p02
permanent_fork,sth_proof,12000,6.0,5.0,0.01,0.2,0.04,3.0,True,115.0,115.0,0.0,0.0,,,,,49485.0,,,,2.457364455388608,2.457364455388608,10.0,0.0001474513042067857,10,10,78511,0.02,0.02,0.0,True,0.2,0.08,800,10,0.0,0.0,0.0,1.0230565071105957,C:/Users/efasllija/dev/gossip-poc/out_nb_incremental_clean0104/scenario_target_effect_revised/permanent_fork_sth_proof_n12000_pg0p01_a0p2_ff0p04_s78511_drop0_pc0p02_pgc0p02
permanent_fork,sth_proof,12000,6.0,5.0,0.01,0.2,0.04,3.0,True,15.0,15.0,0.0,0.0,,,,,30220.0,,,,2.3456900936480864,2.3456900936480864,11.0,0.00016455734075337342,11,11,78512,0.02,0.02,0.0,True,0.2,0.08,800,10,0.0,0.0,0.0,1.0175893306732178,C:/Users/efasllija/dev/gossip-poc/out_nb_incremental_clean0104/scenario_target_effect_revised/permanent_fork_sth_proof_n12000_pg0p01_a0p2_ff0p04_s78512_drop0_pc0p02_pgc0p02
permanent_fork,sth_proof,12000,6.0,5.0,0.01,0.2,0.04,3.0,True,70.0,70.0,0.0,0.0,,,,,36790.0,,,,2.0704404035522264,2.0704404035522264,4.0,6.041200990756963e-05,4,4,78513,0.02,0.02,0.0,True,0.2,0.08,800,10,0.0,0.0,0.0,1.0383617877960205,C:/Users/efasllija/dev/gossip-poc/out_nb_incremental_clean0104/scenario_target_effect_revised/permanent_fork_sth_proof_n12000_pg0p01_a0p2_ff0p04_s78513_drop0_pc0p02_pgc0p02
permanent_fork,sth_proof,12000,6.0,5.0,0.01,0.2,0.04,3.0,True,30.0,30.0,0.0,0.0,,,,,31219.0,,,,2.313148240409439,2.313148240409439,19.0,0.00028684874013013874,19,19,78514,0.02,0.02,0.0,True,0.2,0.08,800,10,0.0,0.0,0.0,1.064011573791504,C:/Users/efasllija/dev/gossip-poc/out_nb_incremental_clean0104/scenario_target_effect_revised/permanent_fork_sth_proof_n12000_pg0p01_a0p2_ff0p04_s78514_drop0_pc0p02_pgc0p02
permanent_fork,sth_proof,12000,6.0,5.0,0.01,0.2,0.04,3.0,True,5.0,5.0,0.0,0.0,,,,,27544.0,,,,1.5337346775948357,1.5337346775948357,8.0,0.00011605135272358018,8,8,78515,0.02,0.02,0.0,True,0.2,0.08,800,10,0.0,0.0,0.0,1.0165197849273682,C:/Users/efasllija/dev/gossip-poc/out_nb_incremental_clean0104/scenario_target_effect_revised/permanent_fork_sth_proof_n12000_pg0p01_a0p2_ff0p04_s78515_drop0_pc0p02_pgc0p02
permanent_fork,sth_proof,12000,6.0,5.0,0.015,0.2,0.04,3.0,True,5.0,5.0,0.0,0.0,,,,,26390.0,,,,3.5747220953251104,3.5747220953251104,13.0,0.0001979594944419065,13,13,78500,0.02,0.02,0.0,True,0.2,0.08,800,10,0.0,0.0,0.0,1.0537011623382568,C:/Users/efasllija/dev/gossip-poc/out_nb_incremental_clean0104/scenario_target_effect_revised/permanent_fork_sth_proof_n12000_pg0p015_a0p2_ff0p04_s78500_drop0_pc0p02_pgc0p02
permanent_fork,sth_proof,12000,6.0,5.0,0.015,0.2,0.04,3.0,True,10.0,10.0,0.0,0.0,,,,,27674.0,,,,3.0602890039409627,3.0602890039409627,9.0,0.00013909280581098833,9,9,78501,0.02,0.02,0.0,True,0.2,0.08,800,10,0.0,0.0,0.0,1.0647482872009277,C:/Users/efasllija/dev/gossip-poc/out_nb_incremental_clean0104/scenario_target_effect_revised/permanent_fork_sth_proof_n12000_pg0p015_a0p2_ff0p04_s78501_drop0_pc0p02_pgc0p02
permanent_fork,sth_proof,12000,6.0,5.0,0.015,0.2,0.04,3.0,True,0.0,0.0,0.0,0.0,,,,,27507.0,,,,2.3509219529166185,2.3509219529166185,6.0,8.69766902470138e-05,6,6,78502,0.02,0.02,0.0,True,0.2,0.08,800,10,0.0,0.0,0.0,1.0689184665679932,C:/Users/efasllija/dev/gossip-poc/out_nb_incremental_clean0104/scenario_target_effect_revised/permanent_fork_sth_proof_n12000_pg0p015_a0p2_ff0p04_s78502_drop0_pc0p02_pgc0p02
permanent_fork,sth_proof,12000,6.0,5.0,0.015,0.2,0.04,3.0,True,0.0,0.0,0.0,0.0,,,,,26634.0,,,,2.217821782178218,2.217821782178218,6.0,9.224524936965746e-05,6,6,78503,0.02,0.02,0.0,True,0.2,0.08,800,10,0.0,0.0,0.0,1.0524048805236816,C:/Users/efasllija/dev/gossip-poc/out_nb_incremental_clean0104/scenario_target_effect_revised/permanent_fork_sth_proof_n12000_pg0p015_a0p2_ff0p04_s78503_drop0_pc0p02_pgc0p02
permanent_fork,sth_proof,12000,6.0,5.0,0.015,0.2,0.04,3.0,True,0.0,0.0,0.0,0.0,,,,,26561.0,,,,1.8383859409149705,1.8383859409149705,7.0,0.00010407529103911744,7,7,78504,0.02,0.02,0.0,True,0.2,0.08,800,10,0.0,0.0,0.0,1.067664623260498,C:/Users/efasllija/dev/gossip-poc/out_nb_incremental_clean0104/scenario_target_effect_revised/permanent_fork_sth_proof_n12000_pg0p015_a0p2_ff0p04_s78504_drop0_pc0p02_pgc0p02
permanent_fork,sth_proof,12000,6.0,5.0,0.015,0.2,0.04,3.0,True,70.0,70.0,0.0,0.0,,,,,41133.0,,,,2.370027752081406,2.370027752081406,5.0,7.227104532839963e-05,5,5,78505,0.02,0.02,0.0,True,0.2,0.08,800,10,0.0,0.0,0.0,1.0600621700286865,C:/Users/efasllija/dev/gossip-poc/out_nb_incremental_clean0104/scenario_target_effect_revised/permanent_fork_sth_proof_n12000_pg0p015_a0p2_ff0p04_s78505_drop0_pc0p02_pgc0p02
permanent_fork,sth_proof,12000,6.0,5.0,0.015,0.2,0.04,3.0,True,20.0,20.0,0.0,0.0,,,,,29159.0,,,,1.7256695756846223,1.7256695756846223,8.0,0.00012037315678603672,8,8,78506,0.02,0.02,0.0,True,0.2,0.08,800,10,0.0,0.0,0.0,1.0313012599945068,C:/Users/efasllija/dev/gossip-poc/out_nb_incremental_clean0104/scenario_target_effect_revised/permanent_fork_sth_proof_n12000_pg0p015_a0p2_ff0p04_s78506_drop0_pc0p02_pgc0p02
permanent_fork,sth_proof,12000,6.0,5.0,0.015,0.2,0.04,3.0,True,15.0,15.0,0.0,0.0,,,,,28847.0,,,,3.2971970382680693,3.2971970382680693,6.0,8.903001795438695e-05,6,6,78507,0.02,0.02,0.0,True,0.2,0.08,800,10,0.0,0.0,0.0,1.0350146293640137,C:/Users/efasllija/dev/gossip-poc/out_nb_incremental_clean0104/scenario_target_effect_revised/permanent_fork_sth_proof_n12000_pg0p015_a0p2_ff0p04_s78507_drop0_pc0p02_pgc0p02
permanent_fork,sth_proof,12000,6.0,5.0,0.015,0.2,0.04,3.0,True,30.0,30.0,0.0,0.0,,,,,32551.0,,,,3.127648788401095,3.127648788401095,6.0,8.690488260598775e-05,6,6,78508,0.02,0.02,0.0,True,0.2,0.08,800,10,0.0,0.0,0.0,1.0910236835479736,C:/Users/efasllija/dev/gossip-poc/out_nb_incremental_clean0104/scenario_target_effect_revised/permanent_fork_sth_proof_n12000_pg0p015_a0p2_ff0p04_s78508_drop0_pc0p02_pgc0p02
permanent_fork,sth_proof,12000,6.0,5.0,0.015,0.2,0.04,3.0,True,25.0,25.0,0.0,0.0,,,,,29773.0,,,,2.427924066135946,2.427924066135946,11.0,0.00016840171463563993,11,11,78509,0.02,0.02,0.0,True,0.2,0.08,800,10,0.0,0.0,0.0,1.0402727127075195,C:/Users/efasllija/dev/gossip-poc/out_nb_incremental_clean0104/scenario_target_effect_revised/permanent_fork_sth_proof_n12000_pg0p015_a0p2_ff0p04_s78509_drop0_pc0p02_pgc0p02
permanent_fork,sth_proof,12000,6.0,5.0,0.015,0.2,0.04,3.0,True,70.0,70.0,0.0,0.0,,,,,35963.0,,,,2.932077580014367,2.932077580014367,8.0,0.0001277037273525421,8,8,78510,0.02,0.02,0.0,True,0.2,0.08,800,10,0.0,0.0,0.0,1.0200104713439941,C:/Users/efasllija/dev/gossip-poc/out_nb_incremental_clean0104/scenario_target_effect_revised/permanent_fork_sth_proof_n12000_pg0p015_a0p2_ff0p04_s78510_drop0_pc0p02_pgc0p02
permanent_fork,sth_proof,12000,6.0,5.0,0.015,0.2,0.04,3.0,True,60.0,60.0,0.0,0.0,,,,,37235.0,,,,3.316120851088928,3.316120851088928,12.0,0.00017694156504814286,12,12,78511,0.02,0.02,0.0,True,0.2,0.08,800,10,0.0,0.0,0.0,1.0538225173950195,C:/Users/efasllija/dev/gossip-poc/out_nb_incremental_clean0104/scenario_target_effect_revised/permanent_fork_sth_proof_n12000_pg0p015_a0p2_ff0p04_s78511_drop0_pc0p02_pgc0p02
permanent_fork,sth_proof,12000,6.0,5.0,0.015,0.2,0.04,3.0,True,15.0,15.0,0.0,0.0,,,,,30220.0,,,,3.485025281991443,3.485025281991443,15.0,0.00022439637375460013,15,15,78512,0.02,0.02,0.0,True,0.2,0.08,800,10,0.0,0.0,0.0,1.0442235469818115,C:/Users/efasllija/dev/gossip-poc/out_nb_incremental_clean0104/scenario_target_effect_revised/permanent_fork_sth_proof_n12000_pg0p015_a0p2_ff0p04_s78512_drop0_pc0p02_pgc0p02
permanent_fork,sth_proof,12000,6.0,5.0,0.015,0.2,0.04,3.0,True,70.0,70.0,0.0,0.0,,,,,36790.0,,,,2.814716365613484,2.814716365613484,4.0,6.041200990756963e-05,4,4,78513,0.02,0.02,0.0,True,0.2,0.08,800,10,0.0,0.0,0.0,1.0348594188690186,C:/Users/efasllija/dev/gossip-poc/out_nb_incremental_clean0104/scenario_target_effect_revised/permanent_fork_sth_proof_n12000_pg0p015_a0p2_ff0p04_s78513_drop0_pc0p02_pgc0p02
permanent_fork,sth_proof,12000,6.0,5.0,0.015,0.2,0.04,3.0,True,30.0,30.0,0.0,0.0,,,,,31219.0,,,,3.0706704711867987,3.0706704711867987,21.0,0.00031704334435436385,21,21,78514,0.02,0.02,0.0,True,0.2,0.08,800,10,0.0,0.0,0.0,1.035656452178955,C:/Users/efasllija/dev/gossip-poc/out_nb_incremental_clean0104/scenario_target_effect_revised/permanent_fork_sth_proof_n12000_pg0p015_a0p2_ff0p04_s78514_drop0_pc0p02_pgc0p02
permanent_fork,sth_proof,12000,6.0,5.0,0.015,0.2,0.04,3.0,True,5.0,5.0,0.0,0.0,,,,,27544.0,,,,2.3915862769275402,2.3915862769275402,13.0,0.0001885834481758178,13,13,78515,0.02,0.02,0.0,True,0.2,0.08,800,10,0.0,0.0,0.0,1.0643701553344727,C:/Users/efasllija/dev/gossip-poc/out_nb_incremental_clean0104/scenario_target_effect_revised/permanent_fork_sth_proof_n12000_pg0p015_a0p2_ff0p04_s78515_drop0_pc0p02_pgc0p02
permanent_fork,sth_proof,12000,6.0,5.0,0.006,0.2,0.05,3.0,True,5.0,5.0,0.0,0.0,,,,,26390.0,,,,1.5281254758641694,1.5281254758641694,21.0,0.00031978072179077204,21,21,78500,0.02,0.02,0.0,True,0.2,0.08,800,10,0.0,0.0,0.0,1.0211036205291748,C:/Users/efasllija/dev/gossip-poc/out_nb_incremental_clean0104/scenario_target_effect_revised/permanent_fork_sth_proof_n12000_pg0p006_a0p2_ff0p05_s78500_drop0_pc0p02_pgc0p02
permanent_fork,sth_proof,12000,6.0,5.0,0.006,0.2,0.05,3.0,True,10.0,10.0,0.0,0.0,,,,,27674.0,,,,0.9554748473842826,0.9554748473842826,4.0,6.18190248048837e-05,4,4,78501,0.02,0.02,0.0,True,0.2,0.08,800,10,0.0,0.0,0.0,1.0578649044036865,C:/Users/efasllija/dev/gossip-poc/out_nb_incremental_clean0104/scenario_target_effect_revised/permanent_fork_sth_proof_n12000_pg0p006_a0p2_ff0p05_s78501_drop0_pc0p02_pgc0p02
permanent_fork,sth_proof,12000,6.0,5.0,0.006,0.2,0.05,3.0,True,0.0,0.0,0.0,0.0,,,,,27507.0,,,,1.1040241215354285,1.1040241215354285,5.0,7.248057520584484e-05,5,5,78502,0.02,0.02,0.0,True,0.2,0.08,800,10,0.0,0.0,0.0,1.0099530220031738,C:/Users/efasllija/dev/gossip-poc/out_nb_incremental_clean0104/scenario_target_effect_revised/permanent_fork_sth_proof_n12000_pg0p006_a0p2_ff0p05_s78502_drop0_pc0p02_pgc0p02
permanent_fork,sth_proof,12000,6.0,5.0,0.006,0.2,0.05,3.0,False,,,0.0,0.0,,,,,,,,,0.6061127851915626,0.6061127851915626,0.0,0.0,0,0,78503,0.02,0.02,0.0,True,0.2,0.08,800,10,0.0,0.0,0.0,1.0427262783050537,C:/Users/efasllija/dev/gossip-poc/out_nb_incremental_clean0104/scenario_target_effect_revised/permanent_fork_sth_proof_n12000_pg0p006_a0p2_ff0p05_s78503_drop0_pc0p02_pgc0p02
permanent_fork,sth_proof,12000,6.0,5.0,0.006,0.2,0.05,3.0,True,0.0,0.0,0.0,0.0,,,,,26561.0,,,,0.6660818626503516,0.6660818626503516,5.0,7.43394935993696e-05,5,5,78504,0.02,0.02,0.0,True,0.2,0.08,800,10,0.0,0.0,0.0,1.0278122425079346,C:/Users/efasllija/dev/gossip-poc/out_nb_incremental_clean0104/scenario_target_effect_revised/permanent_fork_sth_proof_n12000_pg0p006_a0p2_ff0p05_s78504_drop0_pc0p02_pgc0p02
permanent_fork,sth_proof,12000,6.0,5.0,0.006,0.2,0.05,3.0,True,135.0,135.0,0.0,0.0,,,,,56334.0,,,,1.567067530064755,1.567067530064755,3.0,4.336262719703978e-05,3,3,78505,0.02,0.02,0.0,True,0.2,0.08,800,10,0.0,0.0,0.0,1.0784144401550293,C:/Users/efasllija/dev/gossip-poc/out_nb_incremental_clean0104/scenario_target_effect_revised/permanent_fork_sth_proof_n12000_pg0p006_a0p2_ff0p05_s78505_drop0_pc0p02_pgc0p02
permanent_fork,sth_proof,12000,6.0,5.0,0.006,0.2,0.05,3.0,True,20.0,20.0,0.0,0.0,,,,,29159.0,,,,0.7145350586819139,0.7145350586819139,4.0,6.018657839301836e-05,4,4,78506,0.02,0.02,0.0,True,0.2,0.08,800,10,0.0,0.0,0.0,1.0329992771148682,C:/Users/efasllija/dev/gossip-poc/out_nb_incremental_clean0104/scenario_target_effect_revised/permanent_fork_sth_proof_n12000_pg0p006_a0p2_ff0p05_s78506_drop0_pc0p02_pgc0p02
permanent_fork,sth_proof,12000,6.0,5.0,0.006,0.2,0.05,3.0,True,20.0,20.0,0.0,0.0,,,,,29605.0,,,,1.3029246360898017,1.3029246360898017,1.0,1.4838336325731158e-05,1,1,78507,0.02,0.02,0.0,True,0.2,0.08,800,10,0.0,0.0,0.0,1.0498018264770508,C:/Users/efasllija/dev/gossip-poc/out_nb_incremental_clean0104/scenario_target_effect_revised/permanent_fork_sth_proof_n12000_pg0p006_a0p2_ff0p05_s78507_drop0_pc0p02_pgc0p02
permanent_fork,sth_proof,12000,6.0,5.0,0.006,0.2,0.05,3.0,True,30.0,30.0,0.0,0.0,,,,,32551.0,,,,1.0512014600020279,1.0512014600020279,4.0,5.793658840399183e-05,4,4,78508,0.02,0.02,0.0,True,0.2,0.08,800,10,0.0,0.0,0.0,1.043297290802002,C:/Users/efasllija/dev/gossip-poc/out_nb_incremental_clean0104/scenario_target_effect_revised/permanent_fork_sth_proof_n12000_pg0p006_a0p2_ff0p05_s78508_drop0_pc0p02_pgc0p02
permanent_fork,sth_proof,12000,6.0,5.0,0.006,0.2,0.05,3.0,True,25.0,25.0,0.0,0.0,,,,,29773.0,,,,1.3442743417023884,1.3442743417023884,6.0,9.185548071034906e-05,6,6,78509,0.02,0.02,0.0,True,0.2,0.08,800,10,0.0,0.0,0.0,1.0481963157653809,C:/Users/efasllija/dev/gossip-poc/out_nb_incremental_clean0104/scenario_target_effect_revised/permanent_fork_sth_proof_n12000_pg0p006_a0p2_ff0p05_s78509_drop0_pc0p02_pgc0p02
permanent_fork,sth_proof,12000,6.0,5.0,0.006,0.2,0.05,3.0,True,25.0,25.0,0.0,0.0,,,,,28192.0,,,,1.0155000399074148,1.0155000399074148,4.0,6.385186367627105e-05,4,4,78510,0.02,0.02,0.0,True,0.2,0.08,800,10,0.0,0.0,0.0,1.0212855339050293,C:/Users/efasllija/dev/gossip-poc/out_nb_incremental_clean0104/scenario_target_effect_revised/permanent_fork_sth_proof_n12000_pg0p006_a0p2_ff0p05_s78510_drop0_pc0p02_pgc0p02
permanent_fork,sth_proof,12000,6.0,5.0,0.006,0.2,0.05,3.0,True,125.0,125.0,0.0,0.0,,,,,52247.0,,,,1.004084401126528,1.004084401126528,1.0,1.474513042067857e-05,1,1,78511,0.02,0.02,0.0,True,0.2,0.08,800,10,0.0,0.0,0.0,1.0491430759429932,C:/Users/efasllija/dev/gossip-poc/out_nb_incremental_clean0104/scenario_target_effect_revised/permanent_fork_sth_proof_n12000_pg0p006_a0p2_ff0p05_s78511_drop0_pc0p02_pgc0p02
permanent_fork,sth_proof,12000,6.0,5.0,0.006,0.2,0.05,3.0,True,15.0,15.0,0.0,0.0,,,,,30220.0,,,,1.474433773150226,1.474433773150226,11.0,0.00016455734075337342,11,11,78512,0.02,0.02,0.0,True,0.2,0.08,800,10,0.0,0.0,0.0,1.0344228744506836,C:/Users/efasllija/dev/gossip-poc/out_nb_incremental_clean0104/scenario_target_effect_revised/permanent_fork_sth_proof_n12000_pg0p006_a0p2_ff0p05_s78512_drop0_pc0p02_pgc0p02
permanent_fork,sth_proof,12000,6.0,5.0,0.006,0.2,0.05,3.0,True,45.0,45.0,0.0,0.0,,,,,32187.0,,,,1.4885519241225156,1.4885519241225156,5.0,7.551501238446202e-05,5,5,78513,0.02,0.02,0.0,True,0.2,0.08,800,10,0.0,0.0,0.0,1.0015301704406738,C:/Users/efasllija/dev/gossip-poc/out_nb_incremental_clean0104/scenario_target_effect_revised/permanent_fork_sth_proof_n12000_pg0p006_a0p2_ff0p05_s78513_drop0_pc0p02_pgc0p02
permanent_fork,sth_proof,12000,6.0,5.0,0.006,0.2,0.05,3.0,True,30.0,30.0,0.0,0.0,,,,,31219.0,,,,1.149810528858493,1.149810528858493,14.0,0.00021136222956957593,14,14,78514,0.02,0.02,0.0,True,0.2,0.08,800,10,0.0,0.0,0.0,1.0339913368225098,C:/Users/efasllija/dev/gossip-poc/out_nb_incremental_clean0104/scenario_target_effect_revised/permanent_fork_sth_proof_n12000_pg0p006_a0p2_ff0p05_s78514_drop0_pc0p02_pgc0p02
permanent_fork,sth_proof,12000,6.0,5.0,0.006,0.2,0.05,3.0,True,5.0,5.0,0.0,0.0,,,,,27544.0,,,,0.8578515993327047,0.8578515993327047,6.0,8.703851454268514e-05,6,6,78515,0.02,0.02,0.0,True,0.2,0.08,800,10,0.0,0.0,0.0,1.0189247131347656,C:/Users/efasllija/dev/gossip-poc/out_nb_incremental_clean0104/scenario_target_effect_revised/permanent_fork_sth_proof_n12000_pg0p006_a0p2_ff0p05_s78515_drop0_pc0p02_pgc0p02
permanent_fork,sth_proof,12000,6.0,5.0,0.01,0.2,0.05,3.0,True,5.0,5.0,0.0,0.0,,,,,26390.0,,,,2.7833714024668796,2.7833714024668796,22.0,0.00033500837520938025,22,22,78500,0.02,0.02,0.0,True,0.2,0.08,800,10,0.0,0.0,0.0,1.046797275543213,C:/Users/efasllija/dev/gossip-poc/out_nb_incremental_clean0104/scenario_target_effect_revised/permanent_fork_sth_proof_n12000_pg0p01_a0p2_ff0p05_s78500_drop0_pc0p02_pgc0p02
permanent_fork,sth_proof,12000,6.0,5.0,0.01,0.2,0.05,3.0,True,10.0,10.0,0.0,0.0,,,,,27674.0,,,,2.0909666950003865,2.0909666950003865,6.0,9.272853720732555e-05,6,6,78501,0.02,0.02,0.0,True,0.2,0.08,800,10,0.0,0.0,0.0,1.033975601196289,C:/Users/efasllija/dev/gossip-poc/out_nb_incremental_clean0104/scenario_target_effect_revised/permanent_fork_sth_proof_n12000_pg0p01_a0p2_ff0p05_s78501_drop0_pc0p02_pgc0p02
permanent_fork,sth_proof,12000,6.0,5.0,0.01,0.2,0.05,3.0,True,0.0,0.0,0.0,0.0,,,,,27507.0,,,,1.7924156326104603,1.7924156326104603,6.0,8.69766902470138e-05,6,6,78502,0.02,0.02,0.0,True,0.2,0.08,800,10,0.0,0.0,0.0,1.040393590927124,C:/Users/efasllija/dev/gossip-poc/out_nb_incremental_clean0104/scenario_target_effect_revised/permanent_fork_sth_proof_n12000_pg0p01_a0p2_ff0p05_s78502_drop0_pc0p02_pgc0p02
permanent_fork,sth_proof,12000,6.0,5.0,0.01,0.2,0.05,3.0,True,90.0,90.0,0.0,0.0,,,,,41961.0,,,,1.501506672406371,1.501506672406371,3.0,4.612262468482873e-05,3,3,78503,0.02,0.02,0.0,True,0.2,0.08,800,10,0.0,0.0,0.0,1.031252145767212,C:/Users/efasllija/dev/gossip-poc/out_nb_incremental_clean0104/scenario_target_effect_revised/permanent_fork_sth_proof_n12000_pg0p01_a0p2_ff0p05_s78503_drop0_pc0p02_pgc0p02
permanent_fork,sth_proof,12000,6.0,5.0,0.01,0.2,0.05,3.0,True,0.0,0.0,0.0,0.0,,,,,26561.0,,,,1.1323391665055977,1.1323391665055977,6.0,8.920739231924353e-05,6,6,78504,0.02,0.02,0.0,True,0.2,0.08,800,10,0.0,0.0,0.0,1.0508067607879639,C:/Users/efasllija/dev/gossip-poc/out_nb_incremental_clean0104/scenario_target_effect_revised/permanent_fork_sth_proof_n12000_pg0p01_a0p2_ff0p05_s78504_drop0_pc0p02_pgc0p02
permanent_fork,sth_proof,12000,6.0,5.0,0.01,0.2,0.05,3.0,True,125.0,125.0,0.0,0.0,,,,,53667.0,,,,1.761332099907493,1.761332099907493,4.0,5.781683626271971e-05,4,4,78505,0.02,0.02,0.0,True,0.2,0.08,800,10,0.0,0.0,0.0,1.042867660522461,C:/Users/efasllija/dev/gossip-poc/out_nb_incremental_clean0104/scenario_target_effect_revised/permanent_fork_sth_proof_n12000_pg0p01_a0p2_ff0p05_s78505_drop0_pc0p02_pgc0p02
permanent_fork,sth_proof,12000,6.0,5.0,0.01,0.2,0.05,3.0,True,20.0,20.0,0.0,0.0,,,,,29159.0,,,,1.3212157688835389,1.3212157688835389,7.0,0.00010532651218778212,7,7,78506,0.02,0.02,0.0,True,0.2,0.08,800,10,0.0,0.0,0.0,1.0476410388946533,C:/Users/efasllija/dev/gossip-poc/out_nb_incremental_clean0104/scenario_target_effect_revised/permanent_fork_sth_proof_n12000_pg0p01_a0p2_ff0p05_s78506_drop0_pc0p02_pgc0p02
permanent_fork,sth_proof,12000,6.0,5.0,0.01,0.2,0.05,3.0,True,15.0,15.0,0.0,0.0,,,,,28847.0,,,,2.246880239787515,2.246880239787515,5.0,7.419168162865579e-05,5,5,78507,0.02,0.02,0.0,True,0.2,0.08,800,10,0.0,0.0,0.0,1.0425758361816406,C:/Users/efasllija/dev/gossip-poc/out_nb_incremental_clean0104/scenario_target_effect_revised/permanent_fork_sth_proof_n12000_pg0p01_a0p2_ff0p05_s78507_drop0_pc0p02_pgc0p02
permanent_fork,sth_proof,12000,6.0,5.0,0.01,0.2,0.05,3.0,True,30.0,30.0,0.0,0.0,,,,,32551.0,,,,1.7260468417317247,1.7260468417317247,6.0,8.690488260598775e-05,6,6,78508,0.02,0.02,0.0,True,0.2,0.08,800,10,0.0,0.0,0.0,1.0329957008361816,C:/Users/efasllija/dev/gossip-poc/out_nb_incremental_clean0104/scenario_target_effect_revised/permanent_fork_sth_proof_n12000_pg0p01_a0p2_ff0p05_s78508_drop0_pc0p02_pgc0p02
permanent_fork,sth_proof,12000,6.0,5.0,0.01,0.2,0.05,3.0,True,25.0,25.0,0.0,0.0,,,,,29773.0,,,,1.9066748315982853,1.9066748315982853,9.0,0.00013778322106552357,9,9,78509,0.02,0.02,0.0,True,0.2,0.08,800,10,0.0,0.0,0.0,1.0150489807128906,C:/Users/efasllija/dev/gossip-poc/out_nb_incremental_clean0104/scenario_target_effect_revised/permanent_fork_sth_proof_n12000_pg0p01_a0p2_ff0p05_s78509_drop0_pc0p02_pgc0p02
permanent_fork,sth_proof,12000,6.0,5.0,0.01,0.2,0.05,3.0,True,25.0,25.0,0.0,0.0,,,,,28192.0,,,,1.9880916274243754,1.9880916274243754,9.0,0.00014366669327160985,9,9,78510,0.02,0.02,0.0,True,0.2,0.08,800,10,0.0,0.0,0.0,1.0104146003723145,C:/Users/efasllija/dev/gossip-poc/out_nb_incremental_clean0104/scenario_target_effect_revised/permanent_fork_sth_proof_n12000_pg0p01_a0p2_ff0p05_s78510_drop0_pc0p02_pgc0p02
permanent_fork,sth_proof,12000,6.0,5.0,0.01,0.2,0.05,3.0,True,115.0,115.0,0.0,0.0,,,,,49485.0,,,,2.457364455388608,2.457364455388608,20.0,0.0002949026084135714,20,20,78511,0.02,0.02,0.0,True,0.2,0.08,800,10,0.0,0.0,0.0,1.045659065246582,C:/Users/efasllija/dev/gossip-poc/out_nb_incremental_clean0104/scenario_target_effect_revised/permanent_fork_sth_proof_n12000_pg0p01_a0p2_ff0p05_s78511_drop0_pc0p02_pgc0p02
permanent_fork,sth_proof,12000,6.0,5.0,0.01,0.2,0.05,3.0,True,15.0,15.0,0.0,0.0,,,,,30220.0,,,,2.3456900936480864,2.3456900936480864,12.0,0.0001795170990036801,12,12,78512,0.02,0.02,0.0,True,0.2,0.08,800,10,0.0,0.0,0.0,1.0101187229156494,C:/Users/efasllija/dev/gossip-poc/out_nb_incremental_clean0104/scenario_target_effect_revised/permanent_fork_sth_proof_n12000_pg0p01_a0p2_ff0p05_s78512_drop0_pc0p02_pgc0p02
permanent_fork,sth_proof,12000,6.0,5.0,0.01,0.2,0.05,3.0,True,45.0,45.0,0.0,0.0,,,,,32187.0,,,,2.0704404035522264,2.0704404035522264,6.0,9.061801486135444e-05,6,6,78513,0.02,0.02,0.0,True,0.2,0.08,800,10,0.0,0.0,0.0,1.0461437702178955,C:/Users/efasllija/dev/gossip-poc/out_nb_incremental_clean0104/scenario_target_effect_revised/permanent_fork_sth_proof_n12000_pg0p01_a0p2_ff0p05_s78513_drop0_pc0p02_pgc0p02
permanent_fork,sth_proof,12000,6.0,5.0,0.01,0.2,0.05,3.0,True,30.0,30.0,0.0,0.0,,,,,31219.0,,,,2.313148240409439,2.313148240409439,19.0,0.00028684874013013874,19,19,78514,0.02,0.02,0.0,True,0.2,0.08,800,10,0.0,0.0,0.0,1.0189766883850098,C:/Users/efasllija/dev/gossip-poc/out_nb_incremental_clean0104/scenario_target_effect_revised/permanent_fork_sth_proof_n12000_pg0p01_a0p2_ff0p05_s78514_drop0_pc0p02_pgc0p02
permanent_fork,sth_proof,12000,6.0,5.0,0.01,0.2,0.05,3.0,True,5.0,5.0,0.0,0.0,,,,,27544.0,,,,1.5337346775948357,1.5337346775948357,8.0,0.00011605135272358018,8,8,78515,0.02,0.02,0.0,True,0.2,0.08,800,10,0.0,0.0,0.0,1.0482852458953857,C:/Users/efasllija/dev/gossip-poc/out_nb_incremental_clean0104/scenario_target_effect_revised/permanent_fork_sth_proof_n12000_pg0p01_a0p2_ff0p05_s78515_drop0_pc0p02_pgc0p02
permanent_fork,sth_proof,12000,6.0,5.0,0.015,0.2,0.05,3.0,True,5.0,5.0,0.0,0.0,,,,,26390.0,,,,3.5747220953251104,3.5747220953251104,27.0,0.0004111466423024212,27,27,78500,0.02,0.02,0.0,True,0.2,0.08,800,10,0.0,0.0,0.0,1.033217191696167,C:/Users/efasllija/dev/gossip-poc/out_nb_incremental_clean0104/scenario_target_effect_revised/permanent_fork_sth_proof_n12000_pg0p015_a0p2_ff0p05_s78500_drop0_pc0p02_pgc0p02
permanent_fork,sth_proof,12000,6.0,5.0,0.015,0.2,0.05,3.0,True,10.0,10.0,0.0,0.0,,,,,27674.0,,,,3.0602890039409627,3.0602890039409627,9.0,0.00013909280581098833,9,9,78501,0.02,0.02,0.0,True,0.2,0.08,800,10,0.0,0.0,0.0,1.0498378276824951,C:/Users/efasllija/dev/gossip-poc/out_nb_incremental_clean0104/scenario_target_effect_revised/permanent_fork_sth_proof_n12000_pg0p015_a0p2_ff0p05_s78501_drop0_pc0p02_pgc0p02
permanent_fork,sth_proof,12000,6.0,5.0,0.015,0.2,0.05,3.0,True,0.0,0.0,0.0,0.0,,,,,27507.0,,,,2.3509219529166185,2.3509219529166185,9.0,0.0001304650353705207,9,9,78502,0.02,0.02,0.0,True,0.2,0.08,800,10,0.0,0.0,0.0,1.0602214336395264,C:/Users/efasllija/dev/gossip-poc/out_nb_incremental_clean0104/scenario_target_effect_revised/permanent_fork_sth_proof_n12000_pg0p015_a0p2_ff0p05_s78502_drop0_pc0p02_pgc0p02
permanent_fork,sth_proof,12000,6.0,5.0,0.015,0.2,0.05,3.0,True,0.0,0.0,0.0,0.0,,,,,26634.0,,,,2.217821782178218,2.217821782178218,6.0,9.224524936965746e-05,6,6,78503,0.02,0.02,0.0,True,0.2,0.08,800,10,0.0,0.0,0.0,1.0393493175506592,C:/Users/efasllija/dev/gossip-poc/out_nb_incremental_clean0104/scenario_target_effect_revised/permanent_fork_sth_proof_n12000_pg0p015_a0p2_ff0p05_s78503_drop0_pc0p02_pgc0p02
permanent_fork,sth_proof,12000,6.0,5.0,0.015,0.2,0.05,3.0,True,0.0,0.0,0.0,0.0,,,,,26561.0,,,,1.8383859409149705,1.8383859409149705,10.0,0.0001486789871987392,10,10,78504,0.02,0.02,0.0,True,0.2,0.08,800,10,0.0,0.0,0.0,1.0389249324798584,C:/Users/efasllija/dev/gossip-poc/out_nb_incremental_clean0104/scenario_target_effect_revised/permanent_fork_sth_proof_n12000_pg0p015_a0p2_ff0p05_s78504_drop0_pc0p02_pgc0p02
permanent_fork,sth_proof,12000,6.0,5.0,0.015,0.2,0.05,3.0,True,70.0,70.0,0.0,0.0,,,,,41133.0,,,,2.370027752081406,2.370027752081406,5.0,7.227104532839963e-05,5,5,78505,0.02,0.02,0.0,True,0.2,0.08,800,10,0.0,0.0,0.0,1.060973882675171,C:/Users/efasllija/dev/gossip-poc/out_nb_incremental_clean0104/scenario_target_effect_revised/permanent_fork_sth_proof_n12000_pg0p015_a0p2_ff0p05_s78505_drop0_pc0p02_pgc0p02
permanent_fork,sth_proof,12000,6.0,5.0,0.015,0.2,0.05,3.0,True,20.0,20.0,0.0,0.0,,,,,29159.0,,,,1.7256695756846223,1.7256695756846223,11.0,0.00016551309058080048,11,11,78506,0.02,0.02,0.0,True,0.2,0.08,800,10,0.0,0.0,0.0,1.0367004871368408,C:/Users/efasllija/dev/gossip-poc/out_nb_incremental_clean0104/scenario_target_effect_revised/permanent_fork_sth_proof_n12000_pg0p015_a0p2_ff0p05_s78506_drop0_pc0p02_pgc0p02
permanent_fork,sth_proof,12000,6.0,5.0,0.015,0.2,0.05,3.0,True,15.0,15.0,0.0,0.0,,,,,28847.0,,,,3.2971970382680693,3.2971970382680693,18.0,0.0002670900538631609,18,18,78507,0.02,0.02,0.0,True,0.2,0.08,800,10,0.0,0.0,0.0,1.1153860092163086,C:/Users/efasllija/dev/gossip-poc/out_nb_incremental_clean0104/scenario_target_effect_revised/permanent_fork_sth_proof_n12000_pg0p015_a0p2_ff0p05_s78507_drop0_pc0p02_pgc0p02
permanent_fork,sth_proof,12000,6.0,5.0,0.015,0.2,0.05,3.0,True,30.0,30.0,0.0,0.0,,,,,32551.0,,,,3.127648788401095,3.127648788401095,8.0,0.00011587317680798367,8,8,78508,0.02,0.02,0.0,True,0.2,0.08,800,10,0.0,0.0,0.0,1.082749366760254,C:/Users/efasllija/dev/gossip-poc/out_nb_incremental_clean0104/scenario_target_effect_revised/permanent_fork_sth_proof_n12000_pg0p015_a0p2_ff0p05_s78508_drop0_pc0p02_pgc0p02
permanent_fork,sth_proof,12000,6.0,5.0,0.015,0.2,0.05,3.0,True,25.0,25.0,0.0,0.0,,,,,29773.0,,,,2.427924066135946,2.427924066135946,12.0,0.00018371096142069811,12,12,78509,0.02,0.02,0.0,True,0.2,0.08,800,10,0.0,0.0,0.0,1.120234489440918,C:/Users/efasllija/dev/gossip-poc/out_nb_incremental_clean0104/scenario_target_effect_revised/permanent_fork_sth_proof_n12000_pg0p015_a0p2_ff0p05_s78509_drop0_pc0p02_pgc0p02
permanent_fork,sth_proof,12000,6.0,5.0,0.015,0.2,0.05,3.0,True,25.0,25.0,0.0,0.0,,,,,28192.0,,,,2.932077580014367,2.932077580014367,12.0,0.00019155559102881315,12,12,78510,0.02,0.02,0.0,True,0.2,0.08,800,10,0.0,0.0,0.0,1.026149034500122,C:/Users/efasllija/dev/gossip-poc/out_nb_incremental_clean0104/scenario_target_effect_revised/permanent_fork_sth_proof_n12000_pg0p015_a0p2_ff0p05_s78510_drop0_pc0p02_pgc0p02
permanent_fork,sth_proof,12000,6.0,5.0,0.015,0.2,0.05,3.0,True,60.0,60.0,0.0,0.0,,,,,37235.0,,,,3.316120851088928,3.316120851088928,23.0,0.00033913799967560715,23,23,78511,0.02,0.02,0.0,True,0.2,0.08,800,10,0.0,0.0,0.0,1.0790836811065674,C:/Users/efasllija/dev/gossip-poc/out_nb_incremental_clean0104/scenario_target_effect_revised/permanent_fork_sth_proof_n12000_pg0p015_a0p2_ff0p05_s78511_drop0_pc0p02_pgc0p02
permanent_fork,sth_proof,12000,6.0,5.0,0.015,0.2,0.05,3.0,True,15.0,15.0,0.0,0.0,,,,,30220.0,,,,3.485025281991443,3.485025281991443,16.0,0.0002393561320049068,16,16,78512,0.02,0.02,0.0,True,0.2,0.08,800,10,0.0,0.0,0.0,1.0943434238433838,C:/Users/efasllija/dev/gossip-poc/out_nb_incremental_clean0104/scenario_target_effect_revised/permanent_fork_sth_proof_n12000_pg0p015_a0p2_ff0p05_s78512_drop0_pc0p02_pgc0p02
permanent_fork,sth_proof,12000,6.0,5.0,0.015,0.2,0.05,3.0,True,45.0,45.0,0.0,0.0,,,,,32187.0,,,,2.814716365613484,2.814716365613484,6.0,9.061801486135444e-05,6,6,78513,0.02,0.02,0.0,True,0.2,0.08,800,10,0.0,0.0,0.0,1.0321037769317627,C:/Users/efasllija/dev/gossip-poc/out_nb_incremental_clean0104/scenario_target_effect_revised/permanent_fork_sth_proof_n12000_pg0p015_a0p2_ff0p05_s78513_drop0_pc0p02_pgc0p02
permanent_fork,sth_proof,12000,6.0,5.0,0.015,0.2,0.05,3.0,True,30.0,30.0,0.0,0.0,,,,,31219.0,,,,3.0706704711867987,3.0706704711867987,22.0,0.00033214064646647646,22,22,78514,0.02,0.02,0.0,True,0.2,0.08,800,10,0.0,0.0,0.0,1.0640416145324707,C:/Users/efasllija/dev/gossip-poc/out_nb_incremental_clean0104/scenario_target_effect_revised/permanent_fork_sth_proof_n12000_pg0p015_a0p2_ff0p05_s78514_drop0_pc0p02_pgc0p02
permanent_fork,sth_proof,12000,6.0,5.0,0.015,0.2,0.05,3.0,True,5.0,5.0,0.0,0.0,,,,,27544.0,,,,2.3915862769275402,2.3915862769275402,13.0,0.0001885834481758178,13,13,78515,0.02,0.02,0.0,True,0.2,0.08,800,10,0.0,0.0,0.0,1.04378342628479,C:/Users/efasllija/dev/gossip-poc/out_nb_incremental_clean0104/scenario_target_effect_revised/permanent_fork_sth_proof_n12000_pg0p015_a0p2_ff0p05_s78515_drop0_pc0p02_pgc0p02
permanent_fork,sth_proof,12000,6.0,5.0,0.006,0.2,0.075,3.0,True,5.0,5.0,0.0,0.0,,,,,26390.0,,,,1.5281254758641694,1.5281254758641694,24.0,0.0003654636820465966,24,24,78500,0.02,0.02,0.0,True,0.2,0.08,800,10,0.0,0.0,0.0,1.0604689121246338,C:/Users/efasllija/dev/gossip-poc/out_nb_incremental_clean0104/scenario_target_effect_revised/permanent_fork_sth_proof_n12000_pg0p006_a0p2_ff0p075_s78500_drop0_pc0p02_pgc0p02
permanent_fork,sth_proof,12000,6.0,5.0,0.006,0.2,0.075,3.0,True,10.0,10.0,0.0,0.0,,,,,27674.0,,,,0.9554748473842826,0.9554748473842826,6.0,9.272853720732555e-05,6,6,78501,0.02,0.02,0.0,True,0.2,0.08,800,10,0.0,0.0,0.0,1.0628175735473633,C:/Users/efasllija/dev/gossip-poc/out_nb_incremental_clean0104/scenario_target_effect_revised/permanent_fork_sth_proof_n12000_pg0p006_a0p2_ff0p075_s78501_drop0_pc0p02_pgc0p02
permanent_fork,sth_proof,12000,6.0,5.0,0.006,0.2,0.075,3.0,True,0.0,0.0,0.0,0.0,,,,,27507.0,,,,1.1040241215354285,1.1040241215354285,6.0,8.69766902470138e-05,6,6,78502,0.02,0.02,0.0,True,0.2,0.08,800,10,0.0,0.0,0.0,1.0406322479248047,C:/Users/efasllija/dev/gossip-poc/out_nb_incremental_clean0104/scenario_target_effect_revised/permanent_fork_sth_proof_n12000_pg0p006_a0p2_ff0p075_s78502_drop0_pc0p02_pgc0p02
permanent_fork,sth_proof,12000,6.0,5.0,0.006,0.2,0.075,3.0,True,5.0,5.0,0.0,0.0,,,,,27459.0,,,,0.6061127851915626,0.6061127851915626,2.0,3.074841645655249e-05,2,2,78503,0.02,0.02,0.0,True,0.2,0.08,800,10,0.0,0.0,0.0,1.035841464996338,C:/Users/efasllija/dev/gossip-poc/out_nb_incremental_clean0104/scenario_target_effect_revised/permanent_fork_sth_proof_n12000_pg0p006_a0p2_ff0p075_s78503_drop0_pc0p02_pgc0p02
permanent_fork,sth_proof,12000,6.0,5.0,0.006,0.2,0.075,3.0,True,0.0,0.0,0.0,0.0,,,,,26561.0,,,,0.6660818626503516,0.6660818626503516,6.0,8.920739231924353e-05,6,6,78504,0.02,0.02,0.0,True,0.2,0.08,800,10,0.0,0.0,0.0,1.0420737266540527,C:/Users/efasllija/dev/gossip-poc/out_nb_incremental_clean0104/scenario_target_effect_revised/permanent_fork_sth_proof_n12000_pg0p006_a0p2_ff0p075_s78504_drop0_pc0p02_pgc0p02
permanent_fork,sth_proof,12000,6.0,5.0,0.006,0.2,0.075,3.0,True,5.0,5.0,0.0,0.0,,,,,29025.0,,,,1.567067530064755,1.567067530064755,5.0,7.227104532839963e-05,5,5,78505,0.02,0.02,0.0,True,0.2,0.08,800,10,0.0,0.0,0.0,1.047365427017212,C:/Users/efasllija/dev/gossip-poc/out_nb_incremental_clean0104/scenario_target_effect_revised/permanent_fork_sth_proof_n12000_pg0p006_a0p2_ff0p075_s78505_drop0_pc0p02_pgc0p02
permanent_fork,sth_proof,12000,6.0,5.0,0.006,0.2,0.075,3.0,True,20.0,20.0,0.0,0.0,,,,,29159.0,,,,0.7145350586819139,0.7145350586819139,5.0,7.523322299127295e-05,5,5,78506,0.02,0.02,0.0,True,0.2,0.08,800,10,0.0,0.0,0.0,1.053760051727295,C:/Users/efasllija/dev/gossip-poc/out_nb_incremental_clean0104/scenario_target_effect_revised/permanent_fork_sth_proof_n12000_pg0p006_a0p2_ff0p075_s78506_drop0_pc0p02_pgc0p02
permanent_fork,sth_proof,12000,6.0,5.0,0.006,0.2,0.075,3.0,True,20.0,20.0,0.0,0.0,,,,,29605.0,,,,1.3029246360898017,1.3029246360898017,20.0,0.00029676672651462316,20,20,78507,0.02,0.02,0.0,True,0.2,0.08,800,10,0.0,0.0,0.0,1.0255048274993896,C:/Users/efasllija/dev/gossip-poc/out_nb_incremental_clean0104/scenario_target_effect_revised/permanent_fork_sth_proof_n12000_pg0p006_a0p2_ff0p075_s78507_drop0_pc0p02_pgc0p02
permanent_fork,sth_proof,12000,6.0,5.0,0.006,0.2,0.075,3.0,True,30.0,30.0,0.0,0.0,,,,,32551.0,,,,1.0512014600020279,1.0512014600020279,6.0,8.690488260598775e-05,6,6,78508,0.02,0.02,0.0,True,0.2,0.08,800,10,0.0,0.0,0.0,1.0464003086090088,C:/Users/efasllija/dev/gossip-poc/out_nb_incremental_clean0104/scenario_target_effect_revised/permanent_fork_sth_proof_n12000_pg0p006_a0p2_ff0p075_s78508_drop0_pc0p02_pgc0p02
permanent_fork,sth_proof,12000,6.0,5.0,0.006,0.2,0.075,3.0,True,25.0,25.0,0.0,0.0,,,,,29773.0,,,,1.3442743417023884,1.3442743417023884,7.0,0.00010716472749540722,7,7,78509,0.02,0.02,0.0,True,0.2,0.08,800,10,0.0,0.0,0.0,1.0399510860443115,C:/Users/efasllija/dev/gossip-poc/out_nb_incremental_clean0104/scenario_target_effect_revised/permanent_fork_sth_proof_n12000_pg0p006_a0p2_ff0p075_s78509_drop0_pc0p02_pgc0p02
permanent_fork,sth_proof,12000,6.0,5.0,0.006,0.2,0.075,3.0,True,25.0,25.0,0.0,0.0,,,,,28192.0,,,,1.0155000399074148,1.0155000399074148,4.0,6.385186367627105e-05,4,4,78510,0.02,0.02,0.0,True,0.2,0.08,800,10,0.0,0.0,0.0,1.0340685844421387,C:/Users/efasllija/dev/gossip-poc/out_nb_incremental_clean0104/scenario_target_effect_revised/permanent_fork_sth_proof_n12000_pg0p006_a0p2_ff0p075_s78510_drop0_pc0p02_pgc0p02
permanent_fork,sth_proof,12000,6.0,5.0,0.006,0.2,0.075,3.0,True,75.0,75.0,0.0,0.0,,,,,40140.0,,,,1.004084401126528,1.004084401126528,4.0,5.898052168271428e-05,4,4,78511,0.02,0.02,0.0,True,0.2,0.08,800,10,0.0,0.0,0.0,1.0620794296264648,C:/Users/efasllija/dev/gossip-poc/out_nb_incremental_clean0104/scenario_target_effect_revised/permanent_fork_sth_proof_n12000_pg0p006_a0p2_ff0p075_s78511_drop0_pc0p02_pgc0p02
permanent_fork,sth_proof,12000,6.0,5.0,0.006,0.2,0.075,3.0,True,15.0,15.0,0.0,0.0,,,,,30220.0,,,,1.474433773150226,1.474433773150226,26.0,0.00038895371450797355,26,26,78512,0.02,0.02,0.0,True,0.2,0.08,800,10,0.0,0.0,0.0,1.0802335739135742,C:/Users/efasllija/dev/gossip-poc/out_nb_incremental_clean0104/scenario_target_effect_revised/permanent_fork_sth_proof_n12000_pg0p006_a0p2_ff0p075_s78512_drop0_pc0p02_pgc0p02
permanent_fork,sth_proof,12000,6.0,5.0,0.006,0.2,0.075,3.0,True,45.0,45.0,0.0,0.0,,,,,32187.0,,,,1.4885519241225156,1.4885519241225156,15.0,0.0002265450371533861,15,15,78513,0.02,0.02,0.0,True,0.2,0.08,800,10,0.0,0.0,0.0,1.048119068145752,C:/Users/efasllija/dev/gossip-poc/out_nb_incremental_clean0104/scenario_target_effect_revised/permanent_fork_sth_proof_n12000_pg0p006_a0p2_ff0p075_s78513_drop0_pc0p02_pgc0p02
permanent_fork,sth_proof,12000,6.0,5.0,0.006,0.2,0.075,3.0,True,30.0,30.0,0.0,0.0,,,,,31219.0,,,,1.149810528858493,1.149810528858493,14.0,0.00021136222956957593,14,14,78514,0.02,0.02,0.0,True,0.2,0.08,800,10,0.0,0.0,0.0,1.0217792987823486,C:/Users/efasllija/dev/gossip-poc/out_nb_incremental_clean0104/scenario_target_effect_revised/permanent_fork_sth_proof_n12000_pg0p006_a0p2_ff0p075_s78514_drop0_pc0p02_pgc0p02
permanent_fork,sth_proof,12000,6.0,5.0,0.006,0.2,0.075,3.0,True,5.0,5.0,0.0,0.0,,,,,27544.0,,,,0.8578515993327047,0.8578515993327047,11.0,0.00015957060999492276,11,11,78515,0.02,0.02,0.0,True,0.2,0.08,800,10,0.0,0.0,0.0,1.063549518585205,C:/Users/efasllija/dev/gossip-poc/out_nb_incremental_clean0104/scenario_target_effect_revised/permanent_fork_sth_proof_n12000_pg0p006_a0p2_ff0p075_s78515_drop0_pc0p02_pgc0p02
permanent_fork,sth_proof,12000,6.0,5.0,0.01,0.2,0.075,3.0,True,5.0,5.0,0.0,0.0,,,,,26390.0,,,,2.7833714024668796,2.7833714024668796,26.0,0.000395918988883813,26,26,78500,0.02,0.02,0.0,True,0.2,0.08,800,10,0.0,0.0,0.0,1.0840325355529785,C:/Users/efasllija/dev/gossip-poc/out_nb_incremental_clean0104/scenario_target_effect_revised/permanent_fork_sth_proof_n12000_pg0p01_a0p2_ff0p075_s78500_drop0_pc0p02_pgc0p02
permanent_fork,sth_proof,12000,6.0,5.0,0.01,0.2,0.075,3.0,True,10.0,10.0,0.0,0.0,,,,,27674.0,,,,2.0909666950003865,2.0909666950003865,11.0,0.00017000231821343018,11,11,78501,0.02,0.02,0.0,True,0.2,0.08,800,10,0.0,0.0,0.0,1.0627391338348389,C:/Users/efasllija/dev/gossip-poc/out_nb_incremental_clean0104/scenario_target_effect_revised/permanent_fork_sth_proof_n12000_pg0p01_a0p2_ff0p075_s78501_drop0_pc0p02_pgc0p02
permanent_fork,sth_proof,12000,6.0,5.0,0.01,0.2,0.075,3.0,True,0.0,0.0,0.0,0.0,,,,,27507.0,,,,1.7924156326104603,1.7924156326104603,7.0,0.00010147280528818277,7,7,78502,0.02,0.02,0.0,True,0.2,0.08,800,10,0.0,0.0,0.0,1.1049997806549072,C:/Users/efasllija/dev/gossip-poc/out_nb_incremental_clean0104/scenario_target_effect_revised/permanent_fork_sth_proof_n12000_pg0p01_a0p2_ff0p075_s78502_drop0_pc0p02_pgc0p02
permanent_fork,sth_proof,12000,6.0,5.0,0.01,0.2,0.075,3.0,True,5.0,5.0,0.0,0.0,,,,,27459.0,,,,1.501506672406371,1.501506672406371,6.0,9.224524936965746e-05,6,6,78503,0.02,0.02,0.0,True,0.2,0.08,800,10,0.0,0.0,0.0,1.0726089477539062,C:/Users/efasllija/dev/gossip-poc/out_nb_incremental_clean0104/scenario_target_effect_revised/permanent_fork_sth_proof_n12000_pg0p01_a0p2_ff0p075_s78503_drop0_pc0p02_pgc0p02
permanent_fork,sth_proof,12000,6.0,5.0,0.01,0.2,0.075,3.0,True,0.0,0.0,0.0,0.0,,,,,26561.0,,,,1.1323391665055977,1.1323391665055977,8.0,0.00011894318975899136,8,8,78504,0.02,0.02,0.0,True,0.2,0.08,800,10,0.0,0.0,0.0,1.0590062141418457,C:/Users/efasllija/dev/gossip-poc/out_nb_incremental_clean0104/scenario_target_effect_revised/permanent_fork_sth_proof_n12000_pg0p01_a0p2_ff0p075_s78504_drop0_pc0p02_pgc0p02
permanent_fork,sth_proof,12000,6.0,5.0,0.01,0.2,0.075,3.0,True,5.0,5.0,0.0,0.0,,,,,29025.0,,,,1.761332099907493,1.761332099907493,6.0,8.672525439407955e-05,6,6,78505,0.02,0.02,0.0,True,0.2,0.08,800,10,0.0,0.0,0.0,1.1092212200164795,C:/Users/efasllija/dev/gossip-poc/out_nb_incremental_clean0104/scenario_target_effect_revised/permanent_fork_sth_proof_n12000_pg0p01_a0p2_ff0p075_s78505_drop0_pc0p02_pgc0p02
permanent_fork,sth_proof,12000,6.0,5.0,0.01,0.2,0.075,3.0,True,20.0,20.0,0.0,0.0,,,,,29159.0,,,,1.3212157688835389,1.3212157688835389,10.0,0.0001504664459825459,10,10,78506,0.02,0.02,0.0,True,0.2,0.08,800,10,0.0,0.0,0.0,1.0596575736999512,C:/Users/efasllija/dev/gossip-poc/out_nb_incremental_clean0104/scenario_target_effect_revised/permanent_fork_sth_proof_n12000_pg0p01_a0p2_ff0p075_s78506_drop0_pc0p02_pgc0p02
permanent_fork,sth_proof,12000,6.0,5.0,0.01,0.2,0.075,3.0,True,15.0,15.0,0.0,0.0,,,,,28847.0,,,,2.246880239787515,2.246880239787515,24.0,0.0003561200718175478,24,24,78507,0.02,0.02,0.0,True,0.2,0.08,800,10,0.0,0.0,0.0,1.0845613479614258,C:/Users/efasllija/dev/gossip-poc/out_nb_incremental_clean0104/scenario_target_effect_revised/permanent_fork_sth_proof_n12000_pg0p01_a0p2_ff0p075_s78507_drop0_pc0p02_pgc0p02
permanent_fork,sth_proof,12000,6.0,5.0,0.01,0.2,0.075,3.0,True,30.0,30.0,0.0,0.0,,,,,32551.0,,,,1.7260468417317247,1.7260468417317247,8.0,0.00011587317680798367,8,8,78508,0.02,0.02,0.0,True,0.2,0.08,800,10,0.0,0.0,0.0,1.0664055347442627,C:/Users/efasllija/dev/gossip-poc/out_nb_incremental_clean0104/scenario_target_effect_revised/permanent_fork_sth_proof_n12000_pg0p01_a0p2_ff0p075_s78508_drop0_pc0p02_pgc0p02
permanent_fork,sth_proof,12000,6.0,5.0,0.01,0.2,0.075,3.0,True,25.0,25.0,0.0,0.0,,,,,29773.0,,,,1.9066748315982853,1.9066748315982853,23.0,0.00035211267605633805,23,23,78509,0.02,0.02,0.0,True,0.2,0.08,800,10,0.0,0.0,0.0,1.0471067428588867,C:/Users/efasllija/dev/gossip-poc/out_nb_incremental_clean0104/scenario_target_effect_revised/permanent_fork_sth_proof_n12000_pg0p01_a0p2_ff0p075_s78509_drop0_pc0p02_pgc0p02
permanent_fork,sth_proof,12000,6.0,5.0,0.01,0.2,0.075,3.0,True,25.0,25.0,0.0,0.0,,,,,28192.0,,,,1.9880916274243754,1.9880916274243754,12.0,0.00019155559102881315,12,12,78510,0.02,0.02,0.0,True,0.2,0.08,800,10,0.0,0.0,0.0,1.0514874458312988,C:/Users/efasllija/dev/gossip-poc/out_nb_incremental_clean0104/scenario_target_effect_revised/permanent_fork_sth_proof_n12000_pg0p01_a0p2_ff0p075_s78510_drop0_pc0p02_pgc0p02
permanent_fork,sth_proof,12000,6.0,5.0,0.01,0.2,0.075,3.0,True,75.0,75.0,0.0,0.0,,,,,40140.0,,,,2.457364455388608,2.457364455388608,24.0,0.0003538831300962857,24,24,78511,0.02,0.02,0.0,True,0.2,0.08,800,10,0.0,0.0,0.0,1.0556623935699463,C:/Users/efasllija/dev/gossip-poc/out_nb_incremental_clean0104/scenario_target_effect_revised/permanent_fork_sth_proof_n12000_pg0p01_a0p2_ff0p075_s78511_drop0_pc0p02_pgc0p02
permanent_fork,sth_proof,12000,6.0,5.0,0.01,0.2,0.075,3.0,True,15.0,15.0,0.0,0.0,,,,,30220.0,,,,2.3456900936480864,2.3456900936480864,27.0,0.0004039134727582802,27,27,78512,0.02,0.02,0.0,True,0.2,0.08,800,10,0.0,0.0,0.0,1.0330467224121094,C:/Users/efasllija/dev/gossip-poc/out_nb_incremental_clean0104/scenario_target_effect_revised/permanent_fork_sth_proof_n12000_pg0p01_a0p2_ff0p075_s78512_drop0_pc0p02_pgc0p02
permanent_fork,sth_proof,12000,6.0,5.0,0.01,0.2,0.075,3.0,True,45.0,45.0,0.0,0.0,,,,,32187.0,,,,2.0704404035522264,2.0704404035522264,16.0,0.0002416480396302785,16,16,78513,0.02,0.02,0.0,True,0.2,0.08,800,10,0.0,0.0,0.0,1.0400505065917969,C:/Users/efasllija/dev/gossip-poc/out_nb_incremental_clean0104/scenario_target_effect_revised/permanent_fork_sth_proof_n12000_pg0p01_a0p2_ff0p075_s78513_drop0_pc0p02_pgc0p02
permanent_fork,sth_proof,12000,6.0,5.0,0.01,0.2,0.075,3.0,True,30.0,30.0,0.0,0.0,,,,,31219.0,,,,2.313148240409439,2.313148240409439,23.0,0.000347237948578589,23,23,78514,0.02,0.02,0.0,True,0.2,0.08,800,10,0.0,0.0,0.0,1.044062852859497,C:/Users/efasllija/dev/gossip-poc/out_nb_incremental_clean0104/scenario_target_effect_revised/permanent_fork_sth_proof_n12000_pg0p01_a0p2_ff0p075_s78514_drop0_pc0p02_pgc0p02
permanent_fork,sth_proof,12000,6.0,5.0,0.01,0.2,0.075,3.0,True,5.0,5.0,0.0,0.0,,,,,27544.0,,,,1.5337346775948357,1.5337346775948357,26.0,0.0003771668963516356,26,26,78515,0.02,0.02,0.0,True,0.2,0.08,800,10,0.0,0.0,0.0,1.0297858715057373,C:/Users/efasllija/dev/gossip-poc/out_nb_incremental_clean0104/scenario_target_effect_revised/permanent_fork_sth_proof_n12000_pg0p01_a0p2_ff0p075_s78515_drop0_pc0p02_pgc0p02
permanent_fork,sth_proof,12000,6.0,5.0,0.015,0.2,0.075,3.0,True,5.0,5.0,0.0,0.0,,,,,26390.0,,,,3.5747220953251104,3.5747220953251104,33.0,0.0005025125628140704,33,33,78500,0.02,0.02,0.0,True,0.2,0.08,800,10,0.0,0.0,0.0,1.027707815170288,C:/Users/efasllija/dev/gossip-poc/out_nb_incremental_clean0104/scenario_target_effect_revised/permanent_fork_sth_proof_n12000_pg0p015_a0p2_ff0p075_s78500_drop0_pc0p02_pgc0p02
permanent_fork,sth_proof,12000,6.0,5.0,0.015,0.2,0.075,3.0,True,10.0,10.0,0.0,0.0,,,,,27674.0,,,,3.0602890039409627,3.0602890039409627,14.0,0.00021636658681709297,14,14,78501,0.02,0.02,0.0,True,0.2,0.08,800,10,0.0,0.0,0.0,1.026343584060669,C:/Users/efasllija/dev/gossip-poc/out_nb_incremental_clean0104/scenario_target_effect_revised/permanent_fork_sth_proof_n12000_pg0p015_a0p2_ff0p075_s78501_drop0_pc0p02_pgc0p02
permanent_fork,sth_proof,12000,6.0,5.0,0.015,0.2,0.075,3.0,True,0.0,0.0,0.0,0.0,,,,,27507.0,,,,2.3509219529166185,2.3509219529166185,10.0,0.00014496115041168968,10,10,78502,0.02,0.02,0.0,True,0.2,0.08,800,10,0.0,0.0,0.0,1.0587496757507324,C:/Users/efasllija/dev/gossip-poc/out_nb_incremental_clean0104/scenario_target_effect_revised/permanent_fork_sth_proof_n12000_pg0p015_a0p2_ff0p075_s78502_drop0_pc0p02_pgc0p02
permanent_fork,sth_proof,12000,6.0,5.0,0.015,0.2,0.075,3.0,True,0.0,0.0,0.0,0.0,,,,,26634.0,,,,2.217821782178218,2.217821782178218,11.0,0.00016911629051103867,11,11,78503,0.02,0.02,0.0,True,0.2,0.08,800,10,0.0,0.0,0.0,1.0355682373046875,C:/Users/efasllija/dev/gossip-poc/out_nb_incremental_clean0104/scenario_target_effect_revised/permanent_fork_sth_proof_n12000_pg0p015_a0p2_ff0p075_s78503_drop0_pc0p02_pgc0p02
permanent_fork,sth_proof,12000,6.0,5.0,0.015,0.2,0.075,3.0,True,0.0,0.0,0.0,0.0,,,,,26561.0,,,,1.8383859409149705,1.8383859409149705,13.0,0.00019328268335836097,13,13,78504,0.02,0.02,0.0,True,0.2,0.08,800,10,0.0,0.0,0.0,1.0218963623046875,C:/Users/efasllija/dev/gossip-poc/out_nb_incremental_clean0104/scenario_target_effect_revised/permanent_fork_sth_proof_n12000_pg0p015_a0p2_ff0p075_s78504_drop0_pc0p02_pgc0p02
permanent_fork,sth_proof,12000,6.0,5.0,0.015,0.2,0.075,3.0,True,5.0,5.0,0.0,0.0,,,,,29025.0,,,,2.370027752081406,2.370027752081406,8.0,0.00011563367252543941,8,8,78505,0.02,0.02,0.0,True,0.2,0.08,800,10,0.0,0.0,0.0,1.0398194789886475,C:/Users/efasllija/dev/gossip-poc/out_nb_incremental_clean0104/scenario_target_effect_revised/permanent_fork_sth_proof_n12000_pg0p015_a0p2_ff0p075_s78505_drop0_pc0p02_pgc0p02
permanent_fork,sth_proof,12000,6.0,5.0,0.015,0.2,0.075,3.0,True,20.0,20.0,0.0,0.0,,,,,29159.0,,,,1.7256695756846223,1.7256695756846223,16.0,0.00024074631357207343,16,16,78506,0.02,0.02,0.0,True,0.2,0.08,800,10,0.0,0.0,0.0,1.0362274646759033,C:/Users/efasllija/dev/gossip-poc/out_nb_incremental_clean0104/scenario_target_effect_revised/permanent_fork_sth_proof_n12000_pg0p015_a0p2_ff0p075_s78506_drop0_pc0p02_pgc0p02
permanent_fork,sth_proof,12000,6.0,5.0,0.015,0.2,0.075,3.0,True,15.0,15.0,0.0,0.0,,,,,28847.0,,,,3.2971970382680693,3.2971970382680693,37.0,0.0005490184440520529,37,37,78507,0.02,0.02,0.0,True,0.2,0.08,800,10,0.0,0.0,0.0,1.0498976707458496,C:/Users/efasllija/dev/gossip-poc/out_nb_incremental_clean0104/scenario_target_effect_revised/permanent_fork_sth_proof_n12000_pg0p015_a0p2_ff0p075_s78507_drop0_pc0p02_pgc0p02
permanent_fork,sth_proof,12000,6.0,5.0,0.015,0.2,0.075,3.0,True,30.0,30.0,0.0,0.0,,,,,32551.0,,,,3.127648788401095,3.127648788401095,12.0,0.0001738097652119755,12,12,78508,0.02,0.02,0.0,True,0.2,0.08,800,10,0.0,0.0,0.0,1.0756652355194092,C:/Users/efasllija/dev/gossip-poc/out_nb_incremental_clean0104/scenario_target_effect_revised/permanent_fork_sth_proof_n12000_pg0p015_a0p2_ff0p075_s78508_drop0_pc0p02_pgc0p02
permanent_fork,sth_proof,12000,6.0,5.0,0.015,0.2,0.075,3.0,True,25.0,25.0,0.0,0.0,,,,,29773.0,,,,2.427924066135946,2.427924066135946,26.0,0.00039804041641151253,26,26,78509,0.02,0.02,0.0,True,0.2,0.08,800,10,0.0,0.0,0.0,1.0466852188110352,C:/Users/efasllija/dev/gossip-poc/out_nb_incremental_clean0104/scenario_target_effect_revised/permanent_fork_sth_proof_n12000_pg0p015_a0p2_ff0p075_s78509_drop0_pc0p02_pgc0p02
permanent_fork,sth_proof,12000,6.0,5.0,0.015,0.2,0.075,3.0,True,25.0,25.0,0.0,0.0,,,,,28192.0,,,,2.932077580014367,2.932077580014367,15.0,0.00023944448878601644,15,15,78510,0.02,0.02,0.0,True,0.2,0.08,800,10,0.0,0.0,0.0,1.0275402069091797,C:/Users/efasllija/dev/gossip-poc/out_nb_incremental_clean0104/scenario_target_effect_revised/permanent_fork_sth_proof_n12000_pg0p015_a0p2_ff0p075_s78510_drop0_pc0p02_pgc0p02
permanent_fork,sth_proof,12000,6.0,5.0,0.015,0.2,0.075,3.0,True,60.0,60.0,0.0,0.0,,,,,37235.0,,,,3.316120851088928,3.316120851088928,28.0,0.000412863651779,28,28,78511,0.02,0.02,0.0,True,0.2,0.08,800,10,0.0,0.0,0.0,1.0459978580474854,C:/Users/efasllija/dev/gossip-poc/out_nb_incremental_clean0104/scenario_target_effect_revised/permanent_fork_sth_proof_n12000_pg0p015_a0p2_ff0p075_s78511_drop0_pc0p02_pgc0p02
permanent_fork,sth_proof,12000,6.0,5.0,0.015,0.2,0.075,3.0,True,15.0,15.0,0.0,0.0,,,,,30220.0,,,,3.485025281991443,3.485025281991443,32.0,0.0004787122640098136,32,32,78512,0.02,0.02,0.0,True,0.2,0.08,800,10,0.0,0.0,0.0,1.0458259582519531,C:/Users/efasllija/dev/gossip-poc/out_nb_incremental_clean0104/scenario_target_effect_revised/permanent_fork_sth_proof_n12000_pg0p015_a0p2_ff0p075_s78512_drop0_pc0p02_pgc0p02
permanent_fork,sth_proof,12000,6.0,5.0,0.015,0.2,0.075,3.0,True,45.0,45.0,0.0,0.0,,,,,32187.0,,,,2.814716365613484,2.814716365613484,18.0,0.0002718540445840633,18,18,78513,0.02,0.02,0.0,True,0.2,0.08,800,10,0.0,0.0,0.0,1.068943738937378,C:/Users/efasllija/dev/gossip-poc/out_nb_incremental_clean0104/scenario_target_effect_revised/permanent_fork_sth_proof_n12000_pg0p015_a0p2_ff0p075_s78513_drop0_pc0p02_pgc0p02
permanent_fork,sth_proof,12000,6.0,5.0,0.015,0.2,0.075,3.0,True,30.0,30.0,0.0,0.0,,,,,31219.0,,,,3.0706704711867987,3.0706704711867987,28.0,0.00042272445913915186,28,28,78514,0.02,0.02,0.0,True,0.2,0.08,800,10,0.0,0.0,0.0,1.0483763217926025,C:/Users/efasllija/dev/gossip-poc/out_nb_incremental_clean0104/scenario_target_effect_revised/permanent_fork_sth_proof_n12000_pg0p015_a0p2_ff0p075_s78514_drop0_pc0p02_pgc0p02
permanent_fork,sth_proof,12000,6.0,5.0,0.015,0.2,0.075,3.0,True,5.0,5.0,0.0,0.0,,,,,27544.0,,,,2.3915862769275402,2.3915862769275402,35.0,0.0005077246681656633,35,35,78515,0.02,0.02,0.0,True,0.2,0.08,800,10,0.0,0.0,0.0,1.087968349456787,C:/Users/efasllija/dev/gossip-poc/out_nb_incremental_clean0104/scenario_target_effect_revised/permanent_fork_sth_proof_n12000_pg0p015_a0p2_ff0p075_s78515_drop0_pc0p02_pgc0p02
permanent_fork,sth_proof,12000,6.0,5.0,0.006,0.2,0.1,3.0,True,5.0,5.0,0.0,0.0,,,,,26390.0,,,,1.5281254758641694,1.5281254758641694,31.0,0.000472057255976854,31,31,78500,0.02,0.02,0.0,True,0.2,0.08,800,10,0.0,0.0,0.0,1.0613031387329102,C:/Users/efasllija/dev/gossip-poc/out_nb_incremental_clean0104/scenario_target_effect_revised/permanent_fork_sth_proof_n12000_pg0p006_a0p2_ff0p1_s78500_drop0_pc0p02_pgc0p02
permanent_fork,sth_proof,12000,6.0,5.0,0.006,0.2,0.1,3.0,True,10.0,10.0,0.0,0.0,,,,,27674.0,,,,0.9554748473842826,0.9554748473842826,7.0,0.00010818329340854649,7,7,78501,0.02,0.02,0.0,True,0.2,0.08,800,10,0.0,0.0,0.0,1.0356991291046143,C:/Users/efasllija/dev/gossip-poc/out_nb_incremental_clean0104/scenario_target_effect_revised/permanent_fork_sth_proof_n12000_pg0p006_a0p2_ff0p1_s78501_drop0_pc0p02_pgc0p02
permanent_fork,sth_proof,12000,6.0,5.0,0.006,0.2,0.1,3.0,True,0.0,0.0,0.0,0.0,,,,,27507.0,,,,1.1040241215354285,1.1040241215354285,7.0,0.00010147280528818277,7,7,78502,0.02,0.02,0.0,True,0.2,0.08,800,10,0.0,0.0,0.0,1.0792787075042725,C:/Users/efasllija/dev/gossip-poc/out_nb_incremental_clean0104/scenario_target_effect_revised/permanent_fork_sth_proof_n12000_pg0p006_a0p2_ff0p1_s78502_drop0_pc0p02_pgc0p02
permanent_fork,sth_proof,12000,6.0,5.0,0.006,0.2,0.1,3.0,True,5.0,5.0,0.0,0.0,,,,,27459.0,,,,0.6061127851915626,0.6061127851915626,4.0,6.149683291310498e-05,4,4,78503,0.02,0.02,0.0,True,0.2,0.08,800,10,0.0,0.0,0.0,1.0604469776153564,C:/Users/efasllija/dev/gossip-poc/out_nb_incremental_clean0104/scenario_target_effect_revised/permanent_fork_sth_proof_n12000_pg0p006_a0p2_ff0p1_s78503_drop0_pc0p02_pgc0p02
permanent_fork,sth_proof,12000,6.0,5.0,0.006,0.2,0.1,3.0,True,0.0,0.0,0.0,0.0,,,,,26561.0,,,,0.6660818626503516,0.6660818626503516,6.0,8.920739231924353e-05,6,6,78504,0.02,0.02,0.0,True,0.2,0.08,800,10,0.0,0.0,0.0,1.0175442695617676,C:/Users/efasllija/dev/gossip-poc/out_nb_incremental_clean0104/scenario_target_effect_revised/permanent_fork_sth_proof_n12000_pg0p006_a0p2_ff0p1_s78504_drop0_pc0p02_pgc0p02
permanent_fork,sth_proof,12000,6.0,5.0,0.006,0.2,0.1,3.0,True,5.0,5.0,0.0,0.0,,,,,29025.0,,,,1.567067530064755,1.567067530064755,5.0,7.227104532839963e-05,5,5,78505,0.02,0.02,0.0,True,0.2,0.08,800,10,0.0,0.0,0.0,1.0912115573883057,C:/Users/efasllija/dev/gossip-poc/out_nb_incremental_clean0104/scenario_target_effect_revised/permanent_fork_sth_proof_n12000_pg0p006_a0p2_ff0p1_s78505_drop0_pc0p02_pgc0p02
permanent_fork,sth_proof,12000,6.0,5.0,0.006,0.2,0.1,3.0,True,20.0,20.0,0.0,0.0,,,,,29159.0,,,,0.7145350586819139,0.7145350586819139,6.0,9.027986758952753e-05,6,6,78506,0.02,0.02,0.0,True,0.2,0.08,800,10,0.0,0.0,0.0,1.0595991611480713,C:/Users/efasllija/dev/gossip-poc/out_nb_incremental_clean0104/scenario_target_effect_revised/permanent_fork_sth_proof_n12000_pg0p006_a0p2_ff0p1_s78506_drop0_pc0p02_pgc0p02
permanent_fork,sth_proof,12000,6.0,5.0,0.006,0.2,0.1,3.0,True,20.0,20.0,0.0,0.0,,,,,29605.0,,,,1.3029246360898017,1.3029246360898017,19.0,0.000281928390188892,19,19,78507,0.02,0.02,0.0,True,0.2,0.08,800,10,0.0,0.0,0.0,1.0578415393829346,C:/Users/efasllija/dev/gossip-poc/out_nb_incremental_clean0104/scenario_target_effect_revised/permanent_fork_sth_proof_n12000_pg0p006_a0p2_ff0p1_s78507_drop0_pc0p02_pgc0p02
permanent_fork,sth_proof,12000,6.0,5.0,0.006,0.2,0.1,3.0,True,30.0,30.0,0.0,0.0,,,,,32551.0,,,,1.0512014600020279,1.0512014600020279,8.0,0.00011587317680798367,8,8,78508,0.02,0.02,0.0,True,0.2,0.08,800,10,0.0,0.0,0.0,1.0427608489990234,C:/Users/efasllija/dev/gossip-poc/out_nb_incremental_clean0104/scenario_target_effect_revised/permanent_fork_sth_proof_n12000_pg0p006_a0p2_ff0p1_s78508_drop0_pc0p02_pgc0p02
permanent_fork,sth_proof,12000,6.0,5.0,0.006,0.2,0.1,3.0,True,25.0,25.0,0.0,0.0,,,,,29773.0,,,,1.3442743417023884,1.3442743417023884,8.0,0.0001224739742804654,8,8,78509,0.02,0.02,0.0,True,0.2,0.08,800,10,0.0,0.0,0.0,1.0454578399658203,C:/Users/efasllija/dev/gossip-poc/out_nb_incremental_clean0104/scenario_target_effect_revised/permanent_fork_sth_proof_n12000_pg0p006_a0p2_ff0p1_s78509_drop0_pc0p02_pgc0p02
permanent_fork,sth_proof,12000,6.0,5.0,0.006,0.2,0.1,3.0,True,15.0,15.0,0.0,0.0,,,,,26596.0,,,,1.0155000399074148,1.0155000399074148,6.0,9.577779551440657e-05,6,6,78510,0.02,0.02,0.0,True,0.2,0.08,800,10,0.0,0.0,0.0,1.03678297996521,C:/Users/efasllija/dev/gossip-poc/out_nb_incremental_clean0104/scenario_target_effect_revised/permanent_fork_sth_proof_n12000_pg0p006_a0p2_ff0p1_s78510_drop0_pc0p02_pgc0p02
permanent_fork,sth_proof,12000,6.0,5.0,0.006,0.2,0.1,3.0,True,15.0,15.0,0.0,0.0,,,,,29667.0,,,,1.004084401126528,1.004084401126528,5.0,7.372565210339285e-05,5,5,78511,0.02,0.02,0.0,True,0.2,0.08,800,10,0.0,0.0,0.0,1.0568256378173828,C:/Users/efasllija/dev/gossip-poc/out_nb_incremental_clean0104/scenario_target_effect_revised/permanent_fork_sth_proof_n12000_pg0p006_a0p2_ff0p1_s78511_drop0_pc0p02_pgc0p02
permanent_fork,sth_proof,12000,6.0,5.0,0.006,0.2,0.1,3.0,True,15.0,15.0,0.0,0.0,,,,,30220.0,,,,1.474433773150226,1.474433773150226,25.0,0.0003739939562576669,25,25,78512,0.02,0.02,0.0,True,0.2,0.08,800,10,0.0,0.0,0.0,1.039926528930664,C:/Users/efasllija/dev/gossip-poc/out_nb_incremental_clean0104/scenario_target_effect_revised/permanent_fork_sth_proof_n12000_pg0p006_a0p2_ff0p1_s78512_drop0_pc0p02_pgc0p02
permanent_fork,sth_proof,12000,6.0,5.0,0.006,0.2,0.1,3.0,True,45.0,45.0,0.0,0.0,,,,,32187.0,,,,1.4885519241225156,1.4885519241225156,16.0,0.0002416480396302785,16,16,78513,0.02,0.02,0.0,True,0.2,0.08,800,10,0.0,0.0,0.0,1.0294556617736816,C:/Users/efasllija/dev/gossip-poc/out_nb_incremental_clean0104/scenario_target_effect_revised/permanent_fork_sth_proof_n12000_pg0p006_a0p2_ff0p1_s78513_drop0_pc0p02_pgc0p02
permanent_fork,sth_proof,12000,6.0,5.0,0.006,0.2,0.1,3.0,True,30.0,30.0,0.0,0.0,,,,,31219.0,,,,1.149810528858493,1.149810528858493,17.0,0.0002566541359059136,17,17,78514,0.02,0.02,0.0,True,0.2,0.08,800,10,0.0,0.0,0.0,1.0363366603851318,C:/Users/efasllija/dev/gossip-poc/out_nb_incremental_clean0104/scenario_target_effect_revised/permanent_fork_sth_proof_n12000_pg0p006_a0p2_ff0p1_s78514_drop0_pc0p02_pgc0p02
permanent_fork,sth_proof,12000,6.0,5.0,0.006,0.2,0.1,3.0,True,5.0,5.0,0.0,0.0,,,,,27544.0,,,,0.8578515993327047,0.8578515993327047,14.0,0.00020308986726626533,14,14,78515,0.02,0.02,0.0,True,0.2,0.08,800,10,0.0,0.0,0.0,1.0731358528137207,C:/Users/efasllija/dev/gossip-poc/out_nb_incremental_clean0104/scenario_target_effect_revised/permanent_fork_sth_proof_n12000_pg0p006_a0p2_ff0p1_s78515_drop0_pc0p02_pgc0p02
permanent_fork,sth_proof,12000,6.0,5.0,0.01,0.2,0.1,3.0,True,5.0,5.0,0.0,0.0,,,,,26390.0,,,,2.7833714024668796,2.7833714024668796,35.0,0.0005329678696512867,35,35,78500,0.02,0.02,0.0,True,0.2,0.08,800,10,0.0,0.0,0.0,1.0738525390625,C:/Users/efasllija/dev/gossip-poc/out_nb_incremental_clean0104/scenario_target_effect_revised/permanent_fork_sth_proof_n12000_pg0p01_a0p2_ff0p1_s78500_drop0_pc0p02_pgc0p02
permanent_fork,sth_proof,12000,6.0,5.0,0.01,0.2,0.1,3.0,True,10.0,10.0,0.0,0.0,,,,,27674.0,,,,2.0909666950003865,2.0909666950003865,12.0,0.0001854570744146511,12,12,78501,0.02,0.02,0.0,True,0.2,0.08,800,10,0.0,0.0,0.0,1.07307767868042,C:/Users/efasllija/dev/gossip-poc/out_nb_incremental_clean0104/scenario_target_effect_revised/permanent_fork_sth_proof_n12000_pg0p01_a0p2_ff0p1_s78501_drop0_pc0p02_pgc0p02
permanent_fork,sth_proof,12000,6.0,5.0,0.01,0.2,0.1,3.0,True,0.0,0.0,0.0,0.0,,,,,27507.0,,,,1.7924156326104603,1.7924156326104603,9.0,0.0001304650353705207,9,9,78502,0.02,0.02,0.0,True,0.2,0.08,800,10,0.0,0.0,0.0,1.0471081733703613,C:/Users/efasllija/dev/gossip-poc/out_nb_incremental_clean0104/scenario_target_effect_revised/permanent_fork_sth_proof_n12000_pg0p01_a0p2_ff0p1_s78502_drop0_pc0p02_pgc0p02
permanent_fork,sth_proof,12000,6.0,5.0,0.01,0.2,0.1,3.0,True,5.0,5.0,0.0,0.0,,,,,27459.0,,,,1.501506672406371,1.501506672406371,8.0,0.00012299366582620996,8,8,78503,0.02,0.02,0.0,True,0.2,0.08,800,10,0.0,0.0,0.0,1.078254222869873,C:/Users/efasllija/dev/gossip-poc/out_nb_incremental_clean0104/scenario_target_effect_revised/permanent_fork_sth_proof_n12000_pg0p01_a0p2_ff0p1_s78503_drop0_pc0p02_pgc0p02
permanent_fork,sth_proof,12000,6.0,5.0,0.01,0.2,0.1,3.0,True,0.0,0.0,0.0,0.0,,,,,26561.0,,,,1.1323391665055977,1.1323391665055977,10.0,0.0001486789871987392,10,10,78504,0.02,0.02,0.0,True,0.2,0.08,800,10,0.0,0.0,0.0,1.0279405117034912,C:/Users/efasllija/dev/gossip-poc/out_nb_incremental_clean0104/scenario_target_effect_revised/permanent_fork_sth_proof_n12000_pg0p01_a0p2_ff0p1_s78504_drop0_pc0p02_pgc0p02
permanent_fork,sth_proof,12000,6.0,5.0,0.01,0.2,0.1,3.0,True,5.0,5.0,0.0,0.0,,,,,29025.0,,,,1.761332099907493,1.761332099907493,8.0,0.00011563367252543941,8,8,78505,0.02,0.02,0.0,True,0.2,0.08,800,10,0.0,0.0,0.0,1.1272127628326416,C:/Users/efasllija/dev/gossip-poc/out_nb_incremental_clean0104/scenario_target_effect_revised/permanent_fork_sth_proof_n12000_pg0p01_a0p2_ff0p1_s78505_drop0_pc0p02_pgc0p02
permanent_fork,sth_proof,12000,6.0,5.0,0.01,0.2,0.1,3.0,True,20.0,20.0,0.0,0.0,,,,,29159.0,,,,1.3212157688835389,1.3212157688835389,12.0,0.00018055973517905506,12,12,78506,0.02,0.02,0.0,True,0.2,0.08,800,10,0.0,0.0,0.0,1.0700275897979736,C:/Users/efasllija/dev/gossip-poc/out_nb_incremental_clean0104/scenario_target_effect_revised/permanent_fork_sth_proof_n12000_pg0p01_a0p2_ff0p1_s78506_drop0_pc0p02_pgc0p02
permanent_fork,sth_proof,12000,6.0,5.0,0.01,0.2,0.1,3.0,True,15.0,15.0,0.0,0.0,,,,,28847.0,,,,2.246880239787515,2.246880239787515,26.0,0.00038579674446901014,26,26,78507,0.02,0.02,0.0,True,0.2,0.08,800,10,0.0,0.0,0.0,1.088216781616211,C:/Users/efasllija/dev/gossip-poc/out_nb_incremental_clean0104/scenario_target_effect_revised/permanent_fork_sth_proof_n12000_pg0p01_a0p2_ff0p1_s78507_drop0_pc0p02_pgc0p02
permanent_fork,sth_proof,12000,6.0,5.0,0.01,0.2,0.1,3.0,True,30.0,30.0,0.0,0.0,,,,,32551.0,,,,1.7260468417317247,1.7260468417317247,10.0,0.00014484147100997957,10,10,78508,0.02,0.02,0.0,True,0.2,0.08,800,10,0.0,0.0,0.0,1.1095325946807861,C:/Users/efasllija/dev/gossip-poc/out_nb_incremental_clean0104/scenario_target_effect_revised/permanent_fork_sth_proof_n12000_pg0p01_a0p2_ff0p1_s78508_drop0_pc0p02_pgc0p02
permanent_fork,sth_proof,12000,6.0,5.0,0.01,0.2,0.1,3.0,True,25.0,25.0,0.0,0.0,,,,,29773.0,,,,1.9066748315982853,1.9066748315982853,24.0,0.00036742192284139623,24,24,78509,0.02,0.02,0.0,True,0.2,0.08,800,10,0.0,0.0,0.0,1.0811200141906738,C:/Users/efasllija/dev/gossip-poc/out_nb_incremental_clean0104/scenario_target_effect_revised/permanent_fork_sth_proof_n12000_pg0p01_a0p2_ff0p1_s78509_drop0_pc0p02_pgc0p02
permanent_fork,sth_proof,12000,6.0,5.0,0.01,0.2,0.1,3.0,True,15.0,15.0,0.0,0.0,,,,,26596.0,,,,1.9880916274243754,1.9880916274243754,14.0,0.00022348152286694867,14,14,78510,0.02,0.02,0.0,True,0.2,0.08,800,10,0.0,0.0,0.0,1.0408942699432373,C:/Users/efasllija/dev/gossip-poc/out_nb_incremental_clean0104/scenario_target_effect_revised/permanent_fork_sth_proof_n12000_pg0p01_a0p2_ff0p1_s78510_drop0_pc0p02_pgc0p02
permanent_fork,sth_proof,12000,6.0,5.0,0.01,0.2,0.1,3.0,True,15.0,15.0,0.0,0.0,,,,,29667.0,,,,2.457364455388608,2.457364455388608,26.0,0.00038337339093764283,26,26,78511,0.02,0.02,0.0,True,0.2,0.08,800,10,0.0,0.0,0.0,1.0842807292938232,C:/Users/efasllija/dev/gossip-poc/out_nb_incremental_clean0104/scenario_target_effect_revised/permanent_fork_sth_proof_n12000_pg0p01_a0p2_ff0p1_s78511_drop0_pc0p02_pgc0p02
permanent_fork,sth_proof,12000,6.0,5.0,0.01,0.2,0.1,3.0,True,15.0,15.0,0.0,0.0,,,,,30220.0,,,,2.3456900936480864,2.3456900936480864,26.0,0.00038895371450797355,26,26,78512,0.02,0.02,0.0,True,0.2,0.08,800,10,0.0,0.0,0.0,1.101607322692871,C:/Users/efasllija/dev/gossip-poc/out_nb_incremental_clean0104/scenario_target_effect_revised/permanent_fork_sth_proof_n12000_pg0p01_a0p2_ff0p1_s78512_drop0_pc0p02_pgc0p02
permanent_fork,sth_proof,12000,6.0,5.0,0.01,0.2,0.1,3.0,True,45.0,45.0,0.0,0.0,,,,,32187.0,,,,2.0704404035522264,2.0704404035522264,18.0,0.0002718540445840633,18,18,78513,0.02,0.02,0.0,True,0.2,0.08,800,10,0.0,0.0,0.0,1.214188814163208,C:/Users/efasllija/dev/gossip-poc/out_nb_incremental_clean0104/scenario_target_effect_revised/permanent_fork_sth_proof_n12000_pg0p01_a0p2_ff0p1_s78513_drop0_pc0p02_pgc0p02
permanent_fork,sth_proof,12000,6.0,5.0,0.01,0.2,0.1,3.0,True,30.0,30.0,0.0,0.0,,,,,31219.0,,,,2.313148240409439,2.313148240409439,27.0,0.00040762715702703924,27,27,78514,0.02,0.02,0.0,True,0.2,0.08,800,10,0.0,0.0,0.0,1.0683419704437256,C:/Users/efasllija/dev/gossip-poc/out_nb_incremental_clean0104/scenario_target_effect_revised/permanent_fork_sth_proof_n12000_pg0p01_a0p2_ff0p1_s78514_drop0_pc0p02_pgc0p02
permanent_fork,sth_proof,12000,6.0,5.0,0.01,0.2,0.1,3.0,True,5.0,5.0,0.0,0.0,,,,,27544.0,,,,1.5337346775948357,1.5337346775948357,30.0,0.00043519257271342566,30,30,78515,0.02,0.02,0.0,True,0.2,0.08,800,10,0.0,0.0,0.0,1.1681218147277832,C:/Users/efasllija/dev/gossip-poc/out_nb_incremental_clean0104/scenario_target_effect_revised/permanent_fork_sth_proof_n12000_pg0p01_a0p2_ff0p1_s78515_drop0_pc0p02_pgc0p02
permanent_fork,sth_proof,12000,6.0,5.0,0.015,0.2,0.1,3.0,True,5.0,5.0,0.0,0.0,,,,,26390.0,,,,3.5747220953251104,3.5747220953251104,49.0,0.0007461550175118014,49,49,78500,0.02,0.02,0.0,True,0.2,0.08,800,10,0.0,0.0,0.0,1.1059434413909912,C:/Users/efasllija/dev/gossip-poc/out_nb_incremental_clean0104/scenario_target_effect_revised/permanent_fork_sth_proof_n12000_pg0p015_a0p2_ff0p1_s78500_drop0_pc0p02_pgc0p02
permanent_fork,sth_proof,12000,6.0,5.0,0.015,0.2,0.1,3.0,True,10.0,10.0,0.0,0.0,,,,,27674.0,,,,3.0602890039409627,3.0602890039409627,20.0,0.0003090951240244185,20,20,78501,0.02,0.02,0.0,True,0.2,0.08,800,10,0.0,0.0,0.0,1.1382012367248535,C:/Users/efasllija/dev/gossip-poc/out_nb_incremental_clean0104/scenario_target_effect_revised/permanent_fork_sth_proof_n12000_pg0p015_a0p2_ff0p1_s78501_drop0_pc0p02_pgc0p02
permanent_fork,sth_proof,12000,6.0,5.0,0.015,0.2,0.1,3.0,True,0.0,0.0,0.0,0.0,,,,,27507.0,,,,2.3509219529166185,2.3509219529166185,13.0,0.00018844949553519657,13,13,78502,0.02,0.02,0.0,True,0.2,0.08,800,10,0.0,0.0,0.0,1.1034033298492432,C:/Users/efasllija/dev/gossip-poc/out_nb_incremental_clean0104/scenario_target_effect_revised/permanent_fork_sth_proof_n12000_pg0p015_a0p2_ff0p1_s78502_drop0_pc0p02_pgc0p02
permanent_fork,sth_proof,12000,6.0,5.0,0.015,0.2,0.1,3.0,True,0.0,0.0,0.0,0.0,,,,,26634.0,,,,2.217821782178218,2.217821782178218,14.0,0.00021523891519586742,14,14,78503,0.02,0.02,0.0,True,0.2,0.08,800,10,0.0,0.0,0.0,1.0408658981323242,C:/Users/efasllija/dev/gossip-poc/out_nb_incremental_clean0104/scenario_target_effect_revised/permanent_fork_sth_proof_n12000_pg0p015_a0p2_ff0p1_s78503_drop0_pc0p02_pgc0p02
permanent_fork,sth_proof,12000,6.0,5.0,0.015,0.2,0.1,3.0,True,0.0,0.0,0.0,0.0,,,,,26561.0,,,,1.8383859409149705,1.8383859409149705,17.0,0.00025275427823785664,17,17,78504,0.02,0.02,0.0,True,0.2,0.08,800,10,0.0,0.0,0.0,1.0639467239379883,C:/Users/efasllija/dev/gossip-poc/out_nb_incremental_clean0104/scenario_target_effect_revised/permanent_fork_sth_proof_n12000_pg0p015_a0p2_ff0p1_s78504_drop0_pc0p02_pgc0p02
permanent_fork,sth_proof,12000,6.0,5.0,0.015,0.2,0.1,3.0,True,5.0,5.0,0.0,0.0,,,,,29025.0,,,,2.370027752081406,2.370027752081406,10.0,0.00014454209065679926,10,10,78505,0.02,0.02,0.0,True,0.2,0.08,800,10,0.0,0.0,0.0,1.096311092376709,C:/Users/efasllija/dev/gossip-poc/out_nb_incremental_clean0104/scenario_target_effect_revised/permanent_fork_sth_proof_n12000_pg0p015_a0p2_ff0p1_s78505_drop0_pc0p02_pgc0p02
permanent_fork,sth_proof,12000,6.0,5.0,0.015,0.2,0.1,3.0,True,20.0,20.0,0.0,0.0,,,,,29159.0,,,,1.7256695756846223,1.7256695756846223,17.0,0.00025579295817032804,17,17,78506,0.02,0.02,0.0,True,0.2,0.08,800,10,0.0,0.0,0.0,1.0871458053588867,C:/Users/efasllija/dev/gossip-poc/out_nb_incremental_clean0104/scenario_target_effect_revised/permanent_fork_sth_proof_n12000_pg0p015_a0p2_ff0p1_s78506_drop0_pc0p02_pgc0p02
permanent_fork,sth_proof,12000,6.0,5.0,0.015,0.2,0.1,3.0,True,15.0,15.0,0.0,0.0,,,,,28847.0,,,,3.2971970382680693,3.2971970382680693,40.0,0.0005935334530292463,40,40,78507,0.02,0.02,0.0,True,0.2,0.08,800,10,0.0,0.0,0.0,1.0702636241912842,C:/Users/efasllija/dev/gossip-poc/out_nb_incremental_clean0104/scenario_target_effect_revised/permanent_fork_sth_proof_n12000_pg0p015_a0p2_ff0p1_s78507_drop0_pc0p02_pgc0p02
permanent_fork,sth_proof,12000,6.0,5.0,0.015,0.2,0.1,3.0,True,30.0,30.0,0.0,0.0,,,,,32551.0,,,,3.127648788401095,3.127648788401095,17.0,0.0002462305007169653,17,17,78508,0.02,0.02,0.0,True,0.2,0.08,800,10,0.0,0.0,0.0,1.0718388557434082,C:/Users/efasllija/dev/gossip-poc/out_nb_incremental_clean0104/scenario_target_effect_revised/permanent_fork_sth_proof_n12000_pg0p015_a0p2_ff0p1_s78508_drop0_pc0p02_pgc0p02
permanent_fork,sth_proof,12000,6.0,5.0,0.015,0.2,0.1,3.0,True,25.0,25.0,0.0,0.0,,,,,29773.0,,,,2.427924066135946,2.427924066135946,30.0,0.00045927740355174526,30,30,78509,0.02,0.02,0.0,True,0.2,0.08,800,10,0.0,0.0,0.0,1.1958353519439697,C:/Users/efasllija/dev/gossip-poc/out_nb_incremental_clean0104/scenario_target_effect_revised/permanent_fork_sth_proof_n12000_pg0p015_a0p2_ff0p1_s78509_drop0_pc0p02_pgc0p02
permanent_fork,sth_proof,12000,6.0,5.0,0.015,0.2,0.1,3.0,True,15.0,15.0,0.0,0.0,,,,,26596.0,,,,2.932077580014367,2.932077580014367,17.0,0.000271370420624152,17,17,78510,0.02,0.02,0.0,True,0.2,0.08,800,10,0.0,0.0,0.0,1.312530279159546,C:/Users/efasllija/dev/gossip-poc/out_nb_incremental_clean0104/scenario_target_effect_revised/permanent_fork_sth_proof_n12000_pg0p015_a0p2_ff0p1_s78510_drop0_pc0p02_pgc0p02
permanent_fork,sth_proof,12000,6.0,5.0,0.015,0.2,0.1,3.0,True,15.0,15.0,0.0,0.0,,,,,29667.0,,,,3.316120851088928,3.316120851088928,30.0,0.00044235391262035715,30,30,78511,0.02,0.02,0.0,True,0.2,0.08,800,10,0.0,0.0,0.0,1.1316020488739014,C:/Users/efasllija/dev/gossip-poc/out_nb_incremental_clean0104/scenario_target_effect_revised/permanent_fork_sth_proof_n12000_pg0p015_a0p2_ff0p1_s78511_drop0_pc0p02_pgc0p02
permanent_fork,sth_proof,12000,6.0,5.0,0.015,0.2,0.1,3.0,True,15.0,15.0,0.0,0.0,,,,,30220.0,,,,3.485025281991443,3.485025281991443,31.0,0.0004637525057595069,31,31,78512,0.02,0.02,0.0,True,0.2,0.08,800,10,0.0,0.0,0.0,1.1237847805023193,C:/Users/efasllija/dev/gossip-poc/out_nb_incremental_clean0104/scenario_target_effect_revised/permanent_fork_sth_proof_n12000_pg0p015_a0p2_ff0p1_s78512_drop0_pc0p02_pgc0p02
permanent_fork,sth_proof,12000,6.0,5.0,0.015,0.2,0.1,3.0,True,45.0,45.0,0.0,0.0,,,,,32187.0,,,,2.814716365613484,2.814716365613484,21.0,0.0003171630520147405,21,21,78513,0.02,0.02,0.0,True,0.2,0.08,800,10,0.0,0.0,0.0,1.0648703575134277,C:/Users/efasllija/dev/gossip-poc/out_nb_incremental_clean0104/scenario_target_effect_revised/permanent_fork_sth_proof_n12000_pg0p015_a0p2_ff0p1_s78513_drop0_pc0p02_pgc0p02
permanent_fork,sth_proof,12000,6.0,5.0,0.015,0.2,0.1,3.0,True,30.0,30.0,0.0,0.0,,,,,31219.0,,,,3.0706704711867987,3.0706704711867987,34.0,0.0005133082718118272,34,34,78514,0.02,0.02,0.0,True,0.2,0.08,800,10,0.0,0.0,0.0,1.1259682178497314,C:/Users/efasllija/dev/gossip-poc/out_nb_incremental_clean0104/scenario_target_effect_revised/permanent_fork_sth_proof_n12000_pg0p015_a0p2_ff0p1_s78514_drop0_pc0p02_pgc0p02
permanent_fork,sth_proof,12000,6.0,5.0,0.015,0.2,0.1,3.0,True,5.0,5.0,0.0,0.0,,,,,27544.0,,,,2.3915862769275402,2.3915862769275402,40.0,0.0005802567636179009,40,40,78515,0.02,0.02,0.0,True,0.2,0.08,800,10,0.0,0.0,0.0,1.2338180541992188,C:/Users/efasllija/dev/gossip-poc/out_nb_incremental_clean0104/scenario_target_effect_revised/permanent_fork_sth_proof_n12000_pg0p015_a0p2_ff0p1_s78515_drop0_pc0p02_pgc0p02
