server_mode,mode,users,hours,dt_min,p_gossip,adoption,fork_frac,fork_hour,detected,lat_aw_min,lat_ev_min,aware_cov_end,evid_cov_end,t10_aw,t50_aw,t10_ev,t50_ev,msgs_first_ev,msgs_10_ev,msgs_50_ev,msgs_95_ev,bytes_per_send,bytes_per_delivery,crosscuts,crosscut_rate,proof_inconsistent,evidence_events,seed,p_contact_cross,p_group_cross,p_drop_crosscut,sticky_victims,msg_rate_1to1,msg_rate_group,groups,avg_group_size,proof_withhold_rate,proof_timeout_rate,invalid_proof_rate,wall_s,run_dir
permanent_fork,sth_proof,12000,6.0,5.0,0.005,0.05,0.05,3.0,False,,,0.0,0.0,,,,,,,,,0.25986078886310904,0.25986078886310904,0.0,0.0,0,0,45000,0.02,0.02,0.0,True,0.2,0.0,800,32,0.0,0.0,0.0,0.8223087787628174,C:/Users/efasllija/dev/gossip-poc/out_nb_incremental_clean0104/scenario_pure_group_message_rate/permanent_fork_sth_proof_n12000_pg0p005_a0p05_ff0p05_s45000_drop0_pc0p02_pgc0p02
permanent_fork,sth_proof,12000,6.0,5.0,0.005,0.05,0.05,3.0,False,,,0.0,0.0,,,,,,,,,0.0857703537069832,0.0857703537069832,0.0,0.0,0,0,45001,0.02,0.02,0.0,True,0.2,0.0,800,32,0.0,0.0,0.0,0.7731730937957764,C:/Users/efasllija/dev/gossip-poc/out_nb_incremental_clean0104/scenario_pure_group_message_rate/permanent_fork_sth_proof_n12000_pg0p005_a0p05_ff0p05_s45001_drop0_pc0p02_pgc0p02
permanent_fork,sth_proof,12000,6.0,5.0,0.005,0.05,0.05,3.0,True,110.0,110.0,0.0,0.0,,,,,15367.0,,,,0.12619718309859154,0.12619718309859154,1.0,4.694835680751174e-05,1,1,45002,0.02,0.02,0.0,True,0.2,0.0,800,32,0.0,0.0,0.0,0.7701857089996338,C:/Users/efasllija/dev/gossip-poc/out_nb_incremental_clean0104/scenario_pure_group_message_rate/permanent_fork_sth_proof_n12000_pg0p005_a0p05_ff0p05_s45002_drop0_pc0p02_pgc0p02
permanent_fork,sth_proof,12000,6.0,5.0,0.005,0.05,0.05,3.0,True,15.0,15.0,0.0,0.0,,,,,8916.0,,,,0.2972934540455989,0.2972934540455989,1.0,4.740010428022942e-05,1,1,45003,0.02,0.02,0.0,True,0.2,0.0,800,32,0.0,0.0,0.0,0.7369136810302734,C:/Users/efasllija/dev/gossip-poc/out_nb_incremental_clean0104/scenario_pure_group_message_rate/permanent_fork_sth_proof_n12000_pg0p005_a0p05_ff0p05_s45003_drop0_pc0p02_pgc0p02
permanent_fork,sth_proof,12000,6.0,5.0,0.005,0.05,0.05,3.0,False,,,0.0,0.0,,,,,,,,,0.12571909639399467,0.12571909639399467,0.0,0.0,0,0,45004,0.02,0.02,0.0,True,0.2,0.0,800,32,0.0,0.0,0.0,0.7999560832977295,C:/Users/efasllija/dev/gossip-poc/out_nb_incremental_clean0104/scenario_pure_group_message_rate/permanent_fork_sth_proof_n12000_pg0p005_a0p05_ff0p05_s45004_drop0_pc0p02_pgc0p02
permanent_fork,sth_proof,12000,6.0,5.0,0.005,0.05,0.05,3.0,False,,,0.0,0.0,,,,,,,,,0.21468276787425725,0.21468276787425725,0.0,0.0,0,0,45005,0.02,0.02,0.0,True,0.2,0.0,800,32,0.0,0.0,0.0,0.7877068519592285,C:/Users/efasllija/dev/gossip-poc/out_nb_incremental_clean0104/scenario_pure_group_message_rate/permanent_fork_sth_proof_n12000_pg0p005_a0p05_ff0p05_s45005_drop0_pc0p02_pgc0p02
permanent_fork,sth_proof,12000,6.0,5.0,0.005,0.05,0.05,3.0,False,,,0.0,0.0,,,,,,,,,0.387245485977718,0.387245485977718,0.0,0.0,0,0,45006,0.02,0.02,0.0,True,0.2,0.0,800,32,0.0,0.0,0.0,0.7694246768951416,C:/Users/efasllija/dev/gossip-poc/out_nb_incremental_clean0104/scenario_pure_group_message_rate/permanent_fork_sth_proof_n12000_pg0p005_a0p05_ff0p05_s45006_drop0_pc0p02_pgc0p02
permanent_fork,sth_proof,12000,6.0,5.0,0.005,0.05,0.05,3.0,False,,,0.0,0.0,,,,,,,,,0.17223316834062186,0.17223316834062186,0.0,0.0,0,0,45007,0.02,0.02,0.0,True,0.2,0.0,800,32,0.0,0.0,0.0,0.7648580074310303,C:/Users/efasllija/dev/gossip-poc/out_nb_incremental_clean0104/scenario_pure_group_message_rate/permanent_fork_sth_proof_n12000_pg0p005_a0p05_ff0p05_s45007_drop0_pc0p02_pgc0p02
permanent_fork,sth_proof,12000,6.0,5.0,0.005,0.05,0.05,3.0,True,155.0,155.0,0.0,0.0,,,,,18909.0,,,,0.2977592100265856,0.2977592100265856,1.0,4.7474363843524496e-05,1,1,45008,0.02,0.02,0.0,True,0.2,0.0,800,32,0.0,0.0,0.0,0.7980079650878906,C:/Users/efasllija/dev/gossip-poc/out_nb_incremental_clean0104/scenario_pure_group_message_rate/permanent_fork_sth_proof_n12000_pg0p005_a0p05_ff0p05_s45008_drop0_pc0p02_pgc0p02
permanent_fork,sth_proof,12000,6.0,5.0,0.005,0.05,0.05,3.0,False,,,0.0,0.0,,,,,,,,,0.38241570635936833,0.38241570635936833,0.0,0.0,0,0,45009,0.02,0.02,0.0,True,0.2,0.0,800,32,0.0,0.0,0.0,0.8387260437011719,C:/Users/efasllija/dev/gossip-poc/out_nb_incremental_clean0104/scenario_pure_group_message_rate/permanent_fork_sth_proof_n12000_pg0p005_a0p05_ff0p05_s45009_drop0_pc0p02_pgc0p02
permanent_fork,sth_proof,12000,6.0,5.0,0.005,0.05,0.05,3.0,False,,,0.0,0.0,,,,,,,,,0.1284772010324061,0.1284772010324061,0.0,0.0,0,0,45010,0.02,0.02,0.0,True,0.2,0.0,800,32,0.0,0.0,0.0,0.8065714836120605,C:/Users/efasllija/dev/gossip-poc/out_nb_incremental_clean0104/scenario_pure_group_message_rate/permanent_fork_sth_proof_n12000_pg0p005_a0p05_ff0p05_s45010_drop0_pc0p02_pgc0p02
permanent_fork,sth_proof,12000,6.0,5.0,0.005,0.05,0.05,3.0,True,90.0,90.0,0.0,0.0,,,,,13961.0,,,,0.21001312582036377,0.21001312582036377,1.0,4.687792987061691e-05,1,1,45011,0.02,0.02,0.0,True,0.2,0.0,800,32,0.0,0.0,0.0,0.8119499683380127,C:/Users/efasllija/dev/gossip-poc/out_nb_incremental_clean0104/scenario_pure_group_message_rate/permanent_fork_sth_proof_n12000_pg0p005_a0p05_ff0p05_s45011_drop0_pc0p02_pgc0p02
permanent_fork,sth_proof,12000,6.0,5.0,0.005,0.05,0.05,3.0,False,,,0.0,0.0,,,,,,,,,0.17356772725071432,0.17356772725071432,0.0,0.0,0,0,45012,0.02,0.02,0.0,True,0.2,0.0,800,32,0.0,0.0,0.0,0.7792670726776123,C:/Users/efasllija/dev/gossip-poc/out_nb_incremental_clean0104/scenario_pure_group_message_rate/permanent_fork_sth_proof_n12000_pg0p005_a0p05_ff0p05_s45012_drop0_pc0p02_pgc0p02
permanent_fork,sth_proof,12000,6.0,5.0,0.005,0.05,0.05,3.0,False,,,0.0,0.0,,,,,,,,,0.3037876586263683,0.3037876586263683,0.0,0.0,0,0,45013,0.02,0.02,0.0,True,0.2,0.0,800,32,0.0,0.0,0.0,0.7704780101776123,C:/Users/efasllija/dev/gossip-poc/out_nb_incremental_clean0104/scenario_pure_group_message_rate/permanent_fork_sth_proof_n12000_pg0p005_a0p05_ff0p05_s45013_drop0_pc0p02_pgc0p02
permanent_fork,sth_proof,12000,6.0,5.0,0.005,0.05,0.05,3.0,False,,,0.0,0.0,,,,,,,,,0.29165310392931876,0.29165310392931876,0.0,0.0,0,0,45014,0.02,0.02,0.0,True,0.2,0.0,800,32,0.0,0.0,0.0,0.7975218296051025,C:/Users/efasllija/dev/gossip-poc/out_nb_incremental_clean0104/scenario_pure_group_message_rate/permanent_fork_sth_proof_n12000_pg0p005_a0p05_ff0p05_s45014_drop0_pc0p02_pgc0p02
permanent_fork,sth_proof,12000,6.0,5.0,0.005,0.05,0.05,3.0,False,,,0.0,0.0,,,,,,,,,0.34777124143368304,0.34777124143368304,0.0,0.0,0,0,45000,0.02,0.02,0.0,True,0.2,0.02,800,32,0.0,0.0,0.0,0.7884023189544678,C:/Users/efasllija/dev/gossip-poc/out_nb_incremental_clean0104/scenario_pure_group_message_rate/permanent_fork_sth_proof_n12000_pg0p005_a0p05_ff0p05_s45000_drop0_pc0p02_pgc0p02
permanent_fork,sth_proof,12000,6.0,5.0,0.005,0.05,0.05,3.0,False,,,0.0,0.0,,,,,,,,,0.09992936540391836,0.09992936540391836,0.0,0.0,0,0,45001,0.02,0.02,0.0,True,0.2,0.02,800,32,0.0,0.0,0.0,0.8195011615753174,C:/Users/efasllija/dev/gossip-poc/out_nb_incremental_clean0104/scenario_pure_group_message_rate/permanent_fork_sth_proof_n12000_pg0p005_a0p05_ff0p05_s45001_drop0_pc0p02_pgc0p02
permanent_fork,sth_proof,12000,6.0,5.0,0.005,0.05,0.05,3.0,True,25.0,25.0,0.0,0.0,,,,,37807.0,,,,0.04307278146332084,0.04307278146332084,1.0,1.2018075185078358e-05,1,1,45002,0.02,0.02,0.0,True,0.2,0.02,800,32,0.0,0.0,0.0,0.8028931617736816,C:/Users/efasllija/dev/gossip-poc/out_nb_incremental_clean0104/scenario_pure_group_message_rate/permanent_fork_sth_proof_n12000_pg0p005_a0p05_ff0p05_s45002_drop0_pc0p02_pgc0p02
permanent_fork,sth_proof,12000,6.0,5.0,0.005,0.05,0.05,3.0,True,110.0,110.0,0.0,0.0,,,,,59061.0,,,,0.09820134685875032,0.09820134685875032,1.0,1.217774638625376e-05,1,1,45003,0.02,0.02,0.0,True,0.2,0.02,800,32,0.0,0.0,0.0,0.8122081756591797,C:/Users/efasllija/dev/gossip-poc/out_nb_incremental_clean0104/scenario_pure_group_message_rate/permanent_fork_sth_proof_n12000_pg0p005_a0p05_ff0p05_s45003_drop0_pc0p02_pgc0p02
permanent_fork,sth_proof,12000,6.0,5.0,0.005,0.05,0.05,3.0,False,,,0.0,0.0,,,,,,,,,0.021723318624836348,0.021723318624836348,0.0,0.0,0,0,45004,0.02,0.02,0.0,True,0.2,0.02,800,32,0.0,0.0,0.0,0.80777907371521,C:/Users/efasllija/dev/gossip-poc/out_nb_incremental_clean0104/scenario_pure_group_message_rate/permanent_fork_sth_proof_n12000_pg0p005_a0p05_ff0p05_s45004_drop0_pc0p02_pgc0p02
permanent_fork,sth_proof,12000,6.0,5.0,0.005,0.05,0.05,3.0,True,0.0,0.0,0.0,0.0,,,,,31629.0,,,,0.08937210114208767,0.08937210114208767,1.0,1.2468206074509999e-05,1,1,45005,0.02,0.02,0.0,True,0.2,0.02,800,32,0.0,0.0,0.0,0.8080198764801025,C:/Users/efasllija/dev/gossip-poc/out_nb_incremental_clean0104/scenario_pure_group_message_rate/permanent_fork_sth_proof_n12000_pg0p005_a0p05_ff0p05_s45005_drop0_pc0p02_pgc0p02
permanent_fork,sth_proof,12000,6.0,5.0,0.005,0.05,0.05,3.0,True,35.0,35.0,0.0,0.0,,,,,40093.0,,,,0.09913697720734675,0.09913697720734675,2.0,2.458754395023481e-05,2,2,45006,0.02,0.02,0.0,True,0.2,0.02,800,32,0.0,0.0,0.0,0.8162071704864502,C:/Users/efasllija/dev/gossip-poc/out_nb_incremental_clean0104/scenario_pure_group_message_rate/permanent_fork_sth_proof_n12000_pg0p005_a0p05_ff0p05_s45006_drop0_pc0p02_pgc0p02
permanent_fork,sth_proof,12000,6.0,5.0,0.005,0.05,0.05,3.0,False,,,0.0,0.0,,,,,,,,,0.021618491531148965,0.021618491531148965,0.0,0.0,0,0,45007,0.02,0.02,0.0,True,0.2,0.02,800,32,0.0,0.0,0.0,0.8391869068145752,C:/Users/efasllija/dev/gossip-poc/out_nb_incremental_clean0104/scenario_pure_group_message_rate/permanent_fork_sth_proof_n12000_pg0p005_a0p05_ff0p05_s45007_drop0_pc0p02_pgc0p02
permanent_fork,sth_proof,12000,6.0,5.0,0.005,0.05,0.05,3.0,False,,,0.0,0.0,,,,,,,,,0.021077641468377657,0.021077641468377657,0.0,0.0,0,0,45008,0.02,0.02,0.0,True,0.2,0.02,800,32,0.0,0.0,0.0,0.8309817314147949,C:/Users/efasllija/dev/gossip-poc/out_nb_incremental_clean0104/scenario_pure_group_message_rate/permanent_fork_sth_proof_n12000_pg0p005_a0p05_ff0p05_s45008_drop0_pc0p02_pgc0p02
permanent_fork,sth_proof,12000,6.0,5.0,0.005,0.05,0.05,3.0,True,90.0,90.0,0.0,0.0,,,,,52761.0,,,,0.04336305670832779,0.04336305670832779,1.0,1.2099067161921815e-05,1,1,45009,0.02,0.02,0.0,True,0.2,0.02,800,32,0.0,0.0,0.0,0.8706493377685547,C:/Users/efasllija/dev/gossip-poc/out_nb_incremental_clean0104/scenario_pure_group_message_rate/permanent_fork_sth_proof_n12000_pg0p005_a0p05_ff0p05_s45009_drop0_pc0p02_pgc0p02
permanent_fork,sth_proof,12000,6.0,5.0,0.005,0.05,0.05,3.0,False,,,0.0,0.0,,,,,,,,,0.06664600508274965,0.06664600508274965,0.0,0.0,0,0,45010,0.02,0.02,0.0,True,0.2,0.02,800,32,0.0,0.0,0.0,0.8912162780761719,C:/Users/efasllija/dev/gossip-poc/out_nb_incremental_clean0104/scenario_pure_group_message_rate/permanent_fork_sth_proof_n12000_pg0p005_a0p05_ff0p05_s45010_drop0_pc0p02_pgc0p02
permanent_fork,sth_proof,12000,6.0,5.0,0.005,0.05,0.05,3.0,True,170.0,170.0,0.0,0.0,,,,,80959.0,,,,0.3231507195152739,0.3231507195152739,2.0,2.4043952344886453e-05,2,2,45011,0.02,0.02,0.0,True,0.2,0.02,800,32,0.0,0.0,0.0,1.01314377784729,C:/Users/efasllija/dev/gossip-poc/out_nb_incremental_clean0104/scenario_pure_group_message_rate/permanent_fork_sth_proof_n12000_pg0p005_a0p05_ff0p05_s45011_drop0_pc0p02_pgc0p02
permanent_fork,sth_proof,12000,6.0,5.0,0.005,0.05,0.05,3.0,False,,,0.0,0.0,,,,,,,,,0.07505714251522803,0.07505714251522803,0.0,0.0,0,0,45012,0.02,0.02,0.0,True,0.2,0.02,800,32,0.0,0.0,0.0,0.8281974792480469,C:/Users/efasllija/dev/gossip-poc/out_nb_incremental_clean0104/scenario_pure_group_message_rate/permanent_fork_sth_proof_n12000_pg0p005_a0p05_ff0p05_s45012_drop0_pc0p02_pgc0p02
permanent_fork,sth_proof,12000,6.0,5.0,0.005,0.05,0.05,3.0,True,25.0,25.0,0.0,0.0,,,,,35913.0,,,,0.7144423402770856,0.7144423402770856,1.0,1.2458885677265025e-05,1,1,45013,0.02,0.02,0.0,True,0.2,0.02,800,32,0.0,0.0,0.0,0.8101606369018555,C:/Users/efasllija/dev/gossip-poc/out_nb_incremental_clean0104/scenario_pure_group_message_rate/permanent_fork_sth_proof_n12000_pg0p005_a0p05_ff0p05_s45013_drop0_pc0p02_pgc0p02
permanent_fork,sth_proof,12000,6.0,5.0,0.005,0.05,0.05,3.0,True,140.0,140.0,0.0,0.0,,,,,69675.0,,,,0.7870658341444885,0.7870658341444885,1.0,1.187056337693787e-05,1,1,45014,0.02,0.02,0.0,True,0.2,0.02,800,32,0.0,0.0,0.0,0.8264856338500977,C:/Users/efasllija/dev/gossip-poc/out_nb_incremental_clean0104/scenario_pure_group_message_rate/permanent_fork_sth_proof_n12000_pg0p005_a0p05_ff0p05_s45014_drop0_pc0p02_pgc0p02
permanent_fork,sth_proof,12000,6.0,5.0,0.005,0.05,0.05,3.0,False,,,0.0,0.0,,,,,,,,,0.03746419785779494,0.03746419785779494,0.0,0.0,0,0,45000,0.02,0.02,0.0,True,0.2,0.04,800,32,0.0,0.0,0.0,0.8530192375183105,C:/Users/efasllija/dev/gossip-poc/out_nb_incremental_clean0104/scenario_pure_group_message_rate/permanent_fork_sth_proof_n12000_pg0p005_a0p05_ff0p05_s45000_drop0_pc0p02_pgc0p02
permanent_fork,sth_proof,12000,6.0,5.0,0.005,0.05,0.05,3.0,True,175.0,175.0,0.0,0.0,,,,,140242.0,,,,0.24278033684630854,0.24278033684630854,1.0,7.130531509818742e-06,1,1,45001,0.02,0.02,0.0,True,0.2,0.04,800,32,0.0,0.0,0.0,0.8474729061126709,C:/Users/efasllija/dev/gossip-poc/out_nb_incremental_clean0104/scenario_pure_group_message_rate/permanent_fork_sth_proof_n12000_pg0p005_a0p05_ff0p05_s45001_drop0_pc0p02_pgc0p02
permanent_fork,sth_proof,12000,6.0,5.0,0.005,0.05,0.05,3.0,False,,,0.0,0.0,,,,,,,,,0.030691658445686727,0.030691658445686727,0.0,0.0,0,0,45002,0.02,0.02,0.0,True,0.2,0.04,800,32,0.0,0.0,0.0,0.921013355255127,C:/Users/efasllija/dev/gossip-poc/out_nb_incremental_clean0104/scenario_pure_group_message_rate/permanent_fork_sth_proof_n12000_pg0p005_a0p05_ff0p05_s45002_drop0_pc0p02_pgc0p02
permanent_fork,sth_proof,12000,6.0,5.0,0.005,0.05,0.05,3.0,True,45.0,45.0,0.0,0.0,,,,,71982.0,,,,0.02542402939653399,0.02542402939653399,1.0,7.093758202157921e-06,1,1,45003,0.02,0.02,0.0,True,0.2,0.04,800,32,0.0,0.0,0.0,0.8700129985809326,C:/Users/efasllija/dev/gossip-poc/out_nb_incremental_clean0104/scenario_pure_group_message_rate/permanent_fork_sth_proof_n12000_pg0p005_a0p05_ff0p05_s45003_drop0_pc0p02_pgc0p02
permanent_fork,sth_proof,12000,6.0,5.0,0.005,0.05,0.05,3.0,False,,,0.0,0.0,,,,,,,,,0.018568408836573135,0.018568408836573135,0.0,0.0,0,0,45004,0.02,0.02,0.0,True,0.2,0.04,800,32,0.0,0.0,0.0,0.838620662689209,C:/Users/efasllija/dev/gossip-poc/out_nb_incremental_clean0104/scenario_pure_group_message_rate/permanent_fork_sth_proof_n12000_pg0p005_a0p05_ff0p05_s45004_drop0_pc0p02_pgc0p02
permanent_fork,sth_proof,12000,6.0,5.0,0.005,0.05,0.05,3.0,False,,,0.0,0.0,,,,,,,,,0.06887972604654413,0.06887972604654413,0.0,0.0,0,0,45005,0.02,0.02,0.0,True,0.2,0.04,800,32,0.0,0.0,0.0,0.848252534866333,C:/Users/efasllija/dev/gossip-poc/out_nb_incremental_clean0104/scenario_pure_group_message_rate/permanent_fork_sth_proof_n12000_pg0p005_a0p05_ff0p05_s45005_drop0_pc0p02_pgc0p02
permanent_fork,sth_proof,12000,6.0,5.0,0.005,0.05,0.05,3.0,False,,,0.0,0.0,,,,,,,,,0.02576878554532186,0.02576878554532186,0.0,0.0,0,0,45006,0.02,0.02,0.0,True,0.2,0.04,800,32,0.0,0.0,0.0,0.8880116939544678,C:/Users/efasllija/dev/gossip-poc/out_nb_incremental_clean0104/scenario_pure_group_message_rate/permanent_fork_sth_proof_n12000_pg0p005_a0p05_ff0p05_s45006_drop0_pc0p02_pgc0p02
permanent_fork,sth_proof,12000,6.0,5.0,0.005,0.05,0.05,3.0,True,80.0,80.0,0.0,0.0,,,,,82436.0,,,,0.0453257790368272,0.0453257790368272,1.0,7.226686708677805e-06,1,1,45007,0.02,0.02,0.0,True,0.2,0.04,800,32,0.0,0.0,0.0,0.875868558883667,C:/Users/efasllija/dev/gossip-poc/out_nb_incremental_clean0104/scenario_pure_group_message_rate/permanent_fork_sth_proof_n12000_pg0p005_a0p05_ff0p05_s45007_drop0_pc0p02_pgc0p02
permanent_fork,sth_proof,12000,6.0,5.0,0.005,0.05,0.05,3.0,False,,,0.0,0.0,,,,,,,,,0.012315897266723023,0.012315897266723023,0.0,0.0,0,0,45008,0.02,0.02,0.0,True,0.2,0.04,800,32,0.0,0.0,0.0,0.8621890544891357,C:/Users/efasllija/dev/gossip-poc/out_nb_incremental_clean0104/scenario_pure_group_message_rate/permanent_fork_sth_proof_n12000_pg0p005_a0p05_ff0p05_s45008_drop0_pc0p02_pgc0p02
permanent_fork,sth_proof,12000,6.0,5.0,0.005,0.05,0.05,3.0,False,,,0.0,0.0,,,,,,,,,0.4346048574299276,0.4346048574299276,0.0,0.0,0,0,45009,0.02,0.02,0.0,True,0.2,0.04,800,32,0.0,0.0,0.0,0.8802831172943115,C:/Users/efasllija/dev/gossip-poc/out_nb_incremental_clean0104/scenario_pure_group_message_rate/permanent_fork_sth_proof_n12000_pg0p005_a0p05_ff0p05_s45009_drop0_pc0p02_pgc0p02
permanent_fork,sth_proof,12000,6.0,5.0,0.005,0.05,0.05,3.0,False,,,0.0,0.0,,,,,,,,,0.02541285249342343,0.02541285249342343,0.0,0.0,0,0,45010,0.02,0.02,0.0,True,0.2,0.04,800,32,0.0,0.0,0.0,0.8580482006072998,C:/Users/efasllija/dev/gossip-poc/out_nb_incremental_clean0104/scenario_pure_group_message_rate/permanent_fork_sth_proof_n12000_pg0p005_a0p05_ff0p05_s45010_drop0_pc0p02_pgc0p02
permanent_fork,sth_proof,12000,6.0,5.0,0.005,0.05,0.05,3.0,False,,,0.0,0.0,,,,,,,,,0.04284884713919727,0.04284884713919727,0.0,0.0,0,0,45011,0.02,0.02,0.0,True,0.2,0.04,800,32,0.0,0.0,0.0,0.8665010929107666,C:/Users/efasllija/dev/gossip-poc/out_nb_incremental_clean0104/scenario_pure_group_message_rate/permanent_fork_sth_proof_n12000_pg0p005_a0p05_ff0p05_s45011_drop0_pc0p02_pgc0p02
permanent_fork,sth_proof,12000,6.0,5.0,0.005,0.05,0.05,3.0,True,65.0,65.0,0.0,0.0,,,,,82483.0,,,,0.018141324154687184,0.018141324154687184,1.0,6.74900452183303e-06,1,1,45012,0.02,0.02,0.0,True,0.2,0.04,800,32,0.0,0.0,0.0,0.8637075424194336,C:/Users/efasllija/dev/gossip-poc/out_nb_incremental_clean0104/scenario_pure_group_message_rate/permanent_fork_sth_proof_n12000_pg0p005_a0p05_ff0p05_s45012_drop0_pc0p02_pgc0p02
permanent_fork,sth_proof,12000,6.0,5.0,0.005,0.05,0.05,3.0,True,100.0,100.0,0.0,0.0,,,,,93316.0,,,,0.6306046280169196,0.6306046280169196,4.0,2.843635588099385e-05,4,4,45013,0.02,0.02,0.0,True,0.2,0.04,800,32,0.0,0.0,0.0,0.8574826717376709,C:/Users/efasllija/dev/gossip-poc/out_nb_incremental_clean0104/scenario_pure_group_message_rate/permanent_fork_sth_proof_n12000_pg0p005_a0p05_ff0p05_s45013_drop0_pc0p02_pgc0p02
permanent_fork,sth_proof,12000,6.0,5.0,0.005,0.05,0.05,3.0,True,140.0,140.0,0.0,0.0,,,,,123112.0,,,,0.1880963506219992,0.1880963506219992,1.0,6.771902024121515e-06,1,1,45014,0.02,0.02,0.0,True,0.2,0.04,800,32,0.0,0.0,0.0,0.8776724338531494,C:/Users/efasllija/dev/gossip-poc/out_nb_incremental_clean0104/scenario_pure_group_message_rate/permanent_fork_sth_proof_n12000_pg0p005_a0p05_ff0p05_s45014_drop0_pc0p02_pgc0p02
permanent_fork,sth_proof,12000,6.0,5.0,0.005,0.05,0.05,3.0,True,85.0,85.0,0.0,0.0,,,,,164061.0,,,,0.0302911921146738,0.0302911921146738,1.0,3.7563482285061754e-06,1,1,45000,0.02,0.02,0.0,True,0.2,0.08,800,32,0.0,0.0,0.0,0.9164028167724609,C:/Users/efasllija/dev/gossip-poc/out_nb_incremental_clean0104/scenario_pure_group_message_rate/permanent_fork_sth_proof_n12000_pg0p005_a0p05_ff0p05_s45000_drop0_pc0p02_pgc0p02
permanent_fork,sth_proof,12000,6.0,5.0,0.005,0.05,0.05,3.0,True,95.0,95.0,0.0,0.0,,,,,173936.0,,,,0.2518345208975859,0.2518345208975859,1.0,3.7981799121860803e-06,1,1,45001,0.02,0.02,0.0,True,0.2,0.08,800,32,0.0,0.0,0.0,0.9410302639007568,C:/Users/efasllija/dev/gossip-poc/out_nb_incremental_clean0104/scenario_pure_group_message_rate/permanent_fork_sth_proof_n12000_pg0p005_a0p05_ff0p05_s45001_drop0_pc0p02_pgc0p02
permanent_fork,sth_proof,12000,6.0,5.0,0.005,0.05,0.05,3.0,True,70.0,70.0,0.0,0.0,,,,,158666.0,,,,0.5423120894886682,0.5423120894886682,5.0,1.868083421133254e-05,5,5,45002,0.02,0.02,0.0,True,0.2,0.08,800,32,0.0,0.0,0.0,0.9294488430023193,C:/Users/efasllija/dev/gossip-poc/out_nb_incremental_clean0104/scenario_pure_group_message_rate/permanent_fork_sth_proof_n12000_pg0p005_a0p05_ff0p05_s45002_drop0_pc0p02_pgc0p02
permanent_fork,sth_proof,12000,6.0,5.0,0.005,0.05,0.05,3.0,True,45.0,45.0,0.0,0.0,,,,,130010.0,,,,0.5453102731019607,0.5453102731019607,12.0,4.6223180925234004e-05,12,12,45003,0.02,0.02,0.0,True,0.2,0.08,800,32,0.0,0.0,0.0,0.9085721969604492,C:/Users/efasllija/dev/gossip-poc/out_nb_incremental_clean0104/scenario_pure_group_message_rate/permanent_fork_sth_proof_n12000_pg0p005_a0p05_ff0p05_s45003_drop0_pc0p02_pgc0p02
permanent_fork,sth_proof,12000,6.0,5.0,0.005,0.05,0.05,3.0,True,175.0,175.0,0.0,0.0,,,,,268570.0,,,,0.17681796179766915,0.17681796179766915,1.0,3.7234240607662805e-06,1,1,45004,0.02,0.02,0.0,True,0.2,0.08,800,32,0.0,0.0,0.0,0.9172003269195557,C:/Users/efasllija/dev/gossip-poc/out_nb_incremental_clean0104/scenario_pure_group_message_rate/permanent_fork_sth_proof_n12000_pg0p005_a0p05_ff0p05_s45004_drop0_pc0p02_pgc0p02
permanent_fork,sth_proof,12000,6.0,5.0,0.005,0.05,0.05,3.0,True,85.0,85.0,0.0,0.0,,,,,163519.0,,,,0.3734384680371726,0.3734384680371726,4.0,1.5019243405613442e-05,4,4,45005,0.02,0.02,0.0,True,0.2,0.08,800,32,0.0,0.0,0.0,0.9168190956115723,C:/Users/efasllija/dev/gossip-poc/out_nb_incremental_clean0104/scenario_pure_group_message_rate/permanent_fork_sth_proof_n12000_pg0p005_a0p05_ff0p05_s45005_drop0_pc0p02_pgc0p02
permanent_fork,sth_proof,12000,6.0,5.0,0.005,0.05,0.05,3.0,False,,,0.0,0.0,,,,,,,,,0.43234766349503145,0.43234766349503145,0.0,0.0,0,0,45006,0.02,0.02,0.0,True,0.2,0.08,800,32,0.0,0.0,0.0,0.9243466854095459,C:/Users/efasllija/dev/gossip-poc/out_nb_incremental_clean0104/scenario_pure_group_message_rate/permanent_fork_sth_proof_n12000_pg0p005_a0p05_ff0p05_s45006_drop0_pc0p02_pgc0p02
permanent_fork,sth_proof,12000,6.0,5.0,0.005,0.05,0.05,3.0,False,,,0.0,0.0,,,,,,,,,0.02068352589480488,0.02068352589480488,0.0,0.0,0,0,45007,0.02,0.02,0.0,True,0.2,0.08,800,32,0.0,0.0,0.0,0.9198436737060547,C:/Users/efasllija/dev/gossip-poc/out_nb_incremental_clean0104/scenario_pure_group_message_rate/permanent_fork_sth_proof_n12000_pg0p005_a0p05_ff0p05_s45007_drop0_pc0p02_pgc0p02
permanent_fork,sth_proof,12000,6.0,5.0,0.005,0.05,0.05,3.0,True,145.0,145.0,0.0,0.0,,,,,229620.0,,,,0.2487571397371022,0.2487571397371022,3.0,1.1105229452549205e-05,3,3,45008,0.02,0.02,0.0,True,0.2,0.08,800,32,0.0,0.0,0.0,0.9219381809234619,C:/Users/efasllija/dev/gossip-poc/out_nb_incremental_clean0104/scenario_pure_group_message_rate/permanent_fork_sth_proof_n12000_pg0p005_a0p05_ff0p05_s45008_drop0_pc0p02_pgc0p02
permanent_fork,sth_proof,12000,6.0,5.0,0.005,0.05,0.05,3.0,True,100.0,100.0,0.0,0.0,,,,,178641.0,,,,0.3766542806740983,0.3766542806740983,5.0,1.876665540667342e-05,5,5,45009,0.02,0.02,0.0,True,0.2,0.08,800,32,0.0,0.0,0.0,0.9464094638824463,C:/Users/efasllija/dev/gossip-poc/out_nb_incremental_clean0104/scenario_pure_group_message_rate/permanent_fork_sth_proof_n12000_pg0p005_a0p05_ff0p05_s45009_drop0_pc0p02_pgc0p02
permanent_fork,sth_proof,12000,6.0,5.0,0.005,0.05,0.05,3.0,True,105.0,105.0,0.0,0.0,,,,,182303.0,,,,0.2610396637116577,0.2610396637116577,2.0,7.567244425778575e-06,2,2,45010,0.02,0.02,0.0,True,0.2,0.08,800,32,0.0,0.0,0.0,0.9156036376953125,C:/Users/efasllija/dev/gossip-poc/out_nb_incremental_clean0104/scenario_pure_group_message_rate/permanent_fork_sth_proof_n12000_pg0p005_a0p05_ff0p05_s45010_drop0_pc0p02_pgc0p02
permanent_fork,sth_proof,12000,6.0,5.0,0.005,0.05,0.05,3.0,True,60.0,60.0,0.0,0.0,,,,,149795.0,,,,0.4611696886810488,0.4611696886810488,5.0,1.8382082616432112e-05,5,5,45011,0.02,0.02,0.0,True,0.2,0.08,800,32,0.0,0.0,0.0,0.9508614540100098,C:/Users/efasllija/dev/gossip-poc/out_nb_incremental_clean0104/scenario_pure_group_message_rate/permanent_fork_sth_proof_n12000_pg0p005_a0p05_ff0p05_s45011_drop0_pc0p02_pgc0p02
permanent_fork,sth_proof,12000,6.0,5.0,0.005,0.05,0.05,3.0,True,25.0,25.0,0.0,0.0,,,,,117659.0,,,,0.10114655337851312,0.10114655337851312,2.0,7.5257852216155605e-06,2,2,45012,0.02,0.02,0.0,True,0.2,0.08,800,32,0.0,0.0,0.0,0.9337084293365479,C:/Users/efasllija/dev/gossip-poc/out_nb_incremental_clean0104/scenario_pure_group_message_rate/permanent_fork_sth_proof_n12000_pg0p005_a0p05_ff0p05_s45012_drop0_pc0p02_pgc0p02
permanent_fork,sth_proof,12000,6.0,5.0,0.005,0.05,0.05,3.0,True,160.0,160.0,0.0,0.0,,,,,242950.0,,,,0.2534304694487551,0.2534304694487551,34.0,0.00012995650279406482,34,34,45013,0.02,0.02,0.0,True,0.2,0.08,800,32,0.0,0.0,0.0,0.9374136924743652,C:/Users/efasllija/dev/gossip-poc/out_nb_incremental_clean0104/scenario_pure_group_message_rate/permanent_fork_sth_proof_n12000_pg0p005_a0p05_ff0p05_s45013_drop0_pc0p02_pgc0p02
permanent_fork,sth_proof,12000,6.0,5.0,0.005,0.05,0.05,3.0,True,125.0,125.0,0.0,0.0,,,,,208672.0,,,,0.2169515402987046,0.2169515402987046,4.0,1.467475245526952e-05,4,4,45014,0.02,0.02,0.0,True,0.2,0.08,800,32,0.0,0.0,0.0,0.9274706840515137,C:/Users/efasllija/dev/gossip-poc/out_nb_incremental_clean0104/scenario_pure_group_message_rate/permanent_fork_sth_proof_n12000_pg0p005_a0p05_ff0p05_s45014_drop0_pc0p02_pgc0p02
permanent_fork,sth_proof,12000,6.0,5.0,0.005,0.05,0.05,3.0,False,,,0.0,0.0,,,,,,,,,0.06522326906678313,0.06522326906678313,0.0,0.0,0,0,45000,0.02,0.02,0.0,True,0.2,0.12,800,32,0.0,0.0,0.0,0.9812173843383789,C:/Users/efasllija/dev/gossip-poc/out_nb_incremental_clean0104/scenario_pure_group_message_rate/permanent_fork_sth_proof_n12000_pg0p005_a0p05_ff0p05_s45000_drop0_pc0p02_pgc0p02
permanent_fork,sth_proof,12000,6.0,5.0,0.005,0.05,0.05,3.0,True,5.0,5.0,0.0,0.0,,,,,158250.0,,,,0.28694386364237884,0.28694386364237884,5.0,1.3233464785750204e-05,5,5,45001,0.02,0.02,0.0,True,0.2,0.12,800,32,0.0,0.0,0.0,1.000967025756836,C:/Users/efasllija/dev/gossip-poc/out_nb_incremental_clean0104/scenario_pure_group_message_rate/permanent_fork_sth_proof_n12000_pg0p005_a0p05_ff0p05_s45001_drop0_pc0p02_pgc0p02
permanent_fork,sth_proof,12000,6.0,5.0,0.005,0.05,0.05,3.0,False,,,0.0,0.0,,,,,,,,,0.15926987762730543,0.15926987762730543,0.0,0.0,0,0,45002,0.02,0.02,0.0,True,0.2,0.12,800,32,0.0,0.0,0.0,1.3970246315002441,C:/Users/efasllija/dev/gossip-poc/out_nb_incremental_clean0104/scenario_pure_group_message_rate/permanent_fork_sth_proof_n12000_pg0p005_a0p05_ff0p05_s45002_drop0_pc0p02_pgc0p02
permanent_fork,sth_proof,12000,6.0,5.0,0.005,0.05,0.05,3.0,True,60.0,60.0,0.0,0.0,,,,,208266.0,,,,0.4270934266870878,0.4270934266870878,4.0,1.0418945811062837e-05,4,4,45003,0.02,0.02,0.0,True,0.2,0.12,800,32,0.0,0.0,0.0,1.385688066482544,C:/Users/efasllija/dev/gossip-poc/out_nb_incremental_clean0104/scenario_pure_group_message_rate/permanent_fork_sth_proof_n12000_pg0p005_a0p05_ff0p05_s45003_drop0_pc0p02_pgc0p02
permanent_fork,sth_proof,12000,6.0,5.0,0.005,0.05,0.05,3.0,True,110.0,110.0,0.0,0.0,,,,,278992.0,,,,0.22531318899037828,0.22531318899037828,30.0,7.620170082196235e-05,30,30,45004,0.02,0.02,0.0,True,0.2,0.12,800,32,0.0,0.0,0.0,1.0073792934417725,C:/Users/efasllija/dev/gossip-poc/out_nb_incremental_clean0104/scenario_pure_group_message_rate/permanent_fork_sth_proof_n12000_pg0p005_a0p05_ff0p05_s45004_drop0_pc0p02_pgc0p02
permanent_fork,sth_proof,12000,6.0,5.0,0.005,0.05,0.05,3.0,True,125.0,125.0,0.0,0.0,,,,,303197.0,,,,0.16791051390686212,0.16791051390686212,2.0,5.06486830076201e-06,2,2,45005,0.02,0.02,0.0,True,0.2,0.12,800,32,0.0,0.0,0.0,0.9746453762054443,C:/Users/efasllija/dev/gossip-poc/out_nb_incremental_clean0104/scenario_pure_group_message_rate/permanent_fork_sth_proof_n12000_pg0p005_a0p05_ff0p05_s45005_drop0_pc0p02_pgc0p02
permanent_fork,sth_proof,12000,6.0,5.0,0.005,0.05,0.05,3.0,True,30.0,30.0,0.0,0.0,,,,,182243.0,,,,0.3521462556350272,0.3521462556350272,8.0,2.0822271501598108e-05,8,8,45006,0.02,0.02,0.0,True,0.2,0.12,800,32,0.0,0.0,0.0,0.9530842304229736,C:/Users/efasllija/dev/gossip-poc/out_nb_incremental_clean0104/scenario_pure_group_message_rate/permanent_fork_sth_proof_n12000_pg0p005_a0p05_ff0p05_s45006_drop0_pc0p02_pgc0p02
permanent_fork,sth_proof,12000,6.0,5.0,0.005,0.05,0.05,3.0,True,5.0,5.0,0.0,0.0,,,,,155621.0,,,,0.08220614448988152,0.08220614448988152,1.0,2.6213694033763237e-06,1,1,45007,0.02,0.02,0.0,True,0.2,0.12,800,32,0.0,0.0,0.0,0.9786062240600586,C:/Users/efasllija/dev/gossip-poc/out_nb_incremental_clean0104/scenario_pure_group_message_rate/permanent_fork_sth_proof_n12000_pg0p005_a0p05_ff0p05_s45007_drop0_pc0p02_pgc0p02
permanent_fork,sth_proof,12000,6.0,5.0,0.005,0.05,0.05,3.0,True,15.0,15.0,0.0,0.0,,,,,162833.0,,,,0.14777487674854672,0.14777487674854672,1.0,2.5373433507648824e-06,1,1,45008,0.02,0.02,0.0,True,0.2,0.12,800,32,0.0,0.0,0.0,0.9854559898376465,C:/Users/efasllija/dev/gossip-poc/out_nb_incremental_clean0104/scenario_pure_group_message_rate/permanent_fork_sth_proof_n12000_pg0p005_a0p05_ff0p05_s45008_drop0_pc0p02_pgc0p02
permanent_fork,sth_proof,12000,6.0,5.0,0.005,0.05,0.05,3.0,False,,,0.0,0.0,,,,,,,,,0.009183009382862824,0.009183009382862824,0.0,0.0,0,0,45009,0.02,0.02,0.0,True,0.2,0.12,800,32,0.0,0.0,0.0,1.0095207691192627,C:/Users/efasllija/dev/gossip-poc/out_nb_incremental_clean0104/scenario_pure_group_message_rate/permanent_fork_sth_proof_n12000_pg0p005_a0p05_ff0p05_s45009_drop0_pc0p02_pgc0p02
permanent_fork,sth_proof,12000,6.0,5.0,0.005,0.05,0.05,3.0,True,25.0,25.0,0.0,0.0,,,,,172184.0,,,,0.3461699106173252,0.3461699106173252,13.0,3.3936179099490435e-05,13,13,45010,0.02,0.02,0.0,True,0.2,0.12,800,32,0.0,0.0,0.0,1.034785270690918,C:/Users/efasllija/dev/gossip-poc/out_nb_incremental_clean0104/scenario_pure_group_message_rate/permanent_fork_sth_proof_n12000_pg0p005_a0p05_ff0p05_s45010_drop0_pc0p02_pgc0p02
permanent_fork,sth_proof,12000,6.0,5.0,0.005,0.05,0.05,3.0,True,55.0,55.0,0.0,0.0,,,,,217413.0,,,,0.1705337443746854,0.1705337443746854,2.0,5.008627360628683e-06,2,2,45011,0.02,0.02,0.0,True,0.2,0.12,800,32,0.0,0.0,0.0,1.054441213607788,C:/Users/efasllija/dev/gossip-poc/out_nb_incremental_clean0104/scenario_pure_group_message_rate/permanent_fork_sth_proof_n12000_pg0p005_a0p05_ff0p05_s45011_drop0_pc0p02_pgc0p02
permanent_fork,sth_proof,12000,6.0,5.0,0.005,0.05,0.05,3.0,True,50.0,50.0,0.0,0.0,,,,,204938.0,,,,0.3576222847023814,0.3576222847023814,5.0,1.2630759942302689e-05,5,5,45012,0.02,0.02,0.0,True,0.2,0.12,800,32,0.0,0.0,0.0,1.029616355895996,C:/Users/efasllija/dev/gossip-poc/out_nb_incremental_clean0104/scenario_pure_group_message_rate/permanent_fork_sth_proof_n12000_pg0p005_a0p05_ff0p05_s45012_drop0_pc0p02_pgc0p02
permanent_fork,sth_proof,12000,6.0,5.0,0.005,0.05,0.05,3.0,True,85.0,85.0,0.0,0.0,,,,,231275.0,,,,0.2556334567894712,0.2556334567894712,6.0,1.5850288739426536e-05,6,6,45013,0.02,0.02,0.0,True,0.2,0.12,800,32,0.0,0.0,0.0,1.023198127746582,C:/Users/efasllija/dev/gossip-poc/out_nb_incremental_clean0104/scenario_pure_group_message_rate/permanent_fork_sth_proof_n12000_pg0p005_a0p05_ff0p05_s45013_drop0_pc0p02_pgc0p02
permanent_fork,sth_proof,12000,6.0,5.0,0.005,0.05,0.05,3.0,True,30.0,30.0,0.0,0.0,,,,,181939.0,,,,0.2594298050669884,0.2594298050669884,6.0,1.5239062797637945e-05,6,6,45014,0.02,0.02,0.0,True,0.2,0.12,800,32,0.0,0.0,0.0,1.0218026638031006,C:/Users/efasllija/dev/gossip-poc/out_nb_incremental_clean0104/scenario_pure_group_message_rate/permanent_fork_sth_proof_n12000_pg0p005_a0p05_ff0p05_s45014_drop0_pc0p02_pgc0p02
permanent_fork,sth_proof,12000,6.0,5.0,0.005,0.05,0.05,3.0,True,175.0,175.0,0.0,0.0,,,,,508459.0,,,,0.17621873150047496,0.17621873150047496,1.0,1.966726914067801e-06,1,1,45000,0.02,0.02,0.0,True,0.2,0.16,800,32,0.0,0.0,0.0,1.056196689605713,C:/Users/efasllija/dev/gossip-poc/out_nb_incremental_clean0104/scenario_pure_group_message_rate/permanent_fork_sth_proof_n12000_pg0p005_a0p05_ff0p05_s45000_drop0_pc0p02_pgc0p02
permanent_fork,sth_proof,12000,6.0,5.0,0.005,0.05,0.05,3.0,True,15.0,15.0,0.0,0.0,,,,,220955.0,,,,0.40540170465257036,0.40540170465257036,29.0,5.7549388289691714e-05,29,29,45001,0.02,0.02,0.0,True,0.2,0.16,800,32,0.0,0.0,0.0,1.0521996021270752,C:/Users/efasllija/dev/gossip-poc/out_nb_incremental_clean0104/scenario_pure_group_message_rate/permanent_fork_sth_proof_n12000_pg0p005_a0p05_ff0p05_s45001_drop0_pc0p02_pgc0p02
permanent_fork,sth_proof,12000,6.0,5.0,0.005,0.05,0.05,3.0,True,0.0,0.0,0.0,0.0,,,,,209928.0,,,,0.2509257242430843,0.2509257242430843,4.0,7.779195320036096e-06,4,4,45002,0.02,0.02,0.0,True,0.2,0.16,800,32,0.0,0.0,0.0,1.025480031967163,C:/Users/efasllija/dev/gossip-poc/out_nb_incremental_clean0104/scenario_pure_group_message_rate/permanent_fork_sth_proof_n12000_pg0p005_a0p05_ff0p05_s45002_drop0_pc0p02_pgc0p02
permanent_fork,sth_proof,12000,6.0,5.0,0.005,0.05,0.05,3.0,True,175.0,175.0,0.0,0.0,,,,,506700.0,,,,0.10786658772449181,0.10786658772449181,1.0,1.9735543714229327e-06,1,1,45003,0.02,0.02,0.0,True,0.2,0.16,800,32,0.0,0.0,0.0,1.081829309463501,C:/Users/efasllija/dev/gossip-poc/out_nb_incremental_clean0104/scenario_pure_group_message_rate/permanent_fork_sth_proof_n12000_pg0p005_a0p05_ff0p05_s45003_drop0_pc0p02_pgc0p02
permanent_fork,sth_proof,12000,6.0,5.0,0.005,0.05,0.05,3.0,True,130.0,130.0,0.0,0.0,,,,,411404.0,,,,0.2938141247591253,0.2938141247591253,4.0,7.715707057750138e-06,4,4,45004,0.02,0.02,0.0,True,0.2,0.16,800,32,0.0,0.0,0.0,1.0800657272338867,C:/Users/efasllija/dev/gossip-poc/out_nb_incremental_clean0104/scenario_pure_group_message_rate/permanent_fork_sth_proof_n12000_pg0p005_a0p05_ff0p05_s45004_drop0_pc0p02_pgc0p02
permanent_fork,sth_proof,12000,6.0,5.0,0.005,0.05,0.05,3.0,True,70.0,70.0,0.0,0.0,,,,,295350.0,,,,0.2709122527939174,0.2709122527939174,5.0,9.6292173564717e-06,5,5,45005,0.02,0.02,0.0,True,0.2,0.16,800,32,0.0,0.0,0.0,1.1038494110107422,C:/Users/efasllija/dev/gossip-poc/out_nb_incremental_clean0104/scenario_pure_group_message_rate/permanent_fork_sth_proof_n12000_pg0p005_a0p05_ff0p05_s45005_drop0_pc0p02_pgc0p02
permanent_fork,sth_proof,12000,6.0,5.0,0.005,0.05,0.05,3.0,True,110.0,110.0,0.0,0.0,,,,,358962.0,,,,0.23865502120909746,0.23865502120909746,4.0,7.950926879300955e-06,4,4,45006,0.02,0.02,0.0,True,0.2,0.16,800,32,0.0,0.0,0.0,1.5219001770019531,C:/Users/efasllija/dev/gossip-poc/out_nb_incremental_clean0104/scenario_pure_group_message_rate/permanent_fork_sth_proof_n12000_pg0p005_a0p05_ff0p05_s45006_drop0_pc0p02_pgc0p02
permanent_fork,sth_proof,12000,6.0,5.0,0.005,0.05,0.05,3.0,True,70.0,70.0,0.0,0.0,,,,,290137.0,,,,0.1825717275746851,0.1825717275746851,1.0,1.978282415641092e-06,1,1,45007,0.02,0.02,0.0,True,0.2,0.16,800,32,0.0,0.0,0.0,1.3069088459014893,C:/Users/efasllija/dev/gossip-poc/out_nb_incremental_clean0104/scenario_pure_group_message_rate/permanent_fork_sth_proof_n12000_pg0p005_a0p05_ff0p05_s45007_drop0_pc0p02_pgc0p02
permanent_fork,sth_proof,12000,6.0,5.0,0.005,0.05,0.05,3.0,True,105.0,105.0,0.0,0.0,,,,,350869.0,,,,0.1339164225805387,0.1339164225805387,35.0,6.793649684483498e-05,35,35,45008,0.02,0.02,0.0,True,0.2,0.16,800,32,0.0,0.0,0.0,1.2003729343414307,C:/Users/efasllija/dev/gossip-poc/out_nb_incremental_clean0104/scenario_pure_group_message_rate/permanent_fork_sth_proof_n12000_pg0p005_a0p05_ff0p05_s45008_drop0_pc0p02_pgc0p02
permanent_fork,sth_proof,12000,6.0,5.0,0.005,0.05,0.05,3.0,True,25.0,25.0,0.0,0.0,,,,,230717.0,,,,0.31550406704461426,0.31550406704461426,4.0,7.825001662812853e-06,4,4,45009,0.02,0.02,0.0,True,0.2,0.16,800,32,0.0,0.0,0.0,1.0601105690002441,C:/Users/efasllija/dev/gossip-poc/out_nb_incremental_clean0104/scenario_pure_group_message_rate/permanent_fork_sth_proof_n12000_pg0p005_a0p05_ff0p05_s45009_drop0_pc0p02_pgc0p02
permanent_fork,sth_proof,12000,6.0,5.0,0.005,0.05,0.05,3.0,True,125.0,125.0,0.0,0.0,,,,,393542.0,,,,0.18899667779277318,0.18899667779277318,4.0,7.812362673312383e-06,4,4,45010,0.02,0.02,0.0,True,0.2,0.16,800,32,0.0,0.0,0.0,1.197695016860962,C:/Users/efasllija/dev/gossip-poc/out_nb_incremental_clean0104/scenario_pure_group_message_rate/permanent_fork_sth_proof_n12000_pg0p005_a0p05_ff0p05_s45010_drop0_pc0p02_pgc0p02
permanent_fork,sth_proof,12000,6.0,5.0,0.005,0.05,0.05,3.0,True,15.0,15.0,0.0,0.0,,,,,233179.0,,,,0.42535375604845627,0.42535375604845627,45.0,8.57937061737151e-05,45,45,45011,0.02,0.02,0.0,True,0.2,0.16,800,32,0.0,0.0,0.0,1.5125048160552979,C:/Users/efasllija/dev/gossip-poc/out_nb_incremental_clean0104/scenario_pure_group_message_rate/permanent_fork_sth_proof_n12000_pg0p005_a0p05_ff0p05_s45011_drop0_pc0p02_pgc0p02
permanent_fork,sth_proof,12000,6.0,5.0,0.005,0.05,0.05,3.0,True,75.0,75.0,0.0,0.0,,,,,302780.0,,,,0.10619579071719464,0.10619579071719464,1.0,1.94298504678708e-06,1,1,45012,0.02,0.02,0.0,True,0.2,0.16,800,32,0.0,0.0,0.0,1.406707763671875,C:/Users/efasllija/dev/gossip-poc/out_nb_incremental_clean0104/scenario_pure_group_message_rate/permanent_fork_sth_proof_n12000_pg0p005_a0p05_ff0p05_s45012_drop0_pc0p02_pgc0p02
permanent_fork,sth_proof,12000,6.0,5.0,0.005,0.05,0.05,3.0,False,,,0.0,0.0,,,,,,,,,0.059939063573761255,0.059939063573761255,0.0,0.0,0,0,45013,0.02,0.02,0.0,True,0.2,0.16,800,32,0.0,0.0,0.0,1.3492412567138672,C:/Users/efasllija/dev/gossip-poc/out_nb_incremental_clean0104/scenario_pure_group_message_rate/permanent_fork_sth_proof_n12000_pg0p005_a0p05_ff0p05_s45013_drop0_pc0p02_pgc0p02
permanent_fork,sth_proof,12000,6.0,5.0,0.005,0.05,0.05,3.0,True,55.0,55.0,0.0,0.0,,,,,275426.0,,,,0.1855047570483488,0.1855047570483488,7.0,1.3419036244816898e-05,7,7,45014,0.02,0.02,0.0,True,0.2,0.16,800,32,0.0,0.0,0.0,1.4393839836120605,C:/Users/efasllija/dev/gossip-poc/out_nb_incremental_clean0104/scenario_pure_group_message_rate/permanent_fork_sth_proof_n12000_pg0p005_a0p05_ff0p05_s45014_drop0_pc0p02_pgc0p02
permanent_fork,sth_proof,12000,6.0,5.0,0.005,0.1,0.05,3.0,True,80.0,80.0,0.0,0.0,,,,,12582.0,,,,0.47316370619299086,0.47316370619299086,1.0,4.800768122899664e-05,1,1,45000,0.02,0.02,0.0,True,0.2,0.0,800,32,0.0,0.0,0.0,1.241330623626709,C:/Users/efasllija/dev/gossip-poc/out_nb_incremental_clean0104/scenario_pure_group_message_rate/permanent_fork_sth_proof_n12000_pg0p005_a0p1_ff0p05_s45000_drop0_pc0p02_pgc0p02
permanent_fork,sth_proof,12000,6.0,5.0,0.005,0.1,0.05,3.0,True,55.0,55.0,0.0,0.0,,,,,11360.0,,,,0.17108215189269177,0.17108215189269177,1.0,4.773497541648766e-05,1,1,45001,0.02,0.02,0.0,True,0.2,0.0,800,32,0.0,0.0,0.0,1.0271012783050537,C:/Users/efasllija/dev/gossip-poc/out_nb_incremental_clean0104/scenario_pure_group_message_rate/permanent_fork_sth_proof_n12000_pg0p005_a0p1_ff0p05_s45001_drop0_pc0p02_pgc0p02
permanent_fork,sth_proof,12000,6.0,5.0,0.005,0.1,0.05,3.0,False,,,0.0,0.0,,,,,,,,,0.29364670630647505,0.29364670630647505,0.0,0.0,0,0,45002,0.02,0.02,0.0,True,0.2,0.0,800,32,0.0,0.0,0.0,1.021481990814209,C:/Users/efasllija/dev/gossip-poc/out_nb_incremental_clean0104/scenario_pure_group_message_rate/permanent_fork_sth_proof_n12000_pg0p005_a0p1_ff0p05_s45002_drop0_pc0p02_pgc0p02
permanent_fork,sth_proof,12000,6.0,5.0,0.005,0.1,0.05,3.0,False,,,0.0,0.0,,,,,,,,,0.6761945191264563,0.6761945191264563,0.0,0.0,0,0,45003,0.02,0.02,0.0,True,0.2,0.0,800,32,0.0,0.0,0.0,1.3218331336975098,C:/Users/efasllija/dev/gossip-poc/out_nb_incremental_clean0104/scenario_pure_group_message_rate/permanent_fork_sth_proof_n12000_pg0p005_a0p1_ff0p05_s45003_drop0_pc0p02_pgc0p02
permanent_fork,sth_proof,12000,6.0,5.0,0.005,0.1,0.05,3.0,True,105.0,105.0,0.0,0.0,,,,,14663.0,,,,0.37864487956050147,0.37864487956050147,1.0,4.6954970183593935e-05,1,1,45004,0.02,0.02,0.0,True,0.2,0.0,800,32,0.0,0.0,0.0,1.0512795448303223,C:/Users/efasllija/dev/gossip-poc/out_nb_incremental_clean0104/scenario_pure_group_message_rate/permanent_fork_sth_proof_n12000_pg0p005_a0p1_ff0p05_s45004_drop0_pc0p02_pgc0p02
permanent_fork,sth_proof,12000,6.0,5.0,0.005,0.1,0.05,3.0,True,125.0,125.0,0.0,0.0,,,,,16083.0,,,,0.46873067960241593,0.46873067960241593,1.0,4.7557901745375e-05,1,1,45005,0.02,0.02,0.0,True,0.2,0.0,800,32,0.0,0.0,0.0,1.130326747894287,C:/Users/efasllija/dev/gossip-poc/out_nb_incremental_clean0104/scenario_pure_group_message_rate/permanent_fork_sth_proof_n12000_pg0p005_a0p1_ff0p05_s45005_drop0_pc0p02_pgc0p02
permanent_fork,sth_proof,12000,6.0,5.0,0.005,0.1,0.05,3.0,False,,,0.0,0.0,,,,,,,,,0.6023529411764705,0.6023529411764705,0.0,0.0,0,0,45006,0.02,0.02,0.0,True,0.2,0.0,800,32,0.0,0.0,0.0,1.009765386581421,C:/Users/efasllija/dev/gossip-poc/out_nb_incremental_clean0104/scenario_pure_group_message_rate/permanent_fork_sth_proof_n12000_pg0p005_a0p1_ff0p05_s45006_drop0_pc0p02_pgc0p02
permanent_fork,sth_proof,12000,6.0,5.0,0.005,0.1,0.05,3.0,False,,,0.0,0.0,,,,,,,,,0.7330125120307989,0.7330125120307989,0.0,0.0,0,0,45007,0.02,0.02,0.0,True,0.2,0.0,800,32,0.0,0.0,0.0,1.1053802967071533,C:/Users/efasllija/dev/gossip-poc/out_nb_incremental_clean0104/scenario_pure_group_message_rate/permanent_fork_sth_proof_n12000_pg0p005_a0p1_ff0p05_s45007_drop0_pc0p02_pgc0p02
permanent_fork,sth_proof,12000,6.0,5.0,0.005,0.1,0.05,3.0,False,,,0.0,0.0,,,,,,,,,0.34206633261751374,0.34206633261751374,0.0,0.0,0,0,45008,0.02,0.02,0.0,True,0.2,0.0,800,32,0.0,0.0,0.0,1.2985143661499023,C:/Users/efasllija/dev/gossip-poc/out_nb_incremental_clean0104/scenario_pure_group_message_rate/permanent_fork_sth_proof_n12000_pg0p005_a0p1_ff0p05_s45008_drop0_pc0p02_pgc0p02
permanent_fork,sth_proof,12000,6.0,5.0,0.005,0.1,0.05,3.0,True,95.0,95.0,0.0,0.0,,,,,13658.0,,,,0.4695121951219512,0.4695121951219512,1.0,4.763719512195122e-05,1,1,45009,0.02,0.02,0.0,True,0.2,0.0,800,32,0.0,0.0,0.0,1.2215893268585205,C:/Users/efasllija/dev/gossip-poc/out_nb_incremental_clean0104/scenario_pure_group_message_rate/permanent_fork_sth_proof_n12000_pg0p005_a0p1_ff0p05_s45009_drop0_pc0p02_pgc0p02
permanent_fork,sth_proof,12000,6.0,5.0,0.005,0.1,0.05,3.0,False,,,0.0,0.0,,,,,,,,,0.4279300792816888,0.4279300792816888,0.0,0.0,0,0,45010,0.02,0.02,0.0,True,0.2,0.0,800,32,0.0,0.0,0.0,1.0944116115570068,C:/Users/efasllija/dev/gossip-poc/out_nb_incremental_clean0104/scenario_pure_group_message_rate/permanent_fork_sth_proof_n12000_pg0p005_a0p1_ff0p05_s45010_drop0_pc0p02_pgc0p02
permanent_fork,sth_proof,12000,6.0,5.0,0.005,0.1,0.05,3.0,False,,,0.0,0.0,,,,,,,,,0.4596800522363696,0.4596800522363696,0.0,0.0,0,0,45011,0.02,0.02,0.0,True,0.2,0.0,800,32,0.0,0.0,0.0,1.0745928287506104,C:/Users/efasllija/dev/gossip-poc/out_nb_incremental_clean0104/scenario_pure_group_message_rate/permanent_fork_sth_proof_n12000_pg0p005_a0p1_ff0p05_s45011_drop0_pc0p02_pgc0p02
permanent_fork,sth_proof,12000,6.0,5.0,0.005,0.1,0.05,3.0,True,135.0,135.0,0.0,0.0,,,,,16679.0,,,,0.26042726347914547,0.26042726347914547,2.0,9.688514266337258e-05,2,2,45012,0.02,0.02,0.0,True,0.2,0.0,800,32,0.0,0.0,0.0,1.0369741916656494,C:/Users/efasllija/dev/gossip-poc/out_nb_incremental_clean0104/scenario_pure_group_message_rate/permanent_fork_sth_proof_n12000_pg0p005_a0p1_ff0p05_s45012_drop0_pc0p02_pgc0p02
permanent_fork,sth_proof,12000,6.0,5.0,0.005,0.1,0.05,3.0,False,,,0.0,0.0,,,,,,,,,0.47689553394300094,0.47689553394300094,0.0,0.0,0,0,45013,0.02,0.02,0.0,True,0.2,0.0,800,32,0.0,0.0,0.0,1.051525592803955,C:/Users/efasllija/dev/gossip-poc/out_nb_incremental_clean0104/scenario_pure_group_message_rate/permanent_fork_sth_proof_n12000_pg0p005_a0p1_ff0p05_s45013_drop0_pc0p02_pgc0p02
permanent_fork,sth_proof,12000,6.0,5.0,0.005,0.1,0.05,3.0,True,160.0,160.0,0.0,0.0,,,,,19767.0,,,,0.5424233957343765,0.5424233957343765,1.0,4.6567942628294685e-05,1,1,45014,0.02,0.02,0.0,True,0.2,0.0,800,32,0.0,0.0,0.0,1.1009609699249268,C:/Users/efasllija/dev/gossip-poc/out_nb_incremental_clean0104/scenario_pure_group_message_rate/permanent_fork_sth_proof_n12000_pg0p005_a0p1_ff0p05_s45014_drop0_pc0p02_pgc0p02
permanent_fork,sth_proof,12000,6.0,5.0,0.005,0.1,0.05,3.0,True,135.0,135.0,0.0,0.0,,,,,67561.0,,,,0.47072870771692277,0.47072870771692277,1.0,1.1940155938436555e-05,1,1,45000,0.02,0.02,0.0,True,0.2,0.02,800,32,0.0,0.0,0.0,1.0516812801361084,C:/Users/efasllija/dev/gossip-poc/out_nb_incremental_clean0104/scenario_pure_group_message_rate/permanent_fork_sth_proof_n12000_pg0p005_a0p1_ff0p05_s45000_drop0_pc0p02_pgc0p02
permanent_fork,sth_proof,12000,6.0,5.0,0.005,0.1,0.05,3.0,True,55.0,55.0,0.0,0.0,,,,,43583.0,,,,0.5063851278228036,0.5063851278228036,3.0,3.6074168490416295e-05,3,3,45001,0.02,0.02,0.0,True,0.2,0.02,800,32,0.0,0.0,0.0,0.9862275123596191,C:/Users/efasllija/dev/gossip-poc/out_nb_incremental_clean0104/scenario_pure_group_message_rate/permanent_fork_sth_proof_n12000_pg0p005_a0p1_ff0p05_s45001_drop0_pc0p02_pgc0p02
permanent_fork,sth_proof,12000,6.0,5.0,0.005,0.1,0.05,3.0,True,40.0,40.0,0.0,0.0,,,,,41827.0,,,,0.44650103224887877,0.44650103224887877,1.0,1.1864929640967229e-05,1,1,45002,0.02,0.02,0.0,True,0.2,0.02,800,32,0.0,0.0,0.0,0.9763715267181396,C:/Users/efasllija/dev/gossip-poc/out_nb_incremental_clean0104/scenario_pure_group_message_rate/permanent_fork_sth_proof_n12000_pg0p005_a0p1_ff0p05_s45002_drop0_pc0p02_pgc0p02
permanent_fork,sth_proof,12000,6.0,5.0,0.005,0.1,0.05,3.0,False,,,0.0,0.0,,,,,,,,,0.15668444522164904,0.15668444522164904,0.0,0.0,0,0,45003,0.02,0.02,0.0,True,0.2,0.02,800,32,0.0,0.0,0.0,0.8892731666564941,C:/Users/efasllija/dev/gossip-poc/out_nb_incremental_clean0104/scenario_pure_group_message_rate/permanent_fork_sth_proof_n12000_pg0p005_a0p1_ff0p05_s45003_drop0_pc0p02_pgc0p02
permanent_fork,sth_proof,12000,6.0,5.0,0.005,0.1,0.05,3.0,True,60.0,60.0,0.0,0.0,,,,,45293.0,,,,0.6798506563892569,0.6798506563892569,5.0,6.0219197880284235e-05,5,5,45004,0.02,0.02,0.0,True,0.2,0.02,800,32,0.0,0.0,0.0,0.8906762599945068,C:/Users/efasllija/dev/gossip-poc/out_nb_incremental_clean0104/scenario_pure_group_message_rate/permanent_fork_sth_proof_n12000_pg0p005_a0p1_ff0p05_s45004_drop0_pc0p02_pgc0p02
permanent_fork,sth_proof,12000,6.0,5.0,0.005,0.1,0.05,3.0,True,140.0,140.0,0.0,0.0,,,,,66563.0,,,,0.10044968173494936,0.10044968173494936,1.0,1.245655775483003e-05,1,1,45005,0.02,0.02,0.0,True,0.2,0.02,800,32,0.0,0.0,0.0,0.8770673274993896,C:/Users/efasllija/dev/gossip-poc/out_nb_incremental_clean0104/scenario_pure_group_message_rate/permanent_fork_sth_proof_n12000_pg0p005_a0p1_ff0p05_s45005_drop0_pc0p02_pgc0p02
permanent_fork,sth_proof,12000,6.0,5.0,0.005,0.1,0.05,3.0,True,150.0,150.0,0.0,0.0,,,,,70443.0,,,,0.3937027644562734,0.3937027644562734,2.0,2.510859467195621e-05,2,2,45006,0.02,0.02,0.0,True,0.2,0.02,800,32,0.0,0.0,0.0,0.8642818927764893,C:/Users/efasllija/dev/gossip-poc/out_nb_incremental_clean0104/scenario_pure_group_message_rate/permanent_fork_sth_proof_n12000_pg0p005_a0p1_ff0p05_s45006_drop0_pc0p02_pgc0p02
permanent_fork,sth_proof,12000,6.0,5.0,0.005,0.1,0.05,3.0,False,,,0.0,0.0,,,,,,,,,0.11016303145056187,0.11016303145056187,0.0,0.0,0,0,45007,0.02,0.02,0.0,True,0.2,0.02,800,32,0.0,0.0,0.0,0.8873965740203857,C:/Users/efasllija/dev/gossip-poc/out_nb_incremental_clean0104/scenario_pure_group_message_rate/permanent_fork_sth_proof_n12000_pg0p005_a0p1_ff0p05_s45007_drop0_pc0p02_pgc0p02
permanent_fork,sth_proof,12000,6.0,5.0,0.005,0.1,0.05,3.0,True,50.0,50.0,0.0,0.0,,,,,43851.0,,,,0.44547563805104406,0.44547563805104406,2.0,2.367536341682845e-05,2,2,45008,0.02,0.02,0.0,True,0.2,0.02,800,32,0.0,0.0,0.0,0.8952574729919434,C:/Users/efasllija/dev/gossip-poc/out_nb_incremental_clean0104/scenario_pure_group_message_rate/permanent_fork_sth_proof_n12000_pg0p005_a0p1_ff0p05_s45008_drop0_pc0p02_pgc0p02
permanent_fork,sth_proof,12000,6.0,5.0,0.005,0.1,0.05,3.0,True,65.0,65.0,0.0,0.0,,,,,47558.0,,,,0.4104393948526309,0.4104393948526309,3.0,3.616418540172383e-05,3,3,45009,0.02,0.02,0.0,True,0.2,0.02,800,32,0.0,0.0,0.0,0.8912937641143799,C:/Users/efasllija/dev/gossip-poc/out_nb_incremental_clean0104/scenario_pure_group_message_rate/permanent_fork_sth_proof_n12000_pg0p005_a0p1_ff0p05_s45009_drop0_pc0p02_pgc0p02
permanent_fork,sth_proof,12000,6.0,5.0,0.005,0.1,0.05,3.0,True,140.0,140.0,0.0,0.0,,,,,66966.0,,,,0.13289496452673472,0.13289496452673472,1.0,1.2360022742441846e-05,1,1,45010,0.02,0.02,0.0,True,0.2,0.02,800,32,0.0,0.0,0.0,0.9478261470794678,C:/Users/efasllija/dev/gossip-poc/out_nb_incremental_clean0104/scenario_pure_group_message_rate/permanent_fork_sth_proof_n12000_pg0p005_a0p1_ff0p05_s45010_drop0_pc0p02_pgc0p02
permanent_fork,sth_proof,12000,6.0,5.0,0.005,0.1,0.05,3.0,False,,,0.0,0.0,,,,,,,,,0.05448994733449287,0.05448994733449287,0.0,0.0,0,0,45011,0.02,0.02,0.0,True,0.2,0.02,800,32,0.0,0.0,0.0,0.9221045970916748,C:/Users/efasllija/dev/gossip-poc/out_nb_incremental_clean0104/scenario_pure_group_message_rate/permanent_fork_sth_proof_n12000_pg0p005_a0p1_ff0p05_s45011_drop0_pc0p02_pgc0p02
permanent_fork,sth_proof,12000,6.0,5.0,0.005,0.1,0.05,3.0,True,40.0,40.0,0.0,0.0,,,,,39976.0,,,,1.096668906594989,1.096668906594989,2.0,2.3999232024575214e-05,2,2,45012,0.02,0.02,0.0,True,0.2,0.02,800,32,0.0,0.0,0.0,0.8730545043945312,C:/Users/efasllija/dev/gossip-poc/out_nb_incremental_clean0104/scenario_pure_group_message_rate/permanent_fork_sth_proof_n12000_pg0p005_a0p1_ff0p05_s45012_drop0_pc0p02_pgc0p02
permanent_fork,sth_proof,12000,6.0,5.0,0.005,0.1,0.05,3.0,False,,,0.0,0.0,,,,,,,,,0.11920369608862873,0.11920369608862873,0.0,0.0,0,0,45013,0.02,0.02,0.0,True,0.2,0.02,800,32,0.0,0.0,0.0,0.8746721744537354,C:/Users/efasllija/dev/gossip-poc/out_nb_incremental_clean0104/scenario_pure_group_message_rate/permanent_fork_sth_proof_n12000_pg0p005_a0p1_ff0p05_s45013_drop0_pc0p02_pgc0p02
permanent_fork,sth_proof,12000,6.0,5.0,0.005,0.1,0.05,3.0,True,60.0,60.0,0.0,0.0,,,,,45159.0,,,,0.7722103851954706,0.7722103851954706,2.0,2.3940054104522276e-05,2,2,45014,0.02,0.02,0.0,True,0.2,0.02,800,32,0.0,0.0,0.0,0.8948113918304443,C:/Users/efasllija/dev/gossip-poc/out_nb_incremental_clean0104/scenario_pure_group_message_rate/permanent_fork_sth_proof_n12000_pg0p005_a0p1_ff0p05_s45014_drop0_pc0p02_pgc0p02
permanent_fork,sth_proof,12000,6.0,5.0,0.005,0.1,0.05,3.0,False,,,0.0,0.0,,,,,,,,,0.5004852640325091,0.5004852640325091,0.0,0.0,0,0,45000,0.02,0.02,0.0,True,0.2,0.04,800,32,0.0,0.0,0.0,0.9477121829986572,C:/Users/efasllija/dev/gossip-poc/out_nb_incremental_clean0104/scenario_pure_group_message_rate/permanent_fork_sth_proof_n12000_pg0p005_a0p1_ff0p05_s45000_drop0_pc0p02_pgc0p02
permanent_fork,sth_proof,12000,6.0,5.0,0.005,0.1,0.05,3.0,True,160.0,160.0,0.0,0.0,,,,,129251.0,,,,0.6667048251388015,0.6667048251388015,1.0,7.1547135252704484e-06,1,1,45001,0.02,0.02,0.0,True,0.2,0.04,800,32,0.0,0.0,0.0,0.9008615016937256,C:/Users/efasllija/dev/gossip-poc/out_nb_incremental_clean0104/scenario_pure_group_message_rate/permanent_fork_sth_proof_n12000_pg0p005_a0p1_ff0p05_s45001_drop0_pc0p02_pgc0p02
permanent_fork,sth_proof,12000,6.0,5.0,0.005,0.1,0.05,3.0,False,,,0.0,0.0,,,,,,,,,0.23407122232916266,0.23407122232916266,0.0,0.0,0,0,45002,0.02,0.02,0.0,True,0.2,0.04,800,32,0.0,0.0,0.0,0.9218404293060303,C:/Users/efasllija/dev/gossip-poc/out_nb_incremental_clean0104/scenario_pure_group_message_rate/permanent_fork_sth_proof_n12000_pg0p005_a0p1_ff0p05_s45002_drop0_pc0p02_pgc0p02
permanent_fork,sth_proof,12000,6.0,5.0,0.005,0.1,0.05,3.0,True,85.0,85.0,0.0,0.0,,,,,87089.0,,,,0.756199263312234,0.756199263312234,5.0,3.576154203769266e-05,5,5,45003,0.02,0.02,0.0,True,0.2,0.04,800,32,0.0,0.0,0.0,0.9457907676696777,C:/Users/efasllija/dev/gossip-poc/out_nb_incremental_clean0104/scenario_pure_group_message_rate/permanent_fork_sth_proof_n12000_pg0p005_a0p1_ff0p05_s45003_drop0_pc0p02_pgc0p02
permanent_fork,sth_proof,12000,6.0,5.0,0.005,0.1,0.05,3.0,True,40.0,40.0,0.0,0.0,,,,,71165.0,,,,0.5435793731041456,0.5435793731041456,5.0,3.486628778633939e-05,5,5,45004,0.02,0.02,0.0,True,0.2,0.04,800,32,0.0,0.0,0.0,1.0167334079742432,C:/Users/efasllija/dev/gossip-poc/out_nb_incremental_clean0104/scenario_pure_group_message_rate/permanent_fork_sth_proof_n12000_pg0p005_a0p1_ff0p05_s45004_drop0_pc0p02_pgc0p02
permanent_fork,sth_proof,12000,6.0,5.0,0.005,0.1,0.05,3.0,True,0.0,0.0,0.0,0.0,,,,,55309.0,,,,0.31781163985130956,0.31781163985130956,4.0,2.8376039272438353e-05,4,4,45005,0.02,0.02,0.0,True,0.2,0.04,800,32,0.0,0.0,0.0,0.9506113529205322,C:/Users/efasllija/dev/gossip-poc/out_nb_incremental_clean0104/scenario_pure_group_message_rate/permanent_fork_sth_proof_n12000_pg0p005_a0p1_ff0p05_s45005_drop0_pc0p02_pgc0p02
permanent_fork,sth_proof,12000,6.0,5.0,0.005,0.1,0.05,3.0,False,,,0.0,0.0,,,,,,,,,0.4321686456427062,0.4321686456427062,0.0,0.0,0,0,45006,0.02,0.02,0.0,True,0.2,0.04,800,32,0.0,0.0,0.0,0.9139809608459473,C:/Users/efasllija/dev/gossip-poc/out_nb_incremental_clean0104/scenario_pure_group_message_rate/permanent_fork_sth_proof_n12000_pg0p005_a0p1_ff0p05_s45006_drop0_pc0p02_pgc0p02
permanent_fork,sth_proof,12000,6.0,5.0,0.005,0.1,0.05,3.0,True,80.0,80.0,0.0,0.0,,,,,85066.0,,,,0.5793583685650335,0.5793583685650335,5.0,3.5527764948307104e-05,5,5,45007,0.02,0.02,0.0,True,0.2,0.04,800,32,0.0,0.0,0.0,0.947432279586792,C:/Users/efasllija/dev/gossip-poc/out_nb_incremental_clean0104/scenario_pure_group_message_rate/permanent_fork_sth_proof_n12000_pg0p005_a0p1_ff0p05_s45007_drop0_pc0p02_pgc0p02
permanent_fork,sth_proof,12000,6.0,5.0,0.005,0.1,0.05,3.0,True,165.0,165.0,0.0,0.0,,,,,140158.0,,,,0.042471356212248436,0.042471356212248436,1.0,6.77158102873859e-06,1,1,45008,0.02,0.02,0.0,True,0.2,0.04,800,32,0.0,0.0,0.0,0.9193272590637207,C:/Users/efasllija/dev/gossip-poc/out_nb_incremental_clean0104/scenario_pure_group_message_rate/permanent_fork_sth_proof_n12000_pg0p005_a0p1_ff0p05_s45008_drop0_pc0p02_pgc0p02
permanent_fork,sth_proof,12000,6.0,5.0,0.005,0.1,0.05,3.0,False,,,0.0,0.0,,,,,,,,,0.32050849906101025,0.32050849906101025,0.0,0.0,0,0,45009,0.02,0.02,0.0,True,0.2,0.04,800,32,0.0,0.0,0.0,0.9205269813537598,C:/Users/efasllija/dev/gossip-poc/out_nb_incremental_clean0104/scenario_pure_group_message_rate/permanent_fork_sth_proof_n12000_pg0p005_a0p1_ff0p05_s45009_drop0_pc0p02_pgc0p02
permanent_fork,sth_proof,12000,6.0,5.0,0.005,0.1,0.05,3.0,True,15.0,15.0,0.0,0.0,,,,,60966.0,,,,0.10121863394382705,0.10121863394382705,1.0,7.060451586483471e-06,1,1,45010,0.02,0.02,0.0,True,0.2,0.04,800,32,0.0,0.0,0.0,0.9225540161132812,C:/Users/efasllija/dev/gossip-poc/out_nb_incremental_clean0104/scenario_pure_group_message_rate/permanent_fork_sth_proof_n12000_pg0p005_a0p1_ff0p05_s45010_drop0_pc0p02_pgc0p02
permanent_fork,sth_proof,12000,6.0,5.0,0.005,0.1,0.05,3.0,True,10.0,10.0,0.0,0.0,,,,,63944.0,,,,0.7016683690840995,0.7016683690840995,2.0,1.3619339462036092e-05,2,2,45011,0.02,0.02,0.0,True,0.2,0.04,800,32,0.0,0.0,0.0,0.9341306686401367,C:/Users/efasllija/dev/gossip-poc/out_nb_incremental_clean0104/scenario_pure_group_message_rate/permanent_fork_sth_proof_n12000_pg0p005_a0p1_ff0p05_s45011_drop0_pc0p02_pgc0p02
permanent_fork,sth_proof,12000,6.0,5.0,0.005,0.1,0.05,3.0,True,100.0,100.0,0.0,0.0,,,,,97863.0,,,,0.06167570693025689,0.06167570693025689,1.0,6.8834494341804565e-06,1,1,45012,0.02,0.02,0.0,True,0.2,0.04,800,32,0.0,0.0,0.0,0.9268326759338379,C:/Users/efasllija/dev/gossip-poc/out_nb_incremental_clean0104/scenario_pure_group_message_rate/permanent_fork_sth_proof_n12000_pg0p005_a0p1_ff0p05_s45012_drop0_pc0p02_pgc0p02
permanent_fork,sth_proof,12000,6.0,5.0,0.005,0.1,0.05,3.0,False,,,0.0,0.0,,,,,,,,,0.655421686746988,0.655421686746988,0.0,0.0,0,0,45013,0.02,0.02,0.0,True,0.2,0.04,800,32,0.0,0.0,0.0,0.888974666595459,C:/Users/efasllija/dev/gossip-poc/out_nb_incremental_clean0104/scenario_pure_group_message_rate/permanent_fork_sth_proof_n12000_pg0p005_a0p1_ff0p05_s45013_drop0_pc0p02_pgc0p02
permanent_fork,sth_proof,12000,6.0,5.0,0.005,0.1,0.05,3.0,True,90.0,90.0,0.0,0.0,,,,,94495.0,,,,0.24973826972494528,0.24973826972494528,1.0,6.7981889624604005e-06,1,1,45014,0.02,0.02,0.0,True,0.2,0.04,800,32,0.0,0.0,0.0,0.9366564750671387,C:/Users/efasllija/dev/gossip-poc/out_nb_incremental_clean0104/scenario_pure_group_message_rate/permanent_fork_sth_proof_n12000_pg0p005_a0p1_ff0p05_s45014_drop0_pc0p02_pgc0p02
permanent_fork,sth_proof,12000,6.0,5.0,0.005,0.1,0.05,3.0,True,0.0,0.0,0.0,0.0,,,,,105134.0,,,,0.9860127653438371,0.9860127653438371,19.0,7.20991477121802e-05,19,19,45000,0.02,0.02,0.0,True,0.2,0.08,800,32,0.0,0.0,0.0,0.9710493087768555,C:/Users/efasllija/dev/gossip-poc/out_nb_incremental_clean0104/scenario_pure_group_message_rate/permanent_fork_sth_proof_n12000_pg0p005_a0p1_ff0p05_s45000_drop0_pc0p02_pgc0p02
permanent_fork,sth_proof,12000,6.0,5.0,0.005,0.1,0.05,3.0,True,85.0,85.0,0.0,0.0,,,,,161793.0,,,,0.5005644053463536,0.5005644053463536,4.0,1.530590769772363e-05,4,4,45001,0.02,0.02,0.0,True,0.2,0.08,800,32,0.0,0.0,0.0,0.9782297611236572,C:/Users/efasllija/dev/gossip-poc/out_nb_incremental_clean0104/scenario_pure_group_message_rate/permanent_fork_sth_proof_n12000_pg0p005_a0p1_ff0p05_s45001_drop0_pc0p02_pgc0p02
permanent_fork,sth_proof,12000,6.0,5.0,0.005,0.1,0.05,3.0,True,25.0,25.0,0.0,0.0,,,,,122182.0,,,,0.8098330771841643,0.8098330771841643,35.0,0.0001334772345042465,35,35,45002,0.02,0.02,0.0,True,0.2,0.08,800,32,0.0,0.0,0.0,0.9485864639282227,C:/Users/efasllija/dev/gossip-poc/out_nb_incremental_clean0104/scenario_pure_group_message_rate/permanent_fork_sth_proof_n12000_pg0p005_a0p1_ff0p05_s45002_drop0_pc0p02_pgc0p02
permanent_fork,sth_proof,12000,6.0,5.0,0.005,0.1,0.05,3.0,True,70.0,70.0,0.0,0.0,,,,,149673.0,,,,0.4153694671872067,0.4153694671872067,5.0,1.9156280769775987e-05,5,5,45003,0.02,0.02,0.0,True,0.2,0.08,800,32,0.0,0.0,0.0,0.9712085723876953,C:/Users/efasllija/dev/gossip-poc/out_nb_incremental_clean0104/scenario_pure_group_message_rate/permanent_fork_sth_proof_n12000_pg0p005_a0p1_ff0p05_s45003_drop0_pc0p02_pgc0p02
permanent_fork,sth_proof,12000,6.0,5.0,0.005,0.1,0.05,3.0,False,,,0.0,0.0,,,,,,,,,0.042962684282547514,0.042962684282547514,0.0,0.0,0,0,45004,0.02,0.02,0.0,True,0.2,0.08,800,32,0.0,0.0,0.0,1.000478982925415,C:/Users/efasllija/dev/gossip-poc/out_nb_incremental_clean0104/scenario_pure_group_message_rate/permanent_fork_sth_proof_n12000_pg0p005_a0p1_ff0p05_s45004_drop0_pc0p02_pgc0p02
permanent_fork,sth_proof,12000,6.0,5.0,0.005,0.1,0.05,3.0,True,75.0,75.0,0.0,0.0,,,,,155331.0,,,,0.2522768738690713,0.2522768738690713,2.0,7.508240293722361e-06,2,2,45005,0.02,0.02,0.0,True,0.2,0.08,800,32,0.0,0.0,0.0,0.9936091899871826,C:/Users/efasllija/dev/gossip-poc/out_nb_incremental_clean0104/scenario_pure_group_message_rate/permanent_fork_sth_proof_n12000_pg0p005_a0p1_ff0p05_s45005_drop0_pc0p02_pgc0p02
permanent_fork,sth_proof,12000,6.0,5.0,0.005,0.1,0.05,3.0,True,70.0,70.0,0.0,0.0,,,,,149463.0,,,,0.586856851757514,0.586856851757514,5.0,1.9151291371577185e-05,5,5,45006,0.02,0.02,0.0,True,0.2,0.08,800,32,0.0,0.0,0.0,0.9513194561004639,C:/Users/efasllija/dev/gossip-poc/out_nb_incremental_clean0104/scenario_pure_group_message_rate/permanent_fork_sth_proof_n12000_pg0p005_a0p1_ff0p05_s45006_drop0_pc0p02_pgc0p02
permanent_fork,sth_proof,12000,6.0,5.0,0.005,0.1,0.05,3.0,True,5.0,5.0,0.0,0.0,,,,,104003.0,,,,0.2766538967350906,0.2766538967350906,2.0,7.62383974688852e-06,2,2,45007,0.02,0.02,0.0,True,0.2,0.08,800,32,0.0,0.0,0.0,0.9800388813018799,C:/Users/efasllija/dev/gossip-poc/out_nb_incremental_clean0104/scenario_pure_group_message_rate/permanent_fork_sth_proof_n12000_pg0p005_a0p1_ff0p05_s45007_drop0_pc0p02_pgc0p02
permanent_fork,sth_proof,12000,6.0,5.0,0.005,0.1,0.05,3.0,True,30.0,30.0,0.0,0.0,,,,,123274.0,,,,0.7754377363256149,0.7754377363256149,8.0,2.971481209095704e-05,8,8,45008,0.02,0.02,0.0,True,0.2,0.08,800,32,0.0,0.0,0.0,0.9886465072631836,C:/Users/efasllija/dev/gossip-poc/out_nb_incremental_clean0104/scenario_pure_group_message_rate/permanent_fork_sth_proof_n12000_pg0p005_a0p1_ff0p05_s45008_drop0_pc0p02_pgc0p02
permanent_fork,sth_proof,12000,6.0,5.0,0.005,0.1,0.05,3.0,True,40.0,40.0,0.0,0.0,,,,,130408.0,,,,0.5622737782625423,0.5622737782625423,5.0,1.867671723076578e-05,5,5,45009,0.02,0.02,0.0,True,0.2,0.08,800,32,0.0,0.0,0.0,0.9905683994293213,C:/Users/efasllija/dev/gossip-poc/out_nb_incremental_clean0104/scenario_pure_group_message_rate/permanent_fork_sth_proof_n12000_pg0p005_a0p1_ff0p05_s45009_drop0_pc0p02_pgc0p02
permanent_fork,sth_proof,12000,6.0,5.0,0.005,0.1,0.05,3.0,True,55.0,55.0,0.0,0.0,,,,,142265.0,,,,0.35185814510221497,0.35185814510221497,6.0,2.2655701307233964e-05,6,6,45010,0.02,0.02,0.0,True,0.2,0.08,800,32,0.0,0.0,0.0,0.9921383857727051,C:/Users/efasllija/dev/gossip-poc/out_nb_incremental_clean0104/scenario_pure_group_message_rate/permanent_fork_sth_proof_n12000_pg0p005_a0p1_ff0p05_s45010_drop0_pc0p02_pgc0p02
permanent_fork,sth_proof,12000,6.0,5.0,0.005,0.1,0.05,3.0,False,,,0.0,0.0,,,,,,,,,0.059310689751548226,0.059310689751548226,0.0,0.0,0,0,45011,0.02,0.02,0.0,True,0.2,0.08,800,32,0.0,0.0,0.0,0.9709677696228027,C:/Users/efasllija/dev/gossip-poc/out_nb_incremental_clean0104/scenario_pure_group_message_rate/permanent_fork_sth_proof_n12000_pg0p005_a0p1_ff0p05_s45011_drop0_pc0p02_pgc0p02
permanent_fork,sth_proof,12000,6.0,5.0,0.005,0.1,0.05,3.0,True,70.0,70.0,0.0,0.0,,,,,153791.0,,,,0.7086994317779046,0.7086994317779046,3.0,1.119281868753008e-05,3,3,45012,0.02,0.02,0.0,True,0.2,0.08,800,32,0.0,0.0,0.0,0.9362783432006836,C:/Users/efasllija/dev/gossip-poc/out_nb_incremental_clean0104/scenario_pure_group_message_rate/permanent_fork_sth_proof_n12000_pg0p005_a0p1_ff0p05_s45012_drop0_pc0p02_pgc0p02
permanent_fork,sth_proof,12000,6.0,5.0,0.005,0.1,0.05,3.0,True,120.0,120.0,0.0,0.0,,,,,193270.0,,,,0.4392716379653113,0.4392716379653113,6.0,2.3161820055819987e-05,6,6,45013,0.02,0.02,0.0,True,0.2,0.08,800,32,0.0,0.0,0.0,0.9318780899047852,C:/Users/efasllija/dev/gossip-poc/out_nb_incremental_clean0104/scenario_pure_group_message_rate/permanent_fork_sth_proof_n12000_pg0p005_a0p1_ff0p05_s45013_drop0_pc0p02_pgc0p02
permanent_fork,sth_proof,12000,6.0,5.0,0.005,0.1,0.05,3.0,True,155.0,155.0,0.0,0.0,,,,,244904.0,,,,0.3442748929630036,0.3442748929630036,1.0,3.659384491528525e-06,1,1,45014,0.02,0.02,0.0,True,0.2,0.08,800,32,0.0,0.0,0.0,0.9530179500579834,C:/Users/efasllija/dev/gossip-poc/out_nb_incremental_clean0104/scenario_pure_group_message_rate/permanent_fork_sth_proof_n12000_pg0p005_a0p1_ff0p05_s45014_drop0_pc0p02_pgc0p02
permanent_fork,sth_proof,12000,6.0,5.0,0.005,0.1,0.05,3.0,True,20.0,20.0,0.0,0.0,,,,,167186.0,,,,0.8480338134813106,0.8480338134813106,13.0,3.3709758975223326e-05,13,13,45000,0.02,0.02,0.0,True,0.2,0.12,800,32,0.0,0.0,0.0,0.988593578338623,C:/Users/efasllija/dev/gossip-poc/out_nb_incremental_clean0104/scenario_pure_group_message_rate/permanent_fork_sth_proof_n12000_pg0p005_a0p1_ff0p05_s45000_drop0_pc0p02_pgc0p02
permanent_fork,sth_proof,12000,6.0,5.0,0.005,0.1,0.05,3.0,True,25.0,25.0,0.0,0.0,,,,,172937.0,,,,0.36549676821694,0.36549676821694,3.0,7.895235488557172e-06,3,3,45001,0.02,0.02,0.0,True,0.2,0.12,800,32,0.0,0.0,0.0,1.0178043842315674,C:/Users/efasllija/dev/gossip-poc/out_nb_incremental_clean0104/scenario_pure_group_message_rate/permanent_fork_sth_proof_n12000_pg0p005_a0p1_ff0p05_s45001_drop0_pc0p02_pgc0p02
permanent_fork,sth_proof,12000,6.0,5.0,0.005,0.1,0.05,3.0,True,10.0,10.0,0.0,0.0,,,,,168910.0,,,,0.4118002549375098,0.4118002549375098,6.0,1.5235309352956413e-05,6,6,45002,0.02,0.02,0.0,True,0.2,0.12,800,32,0.0,0.0,0.0,1.0015497207641602,C:/Users/efasllija/dev/gossip-poc/out_nb_incremental_clean0104/scenario_pure_group_message_rate/permanent_fork_sth_proof_n12000_pg0p005_a0p1_ff0p05_s45002_drop0_pc0p02_pgc0p02
permanent_fork,sth_proof,12000,6.0,5.0,0.005,0.1,0.05,3.0,True,15.0,15.0,0.0,0.0,,,,,161166.0,,,,0.5468202303455183,0.5468202303455183,10.0,2.6080787848439324e-05,10,10,45003,0.02,0.02,0.0,True,0.2,0.12,800,32,0.0,0.0,0.0,1.03291654586792,C:/Users/efasllija/dev/gossip-poc/out_nb_incremental_clean0104/scenario_pure_group_message_rate/permanent_fork_sth_proof_n12000_pg0p005_a0p1_ff0p05_s45003_drop0_pc0p02_pgc0p02
permanent_fork,sth_proof,12000,6.0,5.0,0.005,0.1,0.05,3.0,True,60.0,60.0,0.0,0.0,,,,,214941.0,,,,0.3506822402652219,0.3506822402652219,5.0,1.2790406172138403e-05,5,5,45004,0.02,0.02,0.0,True,0.2,0.12,800,32,0.0,0.0,0.0,1.036989450454712,C:/Users/efasllija/dev/gossip-poc/out_nb_incremental_clean0104/scenario_pure_group_message_rate/permanent_fork_sth_proof_n12000_pg0p005_a0p1_ff0p05_s45004_drop0_pc0p02_pgc0p02
permanent_fork,sth_proof,12000,6.0,5.0,0.005,0.1,0.05,3.0,True,160.0,160.0,0.0,0.0,,,,,362189.0,,,,0.7263790668386623,0.7263790668386623,2.0,5.09868504912583e-06,2,2,45005,0.02,0.02,0.0,True,0.2,0.12,800,32,0.0,0.0,0.0,1.0319671630859375,C:/Users/efasllija/dev/gossip-poc/out_nb_incremental_clean0104/scenario_pure_group_message_rate/permanent_fork_sth_proof_n12000_pg0p005_a0p1_ff0p05_s45005_drop0_pc0p02_pgc0p02
permanent_fork,sth_proof,12000,6.0,5.0,0.005,0.1,0.05,3.0,True,40.0,40.0,0.0,0.0,,,,,187474.0,,,,0.4012623253499548,0.4012623253499548,8.0,2.0951458090536488e-05,8,8,45006,0.02,0.02,0.0,True,0.2,0.12,800,32,0.0,0.0,0.0,0.9829156398773193,C:/Users/efasllija/dev/gossip-poc/out_nb_incremental_clean0104/scenario_pure_group_message_rate/permanent_fork_sth_proof_n12000_pg0p005_a0p1_ff0p05_s45006_drop0_pc0p02_pgc0p02
permanent_fork,sth_proof,12000,6.0,5.0,0.005,0.1,0.05,3.0,True,20.0,20.0,0.0,0.0,,,,,167621.0,,,,0.47962576701676296,0.47962576701676296,9.0,2.3732362240229517e-05,9,9,45007,0.02,0.02,0.0,True,0.2,0.12,800,32,0.0,0.0,0.0,1.0259881019592285,C:/Users/efasllija/dev/gossip-poc/out_nb_incremental_clean0104/scenario_pure_group_message_rate/permanent_fork_sth_proof_n12000_pg0p005_a0p1_ff0p05_s45007_drop0_pc0p02_pgc0p02
permanent_fork,sth_proof,12000,6.0,5.0,0.005,0.1,0.05,3.0,True,15.0,15.0,0.0,0.0,,,,,167407.0,,,,1.0543315074051531,1.0543315074051531,52.0,0.00013187259078920673,52,52,45008,0.02,0.02,0.0,True,0.2,0.12,800,32,0.0,0.0,0.0,1.0440223217010498,C:/Users/efasllija/dev/gossip-poc/out_nb_incremental_clean0104/scenario_pure_group_message_rate/permanent_fork_sth_proof_n12000_pg0p005_a0p1_ff0p05_s45008_drop0_pc0p02_pgc0p02
permanent_fork,sth_proof,12000,6.0,5.0,0.005,0.1,0.05,3.0,True,45.0,45.0,0.0,0.0,,,,,196629.0,,,,0.2639655287252084,0.2639655287252084,6.0,1.537066355154552e-05,6,6,45009,0.02,0.02,0.0,True,0.2,0.12,800,32,0.0,0.0,0.0,1.0298221111297607,C:/Users/efasllija/dev/gossip-poc/out_nb_incremental_clean0104/scenario_pure_group_message_rate/permanent_fork_sth_proof_n12000_pg0p005_a0p1_ff0p05_s45009_drop0_pc0p02_pgc0p02
permanent_fork,sth_proof,12000,6.0,5.0,0.005,0.1,0.05,3.0,True,5.0,5.0,0.0,0.0,,,,,157558.0,,,,0.6656022450869378,0.6656022450869378,6.0,1.5476242677802684e-05,6,6,45010,0.02,0.02,0.0,True,0.2,0.12,800,32,0.0,0.0,0.0,1.0004675388336182,C:/Users/efasllija/dev/gossip-poc/out_nb_incremental_clean0104/scenario_pure_group_message_rate/permanent_fork_sth_proof_n12000_pg0p005_a0p1_ff0p05_s45010_drop0_pc0p02_pgc0p02
permanent_fork,sth_proof,12000,6.0,5.0,0.005,0.1,0.05,3.0,True,35.0,35.0,0.0,0.0,,,,,199308.0,,,,0.6329847144006436,0.6329847144006436,37.0,9.302091713596139e-05,37,37,45011,0.02,0.02,0.0,True,0.2,0.12,800,32,0.0,0.0,0.0,1.0210916996002197,C:/Users/efasllija/dev/gossip-poc/out_nb_incremental_clean0104/scenario_pure_group_message_rate/permanent_fork_sth_proof_n12000_pg0p005_a0p1_ff0p05_s45011_drop0_pc0p02_pgc0p02
permanent_fork,sth_proof,12000,6.0,5.0,0.005,0.1,0.05,3.0,True,55.0,55.0,0.0,0.0,,,,,209772.0,,,,0.3401739804004505,0.3401739804004505,5.0,1.2740216787528856e-05,5,5,45012,0.02,0.02,0.0,True,0.2,0.12,800,32,0.0,0.0,0.0,0.9878654479980469,C:/Users/efasllija/dev/gossip-poc/out_nb_incremental_clean0104/scenario_pure_group_message_rate/permanent_fork_sth_proof_n12000_pg0p005_a0p1_ff0p05_s45012_drop0_pc0p02_pgc0p02
permanent_fork,sth_proof,12000,6.0,5.0,0.005,0.1,0.05,3.0,True,125.0,125.0,0.0,0.0,,,,,291167.0,,,,0.23571751781035263,0.23571751781035263,2.0,5.261551736838228e-06,2,2,45013,0.02,0.02,0.0,True,0.2,0.12,800,32,0.0,0.0,0.0,1.011441707611084,C:/Users/efasllija/dev/gossip-poc/out_nb_incremental_clean0104/scenario_pure_group_message_rate/permanent_fork_sth_proof_n12000_pg0p005_a0p1_ff0p05_s45013_drop0_pc0p02_pgc0p02
permanent_fork,sth_proof,12000,6.0,5.0,0.005,0.1,0.05,3.0,True,10.0,10.0,0.0,0.0,,,,,163851.0,,,,0.5585765947040443,0.5585765947040443,38.0,9.629931855561158e-05,38,38,45014,0.02,0.02,0.0,True,0.2,0.12,800,32,0.0,0.0,0.0,1.0574638843536377,C:/Users/efasllija/dev/gossip-poc/out_nb_incremental_clean0104/scenario_pure_group_message_rate/permanent_fork_sth_proof_n12000_pg0p005_a0p1_ff0p05_s45014_drop0_pc0p02_pgc0p02
permanent_fork,sth_proof,12000,6.0,5.0,0.005,0.1,0.05,3.0,True,15.0,15.0,0.0,0.0,,,,,213676.0,,,,0.3789187126519983,0.3789187126519983,5.0,9.83489183585959e-06,5,5,45000,0.02,0.02,0.0,True,0.2,0.16,800,32,0.0,0.0,0.0,1.1039729118347168,C:/Users/efasllija/dev/gossip-poc/out_nb_incremental_clean0104/scenario_pure_group_message_rate/permanent_fork_sth_proof_n12000_pg0p005_a0p1_ff0p05_s45000_drop0_pc0p02_pgc0p02
permanent_fork,sth_proof,12000,6.0,5.0,0.005,0.1,0.05,3.0,True,60.0,60.0,0.0,0.0,,,,,276642.0,,,,0.5388886779747716,0.5388886779747716,12.0,2.3977604917007515e-05,12,12,45001,0.02,0.02,0.0,True,0.2,0.16,800,32,0.0,0.0,0.0,1.0416772365570068,C:/Users/efasllija/dev/gossip-poc/out_nb_incremental_clean0104/scenario_pure_group_message_rate/permanent_fork_sth_proof_n12000_pg0p005_a0p1_ff0p05_s45001_drop0_pc0p02_pgc0p02
permanent_fork,sth_proof,12000,6.0,5.0,0.005,0.1,0.05,3.0,True,0.0,0.0,0.0,0.0,,,,,210387.0,,,,0.09714109814201387,0.09714109814201387,2.0,3.872014434869813e-06,2,2,45002,0.02,0.02,0.0,True,0.2,0.16,800,32,0.0,0.0,0.0,1.0662176609039307,C:/Users/efasllija/dev/gossip-poc/out_nb_incremental_clean0104/scenario_pure_group_message_rate/permanent_fork_sth_proof_n12000_pg0p005_a0p1_ff0p05_s45002_drop0_pc0p02_pgc0p02
permanent_fork,sth_proof,12000,6.0,5.0,0.005,0.1,0.05,3.0,True,0.0,0.0,0.0,0.0,,,,,196899.0,,,,0.5425027355057768,0.5425027355057768,9.0,1.7807994206465883e-05,9,9,45003,0.02,0.02,0.0,True,0.2,0.16,800,32,0.0,0.0,0.0,1.112226963043213,C:/Users/efasllija/dev/gossip-poc/out_nb_incremental_clean0104/scenario_pure_group_message_rate/permanent_fork_sth_proof_n12000_pg0p005_a0p1_ff0p05_s45003_drop0_pc0p02_pgc0p02
permanent_fork,sth_proof,12000,6.0,5.0,0.005,0.1,0.05,3.0,True,125.0,125.0,0.0,0.0,,,,,396662.0,,,,0.3063944214205637,0.3063944214205637,1.0,1.9429435205748003e-06,1,1,45004,0.02,0.02,0.0,True,0.2,0.16,800,32,0.0,0.0,0.0,1.0530385971069336,C:/Users/efasllija/dev/gossip-poc/out_nb_incremental_clean0104/scenario_pure_group_message_rate/permanent_fork_sth_proof_n12000_pg0p005_a0p1_ff0p05_s45004_drop0_pc0p02_pgc0p02
permanent_fork,sth_proof,12000,6.0,5.0,0.005,0.1,0.05,3.0,True,25.0,25.0,0.0,0.0,,,,,230051.0,,,,0.3580475143887474,0.3580475143887474,11.0,2.1338216551860595e-05,11,11,45005,0.02,0.02,0.0,True,0.2,0.16,800,32,0.0,0.0,0.0,1.0728025436401367,C:/Users/efasllija/dev/gossip-poc/out_nb_incremental_clean0104/scenario_pure_group_message_rate/permanent_fork_sth_proof_n12000_pg0p005_a0p1_ff0p05_s45005_drop0_pc0p02_pgc0p02
permanent_fork,sth_proof,12000,6.0,5.0,0.005,0.1,0.05,3.0,True,10.0,10.0,0.0,0.0,,,,,213218.0,,,,0.31400410186973576,0.31400410186973576,3.0,5.97359670257462e-06,3,3,45006,0.02,0.02,0.0,True,0.2,0.16,800,32,0.0,0.0,0.0,1.085923671722412,C:/Users/efasllija/dev/gossip-poc/out_nb_incremental_clean0104/scenario_pure_group_message_rate/permanent_fork_sth_proof_n12000_pg0p005_a0p1_ff0p05_s45006_drop0_pc0p02_pgc0p02
permanent_fork,sth_proof,12000,6.0,5.0,0.005,0.1,0.05,3.0,True,10.0,10.0,0.0,0.0,,,,,212900.0,,,,0.5861973758448075,0.5861973758448075,11.0,2.2008010915973414e-05,11,11,45007,0.02,0.02,0.0,True,0.2,0.16,800,32,0.0,0.0,0.0,1.0593571662902832,C:/Users/efasllija/dev/gossip-poc/out_nb_incremental_clean0104/scenario_pure_group_message_rate/permanent_fork_sth_proof_n12000_pg0p005_a0p1_ff0p05_s45007_drop0_pc0p02_pgc0p02
permanent_fork,sth_proof,12000,6.0,5.0,0.005,0.1,0.05,3.0,True,150.0,150.0,0.0,0.0,,,,,455589.0,,,,0.2706969476548398,0.2706969476548398,3.0,5.772938772211382e-06,3,3,45008,0.02,0.02,0.0,True,0.2,0.16,800,32,0.0,0.0,0.0,1.0693488121032715,C:/Users/efasllija/dev/gossip-poc/out_nb_incremental_clean0104/scenario_pure_group_message_rate/permanent_fork_sth_proof_n12000_pg0p005_a0p1_ff0p05_s45008_drop0_pc0p02_pgc0p02
permanent_fork,sth_proof,12000,6.0,5.0,0.005,0.1,0.05,3.0,True,90.0,90.0,0.0,0.0,,,,,323187.0,,,,0.31614096089632143,0.31614096089632143,32.0,6.307680784044721e-05,32,32,45009,0.02,0.02,0.0,True,0.2,0.16,800,32,0.0,0.0,0.0,1.0978989601135254,C:/Users/efasllija/dev/gossip-poc/out_nb_incremental_clean0104/scenario_pure_group_message_rate/permanent_fork_sth_proof_n12000_pg0p005_a0p1_ff0p05_s45009_drop0_pc0p02_pgc0p02
permanent_fork,sth_proof,12000,6.0,5.0,0.005,0.1,0.05,3.0,True,15.0,15.0,0.0,0.0,,,,,219154.0,,,,0.31299160059659314,0.31299160059659314,24.0,4.7099458356228905e-05,24,24,45010,0.02,0.02,0.0,True,0.2,0.16,800,32,0.0,0.0,0.0,1.0815246105194092,C:/Users/efasllija/dev/gossip-poc/out_nb_incremental_clean0104/scenario_pure_group_message_rate/permanent_fork_sth_proof_n12000_pg0p005_a0p1_ff0p05_s45010_drop0_pc0p02_pgc0p02
permanent_fork,sth_proof,12000,6.0,5.0,0.005,0.1,0.05,3.0,True,80.0,80.0,0.0,0.0,,,,,319307.0,,,,0.2569796270346017,0.2569796270346017,5.0,9.624416760344323e-06,5,5,45011,0.02,0.02,0.0,True,0.2,0.16,800,32,0.0,0.0,0.0,1.1210057735443115,C:/Users/efasllija/dev/gossip-poc/out_nb_incremental_clean0104/scenario_pure_group_message_rate/permanent_fork_sth_proof_n12000_pg0p005_a0p1_ff0p05_s45011_drop0_pc0p02_pgc0p02
permanent_fork,sth_proof,12000,6.0,5.0,0.005,0.1,0.05,3.0,True,65.0,65.0,0.0,0.0,,,,,289595.0,,,,0.5331303596922168,0.5331303596922168,6.0,1.1591134327723869e-05,6,6,45012,0.02,0.02,0.0,True,0.2,0.16,800,32,0.0,0.0,0.0,1.1019396781921387,C:/Users/efasllija/dev/gossip-poc/out_nb_incremental_clean0104/scenario_pure_group_message_rate/permanent_fork_sth_proof_n12000_pg0p005_a0p1_ff0p05_s45012_drop0_pc0p02_pgc0p02
permanent_fork,sth_proof,12000,6.0,5.0,0.005,0.1,0.05,3.0,True,55.0,55.0,0.0,0.0,,,,,259027.0,,,,0.2743405824021947,0.2743405824021947,6.0,1.2247347428669408e-05,6,6,45013,0.02,0.02,0.0,True,0.2,0.16,800,32,0.0,0.0,0.0,1.0747716426849365,C:/Users/efasllija/dev/gossip-poc/out_nb_incremental_clean0104/scenario_pure_group_message_rate/permanent_fork_sth_proof_n12000_pg0p005_a0p1_ff0p05_s45013_drop0_pc0p02_pgc0p02
permanent_fork,sth_proof,12000,6.0,5.0,0.005,0.1,0.05,3.0,True,35.0,35.0,0.0,0.0,,,,,248489.0,,,,0.4116372723340862,0.4116372723340862,27.0,5.190061992407131e-05,27,27,45014,0.02,0.02,0.0,True,0.2,0.16,800,32,0.0,0.0,0.0,1.1821520328521729,C:/Users/efasllija/dev/gossip-poc/out_nb_incremental_clean0104/scenario_pure_group_message_rate/permanent_fork_sth_proof_n12000_pg0p005_a0p1_ff0p05_s45014_drop0_pc0p02_pgc0p02
permanent_fork,sth_proof,12000,6.0,5.0,0.005,0.2,0.05,3.0,True,85.0,85.0,0.0,0.0,,,,,12893.0,,,,0.7716377206832209,0.7716377206832209,1.0,4.784460073680685e-05,1,1,45000,0.02,0.02,0.0,True,0.2,0.0,800,32,0.0,0.0,0.0,0.859687328338623,C:/Users/efasllija/dev/gossip-poc/out_nb_incremental_clean0104/scenario_pure_group_message_rate/permanent_fork_sth_proof_n12000_pg0p005_a0p2_ff0p05_s45000_drop0_pc0p02_pgc0p02
permanent_fork,sth_proof,12000,6.0,5.0,0.005,0.2,0.05,3.0,True,15.0,15.0,0.0,0.0,,,,,9268.0,,,,0.6869848571976231,0.6869848571976231,3.0,0.0001437607820586544,3,3,45001,0.02,0.02,0.0,True,0.2,0.0,800,32,0.0,0.0,0.0,0.8649170398712158,C:/Users/efasllija/dev/gossip-poc/out_nb_incremental_clean0104/scenario_pure_group_message_rate/permanent_fork_sth_proof_n12000_pg0p005_a0p2_ff0p05_s45001_drop0_pc0p02_pgc0p02
permanent_fork,sth_proof,12000,6.0,5.0,0.005,0.2,0.05,3.0,True,10.0,10.0,0.0,0.0,,,,,9192.0,,,,0.6283603721539109,0.6283603721539109,1.0,4.675300388049932e-05,1,1,45002,0.02,0.02,0.0,True,0.2,0.0,800,32,0.0,0.0,0.0,0.8772847652435303,C:/Users/efasllija/dev/gossip-poc/out_nb_incremental_clean0104/scenario_pure_group_message_rate/permanent_fork_sth_proof_n12000_pg0p005_a0p2_ff0p05_s45002_drop0_pc0p02_pgc0p02
permanent_fork,sth_proof,12000,6.0,5.0,0.005,0.2,0.05,3.0,True,165.0,165.0,0.0,0.0,,,,,20136.0,,,,0.971754609327109,0.971754609327109,1.0,4.715424152402509e-05,1,1,45003,0.02,0.02,0.0,True,0.2,0.0,800,32,0.0,0.0,0.0,0.8802909851074219,C:/Users/efasllija/dev/gossip-poc/out_nb_incremental_clean0104/scenario_pure_group_message_rate/permanent_fork_sth_proof_n12000_pg0p005_a0p2_ff0p05_s45003_drop0_pc0p02_pgc0p02
permanent_fork,sth_proof,12000,6.0,5.0,0.005,0.2,0.05,3.0,True,35.0,35.0,0.0,0.0,,,,,10104.0,,,,1.055309526052954,1.055309526052954,3.0,0.0001413360972392349,3,3,45004,0.02,0.02,0.0,True,0.2,0.0,800,32,0.0,0.0,0.0,0.8858788013458252,C:/Users/efasllija/dev/gossip-poc/out_nb_incremental_clean0104/scenario_pure_group_message_rate/permanent_fork_sth_proof_n12000_pg0p005_a0p2_ff0p05_s45004_drop0_pc0p02_pgc0p02
permanent_fork,sth_proof,12000,6.0,5.0,0.005,0.2,0.05,3.0,True,40.0,40.0,0.0,0.0,,,,,10292.0,,,,0.9836754176610979,0.9836754176610979,1.0,4.7732696897374704e-05,1,1,45005,0.02,0.02,0.0,True,0.2,0.0,800,32,0.0,0.0,0.0,0.8661320209503174,C:/Users/efasllija/dev/gossip-poc/out_nb_incremental_clean0104/scenario_pure_group_message_rate/permanent_fork_sth_proof_n12000_pg0p005_a0p2_ff0p05_s45005_drop0_pc0p02_pgc0p02
permanent_fork,sth_proof,12000,6.0,5.0,0.005,0.2,0.05,3.0,True,110.0,110.0,0.0,0.0,,,,,14784.0,,,,0.8618284999759535,0.8618284999759535,2.0,9.618621651517337e-05,2,2,45006,0.02,0.02,0.0,True,0.2,0.0,800,32,0.0,0.0,0.0,0.8856382369995117,C:/Users/efasllija/dev/gossip-poc/out_nb_incremental_clean0104/scenario_pure_group_message_rate/permanent_fork_sth_proof_n12000_pg0p005_a0p2_ff0p05_s45006_drop0_pc0p02_pgc0p02
permanent_fork,sth_proof,12000,6.0,5.0,0.005,0.2,0.05,3.0,False,,,0.0,0.0,,,,,,,,,0.9866424091540192,0.9866424091540192,0.0,0.0,0,0,45007,0.02,0.02,0.0,True,0.2,0.0,800,32,0.0,0.0,0.0,0.8758447170257568,C:/Users/efasllija/dev/gossip-poc/out_nb_incremental_clean0104/scenario_pure_group_message_rate/permanent_fork_sth_proof_n12000_pg0p005_a0p2_ff0p05_s45007_drop0_pc0p02_pgc0p02
permanent_fork,sth_proof,12000,6.0,5.0,0.005,0.2,0.05,3.0,True,0.0,0.0,0.0,0.0,,,,,8246.0,,,,0.9412663546939165,0.9412663546939165,1.0,4.775093114315729e-05,1,1,45008,0.02,0.02,0.0,True,0.2,0.0,800,32,0.0,0.0,0.0,0.8898217678070068,C:/Users/efasllija/dev/gossip-poc/out_nb_incremental_clean0104/scenario_pure_group_message_rate/permanent_fork_sth_proof_n12000_pg0p005_a0p2_ff0p05_s45008_drop0_pc0p02_pgc0p02
permanent_fork,sth_proof,12000,6.0,5.0,0.005,0.2,0.05,3.0,True,90.0,90.0,0.0,0.0,,,,,13369.0,,,,1.1506849315068493,1.1506849315068493,1.0,4.756468797564688e-05,1,1,45009,0.02,0.02,0.0,True,0.2,0.0,800,32,0.0,0.0,0.0,0.861356258392334,C:/Users/efasllija/dev/gossip-poc/out_nb_incremental_clean0104/scenario_pure_group_message_rate/permanent_fork_sth_proof_n12000_pg0p005_a0p2_ff0p05_s45009_drop0_pc0p02_pgc0p02
permanent_fork,sth_proof,12000,6.0,5.0,0.005,0.2,0.05,3.0,True,135.0,135.0,0.0,0.0,,,,,16919.0,,,,1.1149612328898248,1.1149612328898248,1.0,4.7860629845888775e-05,1,1,45010,0.02,0.02,0.0,True,0.2,0.0,800,32,0.0,0.0,0.0,0.8889961242675781,C:/Users/efasllija/dev/gossip-poc/out_nb_incremental_clean0104/scenario_pure_group_message_rate/permanent_fork_sth_proof_n12000_pg0p005_a0p2_ff0p05_s45010_drop0_pc0p02_pgc0p02
permanent_fork,sth_proof,12000,6.0,5.0,0.005,0.2,0.05,3.0,False,,,0.0,0.0,,,,,,,,,0.5024533856722276,0.5024533856722276,0.0,0.0,0,0,45011,0.02,0.02,0.0,True,0.2,0.0,800,32,0.0,0.0,0.0,0.9085643291473389,C:/Users/efasllija/dev/gossip-poc/out_nb_incremental_clean0104/scenario_pure_group_message_rate/permanent_fork_sth_proof_n12000_pg0p005_a0p2_ff0p05_s45011_drop0_pc0p02_pgc0p02
permanent_fork,sth_proof,12000,6.0,5.0,0.005,0.2,0.05,3.0,True,55.0,55.0,0.0,0.0,,,,,11003.0,,,,0.9127777238769769,0.9127777238769769,2.0,9.702144173862424e-05,2,2,45012,0.02,0.02,0.0,True,0.2,0.0,800,32,0.0,0.0,0.0,0.8638153076171875,C:/Users/efasllija/dev/gossip-poc/out_nb_incremental_clean0104/scenario_pure_group_message_rate/permanent_fork_sth_proof_n12000_pg0p005_a0p2_ff0p05_s45012_drop0_pc0p02_pgc0p02
permanent_fork,sth_proof,12000,6.0,5.0,0.005,0.2,0.05,3.0,True,135.0,135.0,0.0,0.0,,,,,16696.0,,,,1.0405496951514566,1.0405496951514566,2.0,9.677731539727088e-05,2,2,45013,0.02,0.02,0.0,True,0.2,0.0,800,32,0.0,0.0,0.0,0.8894510269165039,C:/Users/efasllija/dev/gossip-poc/out_nb_incremental_clean0104/scenario_pure_group_message_rate/permanent_fork_sth_proof_n12000_pg0p005_a0p2_ff0p05_s45013_drop0_pc0p02_pgc0p02
permanent_fork,sth_proof,12000,6.0,5.0,0.005,0.2,0.05,3.0,True,45.0,45.0,0.0,0.0,,,,,10925.0,,,,0.9986068542769574,0.9986068542769574,1.0,4.643819076808767e-05,1,1,45014,0.02,0.02,0.0,True,0.2,0.0,800,32,0.0,0.0,0.0,0.9131808280944824,C:/Users/efasllija/dev/gossip-poc/out_nb_incremental_clean0104/scenario_pure_group_message_rate/permanent_fork_sth_proof_n12000_pg0p005_a0p2_ff0p05_s45014_drop0_pc0p02_pgc0p02
permanent_fork,sth_proof,12000,6.0,5.0,0.005,0.2,0.05,3.0,False,,,0.0,0.0,,,,,,,,,1.279354947085503,1.279354947085503,0.0,0.0,0,0,45000,0.02,0.02,0.0,True,0.2,0.02,800,32,0.0,0.0,0.0,0.8871052265167236,C:/Users/efasllija/dev/gossip-poc/out_nb_incremental_clean0104/scenario_pure_group_message_rate/permanent_fork_sth_proof_n12000_pg0p005_a0p2_ff0p05_s45000_drop0_pc0p02_pgc0p02
permanent_fork,sth_proof,12000,6.0,5.0,0.005,0.2,0.05,3.0,True,10.0,10.0,0.0,0.0,,,,,33933.0,,,,0.930161280355929,0.930161280355929,5.0,6.179323981956374e-05,5,5,45001,0.02,0.02,0.0,True,0.2,0.02,800,32,0.0,0.0,0.0,0.9157824516296387,C:/Users/efasllija/dev/gossip-poc/out_nb_incremental_clean0104/scenario_pure_group_message_rate/permanent_fork_sth_proof_n12000_pg0p005_a0p2_ff0p05_s45001_drop0_pc0p02_pgc0p02
permanent_fork,sth_proof,12000,6.0,5.0,0.005,0.2,0.05,3.0,True,110.0,110.0,0.0,0.0,,,,,60993.0,,,,1.2301814708691499,1.2301814708691499,3.0,3.581661891117478e-05,3,3,45002,0.02,0.02,0.0,True,0.2,0.02,800,32,0.0,0.0,0.0,0.8866801261901855,C:/Users/efasllija/dev/gossip-poc/out_nb_incremental_clean0104/scenario_pure_group_message_rate/permanent_fork_sth_proof_n12000_pg0p005_a0p2_ff0p05_s45002_drop0_pc0p02_pgc0p02
permanent_fork,sth_proof,12000,6.0,5.0,0.005,0.2,0.05,3.0,False,,,0.0,0.0,,,,,,,,,0.30975133960540285,0.30975133960540285,0.0,0.0,0,0,45003,0.02,0.02,0.0,True,0.2,0.02,800,32,0.0,0.0,0.0,0.8634111881256104,C:/Users/efasllija/dev/gossip-poc/out_nb_incremental_clean0104/scenario_pure_group_message_rate/permanent_fork_sth_proof_n12000_pg0p005_a0p2_ff0p05_s45003_drop0_pc0p02_pgc0p02
permanent_fork,sth_proof,12000,6.0,5.0,0.005,0.2,0.05,3.0,True,120.0,120.0,0.0,0.0,,,,,60462.0,,,,0.5948584285134687,0.5948584285134687,1.0,1.2294527705718185e-05,1,1,45004,0.02,0.02,0.0,True,0.2,0.02,800,32,0.0,0.0,0.0,0.8952407836914062,C:/Users/efasllija/dev/gossip-poc/out_nb_incremental_clean0104/scenario_pure_group_message_rate/permanent_fork_sth_proof_n12000_pg0p005_a0p2_ff0p05_s45004_drop0_pc0p02_pgc0p02
permanent_fork,sth_proof,12000,6.0,5.0,0.005,0.2,0.05,3.0,True,25.0,25.0,0.0,0.0,,,,,35164.0,,,,1.2461594871730033,1.2461594871730033,5.0,6.32183181398642e-05,5,5,45005,0.02,0.02,0.0,True,0.2,0.02,800,32,0.0,0.0,0.0,0.8499910831451416,C:/Users/efasllija/dev/gossip-poc/out_nb_incremental_clean0104/scenario_pure_group_message_rate/permanent_fork_sth_proof_n12000_pg0p005_a0p2_ff0p05_s45005_drop0_pc0p02_pgc0p02
permanent_fork,sth_proof,12000,6.0,5.0,0.005,0.2,0.05,3.0,True,35.0,35.0,0.0,0.0,,,,,40642.0,,,,1.1533652077969843,1.1533652077969843,8.0,9.80752727718524e-05,8,8,45006,0.02,0.02,0.0,True,0.2,0.02,800,32,0.0,0.0,0.0,0.8783166408538818,C:/Users/efasllija/dev/gossip-poc/out_nb_incremental_clean0104/scenario_pure_group_message_rate/permanent_fork_sth_proof_n12000_pg0p005_a0p2_ff0p05_s45006_drop0_pc0p02_pgc0p02
permanent_fork,sth_proof,12000,6.0,5.0,0.005,0.2,0.05,3.0,True,95.0,95.0,0.0,0.0,,,,,52503.0,,,,0.824276781163366,0.824276781163366,1.0,1.2431780603935901e-05,1,1,45007,0.02,0.02,0.0,True,0.2,0.02,800,32,0.0,0.0,0.0,0.8773467540740967,C:/Users/efasllija/dev/gossip-poc/out_nb_incremental_clean0104/scenario_pure_group_message_rate/permanent_fork_sth_proof_n12000_pg0p005_a0p2_ff0p05_s45007_drop0_pc0p02_pgc0p02
permanent_fork,sth_proof,12000,6.0,5.0,0.005,0.2,0.05,3.0,True,80.0,80.0,0.0,0.0,,,,,49908.0,,,,1.165851425266861,1.165851425266861,3.0,3.6143707380545046e-05,3,3,45008,0.02,0.02,0.0,True,0.2,0.02,800,32,0.0,0.0,0.0,0.9051735401153564,C:/Users/efasllija/dev/gossip-poc/out_nb_incremental_clean0104/scenario_pure_group_message_rate/permanent_fork_sth_proof_n12000_pg0p005_a0p2_ff0p05_s45008_drop0_pc0p02_pgc0p02
permanent_fork,sth_proof,12000,6.0,5.0,0.005,0.2,0.05,3.0,True,0.0,0.0,0.0,0.0,,,,,32814.0,,,,0.9647021398945347,0.9647021398945347,3.0,3.670488052561389e-05,3,3,45009,0.02,0.02,0.0,True,0.2,0.02,800,32,0.0,0.0,0.0,0.8878984451293945,C:/Users/efasllija/dev/gossip-poc/out_nb_incremental_clean0104/scenario_pure_group_message_rate/permanent_fork_sth_proof_n12000_pg0p005_a0p2_ff0p05_s45009_drop0_pc0p02_pgc0p02
permanent_fork,sth_proof,12000,6.0,5.0,0.005,0.2,0.05,3.0,True,145.0,145.0,0.0,0.0,,,,,68557.0,,,,0.5994721909033465,0.5994721909033465,1.0,1.2389884897969298e-05,1,1,45010,0.02,0.02,0.0,True,0.2,0.02,800,32,0.0,0.0,0.0,0.9347569942474365,C:/Users/efasllija/dev/gossip-poc/out_nb_incremental_clean0104/scenario_pure_group_message_rate/permanent_fork_sth_proof_n12000_pg0p005_a0p2_ff0p05_s45010_drop0_pc0p02_pgc0p02
permanent_fork,sth_proof,12000,6.0,5.0,0.005,0.2,0.05,3.0,True,25.0,25.0,0.0,0.0,,,,,39402.0,,,,0.20262565909280264,0.20262565909280264,3.0,3.570705928562077e-05,3,3,45011,0.02,0.02,0.0,True,0.2,0.02,800,32,0.0,0.0,0.0,0.9076082706451416,C:/Users/efasllija/dev/gossip-poc/out_nb_incremental_clean0104/scenario_pure_group_message_rate/permanent_fork_sth_proof_n12000_pg0p005_a0p2_ff0p05_s45011_drop0_pc0p02_pgc0p02
permanent_fork,sth_proof,12000,6.0,5.0,0.005,0.2,0.05,3.0,True,40.0,40.0,0.0,0.0,,,,,40169.0,,,,0.2169911847331202,0.2169911847331202,2.0,2.4217766153250023e-05,2,2,45012,0.02,0.02,0.0,True,0.2,0.02,800,32,0.0,0.0,0.0,0.9023993015289307,C:/Users/efasllija/dev/gossip-poc/out_nb_incremental_clean0104/scenario_pure_group_message_rate/permanent_fork_sth_proof_n12000_pg0p005_a0p2_ff0p05_s45012_drop0_pc0p02_pgc0p02
permanent_fork,sth_proof,12000,6.0,5.0,0.005,0.2,0.05,3.0,True,10.0,10.0,0.0,0.0,,,,,33502.0,,,,1.0296020584047363,1.0296020584047363,2.0,2.4980640003996903e-05,2,2,45013,0.02,0.02,0.0,True,0.2,0.02,800,32,0.0,0.0,0.0,0.8772552013397217,C:/Users/efasllija/dev/gossip-poc/out_nb_incremental_clean0104/scenario_pure_group_message_rate/permanent_fork_sth_proof_n12000_pg0p005_a0p2_ff0p05_s45013_drop0_pc0p02_pgc0p02
permanent_fork,sth_proof,12000,6.0,5.0,0.005,0.2,0.05,3.0,True,55.0,55.0,0.0,0.0,,,,,45261.0,,,,0.7149845609409152,0.7149845609409152,2.0,2.3129676531473707e-05,2,2,45014,0.02,0.02,0.0,True,0.2,0.02,800,32,0.0,0.0,0.0,0.8798058032989502,C:/Users/efasllija/dev/gossip-poc/out_nb_incremental_clean0104/scenario_pure_group_message_rate/permanent_fork_sth_proof_n12000_pg0p005_a0p2_ff0p05_s45014_drop0_pc0p02_pgc0p02
permanent_fork,sth_proof,12000,6.0,5.0,0.005,0.2,0.05,3.0,True,20.0,20.0,0.0,0.0,,,,,62198.0,,,,1.803875513799178,1.803875513799178,5.0,3.495232502866091e-05,5,5,45000,0.02,0.02,0.0,True,0.2,0.04,800,32,0.0,0.0,0.0,0.9138331413269043,C:/Users/efasllija/dev/gossip-poc/out_nb_incremental_clean0104/scenario_pure_group_message_rate/permanent_fork_sth_proof_n12000_pg0p005_a0p2_ff0p05_s45000_drop0_pc0p02_pgc0p02
permanent_fork,sth_proof,12000,6.0,5.0,0.005,0.2,0.05,3.0,True,25.0,25.0,0.0,0.0,,,,,61995.0,,,,1.8837264747317848,1.8837264747317848,15.0,0.00010836975761297547,15,15,45001,0.02,0.02,0.0,True,0.2,0.04,800,32,0.0,0.0,0.0,0.9119093418121338,C:/Users/efasllija/dev/gossip-poc/out_nb_incremental_clean0104/scenario_pure_group_message_rate/permanent_fork_sth_proof_n12000_pg0p005_a0p2_ff0p05_s45001_drop0_pc0p02_pgc0p02
permanent_fork,sth_proof,12000,6.0,5.0,0.005,0.2,0.05,3.0,True,150.0,150.0,0.0,0.0,,,,,127677.0,,,,0.38850346878097125,0.38850346878097125,1.0,6.88250192710054e-06,1,1,45002,0.02,0.02,0.0,True,0.2,0.04,800,32,0.0,0.0,0.0,0.9619762897491455,C:/Users/efasllija/dev/gossip-poc/out_nb_incremental_clean0104/scenario_pure_group_message_rate/permanent_fork_sth_proof_n12000_pg0p005_a0p2_ff0p05_s45002_drop0_pc0p02_pgc0p02
permanent_fork,sth_proof,12000,6.0,5.0,0.005,0.2,0.05,3.0,True,40.0,40.0,0.0,0.0,,,,,69843.0,,,,0.9744839226819777,0.9744839226819777,35.0,0.00024718037811535554,35,35,45003,0.02,0.02,0.0,True,0.2,0.04,800,32,0.0,0.0,0.0,0.9420123100280762,C:/Users/efasllija/dev/gossip-poc/out_nb_incremental_clean0104/scenario_pure_group_message_rate/permanent_fork_sth_proof_n12000_pg0p005_a0p2_ff0p05_s45003_drop0_pc0p02_pgc0p02
permanent_fork,sth_proof,12000,6.0,5.0,0.005,0.2,0.05,3.0,True,45.0,45.0,0.0,0.0,,,,,73775.0,,,,0.8034354487309716,0.8034354487309716,8.0,5.604320931438139e-05,8,8,45004,0.02,0.02,0.0,True,0.2,0.04,800,32,0.0,0.0,0.0,0.9496159553527832,C:/Users/efasllija/dev/gossip-poc/out_nb_incremental_clean0104/scenario_pure_group_message_rate/permanent_fork_sth_proof_n12000_pg0p005_a0p2_ff0p05_s45004_drop0_pc0p02_pgc0p02
permanent_fork,sth_proof,12000,6.0,5.0,0.005,0.2,0.05,3.0,True,125.0,125.0,0.0,0.0,,,,,107561.0,,,,0.5415860735009671,0.5415860735009671,2.0,1.4222323358743885e-05,2,2,45005,0.02,0.02,0.0,True,0.2,0.04,800,32,0.0,0.0,0.0,0.9407002925872803,C:/Users/efasllija/dev/gossip-poc/out_nb_incremental_clean0104/scenario_pure_group_message_rate/permanent_fork_sth_proof_n12000_pg0p005_a0p2_ff0p05_s45005_drop0_pc0p02_pgc0p02
permanent_fork,sth_proof,12000,6.0,5.0,0.005,0.2,0.05,3.0,False,,,0.0,0.0,,,,,,,,,0.9143651207225986,0.9143651207225986,0.0,0.0,0,0,45006,0.02,0.02,0.0,True,0.2,0.04,800,32,0.0,0.0,0.0,0.9437479972839355,C:/Users/efasllija/dev/gossip-poc/out_nb_incremental_clean0104/scenario_pure_group_message_rate/permanent_fork_sth_proof_n12000_pg0p005_a0p2_ff0p05_s45006_drop0_pc0p02_pgc0p02
permanent_fork,sth_proof,12000,6.0,5.0,0.005,0.2,0.05,3.0,True,95.0,95.0,0.0,0.0,,,,,89242.0,,,,0.1478409963197578,0.1478409963197578,2.0,1.43479227794796e-05,2,2,45007,0.02,0.02,0.0,True,0.2,0.04,800,32,0.0,0.0,0.0,0.9268946647644043,C:/Users/efasllija/dev/gossip-poc/out_nb_incremental_clean0104/scenario_pure_group_message_rate/permanent_fork_sth_proof_n12000_pg0p005_a0p2_ff0p05_s45007_drop0_pc0p02_pgc0p02
permanent_fork,sth_proof,12000,6.0,5.0,0.005,0.2,0.05,3.0,True,5.0,5.0,0.0,0.0,,,,,59011.0,,,,0.9927876608501179,0.9927876608501179,8.0,5.4381445050948616e-05,8,8,45008,0.02,0.02,0.0,True,0.2,0.04,800,32,0.0,0.0,0.0,0.901111364364624,C:/Users/efasllija/dev/gossip-poc/out_nb_incremental_clean0104/scenario_pure_group_message_rate/permanent_fork_sth_proof_n12000_pg0p005_a0p2_ff0p05_s45008_drop0_pc0p02_pgc0p02
permanent_fork,sth_proof,12000,6.0,5.0,0.005,0.2,0.05,3.0,True,50.0,50.0,0.0,0.0,,,,,75843.0,,,,0.6891563663841961,0.6891563663841961,2.0,1.3493819830517622e-05,2,2,45009,0.02,0.02,0.0,True,0.2,0.04,800,32,0.0,0.0,0.0,0.9048624038696289,C:/Users/efasllija/dev/gossip-poc/out_nb_incremental_clean0104/scenario_pure_group_message_rate/permanent_fork_sth_proof_n12000_pg0p005_a0p2_ff0p05_s45009_drop0_pc0p02_pgc0p02
permanent_fork,sth_proof,12000,6.0,5.0,0.005,0.2,0.05,3.0,True,155.0,155.0,0.0,0.0,,,,,127544.0,,,,0.8603007069600717,0.8603007069600717,4.0,2.8449097452383323e-05,4,4,45010,0.02,0.02,0.0,True,0.2,0.04,800,32,0.0,0.0,0.0,0.979539155960083,C:/Users/efasllija/dev/gossip-poc/out_nb_incremental_clean0104/scenario_pure_group_message_rate/permanent_fork_sth_proof_n12000_pg0p005_a0p2_ff0p05_s45010_drop0_pc0p02_pgc0p02
permanent_fork,sth_proof,12000,6.0,5.0,0.005,0.2,0.05,3.0,True,120.0,120.0,0.0,0.0,,,,,109568.0,,,,1.2691563836452289,1.2691563836452289,35.0,0.0002383481790199123,35,35,45011,0.02,0.02,0.0,True,0.2,0.04,800,32,0.0,0.0,0.0,0.9260661602020264,C:/Users/efasllija/dev/gossip-poc/out_nb_incremental_clean0104/scenario_pure_group_message_rate/permanent_fork_sth_proof_n12000_pg0p005_a0p2_ff0p05_s45011_drop0_pc0p02_pgc0p02
permanent_fork,sth_proof,12000,6.0,5.0,0.005,0.2,0.05,3.0,True,5.0,5.0,0.0,0.0,,,,,58197.0,,,,1.5165266611635602,1.5165266611635602,6.0,4.162013304569197e-05,6,6,45012,0.02,0.02,0.0,True,0.2,0.04,800,32,0.0,0.0,0.0,0.9153289794921875,C:/Users/efasllija/dev/gossip-poc/out_nb_incremental_clean0104/scenario_pure_group_message_rate/permanent_fork_sth_proof_n12000_pg0p005_a0p2_ff0p05_s45012_drop0_pc0p02_pgc0p02
permanent_fork,sth_proof,12000,6.0,5.0,0.005,0.2,0.05,3.0,True,35.0,35.0,0.0,0.0,,,,,65072.0,,,,1.3436786855317207,1.3436786855317207,1.0,7.244644396629792e-06,1,1,45013,0.02,0.02,0.0,True,0.2,0.04,800,32,0.0,0.0,0.0,0.9270427227020264,C:/Users/efasllija/dev/gossip-poc/out_nb_incremental_clean0104/scenario_pure_group_message_rate/permanent_fork_sth_proof_n12000_pg0p005_a0p2_ff0p05_s45013_drop0_pc0p02_pgc0p02
permanent_fork,sth_proof,12000,6.0,5.0,0.005,0.2,0.05,3.0,True,5.0,5.0,0.0,0.0,,,,,59862.0,,,,1.1927631896593347,1.1927631896593347,3.0,2.0692366585966438e-05,3,3,45014,0.02,0.02,0.0,True,0.2,0.04,800,32,0.0,0.0,0.0,0.9153280258178711,C:/Users/efasllija/dev/gossip-poc/out_nb_incremental_clean0104/scenario_pure_group_message_rate/permanent_fork_sth_proof_n12000_pg0p005_a0p2_ff0p05_s45014_drop0_pc0p02_pgc0p02
permanent_fork,sth_proof,12000,6.0,5.0,0.005,0.2,0.05,3.0,True,40.0,40.0,0.0,0.0,,,,,128465.0,,,,0.8528788514057135,0.8528788514057135,7.0,2.6440936613520385e-05,7,7,45000,0.02,0.02,0.0,True,0.2,0.08,800,32,0.0,0.0,0.0,0.9573321342468262,C:/Users/efasllija/dev/gossip-poc/out_nb_incremental_clean0104/scenario_pure_group_message_rate/permanent_fork_sth_proof_n12000_pg0p005_a0p2_ff0p05_s45000_drop0_pc0p02_pgc0p02
permanent_fork,sth_proof,12000,6.0,5.0,0.005,0.2,0.05,3.0,True,85.0,85.0,0.0,0.0,,,,,163059.0,,,,0.9389985963060282,0.9389985963060282,5.0,1.912389607309918e-05,5,5,45001,0.02,0.02,0.0,True,0.2,0.08,800,32,0.0,0.0,0.0,0.9879884719848633,C:/Users/efasllija/dev/gossip-poc/out_nb_incremental_clean0104/scenario_pure_group_message_rate/permanent_fork_sth_proof_n12000_pg0p005_a0p2_ff0p05_s45001_drop0_pc0p02_pgc0p02
permanent_fork,sth_proof,12000,6.0,5.0,0.005,0.2,0.05,3.0,True,10.0,10.0,0.0,0.0,,,,,115662.0,,,,0.6871805181702091,0.6871805181702091,12.0,4.467626461751533e-05,12,12,45002,0.02,0.02,0.0,True,0.2,0.08,800,32,0.0,0.0,0.0,0.9553630352020264,C:/Users/efasllija/dev/gossip-poc/out_nb_incremental_clean0104/scenario_pure_group_message_rate/permanent_fork_sth_proof_n12000_pg0p005_a0p2_ff0p05_s45002_drop0_pc0p02_pgc0p02
permanent_fork,sth_proof,12000,6.0,5.0,0.005,0.2,0.05,3.0,True,30.0,30.0,0.0,0.0,,,,,120618.0,,,,1.2035309831283179,1.2035309831283179,38.0,0.00014378199622383072,38,38,45003,0.02,0.02,0.0,True,0.2,0.08,800,32,0.0,0.0,0.0,1.002148151397705,C:/Users/efasllija/dev/gossip-poc/out_nb_incremental_clean0104/scenario_pure_group_message_rate/permanent_fork_sth_proof_n12000_pg0p005_a0p2_ff0p05_s45003_drop0_pc0p02_pgc0p02
permanent_fork,sth_proof,12000,6.0,5.0,0.005,0.2,0.05,3.0,True,135.0,135.0,0.0,0.0,,,,,223365.0,,,,0.7454242928452579,0.7454242928452579,6.0,2.189333566862247e-05,6,6,45004,0.02,0.02,0.0,True,0.2,0.08,800,32,0.0,0.0,0.0,0.9867150783538818,C:/Users/efasllija/dev/gossip-poc/out_nb_incremental_clean0104/scenario_pure_group_message_rate/permanent_fork_sth_proof_n12000_pg0p005_a0p2_ff0p05_s45004_drop0_pc0p02_pgc0p02
permanent_fork,sth_proof,12000,6.0,5.0,0.005,0.2,0.05,3.0,True,0.0,0.0,0.0,0.0,,,,,104217.0,,,,0.9176338096299852,0.9176338096299852,11.0,4.157045625465306e-05,11,11,45005,0.02,0.02,0.0,True,0.2,0.08,800,32,0.0,0.0,0.0,0.9759495258331299,C:/Users/efasllija/dev/gossip-poc/out_nb_incremental_clean0104/scenario_pure_group_message_rate/permanent_fork_sth_proof_n12000_pg0p005_a0p2_ff0p05_s45005_drop0_pc0p02_pgc0p02
permanent_fork,sth_proof,12000,6.0,5.0,0.005,0.2,0.05,3.0,True,35.0,35.0,0.0,0.0,,,,,127496.0,,,,0.6161722286958681,0.6161722286958681,5.0,1.9102561653517736e-05,5,5,45006,0.02,0.02,0.0,True,0.2,0.08,800,32,0.0,0.0,0.0,0.9876766204833984,C:/Users/efasllija/dev/gossip-poc/out_nb_incremental_clean0104/scenario_pure_group_message_rate/permanent_fork_sth_proof_n12000_pg0p005_a0p2_ff0p05_s45006_drop0_pc0p02_pgc0p02
permanent_fork,sth_proof,12000,6.0,5.0,0.005,0.2,0.05,3.0,True,30.0,30.0,0.0,0.0,,,,,120414.0,,,,0.855392977715159,0.855392977715159,5.0,1.924757384331705e-05,5,5,45007,0.02,0.02,0.0,True,0.2,0.08,800,32,0.0,0.0,0.0,0.9924590587615967,C:/Users/efasllija/dev/gossip-poc/out_nb_incremental_clean0104/scenario_pure_group_message_rate/permanent_fork_sth_proof_n12000_pg0p005_a0p2_ff0p05_s45007_drop0_pc0p02_pgc0p02
permanent_fork,sth_proof,12000,6.0,5.0,0.005,0.2,0.05,3.0,True,35.0,35.0,0.0,0.0,,,,,125796.0,,,,1.1538355608654065,1.1538355608654065,11.0,4.094043910481869e-05,11,11,45008,0.02,0.02,0.0,True,0.2,0.08,800,32,0.0,0.0,0.0,1.001631736755371,C:/Users/efasllija/dev/gossip-poc/out_nb_incremental_clean0104/scenario_pure_group_message_rate/permanent_fork_sth_proof_n12000_pg0p005_a0p2_ff0p05_s45008_drop0_pc0p02_pgc0p02
permanent_fork,sth_proof,12000,6.0,5.0,0.005,0.2,0.05,3.0,True,115.0,115.0,0.0,0.0,,,,,192500.0,,,,0.8184872300107958,0.8184872300107958,10.0,3.7747529424199186e-05,10,10,45009,0.02,0.02,0.0,True,0.2,0.08,800,32,0.0,0.0,0.0,0.9454338550567627,C:/Users/efasllija/dev/gossip-poc/out_nb_incremental_clean0104/scenario_pure_group_message_rate/permanent_fork_sth_proof_n12000_pg0p005_a0p2_ff0p05_s45009_drop0_pc0p02_pgc0p02
permanent_fork,sth_proof,12000,6.0,5.0,0.005,0.2,0.05,3.0,True,110.0,110.0,0.0,0.0,,,,,185448.0,,,,0.764271179179608,0.764271179179608,5.0,1.912513961351918e-05,5,5,45010,0.02,0.02,0.0,True,0.2,0.08,800,32,0.0,0.0,0.0,0.9349887371063232,C:/Users/efasllija/dev/gossip-poc/out_nb_incremental_clean0104/scenario_pure_group_message_rate/permanent_fork_sth_proof_n12000_pg0p005_a0p2_ff0p05_s45010_drop0_pc0p02_pgc0p02
permanent_fork,sth_proof,12000,6.0,5.0,0.005,0.2,0.05,3.0,True,80.0,80.0,0.0,0.0,,,,,164296.0,,,,0.5948873162119256,0.5948873162119256,7.0,2.5964006468746753e-05,7,7,45011,0.02,0.02,0.0,True,0.2,0.08,800,32,0.0,0.0,0.0,0.9911861419677734,C:/Users/efasllija/dev/gossip-poc/out_nb_incremental_clean0104/scenario_pure_group_message_rate/permanent_fork_sth_proof_n12000_pg0p005_a0p2_ff0p05_s45011_drop0_pc0p02_pgc0p02
permanent_fork,sth_proof,12000,6.0,5.0,0.005,0.2,0.05,3.0,True,50.0,50.0,0.0,0.0,,,,,137008.0,,,,0.6716540981394582,0.6716540981394582,8.0,2.9984557952654385e-05,8,8,45012,0.02,0.02,0.0,True,0.2,0.08,800,32,0.0,0.0,0.0,0.9542155265808105,C:/Users/efasllija/dev/gossip-poc/out_nb_incremental_clean0104/scenario_pure_group_message_rate/permanent_fork_sth_proof_n12000_pg0p005_a0p2_ff0p05_s45012_drop0_pc0p02_pgc0p02
permanent_fork,sth_proof,12000,6.0,5.0,0.005,0.2,0.05,3.0,True,115.0,115.0,0.0,0.0,,,,,187467.0,,,,0.7345029058864017,0.7345029058864017,11.0,4.253459802871472e-05,11,11,45013,0.02,0.02,0.0,True,0.2,0.08,800,32,0.0,0.0,0.0,0.9865212440490723,C:/Users/efasllija/dev/gossip-poc/out_nb_incremental_clean0104/scenario_pure_group_message_rate/permanent_fork_sth_proof_n12000_pg0p005_a0p2_ff0p05_s45013_drop0_pc0p02_pgc0p02
permanent_fork,sth_proof,12000,6.0,5.0,0.005,0.2,0.05,3.0,True,105.0,105.0,0.0,0.0,,,,,187043.0,,,,0.9601903825758555,0.9601903825758555,9.0,3.3257825751164945e-05,9,9,45014,0.02,0.02,0.0,True,0.2,0.08,800,32,0.0,0.0,0.0,1.0039336681365967,C:/Users/efasllija/dev/gossip-poc/out_nb_incremental_clean0104/scenario_pure_group_message_rate/permanent_fork_sth_proof_n12000_pg0p005_a0p2_ff0p05_s45014_drop0_pc0p02_pgc0p02
permanent_fork,sth_proof,12000,6.0,5.0,0.005,0.2,0.05,3.0,True,0.0,0.0,0.0,0.0,,,,,150737.0,,,,1.5609836794408516,1.5609836794408516,19.0,4.911159705743989e-05,19,19,45000,0.02,0.02,0.0,True,0.2,0.12,800,32,0.0,0.0,0.0,1.0217399597167969,C:/Users/efasllija/dev/gossip-poc/out_nb_incremental_clean0104/scenario_pure_group_message_rate/permanent_fork_sth_proof_n12000_pg0p005_a0p2_ff0p05_s45000_drop0_pc0p02_pgc0p02
permanent_fork,sth_proof,12000,6.0,5.0,0.005,0.2,0.05,3.0,True,5.0,5.0,0.0,0.0,,,,,157487.0,,,,1.0528927436704056,1.0528927436704056,42.0,0.00010992059545556852,42,42,45001,0.02,0.02,0.0,True,0.2,0.12,800,32,0.0,0.0,0.0,0.9996378421783447,C:/Users/efasllija/dev/gossip-poc/out_nb_incremental_clean0104/scenario_pure_group_message_rate/permanent_fork_sth_proof_n12000_pg0p005_a0p2_ff0p05_s45001_drop0_pc0p02_pgc0p02
permanent_fork,sth_proof,12000,6.0,5.0,0.005,0.2,0.05,3.0,True,30.0,30.0,0.0,0.0,,,,,184543.0,,,,0.5018734829903091,0.5018734829903091,6.0,1.534593575679761e-05,6,6,45002,0.02,0.02,0.0,True,0.2,0.12,800,32,0.0,0.0,0.0,1.060356616973877,C:/Users/efasllija/dev/gossip-poc/out_nb_incremental_clean0104/scenario_pure_group_message_rate/permanent_fork_sth_proof_n12000_pg0p005_a0p2_ff0p05_s45002_drop0_pc0p02_pgc0p02
permanent_fork,sth_proof,12000,6.0,5.0,0.005,0.2,0.05,3.0,True,40.0,40.0,0.0,0.0,,,,,184172.0,,,,1.0816854401335,1.0816854401335,11.0,2.86816854401335e-05,11,11,45003,0.02,0.02,0.0,True,0.2,0.12,800,32,0.0,0.0,0.0,1.0333690643310547,C:/Users/efasllija/dev/gossip-poc/out_nb_incremental_clean0104/scenario_pure_group_message_rate/permanent_fork_sth_proof_n12000_pg0p005_a0p2_ff0p05_s45003_drop0_pc0p02_pgc0p02
permanent_fork,sth_proof,12000,6.0,5.0,0.005,0.2,0.05,3.0,True,5.0,5.0,0.0,0.0,,,,,161347.0,,,,1.3227828379061797,1.3227828379061797,19.0,4.8529554498689704e-05,19,19,45004,0.02,0.02,0.0,True,0.2,0.12,800,32,0.0,0.0,0.0,1.0624587535858154,C:/Users/efasllija/dev/gossip-poc/out_nb_incremental_clean0104/scenario_pure_group_message_rate/permanent_fork_sth_proof_n12000_pg0p005_a0p2_ff0p05_s45004_drop0_pc0p02_pgc0p02
permanent_fork,sth_proof,12000,6.0,5.0,0.005,0.2,0.05,3.0,True,5.0,5.0,0.0,0.0,,,,,155993.0,,,,0.9429085504988411,0.9429085504988411,17.0,4.3634160927918936e-05,17,17,45005,0.02,0.02,0.0,True,0.2,0.12,800,32,0.0,0.0,0.0,1.0345065593719482,C:/Users/efasllija/dev/gossip-poc/out_nb_incremental_clean0104/scenario_pure_group_message_rate/permanent_fork_sth_proof_n12000_pg0p005_a0p2_ff0p05_s45005_drop0_pc0p02_pgc0p02
permanent_fork,sth_proof,12000,6.0,5.0,0.005,0.2,0.05,3.0,True,5.0,5.0,0.0,0.0,,,,,157129.0,,,,0.5759234574795973,0.5759234574795973,8.0,2.107448248973936e-05,8,8,45006,0.02,0.02,0.0,True,0.2,0.12,800,32,0.0,0.0,0.0,1.0088424682617188,C:/Users/efasllija/dev/gossip-poc/out_nb_incremental_clean0104/scenario_pure_group_message_rate/permanent_fork_sth_proof_n12000_pg0p005_a0p2_ff0p05_s45006_drop0_pc0p02_pgc0p02
permanent_fork,sth_proof,12000,6.0,5.0,0.005,0.2,0.05,3.0,True,10.0,10.0,0.0,0.0,,,,,159450.0,,,,0.9121172050458619,0.9121172050458619,39.0,0.00010232353126377432,39,39,45007,0.02,0.02,0.0,True,0.2,0.12,800,32,0.0,0.0,0.0,0.9982738494873047,C:/Users/efasllija/dev/gossip-poc/out_nb_incremental_clean0104/scenario_pure_group_message_rate/permanent_fork_sth_proof_n12000_pg0p005_a0p2_ff0p05_s45007_drop0_pc0p02_pgc0p02
permanent_fork,sth_proof,12000,6.0,5.0,0.005,0.2,0.05,3.0,True,85.0,85.0,0.0,0.0,,,,,240646.0,,,,1.1275780549441592,1.1275780549441592,28.0,7.132958343523274e-05,28,28,45008,0.02,0.02,0.0,True,0.2,0.12,800,32,0.0,0.0,0.0,1.0477893352508545,C:/Users/efasllija/dev/gossip-poc/out_nb_incremental_clean0104/scenario_pure_group_message_rate/permanent_fork_sth_proof_n12000_pg0p005_a0p2_ff0p05_s45008_drop0_pc0p02_pgc0p02
permanent_fork,sth_proof,12000,6.0,5.0,0.005,0.2,0.05,3.0,True,5.0,5.0,0.0,0.0,,,,,158053.0,,,,0.6265140474403665,0.6265140474403665,39.0,9.989063256383396e-05,39,39,45009,0.02,0.02,0.0,True,0.2,0.12,800,32,0.0,0.0,0.0,1.0243825912475586,C:/Users/efasllija/dev/gossip-poc/out_nb_incremental_clean0104/scenario_pure_group_message_rate/permanent_fork_sth_proof_n12000_pg0p005_a0p2_ff0p05_s45009_drop0_pc0p02_pgc0p02
permanent_fork,sth_proof,12000,6.0,5.0,0.005,0.2,0.05,3.0,True,70.0,70.0,0.0,0.0,,,,,223016.0,,,,0.6937509293870916,0.6937509293870916,17.0,4.358504981514811e-05,17,17,45010,0.02,0.02,0.0,True,0.2,0.12,800,32,0.0,0.0,0.0,1.0237758159637451,C:/Users/efasllija/dev/gossip-poc/out_nb_incremental_clean0104/scenario_pure_group_message_rate/permanent_fork_sth_proof_n12000_pg0p005_a0p2_ff0p05_s45010_drop0_pc0p02_pgc0p02
permanent_fork,sth_proof,12000,6.0,5.0,0.005,0.2,0.05,3.0,True,45.0,45.0,0.0,0.0,,,,,203655.0,,,,0.7962118713828633,0.7962118713828633,44.0,0.0001107639946531199,44,44,45011,0.02,0.02,0.0,True,0.2,0.12,800,32,0.0,0.0,0.0,1.0027594566345215,C:/Users/efasllija/dev/gossip-poc/out_nb_incremental_clean0104/scenario_pure_group_message_rate/permanent_fork_sth_proof_n12000_pg0p005_a0p2_ff0p05_s45011_drop0_pc0p02_pgc0p02
permanent_fork,sth_proof,12000,6.0,5.0,0.005,0.2,0.05,3.0,True,45.0,45.0,0.0,0.0,,,,,199086.0,,,,0.7300324113811348,0.7300324113811348,17.0,4.355679678192137e-05,17,17,45012,0.02,0.02,0.0,True,0.2,0.12,800,32,0.0,0.0,0.0,1.0052049160003662,C:/Users/efasllija/dev/gossip-poc/out_nb_incremental_clean0104/scenario_pure_group_message_rate/permanent_fork_sth_proof_n12000_pg0p005_a0p2_ff0p05_s45012_drop0_pc0p02_pgc0p02
permanent_fork,sth_proof,12000,6.0,5.0,0.005,0.2,0.05,3.0,True,55.0,55.0,0.0,0.0,,,,,198853.0,,,,1.2276504911892758,1.2276504911892758,13.0,3.438589437711275e-05,13,13,45013,0.02,0.02,0.0,True,0.2,0.12,800,32,0.0,0.0,0.0,0.987699031829834,C:/Users/efasllija/dev/gossip-poc/out_nb_incremental_clean0104/scenario_pure_group_message_rate/permanent_fork_sth_proof_n12000_pg0p005_a0p2_ff0p05_s45013_drop0_pc0p02_pgc0p02
permanent_fork,sth_proof,12000,6.0,5.0,0.005,0.2,0.05,3.0,True,5.0,5.0,0.0,0.0,,,,,161544.0,,,,1.2109423352372195,1.2109423352372195,20.0,5.052329502825515e-05,20,20,45014,0.02,0.02,0.0,True,0.2,0.12,800,32,0.0,0.0,0.0,1.0353546142578125,C:/Users/efasllija/dev/gossip-poc/out_nb_incremental_clean0104/scenario_pure_group_message_rate/permanent_fork_sth_proof_n12000_pg0p005_a0p2_ff0p05_s45014_drop0_pc0p02_pgc0p02
permanent_fork,sth_proof,12000,6.0,5.0,0.005,0.2,0.05,3.0,True,60.0,60.0,0.0,0.0,,,,,273352.0,,,,1.1178210461382725,1.1178210461382725,40.0,7.908514306502381e-05,40,40,45000,0.02,0.02,0.0,True,0.2,0.16,800,32,0.0,0.0,0.0,1.056875228881836,C:/Users/efasllija/dev/gossip-poc/out_nb_incremental_clean0104/scenario_pure_group_message_rate/permanent_fork_sth_proof_n12000_pg0p005_a0p2_ff0p05_s45000_drop0_pc0p02_pgc0p02
permanent_fork,sth_proof,12000,6.0,5.0,0.005,0.2,0.05,3.0,True,0.0,0.0,0.0,0.0,,,,,204455.0,,,,0.8310862881249553,0.8310862881249553,50.0,9.930959966314184e-05,50,50,45001,0.02,0.02,0.0,True,0.2,0.16,800,32,0.0,0.0,0.0,1.105281114578247,C:/Users/efasllija/dev/gossip-poc/out_nb_incremental_clean0104/scenario_pure_group_message_rate/permanent_fork_sth_proof_n12000_pg0p005_a0p2_ff0p05_s45001_drop0_pc0p02_pgc0p02
permanent_fork,sth_proof,12000,6.0,5.0,0.005,0.2,0.05,3.0,True,0.0,0.0,0.0,0.0,,,,,210679.0,,,,1.0784314490486242,1.0784314490486242,80.0,0.00015605919325200048,80,80,45002,0.02,0.02,0.0,True,0.2,0.16,800,32,0.0,0.0,0.0,1.0771167278289795,C:/Users/efasllija/dev/gossip-poc/out_nb_incremental_clean0104/scenario_pure_group_message_rate/permanent_fork_sth_proof_n12000_pg0p005_a0p2_ff0p05_s45002_drop0_pc0p02_pgc0p02
permanent_fork,sth_proof,12000,6.0,5.0,0.005,0.2,0.05,3.0,True,5.0,5.0,0.0,0.0,,,,,201276.0,,,,1.2147135722882398,1.2147135722882398,27.0,5.335873472606218e-05,27,27,45003,0.02,0.02,0.0,True,0.2,0.16,800,32,0.0,0.0,0.0,1.075911521911621,C:/Users/efasllija/dev/gossip-poc/out_nb_incremental_clean0104/scenario_pure_group_message_rate/permanent_fork_sth_proof_n12000_pg0p005_a0p2_ff0p05_s45003_drop0_pc0p02_pgc0p02
permanent_fork,sth_proof,12000,6.0,5.0,0.005,0.2,0.05,3.0,True,100.0,100.0,0.0,0.0,,,,,352161.0,,,,0.7558115851244942,0.7558115851244942,17.0,3.266554707105333e-05,17,17,45004,0.02,0.02,0.0,True,0.2,0.16,800,32,0.0,0.0,0.0,1.1112594604492188,C:/Users/efasllija/dev/gossip-poc/out_nb_incremental_clean0104/scenario_pure_group_message_rate/permanent_fork_sth_proof_n12000_pg0p005_a0p2_ff0p05_s45004_drop0_pc0p02_pgc0p02
permanent_fork,sth_proof,12000,6.0,5.0,0.005,0.2,0.05,3.0,True,60.0,60.0,0.0,0.0,,,,,276261.0,,,,0.7093409932910848,0.7093409932910848,13.0,2.5163270915517223e-05,13,13,45005,0.02,0.02,0.0,True,0.2,0.16,800,32,0.0,0.0,0.0,1.1009883880615234,C:/Users/efasllija/dev/gossip-poc/out_nb_incremental_clean0104/scenario_pure_group_message_rate/permanent_fork_sth_proof_n12000_pg0p005_a0p2_ff0p05_s45005_drop0_pc0p02_pgc0p02
permanent_fork,sth_proof,12000,6.0,5.0,0.005,0.2,0.05,3.0,True,15.0,15.0,0.0,0.0,,,,,218473.0,,,,0.9650740152660834,0.9650740152660834,29.0,5.763035887815551e-05,29,29,45006,0.02,0.02,0.0,True,0.2,0.16,800,32,0.0,0.0,0.0,1.0412321090698242,C:/Users/efasllija/dev/gossip-poc/out_nb_incremental_clean0104/scenario_pure_group_message_rate/permanent_fork_sth_proof_n12000_pg0p005_a0p2_ff0p05_s45006_drop0_pc0p02_pgc0p02
permanent_fork,sth_proof,12000,6.0,5.0,0.005,0.2,0.05,3.0,True,20.0,20.0,0.0,0.0,,,,,221811.0,,,,1.0535062837371063,1.0535062837371063,13.0,2.573273976480276e-05,13,13,45007,0.02,0.02,0.0,True,0.2,0.16,800,32,0.0,0.0,0.0,1.0898277759552002,C:/Users/efasllija/dev/gossip-poc/out_nb_incremental_clean0104/scenario_pure_group_message_rate/permanent_fork_sth_proof_n12000_pg0p005_a0p2_ff0p05_s45007_drop0_pc0p02_pgc0p02
permanent_fork,sth_proof,12000,6.0,5.0,0.005,0.2,0.05,3.0,True,15.0,15.0,0.0,0.0,,,,,218166.0,,,,1.0435187701385924,1.0435187701385924,20.0,3.8821382817655966e-05,20,20,45008,0.02,0.02,0.0,True,0.2,0.16,800,32,0.0,0.0,0.0,1.059908151626587,C:/Users/efasllija/dev/gossip-poc/out_nb_incremental_clean0104/scenario_pure_group_message_rate/permanent_fork_sth_proof_n12000_pg0p005_a0p2_ff0p05_s45008_drop0_pc0p02_pgc0p02
permanent_fork,sth_proof,12000,6.0,5.0,0.005,0.2,0.05,3.0,True,0.0,0.0,0.0,0.0,,,,,200358.0,,,,0.5502087453306965,0.5502087453306965,8.0,1.569513764635716e-05,8,8,45009,0.02,0.02,0.0,True,0.2,0.16,800,32,0.0,0.0,0.0,1.0695343017578125,C:/Users/efasllija/dev/gossip-poc/out_nb_incremental_clean0104/scenario_pure_group_message_rate/permanent_fork_sth_proof_n12000_pg0p005_a0p2_ff0p05_s45009_drop0_pc0p02_pgc0p02
permanent_fork,sth_proof,12000,6.0,5.0,0.005,0.2,0.05,3.0,True,25.0,25.0,0.0,0.0,,,,,234152.0,,,,1.0660548467608166,1.0660548467608166,44.0,8.526206458213837e-05,44,44,45010,0.02,0.02,0.0,True,0.2,0.16,800,32,0.0,0.0,0.0,1.103940725326538,C:/Users/efasllija/dev/gossip-poc/out_nb_incremental_clean0104/scenario_pure_group_message_rate/permanent_fork_sth_proof_n12000_pg0p005_a0p2_ff0p05_s45010_drop0_pc0p02_pgc0p02
permanent_fork,sth_proof,12000,6.0,5.0,0.005,0.2,0.05,3.0,True,20.0,20.0,0.0,0.0,,,,,238257.0,,,,0.916392302874643,0.916392302874643,23.0,4.405142908581793e-05,23,23,45011,0.02,0.02,0.0,True,0.2,0.16,800,32,0.0,0.0,0.0,1.0879244804382324,C:/Users/efasllija/dev/gossip-poc/out_nb_incremental_clean0104/scenario_pure_group_message_rate/permanent_fork_sth_proof_n12000_pg0p005_a0p2_ff0p05_s45011_drop0_pc0p02_pgc0p02
permanent_fork,sth_proof,12000,6.0,5.0,0.005,0.2,0.05,3.0,True,5.0,5.0,0.0,0.0,,,,,209491.0,,,,1.3527651531323137,1.3527651531323137,51.0,9.897032054740291e-05,51,51,45012,0.02,0.02,0.0,True,0.2,0.16,800,32,0.0,0.0,0.0,1.0802230834960938,C:/Users/efasllija/dev/gossip-poc/out_nb_incremental_clean0104/scenario_pure_group_message_rate/permanent_fork_sth_proof_n12000_pg0p005_a0p2_ff0p05_s45012_drop0_pc0p02_pgc0p02
permanent_fork,sth_proof,12000,6.0,5.0,0.005,0.2,0.05,3.0,True,5.0,5.0,0.0,0.0,,,,,199150.0,,,,0.8519126084437154,0.8519126084437154,9.0,1.8362999779644003e-05,9,9,45013,0.02,0.02,0.0,True,0.2,0.16,800,32,0.0,0.0,0.0,1.0894758701324463,C:/Users/efasllija/dev/gossip-poc/out_nb_incremental_clean0104/scenario_pure_group_message_rate/permanent_fork_sth_proof_n12000_pg0p005_a0p2_ff0p05_s45013_drop0_pc0p02_pgc0p02
permanent_fork,sth_proof,12000,6.0,5.0,0.005,0.2,0.05,3.0,True,5.0,5.0,0.0,0.0,,,,,211925.0,,,,1.15219908513167,1.15219908513167,53.0,0.00010126988615736194,53,53,45014,0.02,0.02,0.0,True,0.2,0.16,800,32,0.0,0.0,0.0,1.100480318069458,C:/Users/efasllija/dev/gossip-poc/out_nb_incremental_clean0104/scenario_pure_group_message_rate/permanent_fork_sth_proof_n12000_pg0p005_a0p2_ff0p05_s45014_drop0_pc0p02_pgc0p02
